Frame,Raw_Intensity,Processed_Intensity
0,11.11,0.0099
1,11.22,0.0099
2,11.43,0.0099
3,13.71,0.0099
4,11.12,0.0122
5,11.15,0.0128
6,13.69,0.0114
7,12.14,0.0124
8,12.12,0.0138
9,12.19,0.0127
10,12.72,0.0153
11,12.42,0.014
12,15.0,0.014
13,10.72,0.0138
14,12.22,0.0127
15,12.49,0.0089
16,11.25,0.0094
17,10.85,0.0074
18,11.34,0.0061
19,10.01,0.0057
20,11.1,0.0059
21,10.85,0.0055
22,11.08,0.0075
23,10.9,0.0109
24,12.16,0.0145
25,14.7,0.0189
26,14.72,0.0229
27,15.79,0.0256
28,15.25,0.0217
29,15.04,0.0194
30,10.55,0.0148
31,12.22,0.0108
32,10.88,0.0068
33,10.88,0.007
34,10.81,0.0074
35,10.69,0.0111
36,12.7,0.0109
37,14.83,0.0145
38,10.65,0.0169
39,14.68,0.0211
40,13.28,0.0223
41,17.22,0.0264
42,16.16,0.0246
43,15.03,0.0226
44,12.73,0.0191
45,11.18,0.0165
46,13.47,0.0151
47,13.35,0.0137
48,13.48,0.0169
49,11.25,0.0208
50,14.65,0.0225
51,17.62,0.0239
52,15.18,0.0272
53,15.0,0.03
54,14.76,0.0261
55,17.7,0.0261
56,13.38,0.0224
57,15.2,0.0209
58,10.98,0.0155
59,13.15,0.0153
60,11.98,0.011
61,13.12,0.0134
62,10.6,0.0123
63,13.6,0.0157
64,11.88,0.0174
65,15.67,0.0217
66,14.96,0.0215
67,15.16,0.0208
68,13.41,0.0178
69,11.19,0.0168
70,12.44,0.0143
71,13.83,0.0119
72,12.46,0.0118
73,10.92,0.0103
74,11.02,0.0086
75,10.86,0.0072
76,12.05,0.0072
77,10.9,0.0062
78,10.95,0.0065
79,9.93,0.0048
80,11.13,0.0051
81,10.28,0.0053
82,11.2,0.0062
83,11.12,0.0061
84,10.89,0.009
85,11.1,0.0097
86,13.36,0.0106
87,11.94,0.0122
88,12.1,0.0107
89,12.63,0.0082
90,9.47,0.0075
91,10.71,0.0076
92,11.19,0.0053
93,12.22,0.0061
94,10.1,0.0096
95,10.35,0.0112
96,14.49,0.0138
97,12.9,0.017
98,14.96,0.024
99,13.59,0.0243
100,17.81,0.0234
101,14.85,0.0188
102,11.91,0.0166
103,10.05,0.0095
104,11.21,0.0071
105,10.23,0.0065
106,12.18,0.0078
107,11.32,0.0084
108,11.42,0.0115
109,11.9,0.0137
110,13.5,0.0173
111,14.59,0.0192
112,15.22,0.0215
113,13.39,0.0235
114,14.42,0.0216
115,15.64,0.0197
116,12.54,0.0177
117,13.18,0.0143
118,11.2,0.0092
119,10.81,0.0088
120,10.16,0.0072
121,12.13,0.0118
122,11.42,0.0141
123,16.18,0.0199
124,13.23,0.0217
125,16.39,0.0281
126,14.14,0.0271
127,18.2,0.0262
128,15.18,0.0216
129,12.28,0.021
130,11.35,0.0144
131,13.54,0.0104
132,11.13,0.0084
133,10.87,0.0065
134,10.1,0.0056
135,9.32,0.0074
136,12.55,0.0094
137,13.16,0.0128
138,12.97,0.0172
139,13.72,0.0194
140,14.06,0.0163
141,14.9,0.0142
142,9.91,0.0117
143,10.63,0.01
144,11.02,0.006
145,12.3,0.0081
146,10.58,0.0086
147,12.22,0.0098
148,11.16,0.0081
149,12.3,0.0102
150,10.44,0.0089
151,12.9,0.0085
152,10.78,0.0071
153,10.69,0.0101
154,10.84,0.0093
155,13.62,0.0108
156,12.05,0.0107
157,12.35,0.011
158,10.64,0.0098
159,11.12,0.0101
160,12.4,0.0098
161,12.32,0.0102
162,12.05,0.0103
163,11.1,0.0092
164,11.24,0.0083
165,11.18,0.0075
166,11.37,0.0077
167,11.19,0.007
168,11.3,0.0085
169,10.48,0.0102
170,12.75,0.0128
171,13.28,0.0139
172,13.95,0.0169
173,12.48,0.0171
174,13.68,0.0145
175,12.94,0.0093
176,10.56,0.0079
177,8.3,0.0034
178,11.0,0.0016
179,8.9,0.0
180,11.0,0.0028
181,8.8,0.0039
182,11.3,0.0102
183,12.22,0.0139
184,15.67,0.0216
185,14.9,0.025
186,17.07,0.0284
187,15.04,0.0226
188,15.89,0.0193
189,9.35,0.0138
190,11.34,0.0105
191,11.26,0.0059
192,11.4,0.0066
193,11.02,0.0062
194,10.12,0.0076
195,10.87,0.0075
196,12.77,0.011
197,11.28,0.0144
198,14.76,0.0192
199,13.76,0.022
200,16.06,0.0214
201,15.76,0.0175
202,10.63,0.0141
203,10.62,0.0091
204,10.06,0.0049
205,10.77,0.0052
206,11.22,0.0045
207,10.96,0.0092
208,9.83,0.0115
209,15.12,0.017
210,13.27,0.0193
211,17.1,0.0258
212,13.41,0.0241
213,16.8,0.0278
214,13.34,0.0243
215,17.2,0.1505
216,13.33,0.2598
217,149.04,0.3763
218,134.19,0.5052
219,138.53,0.6131
220,155.69,0.4843
221,129.3,0.4821
222,10.6,0.4893
223,131.89,0.3545
224,146.26,0.2431
225,10.8,0.244
226,9.7,0.24
227,11.5,0.1184
228,127.58,0.1221
229,15.6,0.2496
230,14.81,0.3859
231,146.73,0.2838
232,157.94,0.2839
233,17.84,0.2809
234,15.69,0.1527
235,11.65,0.1918
236,9.0,0.3189
237,199.94,0.3972
238,154.36,0.3959
239,99.84,0.567
240,10.24,0.5051
241,192.87,0.3719
242,133.42,0.291
243,11.22,0.2937
244,12.93,0.1266
245,13.18,0.0128
246,13.26,0.0142
247,11.18,0.1265
248,12.69,0.2515
249,133.64,0.3789
250,147.51,0.3793
251,150.1,0.3784
252,11.56,0.2633
253,11.8,0.1397
254,10.0,0.0159
255,14.69,0.0179
256,16.99,0.1361
257,13.75,0.2507
258,138.79,0.2561
259,133.16,0.259
260,20.52,0.3741
261,20.06,0.3723
262,137.44,0.4081
263,136.84,0.5824
264,171.62,0.6402
265,207.8,0.523
266,82.19,0.4074
267,11.5,0.2578
268,12.58,0.1938
269,10.9,0.2468
270,139.06,0.2465
271,139.16,0.3313
272,11.17,0.45
273,103.64,0.4531
274,138.48,0.3363
275,142.36,0.3355
276,13.71,0.3642
277,10.3,0.3614
278,134.5,0.2415
279,135.45,0.2381
280,13.56,0.4216
281,10.07,0.4552
282,207.36,0.4963
283,170.6,0.6543
284,179.65,0.6574
285,183.36,0.476
286,13.4,0.3268
287,12.4,0.1671
288,10.33,0.0067
289,8.07,0.0038
290,11.0,0.0019
291,10.26,0.0016
292,10.4,0.1228
293,10.01,0.2423
294,138.25,0.3703
295,139.39,0.3717
296,147.78,0.4229
297,11.94,0.4206
298,65.07,0.311
299,135.78,0.1859
300,21.62,0.1853
301,13.31,0.2722
302,11.3,0.3035
303,158.4,0.4534
304,169.43,0.5929
305,182.69,0.7813
306,163.24,0.8214
307,213.67,0.6749
308,201.53,0.5135
309,12.0,0.3721
310,9.32,0.184
311,11.3,0.1878
312,11.5,0.3666
313,205.63,0.3705
314,204.18,0.3697
315,13.49,0.3707
316,10.39,0.3085
317,12.62,0.2535
318,138.73,0.3783
319,145.14,0.378
320,147.56,0.3753
321,10.04,0.2555
322,9.8,0.1773
323,10.03,0.2417
324,61.02,0.3973
325,216.74,0.4005
326,177.32,0.402
327,13.18,0.3563
328,11.71,0.1636
329,11.88,0.0102
330,9.7,0.0096
331,12.5,0.0098
332,12.5,0.0079
333,12.0,0.0105
334,9.8,0.0087
335,12.5,0.0082
336,10.58,0.006
337,11.92,0.1315
338,9.66,0.2506
339,144.64,0.3703
340,140.46,0.3718
341,139.24,0.53
342,13.45,0.5244
343,179.66,0.5239
344,138.64,0.5263
345,139.89,0.6455
346,141.87,0.4888
347,141.46,0.3693
348,11.33,0.2504
349,10.24,0.2958
350,12.18,0.2865
351,190.61,0.4514
352,131.48,0.4481
353,188.53,0.4448
354,6.68,0.4146
355,8.58,0.4756
356,158.2,0.3147
357,197.06,0.3166
358,15.63,0.4631
359,8.69,0.3391
360,166.01,0.167
361,24.92,0.2765
362,12.15,0.3864
363,133.28,0.3642
364,126.79,0.469
365,142.18,0.5817
366,137.54,0.6056
367,133.16,0.5036
368,158.96,0.3999
369,17.22,0.2905
370,30.82,0.2065
371,19.94,0.061
372,42.98,0.1901
373,2.54,0.2987
374,155.94,0.3958
375,147.59,0.5127
376,124.19,0.5357
377,168.61,0.4009
378,27.25,0.395
379,11.14,0.4249
380,141.22,0.2977
381,156.35,0.2841
382,31.91,0.4003
383,12.66,0.3881
384,135.92,0.3625
385,128.14,0.4594
386,128.86,0.6211
387,136.05,0.6661
388,186.42,0.5561
389,184.24,0.4765
390,9.96,0.3592
391,43.27,0.3341
392,10.09,0.2357
393,159.46,0.2646
394,78.52,0.2308
395,40.94,0.2732
396,6.93,0.1342
397,55.73,0.0982
398,10.07,0.0637
399,39.86,0.2287
400,3.9,0.1976
401,184.15,0.2012
402,22.37,0.2854
403,13.86,0.4143
404,130.42,0.3698
405,142.35,0.4799
406,136.35,0.4712
407,140.62,0.3567
408,4.51,0.2657
409,7.46,0.1835
410,44.54,0.2527
411,48.0,0.3743
412,214.98,0.3777
413,135.22,0.3524
414,11.14,0.3116
415,17.32,0.2362
416,4.14,0.2165
417,133.93,0.2131
418,114.07,0.3751
419,7.51,0.5161
420,191.38,0.5354
421,155.68,0.4517
422,154.65,0.4539
423,24.15,0.4203
424,9.84,0.4529
425,155.26,0.5301
426,190.76,0.6413
427,237.57,0.6358
428,143.62,0.5054
429,3.88,0.3661
430,15.2,0.1818
431,41.13,0.1788
432,39.54,0.3244
433,140.35,0.3207
434,160.32,0.3052
435,11.26,0.4027
436,24.46,0.4149
437,144.26,0.27
438,153.44,0.2773
439,4.67,0.4144
440,19.12,0.4403
441,171.77,0.4341
442,172.12,0.4528
443,146.76,0.5038
444,24.74,0.5266
445,73.87,0.4862
446,196.36,0.5476
447,128.72,0.5713
448,212.71,0.5131
449,50.13,0.5213
450,11.4,0.5471
451,205.14,0.4784
452,156.5,0.6101
453,138.9,0.667
454,191.64,0.5364
455,72.49,0.566
456,64.8,0.6137
457,188.33,0.4384
458,190.08,0.4256
459,3.38,0.3879
460,58.74,0.3997
461,24.28,0.2904
462,200.95,0.3391
463,72.65,0.4599
464,55.69,0.5654
465,188.55,0.5552
466,137.65,0.6535
467,190.0,0.7656
468,178.25,0.6442
469,176.12,0.5539
470,58.09,0.4158
471,40.62,0.2528
472,41.67,0.2184
473,3.14,0.2889
474,139.15,0.2781
475,133.87,0.2778
476,29.02,0.4004
477,41.28,0.3993
478,134.93,0.2874
479,137.9,0.3165
480,13.62,0.4027
481,60.36,0.4079
482,133.92,0.2887
483,140.5,0.3273
484,9.76,0.4358
485,55.18,0.479
486,176.94,0.4815
487,180.28,0.6021
488,143.19,0.5894
489,139.3,0.4507
490,41.54,0.2977
491,27.96,0.181
492,15.92,0.1771
493,17.72,0.2608
494,135.18,0.258
495,131.47,0.2545
496,24.97,0.2406
497,12.15,0.1408
498,2.74,0.05
499,27.92,0.0717
500,33.96,0.2501
501,48.32,0.3763
502,203.78,0.3617
503,138.29,0.3736
504,12.25,0.3351
505,46.78,0.1811
506,6.95,0.2181
507,38.37,0.3666
508,178.02,0.3277
509,171.82,0.3568
510,4.93,0.3314
511,38.22,0.1765
512,11.12,0.0304
513,11.51,0.0581
514,14.89,0.0438
515,34.67,0.0447
516,22.9,0.0481
517,12.06,0.048
518,15.12,0.0293
519,14.79,0.022
520,14.6,0.0646
521,15.06,0.2385
522,57.86,0.3815
523,201.99,0.3799
524,168.43,0.3962
525,12.85,0.5423
526,32.55,0.5322
527,214.82,0.5525
528,191.15,0.7321
529,190.29,0.7234
530,205.84,0.5788
531,23.2,0.4033
532,59.38,0.4094
533,2.65,0.3393
534,196.83,0.4476
535,130.51,0.5128
536,139.61,0.629
537,129.43,0.5964
538,127.43,0.5678
539,161.83,0.4665
540,99.8,0.3577
541,30.74,0.4355
542,12.48,0.4596
543,211.1,0.4047
544,187.73,0.4346
545,40.8,0.6074
546,62.86,0.5557
547,198.12,0.5299
548,155.54,0.6388
549,159.99,0.7307
550,157.84,0.6946
551,161.65,0.5633
552,159.28,0.4709
553,14.48,0.496
554,60.67,0.5319
555,184.89,0.4873
556,200.17,0.4953
557,111.36,0.6654
558,23.1,0.718
559,243.44,0.5672
560,241.34,0.4764
561,38.14,0.469
562,13.87,0.3651
563,15.1,0.258
564,131.85,0.2312
565,126.27,0.348
566,9.38,0.4586
567,139.36,0.5125
568,133.92,0.5536
569,189.7,0.7218
570,170.48,0.5985
571,190.1,0.5242
572,6.9,0.3533
573,54.06,0.2564
574,6.04,0.219
575,66.44,0.3526
576,149.86,0.3055
577,150.43,0.4263
578,3.48,0.525
579,135.8,0.5199
580,172.52,0.3878
581,144.36,0.4869
582,8.55,0.4908
583,109.94,0.3478
584,139.99,0.2225
585,18.84,0.2223
586,9.7,0.2914
587,8.38,0.3562
588,184.19,0.4906
589,209.65,0.679
590,163.16,0.8092
591,212.16,0.7951
592,148.24,0.6103
593,169.06,0.5105
594,11.14,0.3236
595,55.95,0.2142
596,11.31,0.1873
597,30.69,0.3037
598,140.15,0.4005
599,136.2,0.5728
600,159.95,0.5686
601,196.43,0.4481
602,26.25,0.501
603,10.64,0.5065
604,193.05,0.3751
605,165.84,0.3616
606,55.25,0.4212
607,11.74,0.3738
608,74.68,0.3469
609,142.16,0.4529
610,136.92,0.5645
611,169.1,0.619
612,131.72,0.6114
613,133.2,0.4892
614,134.02,0.4144
615,5.64,0.436
616,88.72,0.3909
617,154.9,0.2715
618,84.73,0.3247
619,5.72,0.2695
620,62.83,0.1623
621,29.4,0.0933
622,39.68,0.2176
623,10.67,0.2819
624,139.24,0.3344
625,131.95,0.3025
626,85.8,0.4174
627,5.38,0.4213
628,134.12,0.4335
629,143.44,0.4902
630,144.98,0.6778
631,146.82,0.744
632,206.93,0.7281
633,205.24,0.6069
634,126.37,0.5095
635,14.75,0.3273
636,42.14,0.1627
637,11.11,0.1904
638,28.4,0.3631
639,156.14,0.4814
640,200.37,0.5847
641,169.22,0.562
642,122.16,0.4635
643,3.98,0.4724
644,50.31,0.481
645,209.95,0.3791
646,178.39,0.3857
647,12.71,0.3518
648,11.07,0.1839
649,13.86,0.1612
650,29.56,0.2799
651,153.96,0.3405
652,140.35,0.3397
653,76.12,0.4381
654,12.96,0.4207
655,135.34,0.4186
656,135.27,0.5353
657,138.06,0.6641
658,201.54,0.5456
659,151.39,0.475
660,7.92,0.355
661,59.44,0.1935
662,9.18,0.0612
663,28.0,0.1175
664,9.27,0.2215
665,68.33,0.2252
666,171.26,0.2423
667,13.07,0.2518
668,46.39,0.2068
669,19.55,0.0602
670,19.92,0.0599
671,13.74,0.037
672,12.82,0.0607
673,21.72,0.2417
674,45.02,0.3754
675,214.43,0.4838
676,157.37,0.4658
677,129.32,0.5525
678,2.3,0.4787
679,138.2,0.376
680,135.2,0.2654
681,47.02,0.2974
682,10.49,0.1811
683,36.63,0.135
684,13.26,0.2316
685,85.69,0.2774
686,150.78,0.2495
687,59.7,0.2923
688,6.66,0.3667
689,59.22,0.3954
690,165.67,0.347
691,181.59,0.3443
692,7.65,0.3167
693,3.77,0.2027
694,29.56,0.2252
695,43.25,0.4068
696,205.73,0.589
697,202.77,0.7185
698,199.52,0.8601
699,168.7,0.8096
700,195.42,0.835
701,151.51,0.8657
702,230.02,0.8243
703,232.55,0.662
704,124.19,0.6929
705,21.0,0.6421
706,184.77,0.4443
707,175.41,0.3372
708,20.03,0.3679
709,9.14,0.3788
710,53.98,0.3632
711,196.44,0.4871
712,158.7,0.5168
713,153.07,0.5026
714,41.13,0.5144
715,38.64,0.508
716,209.11,0.5604
717,151.91,0.6709
718,209.3,0.801
719,159.93,0.7973
720,178.41,0.7248
721,205.14,0.5332
722,74.02,0.4463
723,3.44,0.2936
724,66.47,0.2318
725,14.44,0.2855
726,138.71,0.4065
727,131.68,0.3501
728,133.41,0.3742
729,5.9,0.2564
730,40.4,0.3409
731,12.06,0.3998
732,222.55,0.5259
733,196.66,0.5366
734,141.4,0.5557
735,51.9,0.3618
736,32.62,0.1813
737,14.21,0.0942
738,2.64,0.0673
739,47.81,0.0797
740,23.06,0.0764
741,45.91,0.0926
742,10.69,0.06
743,19.99,0.0697
744,12.78,0.0372
745,33.54,0.1599
746,10.96,0.2771
747,142.51,0.3083
748,145.94,0.2931
749,46.32,0.5033
750,17.23,0.5652
751,236.81,0.566
752,209.02,0.6489
753,146.74,0.7507
754,135.4,0.5408
755,126.58,0.361
756,11.35,0.254
757,15.75,0.1752
758,31.78,0.0824
759,50.77,0.2555
760,26.92,0.3634
761,197.32,0.3836
762,131.72,0.3741
763,53.4,0.4064
764,40.6,0.2333
765,61.62,0.2476
766,11.3,0.3349
767,147.12,0.3256
768,147.18,0.2804
769,30.6,0.4249
770,13.12,0.4318
771,166.5,0.4299
772,154.56,0.5247
773,145.15,0.5556
774,132.44,0.4099
775,46.36,0.272
776,9.91,0.1497
777,6.39,0.0744
778,13.7,0.1607
779,51.56,0.2305
780,139.15,0.2384
781,84.82,0.347
782,14.89,0.4172
783,130.38,0.4082
784,127.06,0.3773
785,129.47,0.3735
786,51.54,0.44
787,10.82,0.424
788,201.89,0.3501
789,109.82,0.3118
790,50.11,0.4854
791,10.32,0.434
792,197.43,0.4764
793,146.65,0.5679
794,155.37,0.5806
795,148.38,0.411
796,24.06,0.4009
797,15.12,0.3058
798,135.78,0.1804
799,53.17,0.1688
800,13.66,0.1613
801,11.6,0.067
802,7.09,0.0514
803,34.52,0.0453
804,36.33,0.0413
805,7.13,0.2347
806,7.34,0.3822
807,214.83,0.5518
808,193.04,0.6049
809,218.51,0.6011
810,64.17,0.5459
811,3.3,0.497
812,155.48,0.4367
813,140.54,0.524
814,153.72,0.5397
815,158.02,0.4091
816,20.14,0.3235
817,15.16,0.2127
818,48.5,0.1042
819,34.69,0.088
820,41.42,0.0844
821,2.76,0.0607
822,11.36,0.1893
823,23.0,0.2764
824,172.82,0.2788
825,135.09,0.2823
826,5.33,0.4537
827,15.11,0.4155
828,207.18,0.4837
829,131.76,0.5009
830,208.32,0.5188
831,23.83,0.5025
832,34.37,0.5917
833,189.66,0.5909
834,227.6,0.7659
835,207.4,0.7637
836,211.94,0.5931
837,31.93,0.5717
838,6.37,0.5171
839,204.58,0.4514
840,148.76,0.5979
841,141.4,0.6097
842,189.28,0.4469
843,19.06,0.3209
844,29.66,0.1953
845,13.36,0.0351
846,6.49,0.0377
847,17.17,0.2021
848,21.78,0.2538
849,206.32,0.2574
850,68.97,0.4724
851,10.35,0.5882
852,248.19,0.5702
853,146.17,0.6325
854,186.94,0.7574
855,135.99,0.5666
856,144.5,0.4337
857,43.14,0.318
858,3.4,0.1949
859,62.6,0.2834
860,3.76,0.435
861,239.64,0.5871
862,205.98,0.6541
863,166.79,0.6954
864,134.58,0.476
865,48.16,0.2895
866,3.92,0.1667
867,5.59,0.1655
868,34.89,0.2566
869,133.28,0.2593
870,146.07,0.2738
871,6.74,0.2507
872,21.23,0.1764
873,10.02,0.0853
874,53.45,0.2827
875,48.22,0.3026
876,218.84,0.3415
877,42.59,0.3097
878,51.82,0.3223
879,19.26,0.122
880,61.74,0.1128
881,3.64,0.0786
882,32.74,0.124
883,15.04,0.1179
884,68.08,0.1252
885,55.17,0.1058
886,11.54,0.1034
887,11.86,0.2233
888,12.5,0.3102
889,196.84,0.3118
890,148.51,0.3278
891,13.3,0.4081
892,29.02,0.4217
893,98.82,0.4838
894,211.5,0.608
895,215.22,0.5895
896,146.67,0.5544
897,9.22,0.3635
898,61.1,0.2924
899,6.38,0.2756
900,138.84,0.4044
901,128.57,0.5223
902,147.59,0.6366
903,187.85,0.6515
904,129.18,0.66
905,154.82,0.6684
906,137.75,0.5575
907,156.54,0.5222
908,68.69,0.5928
909,91.26,0.6924
910,230.69,0.5571
911,244.79,0.5249
912,11.12,0.5686
913,34.18,0.4889
914,138.19,0.3921
915,145.01,0.5238
916,140.75,0.506
917,152.66,0.4265
918,15.11,0.2999
919,52.75,0.2124
920,8.9,0.2918
921,46.76,0.4372
922,238.03,0.5809
923,171.33,0.7323
924,207.1,0.8211
925,171.65,0.6123
926,142.17,0.4691
927,13.61,0.3261
928,17.54,0.3253
929,53.42,0.4098
930,170.8,0.4428
931,232.98,0.4647
932,49.03,0.4309
933,41.08,0.2739
934,17.08,0.2349
935,2.18,0.4195
936,190.98,0.3888
937,247.39,0.4084
938,8.13,0.4156
939,38.1,0.2509
940,9.98,0.032
941,13.99,0.0668
942,12.22,0.0417
943,45.48,0.0536
944,11.2,0.0507
945,22.76,0.0729
946,10.81,0.0353
947,36.08,0.0498
948,5.07,0.0393
949,26.76,0.2158
950,11.45,0.3049
951,200.53,0.3448
952,131.75,0.5324
953,48.02,0.6583
954,228.32,0.6186
955,146.64,0.5055
956,157.94,0.5105
957,10.2,0.3156
958,53.44,0.2152
959,18.91,0.2296
960,38.7,0.4065
961,173.45,0.4973
962,200.28,0.642
963,151.0,0.8233
964,174.34,0.8917
965,233.57,0.8849
966,246.86,0.9457
967,193.02,0.8207
968,216.35,0.6563
969,40.03,0.6057
970,56.93,0.5721
971,192.5,0.3844
972,156.91,0.3794
973,14.7,0.472
974,34.66,0.4194
975,156.4,0.3089
976,135.96,0.3453
977,38.15,0.3356
978,53.87,0.2027
979,24.25,0.0791
980,13.61,0.0946
981,3.14,0.0728
982,54.77,0.1112
983,30.49,0.2304
984,65.48,0.3561
985,141.66,0.454
986,138.17,0.5536
987,159.97,0.5067
988,137.54,0.3855
989,15.1,0.3826
990,11.42,0.3899
991,135.06,0.2868
992,167.84,0.3253
993,26.74,0.3528
994,56.43,0.4157
995,41.0,0.3388
996,202.6,0.3663
997,85.3,0.3693
998,56.22,0.3455
999,59.63,0.1729
1000,15.52,0.096
1001,17.09,0.0954
1002,2.69,0.0555
1003,55.61,0.2325
1004,16.76,0.3493
1005,205.62,0.4826
1006,142.66,0.433
1007,145.83,0.4668
1008,2.39,0.285
1009,53.09,0.1726
1010,10.22,0.1797
1011,21.89,0.3727
1012,153.52,0.3511
1013,209.74,0.3733
1014,29.86,0.4856
1015,34.1,0.4745
1016,142.54,0.3031
1017,141.57,0.3079
1018,25.64,0.2859
1019,34.94,0.2226
1020,10.49,0.2585
1021,74.51,0.3918
1022,180.2,0.5262
1023,168.78,0.6989
1024,179.42,0.6384
1025,195.99,0.5233
1026,9.5,0.3836
1027,56.54,0.2686
1028,18.7,0.0901
1029,55.88,0.128
1030,4.17,0.2122
1031,50.22,0.4251
1032,147.01,0.3831
1033,247.46,0.391
1034,10.78,0.3581
1035,12.65,0.2556
1036,14.89,0.162
1037,36.91,0.3331
1038,146.81,0.3887
1039,194.6,0.3852
1040,72.46,0.385
1041,11.12,0.3011
1042,36.7,0.1809
1043,56.63,0.1176
1044,65.44,0.118
1045,4.51,0.0965
1046,11.44,0.0712
1047,13.64,0.0199
1048,29.49,0.049
1049,10.26,0.0504
1050,35.82,0.0834
1051,12.89,0.2357
1052,49.12,0.4127
1053,193.14,0.3875
1054,200.52,0.4482
1055,8.64,0.5792
1056,78.12,0.5275
1057,189.88,0.469
1058,137.62,0.5889
1059,137.68,0.5312
1060,137.42,0.3668
1061,16.2,0.2545
1062,13.24,0.142
1063,16.86,0.0176
1064,16.86,0.0256
1065,3.76,0.0533
1066,24.82,0.2342
1067,42.94,0.4137
1068,211.22,0.6384
1069,209.72,0.627
1070,245.24,0.6261
1071,12.58,0.5699
1072,41.98,0.4367
1073,150.78,0.2198
1074,66.58,0.2232
1075,12.22,0.3129
1076,16.3,0.3898
1077,138.3,0.4577
1078,233.42,0.5995
1079,139.56,0.7182
1080,164.57,0.7192
1081,143.86,0.5333
1082,139.29,0.4245
1083,33.72,0.4093
1084,22.7,0.4461
1085,148.15,0.3548
1086,183.48,0.3688
1087,41.15,0.4066
1088,48.84,0.2791
1089,63.25,0.1372
1090,11.13,0.1014
1091,31.02,0.2243
1092,2.77,0.297
1093,180.82,0.3251
1094,141.42,0.3061
1095,41.33,0.347
1096,10.55,0.2026
1097,46.72,0.2155
1098,25.72,0.3553
1099,155.26,0.3801
1100,191.46,0.3568
1101,37.26,0.3946
1102,21.68,0.3022
1103,66.36,0.1346
1104,55.96,0.1121
1105,11.37,0.1069
1106,13.05,0.0553
1107,16.13,0.0181
1108,10.9,0.0199
1109,16.01,0.0389
1110,13.32,0.0518
1111,33.46,0.2381
1112,30.0,0.386
1113,211.0,0.6033
1114,174.97,0.5748
1115,246.74,0.7587
1116,2.92,0.6966
1117,227.52,0.6785
1118,144.35,0.5905
1119,155.44,0.7295
1120,152.26,0.6594
1121,152.28,0.6511
1122,152.19,0.5177
1123,135.37,0.5398
1124,12.12,0.5328
1125,175.97,0.5859
1126,144.76,0.5138
1127,209.27,0.5407
1128,57.96,0.3941
1129,41.02,0.2695
1130,18.47,0.0975
1131,10.82,0.0594
1132,24.49,0.1651
1133,17.03,0.276
1134,154.61,0.2874
1135,137.57,0.2805
1136,23.08,0.46
1137,17.09,0.4431
1138,209.94,0.5002
1139,136.44,0.6646
1140,198.91,0.784
1141,199.66,0.6185
1142,145.38,0.6136
1143,32.2,0.5566
1144,131.14,0.3849
1145,137.6,0.2652
1146,15.18,0.2796
1147,16.85,0.1968
1148,47.68,0.0827
1149,42.14,0.0784
1150,14.97,0.1058
1151,10.6,0.0835
1152,46.3,0.1672
1153,23.73,0.2893
1154,132.04,0.312
1155,146.19,0.3013
1156,35.01,0.4704
1157,34.78,0.5379
1158,205.44,0.5525
1159,204.49,0.709
1160,161.88,0.7024
1161,203.23,0.5209
1162,27.69,0.3753
1163,10.36,0.234
1164,48.08,0.081
1165,10.03,0.2569
1166,38.9,0.3513
1167,216.65,0.3168
1168,111.78,0.4339
1169,11.07,0.535
1170,135.86,0.4919
1171,147.46,0.4465
1172,170.32,0.4669
1173,63.07,0.5127
1174,32.93,0.4844
1175,185.13,0.3819
1176,117.07,0.3373
1177,60.2,0.3544
1178,15.09,0.1925
1179,51.3,0.2116
1180,11.22,0.2829
1181,137.58,0.3079
1182,136.75,0.2704
1183,42.02,0.2934
1184,10.94,0.1692
1185,35.92,0.1025
1186,4.22,0.1037
1187,64.98,0.136
1188,43.3,0.1063
1189,45.69,0.1127
1190,4.06,0.0635
1191,11.08,0.0488
1192,12.13,0.0344
1193,27.51,0.1842
1194,30.22,0.3052
1195,164.93,0.3332
1196,141.13,0.316
1197,42.2,0.4137
1198,9.04,0.4097
1199,135.19,0.3113
1200,160.62,0.2876
1201,35.42,0.3327
1202,16.8,0.2173
1203,57.47,0.0986
1204,11.16,0.0793
1205,33.08,0.193
1206,14.71,0.2605
1207,138.96,0.2679
1208,129.95,0.2522
1209,19.18,0.2921
1210,16.16,0.1875
1211,57.64,0.1066
1212,26.57,0.0928
1213,43.02,0.2613
1214,4.31,0.3362
1215,197.18,0.5394
1216,138.13,0.5338
1217,244.93,0.6083
1218,37.04,0.5555
1219,84.28,0.5511
1220,140.49,0.449
1221,133.34,0.5486
1222,135.27,0.51
1223,144.04,0.3888
1224,42.8,0.303
1225,10.3,0.2184
1226,41.17,0.2313
1227,44.37,0.348
1228,157.9,0.3671
1229,168.2,0.3407
1230,30.73,0.5302
1231,12.82,0.5101
1232,248.08,0.3842
1233,136.22,0.3596
1234,33.0,0.483
1235,4.27,0.438
1236,145.38,0.387
1237,199.78,0.4874
1238,81.43,0.6059
1239,140.78,0.5927
1240,131.59,0.5814
1241,131.26,0.6373
1242,187.68,0.5213
1243,141.49,0.4083
1244,16.05,0.3445
1245,10.24,0.1929
1246,62.64,0.2629
1247,24.81,0.3843
1248,216.79,0.5737
1249,146.47,0.6343
1250,213.76,0.649
1251,127.72,0.459
1252,40.6,0.3299
1253,12.65,0.1451
1254,7.71,0.1437
1255,15.26,0.2352
1256,126.15,0.2541
1257,138.97,0.2571
1258,32.93,0.3889
1259,10.93,0.4246
1260,156.86,0.5046
1261,164.48,0.6591
1262,224.94,0.6923
1263,198.91,0.5639
1264,46.63,0.4213
1265,18.92,0.2623
1266,11.22,0.0825
1267,54.16,0.2322
1268,5.73,0.3396
1269,207.48,0.3742
1270,134.34,0.4696
1271,48.33,0.6135
1272,156.72,0.5658
1273,160.3,0.4591
1274,156.22,0.4268
1275,19.66,0.4827
1276,13.69,0.4636
1277,216.81,0.3362
1278,139.75,0.3307
1279,19.28,0.4865
1280,13.8,0.4115
1281,181.11,0.4073
1282,136.23,0.3952
1283,135.22,0.4066
1284,6.3,0.2849
1285,26.02,0.3591
1286,50.36,0.4317
1287,215.98,0.6103
1288,213.2,0.745
1289,198.2,0.8538
1290,170.75,0.8545
1291,167.23,0.7072
1292,216.72,0.5256
1293,55.0,0.4163
1294,3.04,0.3284
1295,53.33,0.3199
1296,72.76,0.4361
1297,207.62,0.4483
1298,179.82,0.4031
1299,16.16,0.4669
1300,4.7,0.4053
1301,141.33,0.3802
1302,141.45,0.5603
1303,152.88,0.5577
1304,209.64,0.4692
1305,1.88,0.3764
1306,46.32,0.293
1307,41.74,0.1018
1308,63.18,0.1361
1309,4.24,0.2838
1310,38.73,0.371
1311,205.05,0.4421
1312,135.41,0.5636
1313,139.62,0.5937
1314,134.75,0.4427
1315,71.12,0.5122
1316,42.8,0.5364
1317,210.06,0.6004
1318,165.64,0.5583
1319,203.46,0.5289
1320,25.93,0.5508
1321,11.15,0.5344
1322,233.64,0.5139
1323,148.02,0.6798
1324,181.42,0.6798
1325,204.14,0.484
1326,11.22,0.3553
1327,23.26,0.3178
1328,9.75,0.2737
1329,141.04,0.3754
1330,156.84,0.4165
1331,120.42,0.6177
1332,67.43,0.6869
1333,225.99,0.5485
1334,215.33,0.4968
1335,8.21,0.4375
1336,64.78,0.3718
1337,3.76,0.2932
1338,155.45,0.3397
1339,130.83,0.2897
1340,58.18,0.3369
1341,11.04,0.2023
1342,54.5,0.2628
1343,10.82,0.3907
1344,195.86,0.4342
1345,195.56,0.4272
1346,57.74,0.4314
1347,47.04,0.259
1348,15.28,0.0879
1349,10.65,0.0618
1350,11.74,0.0352
1351,29.66,0.0503
1352,18.52,0.0527
1353,31.46,0.0659
1354,13.19,0.052
1355,26.02,0.0808
1356,14.72,0.1306
1357,49.47,0.2629
1358,84.88,0.2432
1359,155.43,0.2645
1360,4.82,0.3589
1361,37.6,0.4527
1362,150.9,0.4316
1363,185.6,0.4382
1364,132.84,0.4182
1365,11.93,0.3025
1366,16.05,0.2553
1367,26.6,0.2516
1368,134.89,0.3676
1369,128.85,0.3816
1370,136.53,0.3641
1371,31.18,0.2417
1372,7.8,0.2486
1373,3.38,0.2994
1374,136.23,0.3075
1375,191.15,0.3457
1376,39.79,0.4798
1377,48.83,0.5257
1378,147.49,0.3582
1379,185.61,0.3693
1380,11.15,0.3426
1381,51.71,0.3317
1382,20.18,0.3461
1383,135.7,0.4717
1384,201.18,0.4342
1385,146.08,0.4383
1386,11.35,0.3246
1387,24.67,0.2706
1388,13.46,0.259
1389,143.24,0.3727
1390,133.57,0.509
1391,133.54,0.6335
1392,171.08,0.6153
1393,147.27,0.5011
1394,123.6,0.4255
1395,10.9,0.2778
1396,52.37,0.1871
1397,12.35,0.1981
1398,49.81,0.3162
1399,135.43,0.2726
1400,137.77,0.3082
1401,5.52,0.3896
1402,50.59,0.4657
1403,137.28,0.5243
1404,217.18,0.6767
1405,200.74,0.8368
1406,169.29,0.9398
1407,222.59,0.8638
1408,247.96,0.6809
1409,135.58,0.5464
1410,4.18,0.371
1411,24.77,0.2796
1412,34.13,0.2786
1413,149.8,0.3987
1414,134.5,0.4967
1415,133.18,0.4787
1416,130.09,0.3482
1417,14.82,0.4072
1418,9.54,0.469
1419,197.86,0.3679
1420,199.59,0.4153
1421,21.48,0.536
1422,65.79,0.4822
1423,139.15,0.4253
1424,140.09,0.5302
1425,138.42,0.5934
1426,134.28,0.5896
1427,133.65,0.4719
1428,135.03,0.3971
1429,13.62,0.4226
1430,58.14,0.498
1431,161.66,0.536
1432,214.6,0.5327
1433,175.89,0.5002
1434,10.06,0.3976
1435,23.19,0.248
1436,51.45,0.0901
1437,53.87,0.0932
1438,6.21,0.1967
1439,13.48,0.2741
1440,134.4,0.232
1441,134.55,0.3016
1442,8.68,0.4236
1443,80.97,0.4493
1444,144.58,0.5158
1445,161.94,0.6986
1446,206.06,0.626
1447,205.06,0.5203
1448,3.0,0.5747
1449,31.02,0.5846
1450,220.34,0.4411
1451,216.73,0.4737
1452,50.82,0.456
1453,38.07,0.2604
1454,11.98,0.2611
1455,10.15,0.3424
1456,217.5,0.3562
1457,138.15,0.354
1458,52.92,0.3837
1459,9.61,0.2622
1460,42.07,0.1382
1461,86.98,0.1099
1462,4.96,0.2925
1463,22.45,0.4206
1464,205.8,0.5132
1465,179.77,0.7072
1466,186.48,0.8773
1467,213.37,0.8252
1468,205.17,0.6637
1469,149.84,0.542
1470,6.25,0.479
1471,55.68,0.4101
1472,145.76,0.2846
1473,131.07,0.321
1474,15.08,0.3095
1475,45.3,0.2066
1476,43.34,0.089
1477,35.17,0.0802
1478,4.7,0.258
1479,5.62,0.3442
1480,236.35,0.3748
1481,136.04,0.3806
1482,67.96,0.3853
1483,11.02,0.295
1484,10.6,0.2998
1485,139.38,0.3605
1486,141.15,0.4799
1487,133.14,0.6232
1488,139.4,0.7195
1489,164.49,0.6033
1490,242.85,0.5372
1491,16.39,0.6185
1492,62.04,0.6011
1493,226.81,0.397
1494,145.79,0.4456
1495,23.56,0.5904
1496,68.54,0.5708
1497,217.67,0.4435
1498,205.79,0.4244
1499,8.98,0.5534
1500,2.99,0.5291
1501,207.22,0.3411
1502,191.52,0.5554
1503,3.8,0.6888
1504,239.25,0.6596
1505,146.28,0.6764
1506,175.84,0.8672
1507,209.57,0.7756
1508,208.86,0.8286
1509,140.82,0.6723
1510,203.24,0.6474
1511,7.9,0.587
1512,182.76,0.5925
1513,143.93,0.42
1514,146.83,0.4625
1515,17.89,0.2967
1516,53.54,0.1861
1517,4.58,0.0664
1518,25.07,0.109
1519,18.26,0.2343
1520,63.62,0.4108
1521,188.18,0.4235
1522,194.25,0.4105
1523,38.76,0.5481
1524,4.26,0.5582
1525,211.43,0.5216
1526,199.05,0.6297
1527,154.95,0.7586
1528,154.94,0.5732
1529,142.71,0.4296
1530,12.21,0.2957
1531,44.75,0.3584
1532,11.17,0.3635
1533,222.28,0.4918
1534,148.12,0.4635
1535,150.06,0.4899
1536,14.38,0.4142
1537,39.52,0.3371
1538,140.9,0.2229
1539,65.37,0.2611
1540,27.31,0.4251
1541,55.38,0.4573
1542,215.79,0.4008
1543,175.5,0.3868
1544,4.67,0.3532
1545,12.29,0.16
1546,19.23,0.1228
1547,8.24,0.1375
1548,135.56,0.1531
1549,20.45,0.1959
1550,28.98,0.1939
1551,65.24,0.1091
1552,6.12,0.0955
1553,44.39,0.1304
1554,5.92,0.0797
1555,66.39,0.1005
1556,10.78,0.0734
1557,28.53,0.1002
1558,15.2,0.0531
1559,34.81,0.0631
1560,15.75,0.1724
1561,21.52,0.2602
1562,145.94,0.2317
1563,109.58,0.2599
1564,4.12,0.3758
1565,46.07,0.3821
1566,146.1,0.4199
1567,152.67,0.603
1568,150.21,0.611
1569,200.82,0.5014
1570,54.67,0.4853
1571,28.41,0.5026
1572,135.35,0.4476
1573,168.72,0.5745
1574,141.81,0.6767
1575,190.98,0.7446
1576,138.2,0.7235
1577,208.38,0.7618
1578,145.96,0.7148
1579,182.97,0.6254
1580,140.49,0.6244
1581,42.12,0.7086
1582,207.35,0.5525
1583,236.44,0.4451
1584,15.23,0.4517
1585,25.12,0.4178
1586,49.22,0.342
1587,170.84,0.4859
1588,155.05,0.5485
1589,169.81,0.5513
1590,92.44,0.4045
1591,52.22,0.2706
1592,13.07,0.3044
1593,11.21,0.4008
1594,206.09,0.5369
1595,196.06,0.6777
1596,198.46,0.7865
1597,164.29,0.6006
1598,128.2,0.4777
1599,6.27,0.2959
1600,64.0,0.2801
1601,3.16,0.2825
1602,147.32,0.4226
1603,130.79,0.3745
1604,156.81,0.3905
1605,12.34,0.2674
1606,20.26,0.3314
1607,15.11,0.3464
1608,199.6,0.4974
1609,172.91,0.5455
1610,174.57,0.5495
1611,71.92,0.3917
1612,19.46,0.2378
1613,30.04,0.1347
1614,7.5,0.0745
1615,63.84,0.097
1616,7.26,0.0804
1617,43.54,0.1048
1618,12.2,0.0593
1619,33.72,0.0874
1620,14.95,0.0582
1621,37.48,0.179
1622,12.24,0.2896
1623,141.94,0.3772
1624,152.51,0.3793
1625,109.16,0.554
1626,39.65,0.558
1627,199.97,0.4263
1628,146.23,0.3368
1629,11.07,0.3266
1630,12.9,0.173
1631,28.7,0.0497
1632,35.03,0.05
1633,13.69,0.0902
1634,11.41,0.0704
1635,56.14,0.0495
1636,7.36,0.0402
1637,12.55,0.2293
1638,3.76,0.3387
1639,214.54,0.3855
1640,173.75,0.3842
1641,57.63,0.4976
1642,11.12,0.4278
1643,125.59,0.3022
1644,139.57,0.2585
1645,38.8,0.3922
1646,10.61,0.46
1647,154.88,0.461
1648,198.42,0.5604
1649,140.66,0.6055
1650,145.51,0.4735
1651,59.1,0.2992
1652,13.07,0.1871
1653,11.16,0.0774
1654,20.14,0.1474
1655,27.67,0.2553
1656,134.39,0.2601
1657,128.9,0.2554
1658,16.42,0.2722
1659,15.01,0.1536
1660,45.7,0.0712
1661,7.03,0.0676
1662,40.33,0.2295
1663,12.61,0.3522
1664,188.91,0.3901
1665,177.51,0.3618
1666,47.76,0.4945
1667,9.91,0.5299
1668,155.2,0.5131
1669,227.0,0.6077
1670,159.49,0.7752
1671,149.35,0.7836
1672,189.88,0.5825
1673,164.22,0.468
1674,10.93,0.3934
1675,36.45,0.3421
1676,69.18,0.3287
1677,134.75,0.5266
1678,149.92,0.5458
1679,223.46,0.4919
1680,57.16,0.4011
1681,11.28,0.3184
1682,37.15,0.2959
1683,61.06,0.4462
1684,199.28,0.4954
1685,218.67,0.469
1686,64.14,0.5833
1687,8.74,0.5462
1688,183.88,0.4734
1689,159.43,0.5538
1690,140.47,0.558
1691,150.56,0.401
1692,13.22,0.2868
1693,15.13,0.1989
1694,36.82,0.0883
1695,46.04,0.0832
1696,31.63,0.0782
1697,7.77,0.0956
1698,9.82,0.0637
1699,55.47,0.2157
1700,11.74,0.2727
1701,194.93,0.2812
1702,69.06,0.3654
1703,18.98,0.4741
1704,145.91,0.4172
1705,128.57,0.3658
1706,133.74,0.362
1707,13.79,0.3806
1708,14.89,0.4319
1709,165.99,0.4616
1710,183.64,0.6073
1711,165.7,0.6105
1712,170.32,0.4713
1713,18.34,0.4808
1714,16.4,0.4431
1715,193.81,0.4172
1716,125.21,0.5393
1717,142.54,0.695
1718,149.44,0.643
1719,183.76,0.5669
1720,137.97,0.4917
1721,43.37,0.3584
1722,61.81,0.2245
1723,6.14,0.2976
1724,39.97,0.4826
1725,216.5,0.4649
1726,242.12,0.6708
1727,42.75,0.8404
1728,227.41,0.7849
1729,222.22,0.7524
1730,156.88,0.9286
1731,207.15,0.7796
1732,232.06,0.5953
1733,67.36,0.5065
1734,24.12,0.3163
1735,61.48,0.1144
1736,2.87,0.0677
1737,15.1,0.252
1738,17.16,0.3902
1739,222.18,0.5358
1740,209.93,0.7417
1741,159.32,0.7347
1742,236.3,0.571
1743,9.64,0.4538
1744,46.31,0.5023
1745,84.06,0.2879
1746,211.43,0.3162
1747,5.88,0.4635
1748,40.12,0.5715
1749,204.55,0.5409
1750,200.05,0.7282
1751,178.53,0.7977
1752,207.13,0.6565
1753,114.8,0.5067
1754,52.83,0.3926
1755,39.12,0.2051
1756,55.91,0.2344
1757,5.73,0.4072
1758,146.27,0.433
1759,238.52,0.4532
1760,66.82,0.5821
1761,77.63,0.5729
1762,144.21,0.3633
1763,136.41,0.333
1764,13.24,0.4231
1765,34.3,0.3006
1766,174.39,0.2147
1767,12.62,0.2217
1768,44.14,0.381
1769,20.77,0.449
1770,205.43,0.6006
1771,247.52,0.5658
1772,175.46,0.6079
1773,6.72,0.4261
1774,66.0,0.2293
1775,10.09,0.0742
1776,36.1,0.1936
1777,8.77,0.2289
1778,135.07,0.2507
1779,103.96,0.2294
1780,33.44,0.2297
1781,13.22,0.1251
1782,9.16,0.0742
1783,22.64,0.094
1784,49.3,0.2758
1785,54.69,0.4229
1786,208.5,0.4132
1787,167.25,0.3981
1788,12.22,0.3526
1789,33.03,0.1815
1790,5.86,0.229
1791,24.71,0.347
1792,218.2,0.3298
1793,139.04,0.3621
1794,14.6,0.3486
1795,40.53,0.1638
1796,10.2,0.0448
1797,19.59,0.082
1798,11.2,0.0628
1799,54.6,0.0822
1800,19.84,0.0764
1801,31.14,0.0752
1802,13.3,0.0407
1803,9.89,0.0503
1804,17.54,0.1409
1805,30.16,0.254
1806,128.49,0.3684
1807,134.84,0.3638
1808,132.84,0.3704
1809,12.6,0.3789
1810,37.2,0.2637
1811,137.61,0.1788
1812,11.07,0.2548
1813,41.6,0.3847
1814,94.28,0.266
1815,176.76,0.3002
1816,10.06,0.3894
1817,47.86,0.4641
1818,137.45,0.4903
1819,174.56,0.5068
1820,204.91,0.4729
1821,27.78,0.3932
1822,11.4,0.2519
1823,51.78,0.0861
1824,22.77,0.0721
1825,26.82,0.1901
1826,12.71,0.2744
1827,138.18,0.2943
1828,142.31,0.3501
1829,44.19,0.4836
1830,86.79,0.481
1831,156.17,0.5367
1832,135.31,0.6248
1833,202.23,0.5499
1834,138.86,0.4471
1835,6.25,0.3335
1836,45.77,0.1785
1837,13.2,0.1751
1838,35.74,0.2937
1839,135.18,0.2861
1840,133.68,0.3003
1841,37.58,0.4027
1842,28.5,0.4131
1843,145.78,0.3245
1844,146.33,0.3184
1845,38.53,0.319
1846,30.96,0.3713
1847,29.18,0.316
1848,201.94,0.3023
1849,86.88,0.3997
1850,23.86,0.4998
1851,135.57,0.4417
1852,136.74,0.487
1853,139.54,0.6401
1854,135.58,0.523
1855,188.36,0.3992
1856,9.67,0.3334
1857,3.74,0.2246
1858,68.83,0.1094
1859,18.7,0.2233
1860,64.58,0.4068
1861,132.1,0.5256
1862,200.86,0.6323
1863,196.48,0.6516
1864,133.4,0.5355
1865,85.28,0.4769
1866,7.36,0.4306
1867,137.87,0.3342
1868,146.72,0.2851
1869,29.86,0.2886
1870,32.48,0.3512
1871,11.11,0.3965
1872,205.17,0.5497
1873,195.4,0.5908
1874,194.49,0.5885
1875,76.65,0.4389
1876,8.65,0.4405
1877,44.35,0.3914
1878,197.21,0.3326
1879,141.64,0.3771
1880,13.53,0.3388
1881,56.46,0.2137
1882,3.16,0.106
1883,62.85,0.1485
1884,25.88,0.1019
1885,59.21,0.1192
1886,6.34,0.245
1887,21.8,0.3567
1888,198.05,0.349
1889,145.86,0.3699
1890,50.9,0.5413
1891,28.78,0.5549
1892,206.03,0.647
1893,212.65,0.7663
1894,244.84,0.78
1895,179.04,0.5986
1896,43.57,0.4065
1897,11.09,0.3061
1898,6.28,0.2828
1899,136.95,0.3881
1900,153.96,0.5641
1901,156.75,0.6959
1902,200.15,0.5836
1903,147.9,0.4948
1904,16.23,0.3554
1905,58.59,0.2333
1906,6.98,0.2279
1907,68.93,0.3597
1908,142.17,0.3215
1909,157.83,0.3275
1910,17.56,0.3869
1911,13.36,0.3788
1912,132.78,0.3673
1913,133.5,0.4922
1914,145.42,0.605
1915,151.81,0.4844
1916,134.52,0.4804
1917,3.2,0.5054
1918,129.26,0.5651
1919,172.22,0.5853
1920,215.97,0.7197
1921,156.28,0.7676
1922,147.5,0.7508
1923,180.75,0.6709
1924,154.19,0.5958
1925,130.12,0.471
1926,75.58,0.3569
1927,13.48,0.3949
1928,58.11,0.4691
1929,195.06,0.4018
1930,209.82,0.3959
1931,3.27,0.5258
1932,7.11,0.4899
1933,197.71,0.4208
1934,156.42,0.5432
1935,135.63,0.5434
1936,134.74,0.3728
1937,7.31,0.3645
1938,14.51,0.3685
1939,147.44,0.377
1940,139.98,0.5162
1941,143.88,0.6222
1942,156.83,0.5311
1943,128.35,0.4112
1944,49.63,0.3107
1945,11.17,0.176
1946,35.86,0.1112
1947,12.09,0.1951
1948,58.76,0.3113
1949,139.73,0.2799
1950,136.05,0.3218
1951,2.16,0.4509
1952,57.04,0.5199
1953,197.49,0.55
1954,213.88,0.666
1955,168.4,0.6221
1956,126.73,0.4784
1957,9.98,0.4252
1958,42.99,0.3917
1959,156.77,0.3931
1960,132.4,0.5051
1961,128.21,0.5888
1962,130.36,0.5651
1963,132.91,0.5662
1964,131.25,0.5705
1965,133.61,0.5883
1966,132.84,0.4775
1967,149.49,0.545
1968,13.82,0.5541
1969,203.78,0.4557
1970,143.39,0.3291
1971,27.2,0.3611
1972,13.46,0.3012
1973,48.2,0.3183
1974,139.43,0.4758
1975,161.66,0.5607
1976,196.43,0.5501
1977,104.71,0.4796
1978,36.86,0.3925
1979,63.66,0.218
1980,68.03,0.2616
1981,9.01,0.3484
1982,151.48,0.4099
1983,130.14,0.4656
1984,129.74,0.5821
1985,127.89,0.5697
1986,134.14,0.5154
1987,138.19,0.5223
1988,71.86,0.5246
1989,137.16,0.5359
1990,130.35,0.424
1991,146.29,0.4194
1992,17.94,0.4292
1993,66.84,0.4457
1994,147.69,0.4317
1995,148.14,0.5569
1996,131.21,0.6371
1997,152.46,0.6227
1998,153.08,0.6126
1999,132.18,0.6656
2000,137.25,0.5456
2001,188.14,0.4526
2002,23.62,0.3921
2003,53.14,0.2781
2004,67.14,0.2399
2005,14.72,0.3528
2006,147.17,0.3427
2007,144.9,0.2853
2008,42.3,0.4425
2009,5.48,0.4323
2010,183.59,0.3972
2011,136.2,0.3716
2012,107.16,0.4174
2013,14.85,0.2547
2014,54.7,0.2657
2015,8.76,0.3701
2016,148.02,0.5436
2017,219.3,0.533
2018,201.32,0.5582
2019,43.26,0.4297
2020,35.83,0.2282
2021,9.99,0.0721
2022,2.81,0.0715
2023,33.61,0.0895
2024,42.63,0.0844
2025,55.17,0.1033
2026,4.52,0.0833
2027,23.04,0.0794
2028,12.15,0.0379
2029,38.39,0.1752
2030,10.63,0.184
2031,152.07,0.1829
2032,32.47,0.1936
2033,11.0,0.192
2034,49.9,0.1057
2035,8.85,0.2759
2036,59.38,0.3535
2037,215.29,0.3119
2038,94.34,0.5111
2039,5.26,0.6148
2040,222.91,0.5787
2041,170.72,0.5177
2042,176.61,0.5344
2043,28.76,0.3371
2044,23.18,0.1875
2045,10.98,0.0539
2046,9.9,0.0656
2047,33.1,0.105
2048,41.3,0.1043
2049,65.6,0.2824
2050,10.16,0.4734
2051,201.28,0.4957
2052,238.29,0.4438
2053,65.33,0.5649
2054,9.79,0.548
2055,140.28,0.3571
2056,183.17,0.3104
2057,33.13,0.3183
2058,15.18,0.2004
2059,18.27,0.0401
2060,13.56,0.013
2061,10.92,0.1335
2062,4.01,0.3008
2063,144.64,0.3245
2064,198.06,0.3183
2065,39.02,0.3238
2066,4.22,0.2224
2067,9.94,0.069
2068,35.72,0.0834
2069,33.21,0.1225
2070,54.47,0.2926
2071,46.31,0.3142
2072,192.64,0.338
2073,58.95,0.2898
2074,58.78,0.4683
2075,2.65,0.3363
2076,238.15,0.2885
2077,50.82,0.2729
2078,7.61,0.2808
2079,42.05,0.1759
2080,11.04,0.2753
2081,125.44,0.3069
2082,157.7,0.2801
2083,41.55,0.278
2084,13.23,0.1754
2085,8.75,0.0364
2086,15.22,0.121
2087,8.36,0.194
2088,132.5,0.2
2089,91.62,0.3107
2090,15.22,0.4308
2091,134.12,0.4439
2092,137.45,0.4057
2093,146.56,0.4026
2094,50.52,0.4063
2095,11.92,0.3747
2096,138.14,0.2845
2097,103.51,0.2479
2098,49.6,0.2613
2099,11.22,0.1454
2100,26.3,0.091
2101,13.56,0.0578
2102,45.05,0.0782
2103,13.99,0.0649
2104,33.13,0.0597
2105,12.04,0.0287
2106,7.95,0.1413
2107,11.78,0.276
2108,134.93,0.2843
2109,177.86,0.2876
2110,20.9,0.4821
2111,11.59,0.5094
2112,220.73,0.466
2113,164.23,0.4787
2114,131.26,0.5575
2115,34.57,0.4817
2116,96.23,0.3437
2117,139.31,0.2444
2118,15.92,0.2262
2119,24.52,0.2626
2120,15.06,0.1939
2121,135.34,0.1866
2122,65.52,0.3076
2123,8.11,0.4212
2124,154.47,0.3209
2125,137.14,0.2711
2126,27.55,0.3022
2127,12.05,0.1706
2128,41.47,0.0492
2129,13.11,0.0377
2130,6.68,0.1026
2131,15.16,0.26
2132,81.82,0.258
2133,210.58,0.2635
2134,11.0,0.2582
2135,12.57,0.2239
2136,9.5,0.0505
2137,44.87,0.2583
2138,24.33,0.3443
2139,234.21,0.3589
2140,104.98,0.5311
2141,25.23,0.6327
2142,229.93,0.5388
2143,133.45,0.4593
2144,133.34,0.4485
2145,19.52,0.2897
2146,13.63,0.2206
2147,59.28,0.3133
2148,59.22,0.4325
2149,232.97,0.4312
2150,147.58,0.3948
2151,12.23,0.4949
2152,20.23,0.4501
2153,166.72,0.3212
2154,184.89,0.318
2155,9.08,0.3104
2156,8.74,0.1915
2157,12.05,0.1099
2158,38.96,0.2644
2159,97.29,0.2667
2160,175.1,0.2909
2161,11.12,0.4048
2162,38.13,0.4721
2163,161.34,0.4958
2164,169.57,0.5831
2165,200.55,0.6132
2166,104.9,0.4688
2167,70.46,0.3546
2168,6.21,0.1765
2169,46.89,0.1439
2170,9.21,0.1069
2171,69.85,0.2291
2172,30.66,0.3775
2173,137.58,0.3785
2174,206.34,0.3193
2175,10.25,0.3145
2176,6.3,0.2088
2177,25.46,0.1531
2178,24.0,0.2895
2179,146.49,0.286
2180,156.82,0.3165
2181,2.51,0.3194
2182,58.21,0.2461
2183,27.1,0.1041
2184,67.81,0.1556
2185,4.24,0.1059
2186,57.84,0.1263
2187,4.8,0.0737
2188,49.07,0.0837
2189,11.3,0.0427
2190,14.98,0.0696
2191,13.76,0.2127
2192,33.68,0.3469
2193,202.81,0.526
2194,155.5,0.518
2195,207.38,0.5128
2196,5.21,0.513
2197,28.12,0.5557
2198,203.02,0.368
2199,201.3,0.3768
2200,5.75,0.4818
2201,14.66,0.4395
2202,141.01,0.2582
2203,157.49,0.2857
2204,6.57,0.2856
2205,35.24,0.2033
2206,14.6,0.1168
2207,52.55,0.1164
2208,64.53,0.125
2209,6.14,0.121
2210,44.52,0.1353
2211,10.3,0.0844
2212,67.9,0.2076
2213,9.82,0.2907
2214,138.56,0.3123
2215,133.76,0.3028
2216,33.49,0.4272
2217,57.69,0.4233
2218,143.52,0.4671
2219,134.36,0.5654
2220,180.78,0.6908
2221,139.14,0.681
2222,192.4,0.5602
2223,133.03,0.4073
2224,4.55,0.4051
2225,16.48,0.349
2226,136.78,0.2759
2227,132.16,0.3193
2228,54.44,0.4329
2229,51.24,0.4645
2230,138.54,0.3501
2231,170.68,0.3535
2232,9.26,0.3233
2233,58.14,0.3841
2234,18.76,0.3048
2235,203.82,0.3463
2236,85.5,0.4667
2237,53.83,0.6531
2238,187.58,0.5817
2239,218.98,0.6474
2240,127.15,0.7278
2241,156.06,0.5719
2242,140.17,0.4571
2243,20.1,0.4719
2244,95.68,0.4472
2245,143.04,0.4485
2246,129.48,0.5561
2247,141.56,0.6065
2248,135.72,0.6229
2249,149.88,0.5163
2250,160.61,0.4148
2251,14.96,0.3465
2252,32.48,0.3225
2253,62.42,0.3255
2254,124.02,0.3313
2255,163.82,0.3679
2256,21.21,0.3182
2257,71.8,0.3447
2258,9.0,0.3195
2259,152.52,0.4559
2260,136.78,0.4515
2261,167.7,0.4613
2262,67.08,0.3335
2263,19.61,0.2178
2264,15.18,0.0995
2265,12.48,0.2131
2266,40.56,0.3295
2267,189.11,0.3214
2268,144.71,0.348
2269,6.47,0.4967
2270,41.04,0.4949
2271,200.35,0.3717
2272,187.17,0.3908
2273,12.36,0.4773
2274,27.01,0.423
2275,133.94,0.2658
2276,142.01,0.2755
2277,18.3,0.2663
2278,22.76,0.1559
2279,17.11,0.1639
2280,15.36,0.341
2281,150.58,0.3711
2282,208.63,0.3873
2283,55.03,0.3789
2284,34.5,0.4277
2285,6.32,0.3826
2286,203.1,0.505
2287,160.12,0.5001
2288,186.59,0.5057
2289,29.18,0.3357
2290,12.38,0.2007
2291,20.44,0.0757
2292,15.0,0.0587
2293,52.32,0.1885
2294,10.94,0.3012
2295,151.88,0.3184
2296,141.52,0.3097
2297,33.38,0.3091
2298,43.05,0.2259
2299,10.27,0.2812
2300,62.46,0.4212
2301,200.98,0.5053
2302,183.76,0.5184
2303,133.5,0.4724
2304,24.34,0.3382
2305,12.95,0.2139
2306,56.83,0.1146
2307,50.26,0.1003
2308,26.81,0.0978
2309,8.95,0.085
2310,10.2,0.0636
2311,43.08,0.0926
2312,27.27,0.0936
2313,58.04,0.1127
2314,10.0,0.2996
2315,30.7,0.4039
2316,243.92,0.3592
2317,139.33,0.3859
2318,10.02,0.5356
2319,38.68,0.5092
2320,191.57,0.5805
2321,215.56,0.801
2322,215.84,0.9527
2323,246.98,0.9402
2324,201.67,0.7686
2325,178.12,0.6266
2326,31.17,0.5615
2327,63.32,0.5328
2328,177.06,0.5048
2329,170.82,0.6515
2330,148.05,0.7565
2331,188.78,0.7624
2332,176.1,0.6474
2333,183.4,0.5209
2334,47.31,0.3691
2335,12.06,0.3336
2336,25.71,0.2819
2337,138.0,0.2474
2338,127.79,0.3856
2339,10.26,0.5602
2340,160.57,0.5543
2341,213.27,0.6382
2342,131.65,0.6334
2343,217.93,0.5501
2344,5.15,0.3698
2345,71.0,0.2857
2346,19.62,0.2692
2347,41.25,0.3976
2348,200.2,0.3414
2349,143.18,0.3611
2350,10.58,0.5239
2351,40.73,0.5133
2352,216.26,0.6088
2353,188.8,0.608
2354,245.74,0.7697
2355,9.7,0.7823
2356,214.5,0.6269
2357,229.78,0.4085
2358,21.88,0.4328
2359,11.08,0.2464
2360,35.76,0.0735
2361,14.27,0.2428
2362,44.02,0.327
2363,203.76,0.306
2364,101.52,0.3462
2365,13.22,0.337
2366,57.5,0.1864
2367,34.11,0.0949
2368,41.94,0.0889
2369,3.17,0.0561
2370,6.78,0.0692
2371,22.27,0.0713
2372,48.18,0.0722
2373,44.23,0.0758
2374,4.09,0.0669
2375,10.71,0.1402
2376,12.72,0.227
2377,126.89,0.2588
2378,137.44,0.2587
2379,38.25,0.2887
2380,10.65,0.3153
2381,44.92,0.3324
2382,155.53,0.4298
2383,155.8,0.431
2384,142.89,0.44
2385,11.91,0.3044
2386,54.64,0.1957
2387,9.79,0.2538
2388,39.05,0.444
2389,205.35,0.4302
2390,216.22,0.4552
2391,39.78,0.5537
2392,36.7,0.5906
2393,144.89,0.4046
2394,245.03,0.3932
2395,16.29,0.4854
2396,27.53,0.5474
2397,135.76,0.4199
2398,211.49,0.4161
2399,108.1,0.5115
2400,12.21,0.518
2401,130.04,0.4601
2402,142.7,0.4819
2403,149.32,0.5986
2404,131.56,0.6004
2405,137.57,0.5923
2406,131.98,0.5801
2407,133.94,0.4776
2408,136.2,0.3621
2409,21.48,0.2733
2410,13.48,0.1899
2411,36.6,0.0996
2412,44.25,0.086
2413,39.26,0.0794
2414,6.83,0.0925
2415,6.39,0.0985
2416,50.64,0.2006
2417,50.71,0.346
2418,148.95,0.3488
2419,163.09,0.3158
2420,9.37,0.3957
2421,15.19,0.3806
2422,136.58,0.3533
2423,132.74,0.4649
2424,133.77,0.5967
2425,129.23,0.601
2426,156.79,0.5306
2427,141.2,0.4095
2428,57.12,0.4805
2429,3.65,0.5103
2430,205.51,0.3901
2431,188.84,0.3592
2432,12.02,0.3686
2433,23.89,0.2184
2434,13.78,0.0604
2435,44.17,0.0669
2436,19.09,0.1705
2437,18.92,0.289
2438,135.29,0.271
2439,141.06,0.2923
2440,24.86,0.4045
2441,41.93,0.4853
2442,139.51,0.5552
2443,222.05,0.6839
2444,216.17,0.707
2445,163.12,0.5927
2446,66.77,0.445
2447,16.7,0.2516
2448,63.41,0.1849
2449,8.29,0.3087
2450,91.47,0.3472
2451,199.78,0.2975
2452,58.12,0.4111
2453,9.94,0.4651
2454,130.44,0.5068
2455,149.47,0.4774
2456,244.6,0.4889
2457,26.44,0.5377
2458,22.39,0.4471
2459,182.87,0.2552
2460,52.14,0.2543
2461,38.39,0.3719
2462,25.48,0.3878
2463,148.75,0.4663
2464,199.89,0.5628
2465,136.49,0.5908
2466,142.1,0.4563
2467,55.56,0.3953
2468,4.2,0.3927
2469,134.44,0.4001
2470,133.69,0.5395
2471,149.96,0.7072
2472,205.37,0.7709
2473,184.43,0.6781
2474,202.88,0.6011
2475,33.97,0.4153
2476,67.2,0.3684
2477,5.77,0.3127
2478,134.02,0.4098
2479,143.04,0.368
2480,138.29,0.3725
2481,22.24,0.3743
2482,10.7,0.3705
2483,135.9,0.4423
2484,138.95,0.5556
2485,215.43,0.607
2486,144.0,0.4865
2487,65.9,0.3974
2488,6.4,0.2012
2489,43.27,0.2649
2490,4.6,0.3324
2491,212.51,0.3569
2492,138.36,0.3293
2493,32.78,0.3643
2494,13.54,0.1757
2495,42.29,0.0791
2496,9.87,0.0608
2497,34.47,0.233
2498,13.14,0.3244
2499,198.61,0.4476
2500,140.49,0.4739
2501,142.2,0.4883
2502,62.71,0.3219
2503,28.66,0.3095
2504,19.77,0.3008
2505,127.22,0.3719
2506,132.85,0.374
2507,139.14,0.3696
2508,30.84,0.2681
2509,15.06,0.1606
2510,18.2,0.0831
2511,17.27,0.0648
2512,55.88,0.0861
2513,11.22,0.0709
2514,37.96,0.1108
2515,1.85,0.1022
2516,60.19,0.103
2517,46.6,0.1494
2518,12.05,0.3264
2519,87.83,0.2899
2520,192.02,0.2583
2521,21.04,0.3723
2522,12.55,0.4171
2523,134.56,0.3654
2524,136.01,0.486
2525,136.44,0.6676
2526,150.61,0.7196
2527,207.68,0.6141
2528,190.42,0.5113
2529,22.7,0.3795
2530,25.96,0.3362
2531,8.96,0.3416
2532,161.21,0.3685
2533,196.24,0.3519
2534,51.6,0.4055
2535,8.12,0.2646
2536,66.49,0.1131
2537,9.9,0.0763
2538,33.39,0.1939
2539,12.06,0.2624
2540,134.56,0.2806
2541,140.08,0.2613
2542,29.39,0.3902
2543,12.67,0.436
2544,150.54,0.4906
2545,183.8,0.6799
2546,198.71,0.6824
2547,232.85,0.5598
2548,15.25,0.5258
2549,18.9,0.4806
2550,147.2,0.3992
2551,150.17,0.5163
2552,145.44,0.6192
2553,141.04,0.6117
2554,129.43,0.6177
2555,139.16,0.6067
2556,156.63,0.5947
2557,133.57,0.5087
2558,128.22,0.3833
2559,37.02,0.3642
2560,4.43,0.2864
2561,136.09,0.1762
2562,49.92,0.2075
2563,9.89,0.2236
2564,70.67,0.2341
2565,21.68,0.3117
2566,147.41,0.307
2567,133.26,0.2483
2568,4.82,0.2533
2569,7.66,0.1643
2570,27.0,0.0462
2571,51.81,0.054
2572,6.35,0.056
2573,13.2,0.0837
2574,9.79,0.059
2575,56.8,0.1017
2576,25.25,0.1011
2577,52.2,0.1186
2578,12.62,0.1629
2579,28.58,0.27
2580,104.38,0.3398
2581,140.35,0.3371
2582,127.17,0.3253
2583,9.74,0.4243
2584,15.9,0.4903
2585,210.77,0.5545
2586,211.19,0.728
2587,196.18,0.8764
2588,196.18,0.8131
2589,175.28,0.8149
2590,142.78,0.7735
2591,213.2,0.5967
2592,151.66,0.457
2593,6.22,0.3345
2594,25.13,0.1878
2595,11.24,0.1191
2596,55.53,0.2402
2597,77.87,0.228
2598,136.34,0.2628
2599,12.04,0.3498
2600,48.55,0.4541
2601,149.01,0.4444
2602,189.98,0.4926
2603,125.88,0.5869
2604,63.87,0.5841
2605,149.84,0.5437
2606,146.02,0.5627
2607,146.56,0.5679
2608,146.26,0.4689
2609,69.52,0.4607
2610,43.45,0.4711
2611,137.2,0.5277
2612,157.79,0.593
2613,207.07,0.7038
2614,139.6,0.7128
2615,162.56,0.6883
2616,146.85,0.6621
2617,131.51,0.5367
2618,178.85,0.4526
2619,4.85,0.3292
2620,72.21,0.3723
2621,14.33,0.2891
2622,177.75,0.3467
2623,89.48,0.4155
2624,66.72,0.5669
2625,146.12,0.566
2626,177.04,0.6477
2627,176.79,0.7085
2628,177.3,0.7127
2629,132.02,0.6642
2630,150.58,0.5315
2631,124.97,0.3734
2632,34.21,0.4332
2633,7.42,0.4174
2634,196.23,0.3451
2635,133.6,0.3793
2636,47.34,0.5136
2637,70.94,0.466
2638,151.72,0.3546
2639,145.13,0.3523
2640,13.82,0.404
2641,44.97,0.3887
2642,126.42,0.2665
2643,135.29,0.304
2644,13.84,0.2796
2645,54.16,0.2142
2646,18.68,0.1339
2647,56.17,0.1904
2648,49.06,0.1944
2649,74.48,0.1865
2650,58.48,0.1539
2651,10.25,0.111
2652,21.08,0.0813
2653,2.97,0.0617
2654,42.61,0.0709
2655,37.38,0.0546
2656,20.15,0.0601
2657,3.56,0.0505
2658,8.92,0.0395
2659,32.25,0.0682
2660,25.59,0.2318
2661,50.96,0.3636
2662,179.3,0.3437
2663,150.53,0.3565
2664,10.92,0.4416
2665,39.38,0.4041
2666,142.35,0.4016
2667,139.04,0.532
2668,147.85,0.5082
2669,151.02,0.4114
2670,13.72,0.2921
2671,38.42,0.1635
2672,10.88,0.0289
2673,9.62,0.0611
2674,6.43,0.0618
2675,48.3,0.0708
2676,39.22,0.0723
2677,20.47,0.2574
2678,11.3,0.408
2679,205.28,0.3989
2680,210.16,0.502
2681,29.41,0.673
2682,131.24,0.6656
2683,195.08,0.483
2684,197.29,0.4922
2685,13.95,0.383
2686,39.29,0.2169
2687,13.91,0.1564
2688,16.6,0.2667
2689,132.28,0.255
2690,132.52,0.2778
2691,26.72,0.2714
2692,38.38,0.1691
2693,9.75,0.099
2694,22.37,0.0783
2695,57.13,0.0473
2696,4.47,0.0507
2697,5.08,0.0683
2698,13.4,0.0404
2699,41.35,0.0414
2700,27.11,0.0504
2701,5.51,0.1777
2702,14.74,0.2639
2703,150.2,0.2646
2704,134.02,0.3071
2705,27.82,0.4879
2706,51.24,0.485
2707,208.98,0.5409
2708,147.11,0.6432
2709,194.02,0.7694
2710,137.72,0.7611
2711,186.84,0.6366
2712,200.07,0.5019
2713,13.34,0.5012
2714,49.26,0.4545
2715,136.96,0.4344
2716,136.76,0.5589
2717,178.4,0.6516
2718,147.12,0.6699
2719,148.85,0.5971
2720,156.6,0.4519
2721,58.64,0.331
2722,22.34,0.3238
2723,17.19,0.3065
2724,141.14,0.2764
2725,138.07,0.3682
2726,26.21,0.4766
2727,120.98,0.4874
2728,133.65,0.5007
2729,152.82,0.6158
2730,152.36,0.5071
2731,149.78,0.4271
2732,4.23,0.2934
2733,47.74,0.2095
2734,9.13,0.1151
2735,62.21,0.1225
2736,48.39,0.1225
2737,12.13,0.2526
2738,47.77,0.3221
2739,148.93,0.4038
2740,136.88,0.4019
2741,136.14,0.4408
2742,10.11,0.4373
2743,89.51,0.3383
2744,145.19,0.2202
2745,30.52,0.2176
2746,9.27,0.2604
2747,7.3,0.3217
2748,135.48,0.4201
2749,211.06,0.6239
2750,136.28,0.7788
2751,228.27,0.784
2752,173.66,0.5965
2753,141.12,0.5276
2754,9.56,0.3215
2755,62.3,0.1811
2756,6.8,0.245
2757,22.79,0.3705
2758,209.78,0.3298
2759,144.46,0.3472
2760,18.54,0.3381
2761,25.46,0.1542
2762,13.07,0.2138
2763,12.18,0.3804
2764,208.43,0.4178
2765,197.6,0.416
2766,65.63,0.4474
2767,11.12,0.4671
2768,45.94,0.4993
2769,229.62,0.6203
2770,232.12,0.6539
2771,195.7,0.6228
2772,47.22,0.4392
2773,12.48,0.3584
2774,32.38,0.3048
2775,145.26,0.3872
2776,138.11,0.4593
2777,135.81,0.4344
2778,89.96,0.3624
2779,5.56,0.4242
2780,67.94,0.3043
2781,204.48,0.2738
2782,6.98,0.4409
2783,57.26,0.5539
2784,185.03,0.4598
2785,189.35,0.4582
2786,103.4,0.4361
2787,5.24,0.3035
2788,33.56,0.2755
2789,42.56,0.3089
2790,159.24,0.4879
2791,139.34,0.4597
2792,197.5,0.4754
2793,3.32,0.3456
2794,59.44,0.2742
2795,19.7,0.1021
2796,62.71,0.1355
2797,12.49,0.0942
2798,39.26,0.1229
2799,15.02,0.0768
2800,50.59,0.0813
2801,13.18,0.0589
2802,17.34,0.0886
2803,15.17,0.2508
2804,46.92,0.4238
2805,224.83,0.417
2806,199.12,0.4125
2807,10.03,0.5036
2808,10.37,0.5044
2809,144.73,0.4426
2810,225.68,0.5534
2811,132.75,0.6232
2812,129.08,0.503
2813,85.35,0.3235
2814,15.57,0.2125
2815,32.8,0.1224
2816,13.51,0.0539
2817,32.31,0.0684
2818,11.75,0.0444
2819,31.16,0.1153
2820,6.93,0.2192
2821,89.73,0.2124
2822,143.93,0.1884
2823,4.45,0.231
2824,5.42,0.2782
2825,52.69,0.1502
2826,140.45,0.1973
2827,6.38,0.3697
2828,55.06,0.4621
2829,190.64,0.4661
2830,151.94,0.6545
2831,144.78,0.6197
2832,208.78,0.4611
2833,17.71,0.4657
2834,20.28,0.4704
2835,156.82,0.4088
2836,149.79,0.5491
2837,142.66,0.652
2838,168.46,0.6638
2839,130.83,0.5599
2840,169.5,0.4365
2841,38.18,0.3281
2842,9.99,0.214
2843,52.07,0.1325
2844,8.23,0.2373
2845,81.92,0.2843
2846,150.76,0.25
2847,60.51,0.2847
2848,15.16,0.407
2849,45.52,0.4439
2850,213.35,0.5754
2851,190.42,0.7512
2852,201.75,0.7524
2853,204.12,0.5983
2854,46.76,0.4839
2855,47.85,0.3075
2856,67.5,0.264
2857,12.14,0.3744
2858,157.4,0.3675
2859,165.34,0.3159
2860,40.49,0.3254
2861,12.05,0.193
2862,22.3,0.0842
2863,15.22,0.0575
2864,48.42,0.1725
2865,11.75,0.2856
2866,135.6,0.2795
2867,143.83,0.2775
2868,8.71,0.2779
2869,46.32,0.1999
2870,12.18,0.2048
2871,51.73,0.3508
2872,149.16,0.3449
2873,165.56,0.3516
2874,39.97,0.3072
2875,19.4,0.1785
2876,4.03,0.0536
2877,10.8,0.0387
2878,31.38,0.0713
2879,23.98,0.0755
2880,54.44,0.0992
2881,8.52,0.0792
2882,36.27,0.1056
2883,9.87,0.0578
2884,52.33,0.2233
2885,3.12,0.3245
2886,186.34,0.453
2887,145.02,0.4165
2888,147.89,0.5135
2889,13.16,0.5409
2890,107.32,0.5383
2891,215.8,0.5469
2892,142.21,0.6699
2893,157.17,0.6177
2894,145.34,0.4337
2895,51.19,0.4734
2896,18.14,0.4149
2897,184.79,0.3316
2898,94.3,0.3164
2899,55.86,0.3608
2900,34.9,0.1984
2901,65.85,0.1567
2902,10.26,0.1161
2903,49.51,0.1356
2904,12.18,0.0843
2905,55.84,0.2002
2906,10.8,0.3003
2907,134.72,0.3401
2908,157.12,0.3194
2909,54.89,0.4378
2910,33.66,0.4417
2911,138.03,0.4541
2912,138.93,0.5235
2913,170.37,0.5014
2914,129.49,0.3849
2915,9.91,0.2662
2916,12.81,0.1498
2917,11.46,0.1569
2918,45.28,0.2791
2919,137.11,0.2812
2920,141.21,0.2847
2921,15.03,0.3971
2922,15.22,0.4609
2923,166.13,0.388
2924,205.57,0.3792
2925,62.9,0.5601
2926,5.63,0.5811
2927,209.51,0.4506
2928,188.8,0.4014
2929,65.32,0.5367
2930,10.07,0.4798
2931,150.92,0.4467
2932,148.38,0.5105
2933,153.3,0.5242
2934,133.84,0.3961
2935,24.78,0.2637
2936,13.27,0.145
2937,6.09,0.0687
2938,25.82,0.1027
2939,51.8,0.11
2940,61.4,0.124
2941,21.11,0.2197
2942,21.05,0.2956
2943,128.7,0.3851
2944,133.4,0.394
2945,157.54,0.3857
2946,30.59,0.4377
2947,12.17,0.4158
2948,184.57,0.3152
2949,109.86,0.2961
2950,49.51,0.4773
2951,10.03,0.4951
2952,206.88,0.5163
2953,203.68,0.5917
2954,132.63,0.7104
2955,130.48,0.702
2956,137.59,0.5386
2957,197.94,0.4496
2958,28.04,0.3387
2959,37.08,0.4047
2960,11.24,0.4505
2961,208.54,0.5672
2962,247.16,0.581
2963,153.39,0.5779
2964,51.89,0.397
2965,7.91,0.2709
2966,14.21,0.2782
2967,111.66,0.3646
2968,161.22,0.404
2969,144.72,0.3993
2970,50.24,0.51
2971,9.18,0.5547
2972,230.67,0.6355
2973,209.18,0.7608
2974,231.58,0.9467
2975,184.83,0.876
2976,208.91,0.7112
2977,154.69,0.5187
2978,32.11,0.4759
2979,24.76,0.4281
2980,138.84,0.2943
2981,157.56,0.3007
2982,10.98,0.3206
2983,38.91,0.2569
2984,46.14,0.1218
2985,70.49,0.1452
2986,12.32,0.2347
2987,36.21,0.3811
2988,135.06,0.4346
2989,203.42,0.4602
2990,127.94,0.4866
2991,39.82,0.5023
2992,64.63,0.4615
2993,151.83,0.4697
2994,159.62,0.5764
2995,136.81,0.5396
2996,154.39,0.4018
2997,25.1,0.3097
2998,3.79,0.3591
2999,60.69,0.4095
3000,189.83,0.5382
3001,208.59,0.6674
3002,163.33,0.6293
3003,142.7,0.4675
3004,19.76,0.286
3005,15.9,0.1491
3006,13.59,0.0261
3007,16.23,0.2078
3008,10.58,0.2649
3009,214.95,0.2674
3010,77.24,0.3886
3011,16.31,0.5116
3012,146.49,0.5102
3013,142.74,0.6669
3014,213.45,0.8518
3015,245.53,0.7771
3016,215.0,0.6693
3017,66.28,0.5332
3018,26.88,0.3096
3019,67.2,0.311
3020,5.34,0.4018
3021,216.48,0.435
3022,163.82,0.4139
3023,62.53,0.5598
3024,44.54,0.516
3025,162.11,0.3722
3026,169.38,0.341
3027,9.3,0.4279
3028,29.0,0.4292
3029,137.92,0.2756
3030,163.6,0.2974
3031,4.29,0.4657
3032,32.74,0.4818
3033,209.78,0.4615
3034,155.26,0.5869
3035,141.82,0.6085
3036,139.03,0.4582
3037,55.96,0.4428
3038,48.28,0.4581
3039,138.68,0.5292
3040,158.24,0.6625
3041,215.43,0.7471
3042,199.22,0.6801
3043,139.16,0.5575
3044,66.69,0.3711
3045,26.5,0.2521
3046,15.18,0.1772
3047,71.37,0.3095
3048,58.71,0.4263
3049,208.77,0.4229
3050,152.06,0.3791
3051,11.44,0.4007
3052,24.37,0.3299
3053,81.84,0.3736
3054,132.78,0.5548
3055,198.94,0.688
3056,206.12,0.7353
3057,167.48,0.7609
3058,132.74,0.6276
3059,160.25,0.5113
3060,55.71,0.5318
3061,81.14,0.453
3062,189.51,0.3473
3063,48.1,0.3068
3064,46.69,0.2413
3065,12.2,0.0729
3066,10.77,0.067
3067,8.54,0.0834
3068,41.78,0.2592
3069,64.33,0.4062
3070,201.03,0.4011
3071,168.8,0.3992
3072,3.01,0.3687
3073,39.72,0.2434
3074,31.61,0.2198
3075,66.38,0.3567
3076,143.43,0.3344
3077,150.15,0.3355
3078,15.78,0.2874
3079,32.71,0.1724
3080,14.72,0.0476
3081,19.86,0.0832
3082,16.08,0.0748
3083,54.01,0.114
3084,23.74,0.0975
3085,56.74,0.0971
3086,2.24,0.0717
3087,15.55,0.1055
3088,26.76,0.1957
3089,60.05,0.3103
3090,153.67,0.3231
3091,125.4,0.3189
3092,29.32,0.3963
3093,22.21,0.3691
3094,143.24,0.3771
3095,124.41,0.4744
3096,134.0,0.5892
3097,133.91,0.5816
3098,145.5,0.4771
3099,135.14,0.3794
3100,12.09,0.3925
3101,28.98,0.455
3102,148.06,0.5282
3103,212.62,0.6924
3104,213.81,0.8365
3105,188.44,0.8755
3106,183.84,0.7057
3107,189.91,0.5494
3108,30.28,0.3766
3109,45.84,0.3797
3110,2.75,0.3283
3111,187.18,0.3451
3112,134.65,0.531
3113,48.36,0.6639
3114,245.64,0.6265
3115,145.5,0.6366
3116,146.96,0.7141
3117,145.6,0.5041
3118,131.54,0.423
3119,20.01,0.2946
3120,58.4,0.2017
3121,9.03,0.198
3122,45.8,0.303
3123,127.48,0.2613
3124,132.82,0.2639
3125,13.64,0.3456
3126,11.83,0.3659
3127,133.56,0.2706
3128,149.24,0.2852
3129,30.49,0.3559
3130,29.29,0.2611
3131,87.82,0.1705
3132,31.71,0.1441
3133,51.88,0.2603
3134,2.17,0.3074
3135,154.11,0.4525
3136,138.46,0.5172
3137,187.6,0.5211
3138,121.38,0.3907
3139,6.32,0.3883
3140,14.04,0.4039
3141,135.84,0.4886
3142,204.35,0.6452
3143,212.38,0.6372
3144,174.61,0.5603
3145,5.47,0.377
3146,53.19,0.2336
3147,7.44,0.0824
3148,58.24,0.0905
3149,12.2,0.1751
3150,14.19,0.2997
3151,144.03,0.2603
3152,141.34,0.2629
3153,15.94,0.2631
3154,14.96,0.2629
3155,14.41,0.3138
3156,143.87,0.4935
3157,196.0,0.5363
3158,209.0,0.5339
3159,60.92,0.421
3160,11.9,0.2421
3161,22.54,0.1012
3162,3.78,0.0631
3163,57.6,0.1519
3164,19.96,0.2652
3165,107.38,0.3908
3166,144.24,0.4628
3167,138.77,0.6084
3168,134.9,0.517
3169,176.42,0.4134
3170,9.22,0.4844
3171,32.87,0.5594
3172,215.09,0.4323
3173,215.49,0.4595
3174,39.8,0.5976
3175,38.47,0.548
3176,181.22,0.5036
3177,161.8,0.6397
3178,167.77,0.6121
3179,186.13,0.525
3180,8.8,0.5098
3181,87.6,0.5207
3182,145.45,0.4966
3183,179.48,0.6479
3184,160.19,0.7389
3185,171.45,0.8197
3186,185.34,0.8246
3187,232.21,0.8787
3188,184.79,0.7239
3189,218.36,0.6136
3190,5.11,0.5654
3191,66.77,0.5332
3192,180.42,0.336
3193,150.22,0.3569
3194,6.52,0.4869
3195,27.56,0.4512
3196,206.44,0.4425
3197,142.02,0.625
3198,140.95,0.6741
3199,202.58,0.4912
3200,80.27,0.4854
3201,9.96,0.5126
3202,135.74,0.4935
3203,170.18,0.5574
3204,182.1,0.693
3205,148.91,0.5767
3206,155.71,0.6105
3207,10.73,0.6478
3208,206.51,0.5346
3209,222.13,0.4037
3210,27.33,0.4365
3211,15.06,0.3728
3212,46.01,0.2906
3213,138.06,0.2779
3214,133.79,0.3412
3215,13.7,0.4909
3216,83.07,0.4831
3217,206.85,0.5497
3218,129.65,0.6644
3219,205.33,0.595
3220,136.93,0.441
3221,8.52,0.3508
3222,41.39,0.2095
3223,32.77,0.2044
3224,53.45,0.2676
3225,131.55,0.2564
3226,76.34,0.3531
3227,29.38,0.4312
3228,136.68,0.4663
3229,137.34,0.3985
3230,169.28,0.4566
3231,3.52,0.5128
3232,91.78,0.4736
3233,197.09,0.3274
3234,95.18,0.3733
3235,12.18,0.2958
3236,52.83,0.1485
3237,8.51,0.1785
3238,38.82,0.3124
3239,127.43,0.2772
3240,156.04,0.3147
3241,15.05,0.4542
3242,48.8,0.5225
3243,188.68,0.507
3244,200.83,0.6791
3245,139.35,0.8602
3246,200.03,0.831
3247,243.38,0.7024
3248,157.25,0.5757
3249,62.66,0.4235
3250,3.28,0.2006
3251,36.45,0.2411
3252,3.85,0.3202
3253,200.76,0.3434
3254,147.76,0.3208
3255,28.15,0.3546
3256,12.17,0.1781
3257,40.18,0.082
3258,11.08,0.1877
3259,44.54,0.1991
3260,141.7,0.1755
3261,24.46,0.2082
3262,14.83,0.1799
3263,46.15,0.0564
3264,14.2,0.0849
3265,9.0,0.1133
3266,55.06,0.0805
3267,45.31,0.0784
3268,10.96,0.0812
3269,11.9,0.0403
3270,12.08,0.0063
3271,11.01,0.1679
3272,8.85,0.2927
3273,184.54,0.4267
3274,145.98,0.4262
3275,156.08,0.6213
3276,10.48,0.6372
3277,218.46,0.5446
3278,201.65,0.4036
3279,46.48,0.451
3280,4.63,0.3899
3281,61.32,0.3519
3282,152.8,0.32
3283,160.88,0.3797
3284,12.16,0.4535
3285,68.82,0.4322
3286,140.62,0.4243
3287,129.84,0.6002
3288,152.4,0.7154
3289,201.25,0.7675
3290,192.6,0.701
3291,196.54,0.5905
3292,58.38,0.6047
3293,33.72,0.5518
3294,216.52,0.4281
3295,135.68,0.3879
3296,63.7,0.4805
3297,15.13,0.4657
3298,133.22,0.4636
3299,200.63,0.5371
3300,133.46,0.6705
3301,142.68,0.5715
3302,158.47,0.4299
3303,26.86,0.3122
3304,48.41,0.3746
3305,7.0,0.3535
3306,209.74,0.557
3307,135.8,0.5224
3308,245.47,0.6992
3309,11.3,0.6874
3310,196.94,0.5922
3311,197.02,0.3704
3312,33.51,0.4934
3313,7.19,0.4293
3314,143.52,0.2882
3315,128.07,0.2698
3316,45.32,0.3131
3317,13.74,0.1889
3318,53.8,0.1715
3319,10.06,0.312
3320,109.37,0.3336
3321,196.28,0.2907
3322,36.94,0.3158
3323,7.74,0.2167
3324,37.03,0.0876
3325,2.86,0.086
3326,57.52,0.105
3327,35.23,0.0807
3328,28.19,0.0876
3329,10.87,0.0453
3330,10.31,0.045
3331,12.09,0.0567
3332,34.94,0.0515
3333,40.74,0.2218
3334,5.32,0.3205
3335,193.19,0.3373
3336,118.15,0.3173
3337,52.97,0.5174
3338,19.33,0.4728
3339,220.23,0.5597
3340,145.27,0.6739
3341,211.52,0.7002
3342,175.76,0.505
3343,47.55,0.385
3344,10.52,0.2
3345,16.36,0.0765
3346,12.74,0.0673
3347,43.0,0.0918
3348,37.68,0.0869
3349,36.88,0.2755
3350,11.12,0.3735
3351,215.36,0.5032
3352,148.22,0.6356
3353,177.08,0.7981
3354,179.18,0.7476
3355,185.7,0.6548
3356,161.14,0.4982
3357,48.43,0.4656
3358,8.82,0.4329
3359,144.14,0.406
3360,150.58,0.5383
3361,132.21,0.7187
3362,190.6,0.7342
3363,202.71,0.6449
3364,160.81,0.5341
3365,54.6,0.4176
3366,13.2,0.2394
3367,65.42,0.2178
3368,11.16,0.3139
3369,137.6,0.4246
3370,157.91,0.3934
3371,132.14,0.4124
3372,31.83,0.2967
3373,31.61,0.3464
3374,13.29,0.3763
3375,211.35,0.4923
3376,164.24,0.5162
3377,156.47,0.534
3378,57.26,0.514
3379,32.42,0.4964
3380,189.84,0.4793
3381,145.36,0.5506
3382,138.08,0.5386
3383,133.86,0.3761
3384,19.6,0.2678
3385,15.14,0.1564
3386,29.06,0.1555
3387,18.4,0.2865
3388,132.88,0.2858
3389,160.33,0.2696
3390,14.37,0.3946
3391,11.71,0.4134
3392,152.73,0.2823
3393,153.01,0.2733
3394,19.48,0.4319
3395,4.7,0.3815
3396,182.08,0.2418
3397,98.59,0.2263
3398,2.98,0.2488
3399,2.78,0.1037
3400,28.86,0.1983
3401,26.21,0.3198
3402,200.26,0.3252
3403,133.53,0.3111
3404,8.53,0.3144
3405,13.71,0.1378
3406,29.73,0.0573
3407,10.6,0.0592
3408,46.98,0.0919
3409,10.6,0.0757
3410,48.88,0.1143
3411,12.34,0.074
3412,52.04,0.0722
3413,3.62,0.0393
3414,8.75,0.1435
3415,13.44,0.2293
3416,124.3,0.2352
3417,144.22,0.2411
3418,10.04,0.3583
3419,15.08,0.4016
3420,139.31,0.4092
3421,170.9,0.5561
3422,152.32,0.7688
3423,167.86,0.8334
3424,243.62,0.6808
3425,208.78,0.6017
3426,6.9,0.4507
3427,67.34,0.3526
3428,5.61,0.2881
3429,138.24,0.3304
3430,139.41,0.2813
3431,52.44,0.3152
3432,14.55,0.1983
3433,42.04,0.0784
3434,12.58,0.038
3435,10.6,0.1592
3436,9.11,0.3146
3437,144.7,0.3244
3438,209.08,0.3217
3439,23.04,0.4559
3440,7.68,0.5152
3441,153.35,0.447
3442,208.43,0.5484
3443,135.78,0.6744
3444,131.96,0.6667
3445,143.05,0.5323
3446,145.13,0.4096
3447,64.02,0.3208
3448,3.92,0.4154
3449,36.59,0.4186
3450,244.7,0.5215
3451,148.59,0.5719
3452,174.5,0.542
3453,58.07,0.3741
3454,4.49,0.2899
3455,64.34,0.2487
3456,58.06,0.3965
3457,130.24,0.4083
3458,216.88,0.3624
3459,17.14,0.5026
3460,15.07,0.5065
3461,208.68,0.4675
3462,134.44,0.6101
3463,175.01,0.7723
3464,170.33,0.734
3465,189.36,0.6833
3466,167.52,0.5817
3467,79.99,0.5461
3468,65.82,0.5166
3469,132.03,0.368
3470,157.74,0.358
3471,7.8,0.3009
3472,69.22,0.3058
3473,4.51,0.246
3474,137.27,0.2885
3475,93.48,0.3488
3476,53.45,0.4822
3477,134.02,0.4888
3478,147.91,0.4082
3479,144.37,0.3824
3480,6.86,0.4471
3481,25.66,0.4659
3482,203.54,0.4855
3483,168.11,0.6477
3484,165.5,0.6814
3485,181.08,0.63
3486,61.86,0.5969
3487,148.38,0.5793
3488,132.48,0.5358
3489,146.63,0.5915
3490,134.35,0.4934
3491,121.67,0.3806
3492,43.03,0.2823
3493,11.24,0.1632
3494,41.08,0.1169
3495,6.31,0.0826
3496,72.0,0.2697
3497,6.1,0.3622
3498,212.34,0.4218
3499,140.43,0.5527
3500,70.38,0.6914
3501,212.56,0.6765
3502,155.18,0.7392
3503,196.33,0.8004
3504,207.75,0.7651
3505,136.19,0.8517
3506,174.62,0.85
3507,248.19,0.786
3508,194.55,0.6619
3509,138.92,0.5489
3510,2.84,0.3364
3511,53.26,0.2187
3512,19.88,0.214
3513,68.04,0.3628
3514,133.87,0.3273
3515,162.77,0.3358
3516,15.08,0.3801
3517,29.0,0.3839
3518,115.64,0.2445
3519,138.02,0.2855
3520,12.97,0.2922
3521,59.1,0.2179
3522,36.26,0.0926
3523,35.83,0.2756
3524,3.31,0.3499
3525,209.64,0.3607
3526,138.9,0.332
3527,47.92,0.3406
3528,4.99,0.181
3529,12.46,0.0995
3530,38.2,0.0605
3531,51.38,0.0621
3532,5.95,0.0605
3533,6.71,0.0713
3534,10.75,0.0696
3535,49.77,0.2707
3536,49.6,0.4518
3537,222.04,0.4456
3538,201.28,0.4484
3539,4.14,0.4155
3540,52.76,0.3543
3541,14.22,0.3111
3542,156.27,0.4419
3543,154.83,0.4009
3544,144.68,0.4132
3545,8.78,0.2777
3546,27.46,0.2568
3547,10.64,0.253
3548,132.39,0.2754
3549,140.54,0.2934
3550,32.83,0.2878
3551,46.86,0.1888
3552,4.56,0.0675
3553,26.09,0.0939
3554,10.18,0.0705
3555,61.18,0.1244
3556,21.78,0.3312
3557,62.47,0.4594
3558,248.24,0.4147
3559,147.97,0.4298
3560,13.13,0.5206
3561,37.94,0.4195
3562,160.08,0.4195
3563,139.65,0.5467
3564,147.89,0.5474
3565,149.82,0.4289
3566,38.68,0.3489
3567,32.8,0.4075
3568,53.64,0.4687
3569,210.93,0.5693
3570,215.53,0.6896
3571,146.74,0.7655
3572,162.12,0.6898
3573,135.17,0.6169
3574,129.57,0.4906
3575,137.28,0.3466
3576,11.02,0.3521
3577,7.38,0.3816
3578,141.12,0.2641
3579,161.21,0.3045
3580,11.05,0.5056
3581,54.44,0.5043
3582,223.41,0.5142
3583,139.76,0.6657
3584,171.8,0.6941
3585,173.8,0.5149
3586,84.95,0.5125
3587,30.93,0.4752
3588,137.16,0.4359
3589,131.78,0.5767
3590,131.5,0.7682
3591,236.29,0.8685
3592,236.65,0.8723
3593,244.95,0.7914
3594,135.83,0.631
3595,44.59,0.4235
3596,63.95,0.2281
3597,13.66,0.2906
3598,35.05,0.4234
3599,202.95,0.3722
3600,187.33,0.4157
3601,8.87,0.5056
3602,60.44,0.4635
3603,131.69,0.4351
3604,157.63,0.6252
3605,156.86,0.5794
3606,213.08,0.4735
3607,11.25,0.5181
3608,17.92,0.5001
3609,205.6,0.4638
3610,137.52,0.6472
3611,174.03,0.8623
3612,208.28,0.8618
3613,249.04,0.8584
3614,205.12,0.8943
3615,133.86,0.7089
3616,212.58,0.5195
3617,9.13,0.4763
3618,45.52,0.451
3619,158.62,0.2565
3620,106.7,0.2717
3621,3.64,0.4252
3622,25.43,0.408
3623,210.52,0.4315
3624,140.08,0.6111
3625,131.97,0.7682
3626,196.57,0.7075
3627,194.3,0.5955
3628,145.3,0.5359
3629,19.73,0.3599
3630,67.96,0.1906
3631,7.43,0.1977
3632,12.39,0.3266
3633,152.93,0.2936
3634,158.25,0.3003
3635,32.49,0.3024
3636,14.58,0.1716
3637,14.71,0.1535
3638,12.33,0.258
3639,138.81,0.298
3640,144.78,0.2934
3641,57.56,0.3169
3642,9.82,0.3704
3643,37.51,0.4377
3644,196.28,0.5166
3645,217.08,0.5611
3646,142.4,0.5394
3647,57.63,0.3869
3648,14.15,0.1932
3649,32.44,0.0858
3650,9.0,0.1582
3651,26.95,0.2788
3652,135.43,0.2647
3653,143.72,0.3137
3654,17.26,0.4862
3655,61.74,0.5176
3656,212.28,0.4027
3657,169.18,0.5797
3658,20.27,0.6622
3659,207.36,0.5985
3660,150.38,0.4506
3661,143.83,0.5393
3662,10.28,0.4703
3663,115.63,0.5012
3664,133.18,0.4955
3665,183.65,0.6178
3666,137.7,0.5208
3667,141.66,0.4509
3668,11.42,0.2839
3669,58.01,0.2361
3670,4.2,0.2395
3671,86.38,0.3784
3672,145.3,0.3448
3673,160.64,0.3842
3674,21.94,0.3132
3675,46.54,0.1891
3676,10.1,0.0561
3677,11.97,0.0769
3678,17.71,0.2343
3679,44.35,0.4065
3680,215.59,0.443
3681,195.15,0.436
3682,51.21,0.4375
3683,10.16,0.2532
3684,45.98,0.2012
3685,17.54,0.3215
3686,139.35,0.4395
3687,180.38,0.4093
3688,136.95,0.4375
3689,13.52,0.312
3690,47.85,0.1574
3691,4.58,0.0446
3692,14.2,0.0636
3693,15.72,0.0286
3694,34.01,0.0403
3695,10.26,0.0411
3696,17.08,0.0389
3697,15.05,0.0201
3698,13.42,0.049
3699,13.76,0.2323
3700,41.4,0.4122
3701,213.96,0.417
3702,208.4,0.6064
3703,18.51,0.7074
3704,217.26,0.6596
3705,149.97,0.594
3706,162.61,0.7001
3707,137.91,0.6192
3708,132.5,0.5175
3709,130.29,0.3774
3710,40.7,0.2928
3711,12.12,0.3183
3712,47.0,0.3271
3713,159.84,0.2963
3714,139.73,0.3291
3715,7.64,0.2934
3716,47.34,0.2104
3717,8.65,0.0983
3718,70.73,0.1127
3719,19.23,0.1932
3720,23.1,0.2897
3721,133.87,0.2388
3722,112.36,0.2371
3723,16.06,0.3804
3724,17.4,0.4247
3725,177.05,0.4958
3726,181.41,0.6581
3727,188.85,0.6915
3728,190.35,0.5515
3729,53.34,0.5449
3730,26.64,0.4962
3731,174.29,0.4461
3732,136.49,0.5246
3733,136.54,0.6278
3734,137.67,0.6024
3735,137.6,0.6009
3736,146.94,0.6135
3737,134.84,0.6149
3738,150.1,0.5238
3739,139.24,0.5635
3740,39.72,0.5723
3741,189.53,0.4359
3742,144.28,0.3359
3743,3.56,0.3462
3744,31.79,0.2351
3745,50.86,0.1135
3746,70.16,0.2816
3747,13.54,0.3052
3748,184.18,0.2751
3749,57.24,0.2295
3750,18.51,0.2274
3751,21.16,0.101
3752,11.29,0.059
3753,48.3,0.0913
3754,12.16,0.0819
3755,53.18,0.1104
3756,11.13,0.0713
3757,41.85,0.1096
3758,6.24,0.0694
3759,53.34,0.194
3760,9.98,0.2922
3761,145.01,0.5134
3762,147.4,0.4985
3763,243.93,0.56
3764,37.32,0.5544
3765,76.08,0.6049
3766,138.93,0.5194
3767,201.68,0.6377
3768,152.08,0.6207
3769,164.43,0.4979
3770,57.81,0.4405
3771,6.98,0.4286
3772,139.95,0.3408
3773,139.37,0.3062
3774,70.06,0.3586
3775,20.69,0.2357
3776,63.26,0.1727
3777,7.92,0.1167
3778,71.66,0.1442
3779,9.81,0.0979
3780,50.3,0.2348
3781,13.48,0.3404
3782,155.0,0.4324
3783,185.14,0.426
3784,108.64,0.6356
3785,43.47,0.6837
3786,238.7,0.7404
3787,206.61,0.863
3788,246.06,0.9596
3789,240.37,0.7478
3790,147.34,0.5735
3791,11.1,0.3746
3792,19.31,0.1965
3793,32.32,0.0641
3794,49.04,0.065
3795,5.12,0.0599
3796,12.08,0.2363
3797,13.76,0.3317
3798,221.92,0.38
3799,151.48,0.372
3800,57.1,0.58
3801,3.4,0.5775
3802,237.31,0.489
3803,219.24,0.4463
3804,56.3,0.583
3805,11.3,0.5023
3806,150.22,0.4255
3807,150.6,0.4972
3808,136.8,0.617
3809,133.3,0.6135
3810,139.98,0.484
3811,146.46,0.3865
3812,11.48,0.2909
3813,32.04,0.2963
3814,30.64,0.3156
3815,145.78,0.4459
3816,167.18,0.5035
3817,151.41,0.5357
3818,94.02,0.4061
3819,65.14,0.299
3820,6.63,0.1607
3821,52.07,0.2799
3822,2.86,0.3571
3823,222.04,0.3912
3824,148.11,0.3518
3825,43.23,0.4929
3826,9.74,0.4194
3827,154.47,0.4612
3828,143.1,0.5626
3829,193.03,0.5639
3830,152.18,0.4293
3831,11.15,0.3054
3832,9.84,0.1757
3833,9.99,0.0855
3834,53.6,0.1113
3835,55.32,0.1424
3836,38.8,0.1552
3837,43.31,0.3039
3838,23.76,0.4034
3839,213.36,0.3855
3840,162.22,0.367
3841,19.57,0.5119
3842,23.46,0.4783
3843,179.39,0.3651
3844,177.29,0.3572
3845,40.61,0.3856
3846,11.08,0.2308
3847,53.99,0.2008
3848,12.97,0.3008
3849,145.1,0.2999
3850,148.1,0.2623
3851,10.04,0.2817
3852,13.61,0.1662
3853,33.87,0.0392
3854,21.01,0.0439
3855,11.58,0.0439
3856,15.06,0.052
3857,13.66,0.0533
3858,42.59,0.0989
3859,22.44,0.0873
3860,60.54,0.1151
3861,2.58,0.2064
3862,43.54,0.4149
3863,140.67,0.5022
3864,246.51,0.5214
3865,154.26,0.495
3866,23.29,0.5572
3867,15.13,0.4465
3868,207.45,0.4397
3869,127.66,0.5521
3870,146.92,0.6609
3871,144.02,0.6553
3872,132.08,0.6686
3873,201.4,0.6813
3874,141.93,0.5627
3875,160.58,0.4592
3876,16.57,0.276
3877,20.94,0.1948
3878,4.51,0.2724
3879,54.72,0.2681
3880,243.98,0.2886
3881,11.91,0.3123
3882,42.96,0.4123
3883,29.96,0.312
3884,162.15,0.3403
3885,136.24,0.5002
3886,42.38,0.6122
3887,214.76,0.6107
3888,150.26,0.6823
3889,160.52,0.8326
3890,213.2,0.6998
3891,203.88,0.5896
3892,72.0,0.6374
3893,31.9,0.6341
3894,211.85,0.6403
3895,209.68,0.7506
3896,210.54,0.904
3897,190.48,0.91
3898,196.74,0.8759
3899,218.32,0.8961
3900,172.98,0.721
3901,232.32,0.591
3902,2.33,0.461
3903,57.07,0.4373
3904,78.59,0.2393
3905,147.55,0.2921
3906,19.54,0.3666
3907,59.07,0.4275
3908,137.14,0.4683
3909,144.0,0.6171
3910,191.37,0.7312
3911,179.5,0.7736
3912,181.63,0.698
3913,182.72,0.5495
3914,62.78,0.3951
3915,31.75,0.3501
3916,13.63,0.305
3917,133.28,0.2911
3918,134.29,0.3107
3919,47.84,0.4344
3920,52.76,0.4418
3921,146.53,0.3273
3922,141.31,0.3339
3923,11.22,0.4033
3924,54.94,0.277
3925,127.32,0.1822
3926,10.86,0.1812
3927,39.41,0.1747
3928,10.12,0.1445
3929,47.94,0.3578
3930,94.98,0.3265
3931,240.01,0.3802
3932,5.77,0.3418
3933,67.84,0.2882
3934,6.69,0.0745
3935,37.35,0.1348
3936,10.41,0.1008
3937,70.54,0.1247
3938,31.29,0.104
3939,32.41,0.1063
3940,15.13,0.0555
3941,12.81,0.0542
3942,15.94,0.0736
3943,29.91,0.2372
3944,53.31,0.4011
3945,190.94,0.3949
3946,188.85,0.4133
3947,9.32,0.5647
3948,49.69,0.5232
3949,215.95,0.48
3950,146.37,0.6008
3951,142.37,0.5692
3952,139.12,0.3994
3953,15.75,0.2915
3954,33.54,0.275
3955,30.4,0.1951
3956,124.63,0.2311
3957,53.35,0.4243
3958,54.32,0.5398
3959,241.15,0.5515
3960,154.53,0.5055
3961,137.21,0.4929
3962,3.94,0.3072
3963,40.8,0.2804
3964,41.58,0.2882
3965,125.76,0.4151
3966,145.57,0.4228
3967,140.28,0.5152
3968,49.12,0.5988
3969,140.86,0.5946
3970,215.56,0.5916
3971,141.07,0.6227
3972,137.04,0.5257
3973,82.5,0.4485
3974,36.67,0.4462
3975,132.66,0.4706
3976,138.51,0.5285
3977,163.26,0.6801
3978,144.75,0.679
3979,199.52,0.6885
3980,131.56,0.6874
3981,148.71,0.6028
3982,162.0,0.4328
3983,53.88,0.3226
3984,16.83,0.3131
3985,13.2,0.2885
3986,138.45,0.2638
3987,135.63,0.3679
3988,27.33,0.4901
3989,128.64,0.5283
3990,144.57,0.5789
3991,179.48,0.6933
3992,190.0,0.5912
3993,150.24,0.5133
3994,18.87,0.5228
3995,60.88,0.5238
3996,189.73,0.3911
3997,191.04,0.4087
3998,7.7,0.366
3999,37.84,0.2023
4000,14.9,0.1478
4001,13.94,0.265
4002,132.46,0.2719
4003,133.57,0.2756
4004,45.23,0.2785
4005,18.94,0.3499
4006,17.08,0.3267
4007,209.13,0.3162
4008,108.68,0.493
4009,33.92,0.6499
4010,208.94,0.5879
4011,185.61,0.6065
4012,142.49,0.5863
4013,128.68,0.4072
4014,12.3,0.3603
4015,16.5,0.3831
4016,135.2,0.4127
4017,167.0,0.5754
4018,160.39,0.6806
4019,187.19,0.7042
4020,129.46,0.5721
4021,160.54,0.4743
4022,25.08,0.3093
4023,55.36,0.2011
4024,9.88,0.1794
4025,13.17,0.3184
4026,137.24,0.305
4027,174.46,0.3137
4028,40.99,0.3072
4029,19.25,0.1883
4030,6.13,0.146
4031,9.46,0.2323
4032,129.09,0.2936
4033,133.7,0.2922
4034,85.06,0.322
4035,4.7,0.2053
4036,41.44,0.1275
4037,3.73,0.0521
4038,50.07,0.0884
4039,4.08,0.06
4040,43.64,0.1083
4041,10.96,0.0829
4042,55.66,0.1083
4043,22.74,0.0791
4044,31.39,0.079
4045,12.22,0.167
4046,10.92,0.2772
4047,150.19,0.2781
4048,141.15,0.2762
4049,32.28,0.4399
4050,10.23,0.4476
4051,186.8,0.5478
4052,158.51,0.7042
4053,248.78,0.9066
4054,200.32,0.9093
4055,227.74,0.9364
4056,189.69,0.7907
4057,187.6,0.7374
4058,92.21,0.6604
4059,143.03,0.498
4060,145.07,0.3708
4061,15.18,0.4137
4062,50.9,0.4122
4063,138.27,0.2847
4064,141.44,0.3279
4065,8.1,0.4784
4066,61.55,0.5221
4067,212.65,0.4393
4068,185.21,0.4421
4069,52.5,0.5098
4070,11.06,0.5059
4071,134.31,0.4925
4072,208.44,0.6288
4073,170.82,0.7418
4074,198.95,0.7529
4075,132.54,0.6529
4076,146.22,0.5228
4077,100.96,0.4063
4078,31.02,0.2943
4079,73.84,0.21
4080,12.21,0.3021
4081,55.6,0.4035
4082,199.88,0.4844
4083,139.96,0.5507
4084,160.84,0.5129
4085,83.4,0.3562
4086,14.98,0.3506
4087,31.59,0.322
4088,133.86,0.2582
4089,130.14,0.2498
4090,14.9,0.2453
4091,5.94,0.1689
4092,26.69,0.2061
4093,51.86,0.3829
4094,170.06,0.419
4095,204.83,0.4033
4096,44.78,0.4103
4097,9.79,0.2684
4098,59.37,0.0794
4099,17.6,0.0844
4100,1.8,0.0948
4101,50.1,0.088
4102,21.03,0.0808
4103,52.02,0.1133
4104,9.84,0.0769
4105,36.71,0.1022
4106,11.06,0.1818
4107,48.2,0.2961
4108,137.54,0.2723
4109,132.66,0.3025
4110,11.1,0.3981
4111,43.5,0.4171
4112,150.91,0.4786
4113,158.03,0.6316
4114,198.71,0.7405
4115,175.47,0.7498
4116,160.5,0.6499
4117,160.9,0.4716
4118,50.68,0.5027
4119,7.14,0.4853
4120,208.88,0.377
4121,141.86,0.3389
4122,44.5,0.3915
4123,9.8,0.2008
4124,63.6,0.126
4125,3.95,0.1037
4126,61.54,0.287
4127,20.52,0.4318
4128,206.73,0.4339
4129,219.17,0.3866
4130,6.25,0.4121
4131,10.75,0.3578
4132,47.84,0.2913
4133,148.39,0.4202
4134,147.76,0.4882
4135,144.72,0.4654
4136,83.89,0.3657
4137,23.28,0.3938
4138,41.31,0.4619
4139,177.9,0.5172
4140,217.92,0.6385
4141,143.28,0.8313
4142,153.65,0.8278
4143,248.39,0.7633
4144,174.16,0.6954
4145,148.65,0.5589
4146,70.31,0.4553
4147,6.99,0.4211
4148,137.1,0.4215
4149,137.46,0.3629
4150,149.04,0.3951
4151,7.3,0.4105
4152,41.6,0.4254
4153,153.72,0.4142
4154,153.39,0.5886
4155,137.07,0.5763
4156,194.66,0.4587
4157,28.41,0.3278
4158,27.3,0.205
4159,12.8,0.168
4160,5.09,0.2693
4161,154.9,0.3009
4162,137.23,0.2956
4163,61.26,0.3154
4164,7.16,0.1749
4165,26.34,0.1042
4166,3.93,0.0598
4167,61.29,0.1779
4168,13.52,0.3311
4169,134.1,0.439
4170,190.86,0.394
4171,119.9,0.5056
4172,12.98,0.4985
4173,133.42,0.454
4174,126.45,0.4751
4175,143.06,0.6587
4176,142.56,0.5812
4177,210.26,0.4898
4178,50.19,0.3678
4179,28.14,0.2424
4180,12.05,0.0961
4181,7.78,0.0902
4182,53.04,0.112
4183,43.87,0.1091
4184,51.62,0.3218
4185,8.96,0.3961
4186,236.32,0.4001
4187,132.78,0.3614
4188,48.23,0.4923
4189,10.03,0.3116
4190,149.61,0.1918
4191,42.18,0.3369
4192,3.99,0.5006
4193,204.2,0.4963
4194,185.95,0.6065
4195,144.92,0.7941
4196,160.58,0.7946
4197,205.6,0.7969
4198,204.74,0.8264
4199,188.38,0.8713
4200,176.68,0.7333
4201,208.76,0.5706
4202,57.29,0.401
4203,30.02,0.3184
4204,6.12,0.2588
4205,87.92,0.3389
4206,144.74,0.3592
4207,143.31,0.3631
4208,51.85,0.4602
4209,10.28,0.52
4210,192.29,0.4427
4211,208.94,0.4022
4212,60.34,0.4454
4213,8.33,0.2747
4214,56.66,0.2117
4215,8.92,0.3474
4216,141.23,0.3772
4217,206.13,0.3374
4218,40.33,0.3401
4219,13.92,0.2224
4220,11.8,0.0638
4221,14.74,0.078
4222,35.78,0.0814
4223,55.53,0.0797
4224,17.59,0.0692
4225,10.04,0.0815
4226,3.44,0.0625
4227,48.93,0.1052
4228,35.12,0.1101
4229,63.55,0.2871
4230,15.23,0.2695
4231,193.66,0.2492
4232,30.02,0.3096
4233,13.34,0.4248
4234,128.41,0.4302
4235,139.06,0.5654
4236,199.39,0.5988
4237,175.26,0.4896
4238,49.22,0.4143
4239,11.18,0.2513
4240,58.11,0.1414
4241,24.27,0.107
4242,57.15,0.1057
4243,12.24,0.0657
4244,9.78,0.0833
4245,15.12,0.1827
4246,43.24,0.2599
4247,163.96,0.2649
4248,95.2,0.3607
4249,15.08,0.4509
4250,118.05,0.4327
4251,140.2,0.399
4252,144.4,0.3922
4253,59.03,0.4537
4254,7.7,0.4504
4255,184.16,0.441
4256,136.69,0.5094
4257,134.31,0.6243
4258,132.5,0.5741
4259,131.16,0.4822
4260,130.21,0.3691
4261,37.9,0.2848
4262,12.84,0.1751
4263,41.89,0.1842
4264,13.27,0.2983
4265,140.0,0.4496
4266,160.5,0.562
4267,175.41,0.5656
4268,162.68,0.4549
4269,17.11,0.4313
4270,21.06,0.4418
4271,135.2,0.4521
4272,186.66,0.498
4273,173.76,0.4833
4274,66.44,0.4118
4275,5.19,0.3651
4276,58.45,0.3317
4277,136.39,0.2868
4278,137.93,0.2954
4279,18.16,0.2662
4280,14.51,0.1507
4281,27.08,0.0472
4282,12.29,0.0419
4283,26.66,0.0809
4284,12.44,0.0832
4285,56.48,0.1094
4286,29.54,0.0949
4287,40.37,0.0934
4288,11.11,0.0548
4289,10.88,0.0794
4290,14.97,0.1716
4291,56.0,0.1722
4292,139.43,0.1759
4293,11.8,0.2852
4294,14.75,0.4257
4295,132.48,0.487
4296,206.96,0.6614
4297,205.28,0.8017
4298,199.15,0.821
4299,165.52,0.6862
4300,153.19,0.5537
4301,62.18,0.3787
4302,62.9,0.3714
4303,11.1,0.3775
4304,157.66,0.449
4305,159.76,0.5192
4306,138.97,0.6358
4307,138.4,0.6327
4308,136.39,0.4927
4309,154.34,0.3927
4310,9.27,0.4079
4311,31.54,0.4705
4312,154.76,0.3448
4313,203.64,0.3666
4314,19.24,0.5337
4315,32.76,0.5593
4316,211.06,0.5073
4317,182.23,0.656
4318,147.79,0.6282
4319,179.0,0.4655
4320,2.88,0.3502
4321,36.26,0.2145
4322,58.39,0.2322
4323,1.99,0.3342
4324,197.98,0.3531
4325,112.45,0.302
4326,56.56,0.491
4327,3.54,0.4484
4328,205.06,0.392
4329,152.17,0.3623
4330,51.83,0.5008
4331,24.63,0.4344
4332,152.43,0.3044
4333,133.64,0.2706
4334,12.49,0.2871
4335,15.53,0.1921
4336,42.37,0.288
4337,50.34,0.4417
4338,236.73,0.4366
4339,177.6,0.4496
4340,10.01,0.4162
4341,56.44,0.2524
4342,14.38,0.0893
4343,60.77,0.1323
4344,2.39,0.0967
4345,56.19,0.1466
4346,18.22,0.0932
4347,67.98,0.0993
4348,3.36,0.0583
4349,8.92,0.0784
4350,12.18,0.1101
4351,39.85,0.2488
4352,101.98,0.3829
4353,152.42,0.3832
4354,152.94,0.3763
4355,12.56,0.4652
4356,32.37,0.5163
4357,197.56,0.5118
4358,207.28,0.6782
4359,148.12,0.6514
4360,191.38,0.5208
4361,3.59,0.3334
4362,57.19,0.2081
4363,5.96,0.0761
4364,13.54,0.0806
4365,49.52,0.1545
4366,8.41,0.2682
4367,136.61,0.4274
4368,128.06,0.4235
4369,184.62,0.4701
4370,45.34,0.3473
4371,58.44,0.4304
4372,4.72,0.4085
4373,217.34,0.4238
4374,161.07,0.4834
4375,61.8,0.612
4376,122.5,0.5325
4377,142.86,0.5172
4378,131.88,0.5824
4379,144.68,0.4872
4380,131.88,0.4088
4381,20.18,0.2889
4382,58.56,0.1858
4383,3.12,0.2542
4384,33.88,0.4676
4385,205.43,0.4774
4386,249.4,0.5162
4387,69.07,0.6158
4388,44.85,0.5797
4389,140.95,0.3731
4390,166.55,0.3608
4391,27.44,0.3277
4392,55.91,0.3864
4393,9.24,0.327
4394,203.99,0.3482
4395,102.81,0.431
4396,50.19,0.5653
4397,144.9,0.5219
4398,153.52,0.5584
4399,157.37,0.6372
4400,142.01,0.5268
4401,134.87,0.469
4402,26.3,0.4569
4403,91.32,0.4464
4404,144.44,0.4979
4405,130.74,0.6674
4406,190.15,0.5855
4407,208.42,0.4621
4408,3.38,0.3927
4409,11.86,0.2225
4410,56.08,0.0697
4411,7.38,0.1932
4412,44.16,0.3259
4413,136.09,0.2905
4414,154.44,0.3335
4415,18.05,0.3005
4416,53.62,0.3227
4417,8.64,0.3033
4418,160.02,0.4106
4419,133.54,0.4438
4420,133.31,0.4473
4421,89.28,0.3095
4422,12.5,0.1954
4423,11.9,0.0962
4424,11.0,0.1406
4425,26.73,0.3225
4426,136.96,0.3216
4427,207.91,0.3493
4428,10.92,0.4442
4429,40.81,0.5285
4430,128.66,0.342
4431,227.54,0.3738
4432,7.54,0.5349
4433,45.06,0.6146
4434,213.88,0.4098
4435,214.35,0.4265
4436,7.51,0.4465
4437,25.44,0.3666
4438,66.53,0.3105
4439,128.07,0.447
4440,154.09,0.4697
4441,154.1,0.4178
4442,49.86,0.3088
4443,10.73,0.1743
4444,10.98,0.0769
4445,9.56,0.06
4446,49.49,0.2742
4447,31.74,0.386
4448,240.83,0.5238
4449,131.08,0.4919
4450,157.7,0.4921
4451,15.17,0.2793
4452,31.96,0.2948
4453,12.21,0.2952
4454,147.68,0.3199
4455,158.11,0.3221
4456,41.72,0.4593
4457,34.4,0.4797
4458,159.58,0.5261
4459,169.58,0.628
4460,207.95,0.7625
4461,151.28,0.8439
4462,178.88,0.775
4463,247.02,0.637
4464,95.61,0.5549
4465,59.66,0.4116
4466,63.09,0.2082
4467,24.85,0.2592
4468,28.45,0.3345
4469,150.4,0.289
4470,140.64,0.3075
4471,14.18,0.2914
4472,44.7,0.1774
4473,11.2,0.2377
4474,27.93,0.3503
4475,205.38,0.3186
4476,135.16,0.3402
4477,10.67,0.4661
4478,34.42,0.4681
4479,163.23,0.4938
4480,207.47,0.6218
4481,162.78,0.6036
4482,148.19,0.4544
4483,14.9,0.2778
4484,2.89,0.1643
4485,17.68,0.0693
4486,40.89,0.0638
4487,46.12,0.0773
4488,9.0,0.0632
4489,17.42,0.1554
4490,2.44,0.2587
4491,139.94,0.3085
4492,157.14,0.3022
4493,62.52,0.3425
4494,10.61,0.3383
4495,45.82,0.2011
4496,135.36,0.1729
4497,9.8,0.3142
4498,32.2,0.419
4499,162.44,0.4732
4500,158.41,0.6543
4501,193.6,0.8136
4502,204.32,0.8553
4503,203.45,0.7508
4504,207.18,0.6196
4505,46.11,0.6166
4506,52.65,0.5591
4507,201.09,0.3766
4508,141.74,0.3659
4509,11.1,0.3576
4510,34.53,0.1801
4511,43.72,0.063
4512,10.43,0.0649
4513,15.89,0.2124
4514,13.19,0.3027
4515,193.02,0.3255
4516,140.71,0.3204
4517,34.9,0.3579
4518,10.48,0.3628
4519,53.46,0.4168
4520,198.28,0.5817
4521,198.7,0.6775
4522,212.1,0.6409
4523,113.38,0.4937
4524,14.21,0.3297
4525,40.09,0.1489
4526,22.48,0.1595
4527,17.86,0.2733
4528,124.72,0.2633
4529,136.51,0.2812
4530,29.29,0.4137
4531,41.78,0.4634
4532,160.23,0.4068
4533,178.11,0.3829
4534,75.68,0.4834
4535,3.58,0.4789
4536,149.78,0.3698
4537,155.38,0.3038
4538,60.88,0.3591
4539,4.76,0.4158
4540,63.04,0.3964
4541,210.7,0.4664
4542,134.59,0.4751
4543,136.08,0.4501
4544,14.05,0.2661
4545,36.18,0.1518
4546,13.05,0.0373
4547,11.77,0.0681
4548,13.02,0.0689
4549,47.16,0.0865
4550,37.02,0.0868
4551,31.92,0.0796
4552,12.19,0.0664
4553,5.21,0.06
4554,32.97,0.1724
4555,30.15,0.3529
4556,152.7,0.4528
4557,206.14,0.4339
4558,112.56,0.5243
4559,12.67,0.5251
4560,127.22,0.4907
4561,153.59,0.5154
4562,169.19,0.6762
4563,139.06,0.6824
4564,185.5,0.6596
4565,133.86,0.5115
4566,129.09,0.5983
4567,10.09,0.5568
4568,232.36,0.5623
4569,140.82,0.4695
4570,139.79,0.4715
4571,29.4,0.2692
4572,12.21,0.1493
4573,15.0,0.0608
4574,12.03,0.0727
4575,44.7,0.2169
4576,42.22,0.3392
4577,167.09,0.3672
4578,146.36,0.3336
4579,42.13,0.4967
4580,8.68,0.5214
4581,217.38,0.5104
4582,193.7,0.6074
4583,134.54,0.6917
4584,146.28,0.6078
4585,99.29,0.5546
4586,127.24,0.5596
4587,136.54,0.434
4588,139.94,0.3881
4589,11.26,0.28
4590,49.96,0.173
4591,11.18,0.0512
4592,21.56,0.0902
4593,9.06,0.0686
4594,53.12,0.0713
4595,26.75,0.1891
4596,14.08,0.3067
4597,148.18,0.2689
4598,135.41,0.2536
4599,12.48,0.4402
4600,10.34,0.4809
4601,214.62,0.5074
4602,191.82,0.6355
4603,163.9,0.6837
4604,150.13,0.4931
4605,62.14,0.3606
4606,9.8,0.2117
4607,49.47,0.1302
4608,3.9,0.2131
4609,62.58,0.2779
4610,151.2,0.2431
4611,79.42,0.3709
4612,12.11,0.446
4613,141.16,0.4289
4614,143.35,0.3911
4615,132.75,0.3904
4616,38.84,0.3776
4617,11.39,0.3025
4618,127.39,0.21
4619,62.67,0.1899
4620,33.33,0.2365
4621,17.21,0.1205
4622,61.54,0.2699
4623,2.7,0.371
4624,223.16,0.4174
4625,142.05,0.3663
4626,67.03,0.3658
4627,6.65,0.2148
4628,2.14,0.0923
4629,60.97,0.0579
4630,10.37,0.0639
4631,30.1,0.0979
4632,13.11,0.0629
4633,38.68,0.0974
4634,23.3,0.0781
4635,47.47,0.2715
4636,9.35,0.4559
4637,220.96,0.6544
4638,236.8,0.6568
4639,236.59,0.6611
4640,49.99,0.6644
4641,13.94,0.6179
4642,224.52,0.5391
4643,186.92,0.6872
4644,151.83,0.8821
4645,209.2,0.8356
4646,223.28,0.7042
4647,174.63,0.5679
4648,45.69,0.4369
4649,5.4,0.2363
4650,68.46,0.1181
4651,7.73,0.0876
4652,47.66,0.1514
4653,12.92,0.0946
4654,73.86,0.1124
4655,7.46,0.0818
4656,26.86,0.1983
4657,14.79,0.2725
4658,138.1,0.4048
4659,153.53,0.4208
4660,149.66,0.5553
4661,44.09,0.619
4662,159.24,0.6706
4663,206.55,0.7093
4664,208.95,0.8382
4665,191.28,0.8864
4666,182.56,0.8615
4667,211.11,0.7004
4668,179.79,0.6058
4669,35.78,0.562
4670,89.62,0.4922
4671,135.57,0.3375
4672,136.07,0.4335
4673,13.61,0.5241
4674,138.96,0.4367
4675,186.89,0.3154
4676,41.67,0.3848
4677,5.8,0.4472
4678,88.17,0.3195
4679,205.92,0.2846
4680,49.77,0.4124
4681,4.12,0.4824
4682,143.1,0.4427
4683,163.39,0.5856
4684,163.24,0.7366
4685,203.31,0.7269
4686,166.38,0.6212
4687,132.71,0.5174
4688,49.84,0.3421
4689,51.66,0.239
4690,14.98,0.1249
4691,55.67,0.243
4692,10.05,0.363
4693,176.74,0.4055
4694,180.6,0.3557
4695,60.68,0.376
4696,2.1,0.2148
4697,31.86,0.1805
4698,3.61,0.3296
4699,143.74,0.3527
4700,220.82,0.3347
4701,26.94,0.459
4702,12.5,0.4738
4703,137.2,0.3951
4704,159.58,0.501
4705,136.31,0.6323
4706,140.74,0.6448
4707,153.57,0.5055
4708,150.64,0.4389
4709,9.84,0.3257
4710,64.74,0.2425
4711,19.21,0.1722
4712,64.14,0.2938
4713,75.09,0.363
4714,140.48,0.476
4715,139.12,0.5753
4716,140.58,0.5194
4717,170.84,0.5393
4718,15.1,0.5483
4719,161.76,0.4418
4720,148.8,0.2956
4721,26.19,0.4007
4722,13.79,0.4101
4723,128.0,0.4123
4724,171.89,0.5302
4725,151.13,0.6469
4726,152.9,0.6725
4727,139.14,0.6283
4728,155.52,0.5178
4729,124.44,0.4676
4730,32.35,0.5259
4731,98.98,0.3932
4732,201.77,0.3274
4733,12.98,0.3072
4734,53.74,0.3774
4735,10.64,0.3034
4736,174.34,0.3453
4737,122.28,0.4594
4738,57.98,0.5879
4739,176.33,0.554
4740,148.75,0.4532
4741,137.92,0.4129
4742,14.02,0.3785
4743,14.68,0.3729
4744,139.28,0.3609
4745,142.75,0.4731
4746,125.07,0.4689
4747,134.59,0.3696
4748,10.14,0.3756
4749,32.56,0.4799
4750,149.2,0.3624
4751,237.13,0.3886
4752,8.32,0.361
4753,38.33,0.2805
4754,2.88,0.1129
4755,62.76,0.2637
4756,57.06,0.2568
4757,170.35,0.2985
4758,30.84,0.4163
4759,47.7,0.5649
4760,189.34,0.4535
4761,216.68,0.5258
4762,50.72,0.6394
4763,108.52,0.6161
4764,169.78,0.6028
4765,164.23,0.6859
4766,202.47,0.7561
4767,139.92,0.7826
4768,184.02,0.6714
4769,198.22,0.4988
4770,44.73,0.5479
4771,17.07,0.5557
4772,192.65,0.4435
4773,192.43,0.4489
4774,77.61,0.4444
4775,50.6,0.2775
4776,12.15,0.1125
4777,13.35,0.0715
4778,15.19,0.0368
4779,33.55,0.2292
4780,13.31,0.2997
4781,218.87,0.3352
4782,89.1,0.3181
4783,53.36,0.3486
4784,15.1,0.1536
4785,46.18,0.2101
4786,9.34,0.2906
4787,149.76,0.3243
4788,139.87,0.3118
4789,51.29,0.3209
4790,32.77,0.1957
4791,19.1,0.0778
4792,15.22,0.065
4793,13.24,0.0653
4794,37.49,0.1085
4795,33.12,0.0996
4796,65.51,0.1306
4797,5.64,0.1008
4798,46.53,0.1344
4799,5.48,0.2619
4800,69.26,0.3897
4801,202.55,0.3602
4802,142.94,0.3731
4803,14.78,0.4449
4804,19.38,0.3819
4805,146.34,0.4019
4806,134.91,0.4608
4807,164.44,0.497
4808,78.08,0.3693
4809,58.26,0.3773
4810,9.06,0.3626
4811,143.58,0.4439
4812,148.57,0.5541
4813,165.44,0.698
4814,176.66,0.6818
4815,163.69,0.6636
4816,126.17,0.643
4817,129.01,0.4915
4818,143.38,0.3935
4819,13.87,0.4096
4820,58.34,0.4472
4821,143.47,0.3171
4822,169.47,0.3607
4823,3.56,0.3797
4824,60.75,0.4514
4825,78.68,0.4249
4826,220.6,0.5546
4827,140.94,0.5113
4828,142.99,0.4599
4829,14.21,0.2684
4830,23.4,0.15
4831,14.9,0.0752
4832,13.67,0.1912
4833,62.59,0.3076
4834,138.93,0.4776
4835,148.43,0.5966
4836,197.5,0.5486
4837,141.57,0.4628
4838,10.97,0.3375
4839,46.77,0.2632
4840,13.84,0.3097
4841,117.7,0.4354
4842,191.51,0.404
4843,146.06,0.4547
4844,12.94,0.356
4845,68.36,0.2008
4846,11.66,0.1903
4847,24.78,0.2987
4848,134.72,0.2519
4849,129.46,0.2559
4850,18.04,0.2647
4851,16.0,0.1578
4852,34.23,0.0755
4853,19.86,0.07
4854,40.99,0.065
4855,12.18,0.0508
4856,10.61,0.0808
4857,18.98,0.0993
4858,52.08,0.0932
4859,60.84,0.0971
4860,5.6,0.2117
4861,14.88,0.2962
4862,142.1,0.2496
4863,142.81,0.2685
4864,10.84,0.4413
4865,25.82,0.4886
4866,200.57,0.4913
4867,192.97,0.6086
4868,145.64,0.6116
4869,136.97,0.4661
4870,28.96,0.4882
4871,44.32,0.5546
4872,216.71,0.4445
4873,216.92,0.4385
4874,18.7,0.4699
4875,22.53,0.3949
4876,78.08,0.3281
4877,136.06,0.4373
4878,145.12,0.4599
4879,136.12,0.3972
4880,46.76,0.2893
4881,10.74,0.3441
4882,20.1,0.3532
4883,204.05,0.329
4884,145.82,0.4435
4885,20.76,0.6505
4886,133.82,0.5918
4887,242.5,0.5974
4888,140.94,0.7074
4889,151.91,0.5947
4890,138.95,0.5159
4891,12.7,0.5131
4892,157.79,0.5541
4893,137.98,0.5485
4894,195.92,0.6603
4895,132.96,0.6449
4896,132.8,0.5486
4897,141.25,0.4093
4898,34.47,0.2881
4899,46.24,0.1703
4900,2.74,0.1347
4901,6.24,0.2529
4902,102.98,0.2619
4903,161.55,0.2712
4904,55.9,0.2875
4905,12.74,0.3276
4906,23.68,0.3654
4907,146.11,0.5032
4908,202.22,0.6162
4909,203.87,0.5957
4910,134.18,0.506
4911,1.68,0.5161
4912,49.68,0.5246
4913,213.14,0.5502
4914,213.02,0.7432
4915,161.63,0.8179
4916,209.12,0.7701
4917,129.9,0.7225
4918,161.79,0.6981
4919,161.9,0.5604
4920,135.31,0.4504
4921,61.22,0.4335
4922,11.77,0.427
4923,143.6,0.339
4924,154.84,0.292
4925,40.86,0.3124
4926,10.66,0.3758
4927,33.74,0.3582
4928,211.64,0.5432
4929,136.01,0.7088
4930,239.6,0.8363
4931,188.64,0.8003
4932,170.65,0.6884
4933,172.94,0.5156
4934,15.79,0.4577
4935,53.94,0.4191
4936,126.5,0.3851
4937,129.12,0.5
4938,136.4,0.6659
4939,139.25,0.5543
4940,232.25,0.4939
4941,6.57,0.4861
4942,64.26,0.5551
4943,128.0,0.4505
4944,213.32,0.4466
4945,119.9,0.5044
4946,2.34,0.5346
4947,126.41,0.466
4948,160.43,0.5073
4949,139.67,0.6457
4950,164.19,0.5393
4951,151.13,0.4567
4952,11.99,0.4682
4953,71.69,0.519
4954,152.02,0.5785
4955,218.84,0.7468
4956,214.98,0.6992
4957,192.83,0.6137
4958,20.62,0.4195
4959,60.07,0.2387
4960,10.24,0.0705
4961,20.72,0.0994
4962,12.07,0.1664
4963,51.66,0.2741
4964,132.08,0.262
4965,125.99,0.2601
4966,7.69,0.3408
4967,10.04,0.3913
4968,138.38,0.4241
4969,186.39,0.5911
4970,161.19,0.675
4971,187.12,0.5565
4972,100.2,0.4365
4973,10.98,0.2892
4974,57.5,0.2428
4975,2.9,0.2858
4976,137.28,0.4562
4977,146.38,0.4217
4978,194.1,0.5002
4979,20.41,0.5079
4980,87.22,0.3868
4981,145.6,0.265
4982,16.24,0.4409
4983,63.29,0.4977
4984,209.42,0.3693
4985,148.22,0.4099
4986,7.59,0.481
4987,59.89,0.4748
4988,139.72,0.5244
4989,202.78,0.6718
4990,201.47,0.648
4991,165.94,0.5402
4992,34.33,0.3935
4993,23.92,0.2162
4994,45.17,0.1489
4995,10.92,0.2469
4996,93.6,0.3006
4997,139.66,0.269
4998,81.59,0.3032
4999,11.28,0.2185
5000,47.68,0.146
5001,2.52,0.0957
5002,61.8,0.1051
5003,27.58,0.2903
5004,21.32,0.3502
5005,246.72,0.2972
5006,66.8,0.3038
5007,4.89,0.4109
5008,34.69,0.3006
5009,136.4,0.3683
5010,128.17,0.4827
5011,139.57,0.4857
5012,127.76,0.3749
5013,38.01,0.3059
5014,17.36,0.1796
5015,53.96,0.202
5016,3.88,0.31
5017,151.79,0.423
5018,154.08,0.4929
5019,138.76,0.6119
5020,129.12,0.6128
5021,131.71,0.5808
5022,152.77,0.5582
5023,119.67,0.5686
5024,114.5,0.5831
5025,140.31,0.4572
5026,147.22,0.4
5027,17.54,0.4898
5028,58.22,0.5095
5029,210.98,0.5043
5030,161.46,0.63
5031,141.67,0.6328
5032,152.58,0.4627
5033,61.24,0.3241
5034,28.2,0.1955
5035,12.57,0.2609
5036,3.51,0.3349
5037,222.86,0.3643
5038,140.7,0.3613
5039,59.83,0.5574
5040,9.26,0.4846
5041,214.22,0.4035
5042,144.72,0.3573
5043,53.48,0.5571
5044,10.22,0.4847
5045,223.92,0.479
5046,136.43,0.4563
5047,138.67,0.4853
5048,29.08,0.2795
5049,41.4,0.2779
5050,2.77,0.282
5051,134.66,0.3817
5052,143.06,0.3883
5053,136.27,0.3952
5054,48.49,0.4963
5055,10.14,0.5551
5056,243.26,0.5681
5057,206.32,0.6537
5058,150.22,0.6965
5059,140.46,0.473
5060,56.06,0.3325
5061,3.16,0.2095
5062,55.37,0.1463
5063,18.05,0.0986
5064,72.56,0.2908
5065,4.85,0.4404
5066,209.63,0.4833
5067,216.07,0.4345
5068,64.21,0.4424
5069,20.1,0.2756
5070,13.36,0.2526
5071,30.42,0.3221
5072,191.32,0.3136
5073,138.88,0.315
5074,10.93,0.3192
5075,14.94,0.1982
5076,34.95,0.1285
5077,61.25,0.1237
5078,63.97,0.1201
5079,5.82,0.1002
5080,11.02,0.0736
5081,13.63,0.024
5082,32.65,0.0467
5083,10.66,0.048
5084,30.22,0.1662
5085,12.44,0.278
5086,140.54,0.3221
5087,152.78,0.2974
5088,58.08,0.508
5089,3.72,0.552
5090,238.69,0.5461
5091,187.8,0.6171
5092,146.49,0.6306
5093,134.38,0.4208
5094,18.2,0.3644
5095,13.26,0.3565
5096,127.23,0.3547
5097,138.0,0.3885
5098,132.41,0.3879
5099,54.58,0.2925
5100,12.58,0.2915
5101,24.68,0.3961
5102,136.97,0.5217
5103,244.82,0.5673
5104,189.53,0.5471
5105,61.49,0.6411
5106,3.06,0.5418
5107,237.92,0.4224
5108,138.08,0.3697
5109,61.28,0.5625
5110,4.83,0.5288
5111,210.22,0.5963
5112,201.78,0.5639
5113,210.6,0.5699
5114,26.48,0.4044
5115,11.3,0.3434
5116,32.36,0.2716
5117,136.21,0.4206
5118,133.42,0.5395
5119,186.63,0.6497
5120,139.08,0.6756
5121,150.74,0.5969
5122,164.0,0.4275
5123,48.85,0.3142
5124,4.69,0.2606
5125,17.29,0.2372
5126,93.22,0.3149
5127,138.84,0.3578
5128,132.28,0.3508
5129,50.79,0.4129
5130,9.74,0.4103
5131,160.04,0.4514
5132,136.0,0.5678
5133,176.39,0.5727
5134,175.88,0.4362
5135,14.98,0.4365
5136,13.41,0.3944
5137,136.33,0.3614
5138,131.13,0.4962
5139,140.41,0.6221
5140,159.92,0.6184
5141,148.64,0.6043
5142,132.36,0.5025
5143,115.93,0.3654
5144,31.04,0.2588
5145,12.63,0.2631
5146,34.11,0.3334
5147,137.02,0.4623
5148,191.43,0.5072
5149,169.54,0.5567
5150,60.82,0.6461
5151,87.3,0.6153
5152,233.1,0.6319
5153,158.3,0.6944
5154,187.4,0.6269
5155,128.03,0.5393
5156,14.7,0.5146
5157,139.04,0.4701
5158,131.76,0.4765
5159,139.62,0.6048
5160,134.87,0.601
5161,152.57,0.6306
5162,134.93,0.6392
5163,163.54,0.5241
5164,148.92,0.4125
5165,11.19,0.3183
5166,32.62,0.2921
5167,33.72,0.238
5168,135.44,0.247
5169,90.7,0.3375
5170,20.88,0.4745
5171,129.84,0.5143
5172,180.93,0.5579
5173,178.25,0.6904
5174,137.59,0.7167
5175,163.15,0.6674
5176,158.1,0.5567
5177,128.05,0.4313
5178,59.3,0.4105
5179,2.77,0.4186
5180,140.87,0.4552
5181,166.79,0.5435
5182,167.32,0.5589
5183,154.25,0.4337
5184,19.31,0.2878
5185,6.33,0.1756
5186,10.05,0.2582
5187,46.75,0.3722
5188,243.02,0.37
5189,141.72,0.3992
5190,4.0,0.5566
5191,41.4,0.524
5192,215.94,0.5412
5193,207.93,0.7418
5194,160.2,0.7764
5195,219.62,0.6305
5196,78.48,0.4671
5197,59.23,0.3598
5198,32.32,0.1657
5199,45.0,0.1085
5200,10.98,0.1014
5201,17.05,0.0817
5202,51.66,0.169
5203,11.07,0.313
5204,138.81,0.322
5205,165.75,0.3197
5206,26.65,0.4488
5207,49.21,0.4716
5208,149.84,0.3221
5209,163.26,0.3409
5210,5.16,0.3535
5211,46.78,0.4187
5212,62.82,0.4031
5213,219.9,0.5515
5214,146.4,0.6983
5215,164.66,0.8367
5216,204.46,0.8498
5217,211.55,0.7597
5218,234.03,0.6645
5219,49.62,0.6616
5220,62.28,0.5338
5221,201.35,0.3748
5222,74.26,0.3315
5223,63.22,0.2769
5224,3.03,0.1018
5225,3.68,0.0733
5226,13.14,0.0518
5227,43.68,0.1837
5228,40.09,0.3144
5229,144.76,0.3135
5230,144.1,0.3195
5231,12.16,0.402
5232,50.2,0.4492
5233,128.68,0.4879
5234,195.46,0.6713
5235,185.72,0.6307
5236,209.26,0.5732
5237,6.55,0.483
5238,66.93,0.4344
5239,98.49,0.2428
5240,133.5,0.2901
5241,3.38,0.2536
5242,57.46,0.1958
5243,27.69,0.0781
5244,36.35,0.1876
5245,7.0,0.1757
5246,121.02,0.158
5247,44.73,0.3161
5248,8.62,0.4639
5249,206.3,0.3983
5250,165.82,0.4027
5251,50.46,0.5196
5252,49.51,0.5198
5253,134.26,0.5388
5254,206.46,0.6814
5255,186.25,0.663
5256,203.64,0.5868
5257,29.71,0.5216
5258,52.47,0.506
5259,136.36,0.5444
5260,169.52,0.659
5261,244.89,0.7901
5262,152.88,0.8302
5263,193.31,0.8705
5264,179.4,0.8475
5265,212.84,0.7434
5266,220.16,0.6023
5267,41.04,0.4391
5268,41.73,0.3881
5269,4.06,0.3315
5270,157.98,0.3304
5271,159.38,0.4394
5272,39.88,0.5685
5273,158.79,0.5789
5274,142.82,0.5738
5275,169.17,0.6743
5276,153.89,0.5312
5277,147.8,0.4538
5278,5.12,0.4448
5279,59.64,0.4854
5280,159.42,0.535
5281,197.54,0.7174
5282,201.12,0.8477
5283,201.08,0.8793
5284,199.68,0.6992
5285,193.3,0.5629
5286,4.06,0.4002
5287,54.66,0.2401
5288,26.26,0.1255
5289,27.66,0.1724
5290,70.25,0.1566
5291,54.38,0.1411
5292,37.69,0.1227
5293,9.62,0.084
5294,7.88,0.2087
5295,28.66,0.3067
5296,188.4,0.308
5297,142.94,0.308
5298,11.07,0.4079
5299,7.86,0.371
5300,136.04,0.3637
5301,148.75,0.4689
5302,135.1,0.4757
5303,124.09,0.3961
5304,15.15,0.264
5305,50.46,0.1953
5306,6.9,0.0827
5307,61.29,0.0972
5308,3.11,0.2497
5309,30.63,0.4671
5310,214.36,0.4358
5311,240.44,0.4521
5312,27.75,0.4378
5313,20.62,0.2516
5314,15.2,0.1982
5315,14.33,0.3493
5316,183.02,0.3787
5317,190.18,0.367
5318,52.14,0.3714
5319,2.66,0.2099
5320,19.02,0.0815
5321,9.5,0.038
5322,52.21,0.0792
5323,5.48,0.0728
5324,46.89,0.0946
5325,12.17,0.0596
5326,32.88,0.0753
5327,14.64,0.0441
5328,22.38,0.0441
5329,13.32,0.1411
5330,12.2,0.2569
5331,137.1,0.2503
5332,139.06,0.3701
5333,15.2,0.4939
5334,142.1,0.5444
5335,145.22,0.6137
5336,191.39,0.7437
5337,213.46,0.6212
5338,154.88,0.5302
5339,10.46,0.4062
5340,47.52,0.2724
5341,58.18,0.1408
5342,69.61,0.1663
5343,13.55,0.1321
5344,37.81,0.123
5345,10.81,0.1861
5346,48.35,0.3046
5347,137.41,0.2807
5348,140.91,0.3014
5349,12.14,0.4317
5350,33.04,0.4797
5351,188.32,0.3568
5352,189.04,0.3657
5353,8.78,0.4912
5354,21.75,0.4724
5355,167.84,0.4537
5356,168.18,0.6408
5357,168.92,0.7099
5358,209.85,0.5643
5359,95.97,0.5493
5360,11.4,0.5766
5361,152.05,0.5294
5362,198.32,0.5957
5363,159.04,0.7681
5364,167.2,0.753
5365,196.7,0.6924
5366,135.76,0.5542
5367,133.25,0.4448
5368,10.52,0.271
5369,49.69,0.1995
5370,9.93,0.2085
5371,59.0,0.336
5372,142.87,0.3039
5373,147.52,0.3203
5374,15.15,0.4247
5375,27.62,0.4135
5376,171.21,0.4928
5377,130.8,0.4853
5378,232.7,0.5176
5379,7.09,0.4116
5380,62.36,0.3201
5381,57.28,0.1834
5382,32.47,0.3033
5383,85.85,0.3251
5384,135.88,0.2898
5385,85.81,0.2986
5386,19.32,0.2304
5387,42.02,0.1191
5388,12.58,0.0534
5389,16.2,0.0582
5390,15.28,0.184
5391,24.45,0.2671
5392,177.24,0.261
5393,101.78,0.3053
5394,9.69,0.3061
5395,62.85,0.1861
5396,25.38,0.2405
5397,48.27,0.359
5398,160.25,0.3086
5399,136.93,0.3066
5400,8.78,0.2845
5401,23.16,0.1474
5402,24.58,0.0359
5403,12.94,0.0308
5404,17.09,0.0496
5405,3.38,0.0431
5406,43.26,0.0823
5407,17.66,0.0685
5408,55.0,0.1085
5409,2.31,0.0787
5410,46.4,0.2809
5411,11.18,0.4585
5412,234.94,0.4879
5413,245.82,0.4551
5414,33.84,0.484
5415,11.21,0.4818
5416,42.22,0.3843
5417,232.54,0.521
5418,141.1,0.6418
5419,180.76,0.7427
5420,140.98,0.6568
5421,150.63,0.5376
5422,140.22,0.5187
5423,13.01,0.5946
5424,160.46,0.5145
5425,222.5,0.4127
5426,64.57,0.4281
5427,30.87,0.2881
5428,29.56,0.1387
5429,10.06,0.0948
5430,61.96,0.2423
5431,17.42,0.3426
5432,189.29,0.4697
5433,137.38,0.4256
5434,146.57,0.5666
5435,14.58,0.5189
5436,168.95,0.532
5437,138.07,0.553
5438,151.44,0.7585
5439,169.08,0.6307
5440,235.42,0.5548
5441,31.59,0.6109
5442,56.52,0.5471
5443,211.74,0.3373
5444,100.57,0.3379
5445,9.94,0.313
5446,32.32,0.1297
5447,29.68,0.0521
5448,14.84,0.0578
5449,17.23,0.0702
5450,16.01,0.0529
5451,45.7,0.2473
5452,11.1,0.4035
5453,223.63,0.4632
5454,185.12,0.4278
5455,80.14,0.6382
5456,7.66,0.5548
5457,237.14,0.5096
5458,134.1,0.5527
5459,136.5,0.676
5460,126.46,0.4744
5461,140.12,0.3658
5462,20.54,0.2529
5463,17.42,0.3115
5464,15.14,0.3769
5465,189.51,0.3605
5466,210.34,0.3519
5467,2.9,0.5025
5468,8.21,0.5166
5469,176.94,0.3549
5470,204.7,0.3638
5471,36.53,0.4788
5472,12.52,0.4511
5473,131.72,0.2845
5474,147.19,0.2643
5475,25.74,0.2993
5476,14.82,0.1862
5477,50.12,0.2145
5478,10.16,0.3111
5479,177.69,0.3395
5480,129.47,0.2961
5481,45.32,0.3146
5482,3.5,0.1543
5483,30.07,0.0944
5484,5.46,0.0949
5485,65.08,0.1308
5486,45.86,0.1084
5487,42.06,0.1071
5488,6.0,0.0784
5489,4.06,0.0648
5490,34.26,0.0584
5491,31.2,0.0622
5492,35.24,0.1845
5493,10.11,0.2566
5494,135.44,0.2532
5495,111.71,0.2305
5496,27.6,0.4518
5497,10.76,0.4963
5498,247.98,0.5906
5499,183.24,0.7492
5500,212.98,0.7998
5501,198.06,0.5719
5502,65.11,0.4173
5503,3.12,0.224
5504,17.12,0.083
5505,5.24,0.0486
5506,46.59,0.173
5507,28.19,0.2906
5508,136.74,0.3198
5509,143.43,0.3145
5510,36.66,0.2972
5511,40.89,0.2437
5512,9.62,0.2531
5513,79.24,0.3837
5514,153.58,0.4013
5515,176.89,0.4004
5516,59.83,0.4752
5517,8.72,0.5091
5518,159.58,0.5195
5519,189.98,0.5926
5520,188.07,0.6223
5521,138.34,0.4834
5522,40.61,0.5285
5523,10.34,0.5158
5524,238.44,0.5652
5525,174.46,0.6773
5526,191.47,0.8174
5527,160.99,0.7753
5528,160.93,0.798
5529,193.2,0.7951
5530,198.85,0.6987
5531,188.34,0.5542
5532,57.38,0.5555
5533,5.68,0.5196
5534,194.64,0.4766
5535,160.26,0.4769
5536,142.16,0.4951
5537,57.69,0.5048
5538,25.22,0.5102
5539,205.08,0.6005
5540,166.02,0.7045
5541,239.24,0.8645
5542,169.38,0.8448
5543,197.1,0.7408
5544,183.96,0.5337
5545,54.33,0.5011
5546,16.66,0.4456
5547,134.36,0.2837
5548,137.48,0.2398
5549,10.04,0.3623
5550,7.11,0.3882
5551,148.34,0.2825
5552,162.1,0.2804
5553,23.94,0.412
5554,7.83,0.3785
5555,148.46,0.2403
5556,112.34,0.3478
5557,13.6,0.4877
5558,139.45,0.4864
5559,158.15,0.5
5560,147.1,0.6122
5561,126.92,0.5268
5562,134.15,0.4529
5563,47.66,0.45
5564,78.8,0.4885
5565,143.95,0.4889
5566,168.28,0.6068
5567,134.6,0.6631
5568,174.31,0.7203
5569,139.3,0.6214
5570,205.49,0.4996
5571,62.01,0.3585
5572,3.69,0.2498
5573,22.7,0.2881
5574,22.46,0.4258
5575,246.69,0.4335
5576,209.95,0.4245
5577,11.94,0.5353
5578,13.07,0.4759
5579,141.49,0.4005
5580,182.89,0.5148
5581,128.91,0.5532
5582,134.81,0.4538
5583,54.27,0.2861
5584,34.76,0.2251
5585,2.65,0.105
5586,63.32,0.1898
5587,5.8,0.308
5588,145.4,0.3684
5589,161.82,0.3205
5590,67.45,0.3411
5591,11.88,0.218
5592,27.98,0.0786
5593,13.11,0.0299
5594,12.08,0.1463
5595,15.06,0.1295
5596,137.02,0.1234
5597,9.84,0.1849
5598,6.55,0.3397
5599,78.14,0.3911
5600,181.48,0.611
5601,192.22,0.614
5602,246.05,0.5825
5603,9.82,0.4429
5604,44.3,0.4652
5605,31.51,0.4093
5606,216.12,0.5661
5607,186.01,0.5767
5608,178.3,0.6005
5609,55.74,0.4026
5610,57.08,0.2732
5611,3.5,0.1166
5612,46.95,0.1229
5613,9.98,0.1536
5614,62.57,0.3441
5615,90.04,0.4435
5616,208.18,0.4429
5617,153.71,0.3911
5618,9.41,0.4458
5619,6.9,0.3846
5620,148.77,0.3661
5621,142.48,0.4857
5622,133.8,0.4879
5623,137.86,0.4002
5624,9.3,0.294
5625,54.54,0.2295
5626,28.36,0.325
5627,64.52,0.4543
5628,240.46,0.4061
5629,148.26,0.4316
5630,2.7,0.3741
5631,55.74,0.2823
5632,2.78,0.2418
5633,141.84,0.2891
5634,104.76,0.3754
5635,53.48,0.4993
5636,148.48,0.4929
5637,135.88,0.4058
5638,134.96,0.3703
5639,11.2,0.3714
5640,15.32,0.4381
5641,149.74,0.5044
5642,207.46,0.6418
5643,206.25,0.6478
5644,158.81,0.5248
5645,21.75,0.3393
5646,17.65,0.2009
5647,8.07,0.0733
5648,57.56,0.1835
5649,21.68,0.3413
5650,140.18,0.466
5651,187.26,0.4281
5652,141.97,0.4328
5653,16.86,0.316
5654,26.78,0.3469
5655,14.62,0.3519
5656,220.51,0.406
5657,147.29,0.6032
5658,75.03,0.7955
5659,238.64,0.7534
5660,221.24,0.7541
5661,175.32,0.8116
5662,148.02,0.7164
5663,136.85,0.6706
5664,136.35,0.5129
5665,172.02,0.3836
5666,5.8,0.2689
5667,9.11,0.1936
5668,13.6,0.1668
5669,55.52,0.3721
5670,143.18,0.5293
5671,226.42,0.7443
5672,177.98,0.7109
5673,244.62,0.6387
5674,19.62,0.4902
5675,65.67,0.4574
5676,66.8,0.2691
5677,142.74,0.305
5678,42.31,0.28
5679,58.16,0.2411
5680,38.88,0.1128
5681,24.96,0.2452
5682,4.86,0.3158
5683,184.61,0.3139
5684,133.99,0.2943
5685,36.88,0.3115
5686,3.9,0.1776
5687,23.32,0.0966
5688,40.74,0.0681
5689,46.98,0.0789
5690,6.25,0.0683
5691,15.49,0.0742
5692,11.92,0.0368
5693,47.12,0.0622
5694,6.8,0.1738
5695,33.46,0.2987
5696,135.47,0.2649
5697,146.1,0.296
5698,10.76,0.2704
5699,40.28,0.3669
5700,5.96,0.36
5701,239.09,0.4779
5702,138.68,0.5659
5703,137.51,0.6899
5704,134.82,0.5965
5705,139.17,0.4787
5706,138.69,0.363
5707,12.12,0.2687
5708,13.19,0.1879
5709,33.49,0.0646
5710,52.38,0.0813
5711,6.19,0.0799
5712,30.1,0.103
5713,11.71,0.0614
5714,58.29,0.1058
5715,7.71,0.268
5716,53.91,0.3939
5717,204.29,0.3597
5718,147.04,0.4109
5719,21.48,0.4916
5720,62.72,0.4923
5721,140.72,0.5074
5722,204.96,0.6338
5723,163.34,0.5918
5724,157.27,0.4689
5725,17.6,0.311
5726,8.7,0.3381
5727,35.23,0.3495
5728,192.54,0.4909
5729,169.42,0.6129
5730,169.56,0.7075
5731,139.76,0.655
5732,136.92,0.6254
5733,136.08,0.478
5734,137.6,0.3661
5735,11.18,0.3655
5736,19.55,0.3673
5737,136.34,0.2443
5738,137.97,0.2638
5739,5.48,0.3846
5740,32.15,0.4513
5741,149.26,0.5085
5742,208.03,0.6393
5743,199.46,0.7882
5744,146.03,0.8329
5745,192.1,0.6642
5746,197.35,0.5365
5747,26.71,0.4338
5748,62.24,0.279
5749,35.69,0.1025
5750,25.82,0.2077
5751,7.66,0.2788
5752,139.74,0.3824
5753,138.68,0.4138
5754,147.03,0.4107
5755,59.56,0.3205
5756,4.25,0.3755
5757,42.9,0.4564
5758,197.74,0.4081
5759,233.93,0.4524
5760,7.71,0.5557
5761,51.78,0.5171
5762,153.86,0.4435
5763,156.37,0.5814
5764,154.75,0.6643
5765,155.91,0.6517
5766,140.9,0.514
5767,140.26,0.4162
5768,8.45,0.3206
5769,49.7,0.2082
5770,53.2,0.1942
5771,20.09,0.3847
5772,125.27,0.4882
5773,213.09,0.6289
5774,160.91,0.6139
5775,204.33,0.5526
5776,4.03,0.558
5777,59.35,0.518
5778,218.91,0.3349
5779,117.94,0.3668
5780,7.64,0.539
5781,38.26,0.5257
5782,244.42,0.6096
5783,204.54,0.8185
5784,208.13,0.7927
5785,232.05,0.6023
5786,10.57,0.5621
5787,39.82,0.5189
5788,161.39,0.3212
5789,161.72,0.3334
5790,19.63,0.3224
5791,23.72,0.237
5792,27.94,0.2473
5793,69.68,0.3491
5794,172.78,0.4389
5795,129.01,0.4239
5796,120.12,0.4793
5797,11.84,0.4385
5798,129.26,0.3553
5799,128.94,0.2548
5800,39.63,0.2875
5801,12.11,0.3153
5802,46.99,0.3899
5803,159.14,0.5438
5804,209.06,0.6087
5805,204.96,0.5736
5806,81.87,0.4846
5807,9.31,0.3245
5808,63.52,0.1752
5809,37.03,0.1117
5810,44.54,0.1111
5811,13.67,0.1984
5812,8.64,0.2904
5813,157.31,0.3036
5814,135.92,0.3025
5815,58.64,0.3074
5816,12.49,0.3613
5817,13.88,0.4177
5818,215.3,0.4914
5819,196.5,0.4901
5820,137.79,0.568
5821,11.09,0.5213
5822,97.64,0.5225
5823,165.12,0.5236
5824,197.75,0.6392
5825,138.98,0.5624
5826,135.34,0.4585
5827,15.04,0.4636
5828,53.48,0.4522
5829,203.24,0.3339
5830,126.79,0.3822
5831,8.22,0.3661
5832,66.92,0.2202
5833,36.21,0.2306
5834,46.51,0.3522
5835,137.94,0.3006
5836,138.84,0.2954
5837,11.44,0.374
5838,30.68,0.3792
5839,130.95,0.3077
5840,143.5,0.308
5841,62.06,0.4065
5842,11.72,0.4093
5843,136.51,0.4137
5844,133.98,0.4873
5845,148.23,0.6533
5846,141.13,0.5348
5847,190.09,0.619
5848,9.18,0.6812
5849,224.43,0.6977
5850,215.11,0.7228
5851,158.85,0.8867
5852,217.09,0.7141
5853,185.18,0.5392
5854,39.04,0.4023
5855,27.17,0.2101
5856,11.74,0.0512
5857,10.6,0.0424
5858,14.49,0.1564
5859,29.57,0.1627
5860,149.7,0.1933
5861,18.48,0.3795
5862,43.48,0.5751
5863,214.5,0.5761
5864,239.8,0.7764
5865,150.7,0.7878
5866,233.71,0.5942
5867,55.8,0.5542
5868,6.42,0.6039
5869,196.82,0.5222
5870,204.18,0.4838
5871,145.84,0.5085
5872,14.56,0.3365
5873,33.0,0.3644
5874,12.03,0.414
5875,234.08,0.5236
5876,199.16,0.5355
5877,132.29,0.5703
5878,45.83,0.56
5879,49.42,0.4927
5880,222.99,0.3832
5881,126.87,0.3634
5882,14.6,0.4539
5883,24.6,0.3643
5884,146.67,0.3693
5885,126.68,0.4782
5886,132.27,0.6229
5887,131.58,0.6169
5888,180.07,0.5508
5889,140.28,0.4361
5890,55.62,0.5202
5891,9.04,0.5676
5892,221.91,0.4922
5893,230.96,0.451
5894,59.34,0.4606
5895,11.29,0.2588
5896,19.34,0.0852
5897,5.18,0.0537
5898,44.4,0.115
5899,25.48,0.2232
5900,77.17,0.2253
5901,135.59,0.2079
5902,7.42,0.2054
5903,25.68,0.2623
5904,22.88,0.3375
5905,138.31,0.5313
5906,216.35,0.5655
5907,215.61,0.5538
5908,62.48,0.5613
5909,10.25,0.5907
5910,146.42,0.4466
5911,247.95,0.4082
5912,60.71,0.4482
5913,21.26,0.3211
5914,53.24,0.1478
5915,9.87,0.2835
5916,61.69,0.3366
5917,206.55,0.2962
5918,78.33,0.436
5919,9.86,0.5373
5920,160.08,0.5267
5921,170.45,0.4976
5922,195.2,0.5053
5923,47.01,0.4997
5924,18.16,0.5325
5925,154.1,0.5571
5926,205.64,0.6898
5927,221.65,0.7246
5928,189.58,0.5845
5929,55.6,0.4198
5930,3.55,0.22
5931,28.62,0.2208
5932,7.07,0.3449
5933,190.42,0.3822
5934,188.93,0.3629
5935,43.57,0.5311
5936,7.98,0.557
5937,187.71,0.4307
5938,218.27,0.3992
5939,53.22,0.5157
5940,9.78,0.493
5941,133.12,0.4032
5942,163.29,0.3808
5943,121.85,0.4998
5944,29.08,0.5017
5945,137.71,0.5424
5946,135.17,0.6179
5947,206.99,0.7288
5948,202.92,0.7148
5949,148.25,0.6337
5950,122.66,0.4787
5951,48.06,0.3499
5952,40.39,0.2224
5953,64.63,0.2371
5954,11.24,0.318
5955,138.42,0.4072
5956,134.96,0.4916
5957,136.27,0.5089
5958,155.26,0.394
5959,29.88,0.4979
5960,14.93,0.5471
5961,246.6,0.4609
5962,189.2,0.4383
5963,62.61,0.4451
5964,5.6,0.2318
5965,22.27,0.1098
5966,17.35,0.2439
5967,58.11,0.3165
5968,206.73,0.3099
5969,83.56,0.3064
5970,15.18,0.2774
5971,13.64,0.0975
5972,26.98,0.0734
5973,13.37,0.0686
5974,57.66,0.0887
5975,10.03,0.0675
5976,35.24,0.1106
5977,4.25,0.0599
5978,59.67,0.086
5979,3.12,0.0636
5980,38.12,0.1906
5981,11.15,0.3277
5982,140.71,0.3534
5983,206.96,0.329
5984,30.75,0.4488
5985,11.94,0.459
5986,139.84,0.4075
5987,151.63,0.5423
5988,151.68,0.6707
5989,175.6,0.664
5990,149.88,0.5467
5991,132.68,0.4254
5992,25.56,0.4623
5993,21.4,0.3703
5994,215.2,0.2961
5995,51.1,0.3057
5996,52.95,0.3503
5997,35.83,0.1546
5998,69.27,0.1573
5999,5.0,0.1504
6000,53.99,0.2548
6001,45.54,0.3407
6002,147.99,0.3659
6003,161.56,0.328
6004,32.08,0.4122
6005,13.3,0.4188
6006,135.92,0.4122
6007,155.08,0.5758
6008,154.54,0.5803
6009,207.86,0.4794
6010,18.08,0.4306
6011,27.56,0.4824
6012,102.64,0.2931
6013,210.15,0.2825
6014,4.47,0.2704
6015,6.69,0.1972
6016,14.63,0.0118
6017,23.92,0.0387
6018,10.98,0.0447
6019,33.36,0.0671
6020,13.18,0.1661
6021,38.7,0.3675
6022,130.29,0.5594
6023,227.31,0.5782
6024,239.56,0.5467
6025,33.43,0.6366
6026,4.77,0.5519
6027,226.93,0.4493
6028,136.31,0.5477
6029,129.31,0.5547
6030,139.18,0.3527
6031,12.24,0.2425
6032,9.88,0.1724
6033,17.97,0.048
6034,53.91,0.0551
6035,5.53,0.0937
6036,19.96,0.1839
6037,51.34,0.2924
6038,114.87,0.2986
6039,170.49,0.3136
6040,12.21,0.2737
6041,36.08,0.3013
6042,8.48,0.2623
6043,144.48,0.2668
6044,128.64,0.3119
6045,16.94,0.4594
6046,84.58,0.488
6047,166.92,0.54
6048,175.28,0.6449
6049,184.47,0.7043
6050,129.73,0.6956
6051,148.38,0.5798
6052,157.49,0.418
6053,50.92,0.472
6054,10.55,0.5077
6055,187.78,0.3943
6056,186.75,0.4013
6057,35.62,0.4041
6058,58.43,0.2538
6059,13.56,0.0906
6060,26.32,0.1048
6061,11.38,0.0964
6062,50.88,0.2639
6063,49.38,0.261
6064,193.55,0.2884
6065,23.24,0.2557
6066,40.87,0.2673
6067,15.66,0.0891
6068,61.88,0.2676
6069,2.12,0.3581
6070,215.05,0.4069
6071,138.01,0.393
6072,68.1,0.4116
6073,47.03,0.2227
6074,22.02,0.1048
6075,12.17,0.0563
6076,11.24,0.0302
6077,16.06,0.0411
6078,18.94,0.0401
6079,33.79,0.0542
6080,11.02,0.0833
6081,26.48,0.1849
6082,47.32,0.2868
6083,128.09,0.2851
6084,143.22,0.3119
6085,9.16,0.2786
6086,55.3,0.3861
6087,11.53,0.3786
6088,243.66,0.5077
6089,135.09,0.47
6090,147.94,0.4993
6091,14.81,0.282
6092,42.94,0.3527
6093,10.22,0.4123
6094,211.1,0.5368
6095,211.99,0.6194
6096,148.53,0.6467
6097,131.66,0.4598
6098,39.6,0.2729
6099,10.24,0.1693
6100,11.16,0.074
6101,37.29,0.0851
6102,29.18,0.2049
6103,51.53,0.3348
6104,139.04,0.314
6105,150.69,0.341
6106,14.95,0.5204
6107,58.19,0.5898
6108,244.31,0.6482
6109,213.59,0.8497
6110,213.4,0.8148
6111,231.48,0.6436
6112,20.66,0.4694
6113,60.4,0.4141
6114,26.42,0.2743
6115,154.02,0.3067
6116,81.2,0.2899
6117,55.52,0.2904
6118,42.27,0.1602
6119,27.01,0.3132
6120,14.15,0.3932
6121,245.56,0.3772
6122,141.5,0.4917
6123,25.02,0.6279
6124,150.05,0.4266
6125,160.56,0.3471
6126,29.25,0.4529
6127,56.1,0.443
6128,138.62,0.428
6129,139.49,0.5289
6130,144.46,0.5696
6131,137.58,0.4798
6132,99.87,0.3605
6133,42.16,0.2692
6134,11.25,0.2901
6135,46.35,0.357
6136,160.05,0.44
6137,171.76,0.4394
6138,131.3,0.4688
6139,10.63,0.4812
6140,77.92,0.3878
6141,173.42,0.297
6142,71.42,0.3001
6143,33.73,0.4023
6144,13.98,0.4297
6145,187.73,0.3839
6146,202.86,0.3979
6147,22.22,0.3953
6148,48.72,0.2334
6149,11.22,0.1688
6150,13.77,0.2813
6151,133.4,0.247
6152,143.14,0.2707
6153,11.82,0.2666
6154,36.69,0.1957
6155,9.4,0.0828
6156,57.26,0.1137
6157,21.79,0.088
6158,45.06,0.0844
6159,9.1,0.0377
6160,5.44,0.0498
6161,7.08,0.0314
6162,34.86,0.0344
6163,25.24,0.0357
6164,12.35,0.1653
6165,6.86,0.2433
6166,146.25,0.2351
6167,118.69,0.36
6168,16.42,0.5076
6169,146.64,0.5667
6170,165.39,0.5806
6171,209.71,0.7305
6172,133.68,0.7622
6173,177.49,0.621
6174,180.65,0.4768
6175,13.74,0.4673
6176,54.78,0.4935
6177,123.46,0.457
6178,205.59,0.6356
6179,141.51,0.7399
6180,205.57,0.8151
6181,166.84,0.7492
6182,204.32,0.6321
6183,134.71,0.6362
6184,15.74,0.6761
6185,209.93,0.5299
6186,209.73,0.4173
6187,47.24,0.4108
6188,13.76,0.3543
6189,8.73,0.2857
6190,149.25,0.3738
6191,136.04,0.4456
6192,141.88,0.4386
6193,90.86,0.3388
6194,1.19,0.443
6195,42.0,0.5062
6196,248.0,0.4274
6197,209.88,0.4663
6198,6.1,0.4323
6199,43.02,0.2576
6200,5.45,0.2301
6201,60.37,0.4214
6202,180.32,0.3855
6203,211.57,0.392
6204,4.44,0.539
6205,12.45,0.4979
6206,218.34,0.3505
6207,136.13,0.3523
6208,53.22,0.4216
6209,6.41,0.3513
6210,86.93,0.3593
6211,142.72,0.4537
6212,144.75,0.5891
6213,154.68,0.719
6214,151.88,0.613
6215,226.47,0.551
6216,28.84,0.5976
6217,78.16,0.5866
6218,204.7,0.3884
6219,140.08,0.4101
6220,13.49,0.3499
6221,52.24,0.1781
6222,13.47,0.0627
6223,20.07,0.0778
6224,16.1,0.2264
6225,29.71,0.3945
6226,211.94,0.4293
6227,194.08,0.4218
6228,57.44,0.5886
6229,8.03,0.611
6230,208.9,0.5567
6231,236.07,0.6887
6232,135.72,0.8095
6233,199.3,0.6273
6234,137.78,0.6002
6235,13.11,0.6077
6236,206.98,0.4543
6237,143.74,0.3383
6238,34.53,0.3755
6239,13.14,0.1905
6240,53.0,0.1241
6241,8.24,0.0971
6242,72.46,0.1271
6243,5.48,0.0841
6244,45.38,0.1371
6245,6.78,0.1971
6246,65.24,0.328
6247,136.86,0.2992
6248,146.17,0.3056
6249,14.4,0.3706
6250,13.67,0.3675
6251,135.05,0.3697
6252,133.6,0.577
6253,148.56,0.6033
6254,237.12,0.6029
6255,41.85,0.6804
6256,134.66,0.6706
6257,216.86,0.4604
6258,138.08,0.4691
6259,11.21,0.3527
6260,51.26,0.2721
6261,9.56,0.2837
6262,130.28,0.4002
6263,150.48,0.3667
6264,136.44,0.4147
6265,15.26,0.4264
6266,61.12,0.4491
6267,142.82,0.3307
6268,174.91,0.3746
6269,9.22,0.4841
6270,62.37,0.5458
6271,178.83,0.5081
6272,209.1,0.6505
6273,134.43,0.6075
6274,162.26,0.4632
6275,16.14,0.3901
6276,23.76,0.3837
6277,130.6,0.3581
6278,127.49,0.4673
6279,134.72,0.5755
6280,133.54,0.5839
6281,140.06,0.5022
6282,139.59,0.3873
6283,39.64,0.304
6284,11.32,0.1949
6285,44.04,0.1519
6286,22.81,0.2685
6287,93.36,0.2815
6288,164.92,0.2569
6289,25.37,0.3009
6290,17.58,0.2681
6291,70.12,0.1325
6292,58.08,0.2501
6293,19.21,0.333
6294,151.69,0.288
6295,106.64,0.246
6296,21.78,0.2581
6297,13.03,0.1302
6298,32.2,0.0548
6299,14.22,0.0931
6300,25.61,0.0882
6301,62.93,0.0849
6302,7.83,0.0745
6303,28.68,0.1074
6304,2.98,0.059
6305,60.94,0.1679
6306,10.94,0.2673
6307,124.83,0.3766
6308,135.49,0.3344
6309,120.38,0.3518
6310,15.68,0.3626
6311,29.63,0.4487
6312,136.45,0.4647
6313,228.0,0.6029
6314,137.58,0.7616
6315,164.19,0.7683
6316,200.1,0.5673
6317,143.69,0.4432
6318,12.02,0.4846
6319,4.22,0.4262
6320,208.64,0.3452
6321,137.36,0.3383
6322,56.64,0.3608
6323,4.58,0.1793
6324,28.42,0.1031
6325,13.61,0.0561
6326,55.52,0.2433
6327,6.1,0.3577
6328,205.74,0.4638
6329,151.35,0.4321
6330,127.62,0.5505
6331,21.46,0.4942
6332,133.28,0.4887
6333,145.34,0.5064
6334,145.35,0.6051
6335,146.63,0.5137
6336,127.51,0.416
6337,35.16,0.4121
6338,40.38,0.3132
6339,141.09,0.2313
6340,40.36,0.2165
6341,39.58,0.229
6342,19.27,0.1071
6343,53.72,0.104
6344,10.14,0.1172
6345,37.03,0.1088
6346,53.76,0.2588
6347,10.27,0.3821
6348,214.87,0.3916
6349,142.63,0.3507
6350,47.18,0.5351
6351,9.88,0.5281
6352,208.44,0.5251
6353,207.26,0.6106
6354,139.48,0.6924
6355,138.97,0.5078
6356,97.85,0.3268
6357,10.06,0.2154
6358,12.76,0.1422
6359,19.86,0.2481
6360,60.26,0.4227
6361,211.67,0.4337
6362,197.57,0.4977
6363,24.65,0.5715
6364,88.61,0.4943
6365,139.59,0.3517
6366,128.68,0.3401
6367,44.32,0.3854
6368,12.22,0.375
6369,137.3,0.2835
6370,128.41,0.2542
6371,30.4,0.285
6372,12.84,0.1663
6373,45.23,0.2668
6374,9.81,0.4615
6375,236.44,0.5028
6376,239.56,0.4642
6377,57.26,0.4622
6378,3.7,0.263
6379,7.67,0.084
6380,22.4,0.0719
6381,47.2,0.0754
6382,44.34,0.0746
6383,7.4,0.0637
6384,6.84,0.0659
6385,10.67,0.0417
6386,49.59,0.0471
6387,18.27,0.218
6388,13.28,0.3579
6389,190.39,0.3629
6390,160.99,0.3563
6391,55.0,0.5272
6392,11.21,0.4812
6393,196.88,0.4521
6394,140.93,0.5242
6395,129.73,0.6977
6396,132.51,0.6478
6397,197.6,0.6393
6398,143.3,0.5435
6399,131.72,0.4657
6400,26.79,0.2862
6401,48.94,0.3624
6402,4.75,0.428
6403,225.21,0.5494
6404,202.17,0.545
6405,157.26,0.5481
6406,44.22,0.3442
6407,8.04,0.3716
6408,6.18,0.3491
6409,231.6,0.4438
6410,133.06,0.4774
6411,145.92,0.4808
6412,44.16,0.4647
6413,9.8,0.5604
6414,214.31,0.5776
6415,235.88,0.6634
6416,164.4,0.6715
6417,136.44,0.4768
6418,18.49,0.3155
6419,5.1,0.1968
6420,62.57,0.2231
6421,36.83,0.3636
6422,164.67,0.3718
6423,169.55,0.344
6424,13.84,0.5055
6425,32.69,0.5557
6426,210.38,0.4041
6427,218.6,0.4161
6428,6.68,0.577
6429,26.76,0.5174
6430,205.58,0.4384
6431,146.28,0.5307
6432,133.74,0.7139
6433,105.9,0.687
6434,223.54,0.6834
6435,176.64,0.6965
6436,142.47,0.6564
6437,147.75,0.4521
6438,62.82,0.3358
6439,4.11,0.2132
6440,51.64,0.0893
6441,10.74,0.0432
6442,14.58,0.0737
6443,13.38,0.0492
6444,36.8,0.2277
6445,25.4,0.3527
6446,202.46,0.3447
6447,148.96,0.3317
6448,4.76,0.3603
6449,22.78,0.3979
6450,56.14,0.2892
6451,242.92,0.2938
6452,32.14,0.4133
6453,9.72,0.4798
6454,151.14,0.3779
6455,127.63,0.4814
6456,133.4,0.5845
6457,143.33,0.4918
6458,120.51,0.5358
6459,51.51,0.5577
6460,175.0,0.5694
6461,156.88,0.6788
6462,155.92,0.8521
6463,238.02,0.7469
6464,237.73,0.6311
6465,62.0,0.5127
6466,32.4,0.3048
6467,28.74,0.0956
6468,14.56,0.0549
6469,13.02,0.1499
6470,18.24,0.2934
6471,134.44,0.2818
6472,183.0,0.2922
6473,2.07,0.495
6474,24.22,0.5689
6475,236.12,0.5511
6476,213.86,0.5613
6477,163.85,0.5911
6478,13.08,0.3877
6479,56.22,0.3388
6480,17.57,0.3443
6481,161.32,0.4586
6482,169.72,0.5239
6483,135.96,0.564
6484,126.35,0.423
6485,60.66,0.4559
6486,9.84,0.4768
6487,205.02,0.4116
6488,158.49,0.397
6489,56.23,0.519
6490,45.02,0.4825
6491,140.91,0.3383
6492,165.81,0.318
6493,3.48,0.3168
6494,34.51,0.2415
6495,43.73,0.2832
6496,60.0,0.4408
6497,210.58,0.4186
6498,172.8,0.4266
6499,10.64,0.3798
6500,52.4,0.2179
6501,9.69,0.0669
6502,36.62,0.0943
6503,10.5,0.0603
6504,40.14,0.0993
6505,15.88,0.0732
6506,51.52,0.0855
6507,8.64,0.0598
6508,23.67,0.1007
6509,12.51,0.2503
6510,59.88,0.3738
6511,212.28,0.4831
6512,141.24,0.4836
6513,141.2,0.4397
6514,12.97,0.4299
6515,12.79,0.4318
6516,201.71,0.4455
6517,143.29,0.5634
6518,155.86,0.6165
6519,139.7,0.562
6520,69.85,0.5796
6521,143.17,0.584
6522,162.16,0.5855
6523,160.62,0.6684
6524,141.29,0.6955
6525,158.94,0.687
6526,172.24,0.6792
6527,153.04,0.6058
6528,152.23,0.5102
6529,62.52,0.3604
6530,56.22,0.4269
6531,11.22,0.4677
6532,224.5,0.468
6533,196.09,0.5267
6534,62.8,0.7309
6535,119.35,0.7371
6536,230.55,0.6948
6537,231.19,0.8108
6538,150.62,0.7227
6539,187.42,0.547
6540,24.69,0.3431
6541,41.77,0.2194
6542,12.1,0.1693
6543,17.71,0.2774
6544,133.66,0.383
6545,140.87,0.5539
6546,155.23,0.5408
6547,195.68,0.4736
6548,3.64,0.3787
6549,61.42,0.289
6550,38.94,0.1107
6551,58.9,0.237
6552,4.06,0.2766
6553,139.35,0.2718
6554,103.95,0.2427
6555,33.73,0.2471
6556,27.71,0.1334
6557,8.78,0.1986
6558,17.13,0.295
6559,173.99,0.2851
6560,137.34,0.3241
6561,17.11,0.3174
6562,50.7,0.1891
6563,9.93,0.1075
6564,36.16,0.0937
6565,49.64,0.0791
6566,2.2,0.0792
6567,35.09,0.1016
6568,10.06,0.0595
6569,60.13,0.0865
6570,4.41,0.2512
6571,31.25,0.3999
6572,212.07,0.3502
6573,169.81,0.3716
6574,6.77,0.3538
6575,27.34,0.3021
6576,12.17,0.3273
6577,156.51,0.4603
6578,196.87,0.5277
6579,149.72,0.5264
6580,99.68,0.3889
6581,10.8,0.3355
6582,8.8,0.3221
6583,139.51,0.3563
6584,135.29,0.475
6585,136.46,0.5957
6586,138.24,0.5884
6587,138.51,0.5847
6588,131.75,0.5832
6589,131.22,0.4586
6590,134.94,0.365
6591,4.33,0.4336
6592,37.91,0.4381
6593,205.45,0.3481
6594,136.09,0.3993
6595,38.22,0.4451
6596,59.38,0.3852
6597,87.1,0.4011
6598,141.13,0.4982
6599,153.13,0.5754
6600,142.6,0.7123
6601,142.33,0.7287
6602,234.13,0.5988
6603,158.78,0.5167
6604,13.5,0.4091
6605,54.41,0.2517
6606,26.72,0.1134
6607,65.03,0.1577
6608,10.18,0.1693
6609,61.12,0.1549
6610,66.82,0.1189
6611,11.29,0.234
6612,26.32,0.304
6613,133.81,0.2845
6614,136.4,0.2838
6615,45.85,0.3916
6616,10.53,0.3967
6617,142.21,0.4744
6618,139.28,0.636
6619,219.87,0.8289
6620,219.48,0.8755
6621,217.79,0.8442
6622,192.27,0.6866
6623,105.62,0.6108
6624,50.59,0.5467
6625,138.02,0.5075
6626,148.86,0.4203
6627,150.22,0.4228
6628,11.92,0.3121
6629,53.21,0.2097
6630,19.13,0.0811
6631,38.82,0.1032
6632,12.1,0.1803
6633,35.63,0.2897
6634,136.04,0.2649
6635,136.69,0.2635
6636,12.16,0.4064
6637,10.61,0.4757
6638,189.19,0.5344
6639,210.5,0.7188
6640,199.75,0.7477
6641,210.31,0.5791
6642,41.58,0.5807
6643,8.08,0.547
6644,212.19,0.4042
6645,163.62,0.3686
6646,56.78,0.3822
6647,3.35,0.1965
6648,22.7,0.1584
6649,12.67,0.2389
6650,122.72,0.2377
6651,143.26,0.2768
6652,2.09,0.4387
6653,64.67,0.5106
6654,186.64,0.3818
6655,199.95,0.4357
6656,4.92,0.5919
6657,59.94,0.5784
6658,232.56,0.5493
6659,172.07,0.7204
6660,168.66,0.6708
6661,188.78,0.5064
6662,6.68,0.3883
6663,55.93,0.2686
6664,45.18,0.1017
6665,40.01,0.106
6666,9.52,0.197
6667,11.25,0.2864
6668,153.7,0.4132
6669,141.22,0.549
6670,176.29,0.6765
6671,155.45,0.5476
6672,148.22,0.4856
6673,15.22,0.4453
6674,74.53,0.3278
6675,133.05,0.2031
6676,29.17,0.2391
6677,14.27,0.3708
6678,53.89,0.4444
6679,216.04,0.6139
6680,212.12,0.7168
6681,211.28,0.684
6682,124.82,0.543
6683,18.61,0.3826
6684,64.61,0.2071
6685,39.72,0.0979
6686,22.72,0.0927
6687,7.54,0.058
6688,13.02,0.0434
6689,27.28,0.2168
6690,24.12,0.376
6691,208.95,0.4477
6692,178.59,0.4248
6693,90.12,0.5961
6694,2.6,0.5419
6695,208.24,0.3866
6696,150.71,0.3544
6697,11.71,0.4803
6698,55.48,0.4068
6699,137.93,0.3891
6700,129.28,0.5001
6701,131.71,0.455
6702,130.94,0.3811
6703,7.06,0.3923
6704,58.47,0.3965
6705,141.34,0.422
6706,136.25,0.5477
6707,158.26,0.5317
6708,142.13,0.4314
6709,41.35,0.3134
6710,33.52,0.17
6711,9.47,0.0775
6712,4.18,0.0769
6713,42.74,0.1724
6714,40.75,0.3119
6715,136.12,0.4415
6716,159.32,0.4142
6717,143.38,0.4191
6718,13.47,0.3023
6719,45.99,0.2806
6720,10.65,0.2709
6721,135.96,0.3844
6722,133.04,0.3629
6723,135.38,0.3987
6724,22.92,0.2807
6725,49.14,0.1756
6726,9.16,0.0692
6727,20.1,0.1068
6728,21.09,0.115
6729,63.28,0.1142
6730,57.88,0.1071
6731,8.3,0.099
6732,12.58,0.0593
6733,12.32,0.0135
6734,20.66,0.1299
6735,8.69,0.2547
6736,133.31,0.2541
6737,146.65,0.244
6738,11.68,0.4351
6739,9.82,0.487
6740,214.03,0.5323
6741,189.1,0.6338
6742,195.3,0.6339
6743,120.74,0.4624
6744,9.94,0.2978
6745,29.76,0.1532
6746,12.21,0.0548
6747,39.92,0.0714
6748,15.03,0.186
6749,27.78,0.3781
6750,152.86,0.5318
6751,218.65,0.7177
6752,205.1,0.7383
6753,214.76,0.6185
6754,49.9,0.5848
6755,24.1,0.5379
6756,182.46,0.3666
6757,154.7,0.3336
6758,30.69,0.4391
6759,14.53,0.4082
6760,137.39,0.3871
6761,149.26,0.4823
6762,132.05,0.5213
6763,133.04,0.4028
6764,56.39,0.4658
6765,10.05,0.5459
6766,216.92,0.5968
6767,218.1,0.763
6768,187.82,0.9684
6769,234.92,0.9547
6770,230.77,0.9108
6771,202.16,0.8788
6772,170.91,0.8371
6773,153.49,0.6652
6774,190.1,0.4824
6775,46.06,0.4506
6776,5.75,0.3821
6777,136.75,0.2483
6778,79.89,0.2196
6779,46.34,0.4138
6780,15.26,0.46
6781,214.39,0.554
6782,186.32,0.6488
6783,180.94,0.7015
6784,148.18,0.5061
6785,71.86,0.5397
6786,4.51,0.57
6787,222.42,0.6095
6788,213.43,0.5837
6789,190.66,0.5819
6790,44.13,0.4311
6791,2.56,0.4096
6792,60.44,0.3509
6793,190.36,0.3203
6794,127.56,0.5457
6795,11.2,0.6825
6796,244.77,0.6566
6797,207.4,0.5994
6798,162.59,0.6095
6799,66.03,0.5504
6800,22.08,0.5429
6801,181.3,0.5977
6802,199.28,0.694
6803,221.48,0.7216
6804,169.52,0.5632
6805,51.76,0.5062
6806,11.11,0.4325
6807,137.97,0.415
6808,142.34,0.4926
6809,150.7,0.5178
6810,135.15,0.398
6811,38.17,0.4766
6812,9.25,0.5606
6813,226.79,0.4828
6814,241.0,0.4532
6815,51.5,0.6362
6816,6.4,0.6159
6817,205.91,0.5708
6818,204.91,0.556
6819,192.55,0.621
6820,35.58,0.5526
6821,76.32,0.4863
6822,132.42,0.4598
6823,133.69,0.6307
6824,164.01,0.6959
6825,219.24,0.7284
6826,146.36,0.6607
6827,167.38,0.7259
6828,60.88,0.697
6829,234.07,0.6167
6830,188.19,0.4746
6831,60.13,0.5578
6832,14.71,0.4566
6833,150.22,0.3001
6834,125.34,0.2568
6835,20.06,0.362
6836,13.55,0.4049
6837,127.74,0.3485
6838,196.4,0.3347
6839,64.67,0.4423
6840,5.32,0.4565
6841,129.13,0.4488
6842,142.99,0.5164
6843,188.06,0.6459
6844,137.38,0.5337
6845,144.41,0.5001
6846,8.59,0.4462
6847,106.92,0.4445
6848,130.12,0.4616
6849,135.51,0.5811
6850,162.88,0.6235
6851,136.97,0.6506
6852,152.44,0.57
6853,159.26,0.4277
6854,48.88,0.3233
6855,10.01,0.1906
6856,24.83,0.1789
6857,9.77,0.3124
6858,146.75,0.3349
6859,192.26,0.3197
6860,34.18,0.4551
6861,8.55,0.4413
6862,155.28,0.3887
6863,131.84,0.483
6864,135.74,0.4815
6865,135.52,0.349
6866,6.95,0.362
6867,12.96,0.3732
6868,145.8,0.3865
6869,147.78,0.4216
6870,149.77,0.4209
6871,44.7,0.3385
6872,12.18,0.3595
6873,57.31,0.3528
6874,170.28,0.3631
6875,142.6,0.3563
6876,55.79,0.4379
6877,4.89,0.4737
6878,144.94,0.3482
6879,208.79,0.3104
6880,7.76,0.4155
6881,15.15,0.4856
6882,117.78,0.4963
6883,220.25,0.6799
6884,220.31,0.6702
6885,205.01,0.5989
6886,4.79,0.4324
6887,41.12,0.2848
6888,41.32,0.1056
6889,61.79,0.1127
6890,12.48,0.1981
6891,12.34,0.2922
6892,132.9,0.3534
6893,142.48,0.4652
6894,127.5,0.5833
6895,132.6,0.5112
6896,139.26,0.5482
6897,55.41,0.6446
6898,182.3,0.6508
6899,231.06,0.5395
6900,139.22,0.5033
6901,19.7,0.5132
6902,16.45,0.4258
6903,192.96,0.4148
6904,137.12,0.5154
6905,127.49,0.5125
6906,127.79,0.3592
6907,13.3,0.2508
6908,28.27,0.187
6909,20.64,0.0704
6910,58.98,0.0917
6911,2.41,0.0686
6912,36.2,0.1037
6913,3.44,0.1043
6914,58.35,0.2464
6915,59.64,0.2498
6916,155.06,0.2851
6917,39.92,0.3593
6918,41.4,0.4961
6919,138.06,0.3848
6920,206.6,0.368
6921,35.47,0.5202
6922,21.86,0.5821
6923,204.9,0.5169
6924,204.61,0.6492
6925,136.5,0.754
6926,177.69,0.7398
6927,134.45,0.5707
6928,189.6,0.4593
6929,22.92,0.4854
6930,16.8,0.5384
6931,205.8,0.4596
6932,191.4,0.5071
6933,104.86,0.503
6934,73.97,0.3611
6935,12.45,0.1956
6936,53.28,0.1467
6937,13.56,0.0883
6938,52.38,0.2033
6939,11.2,0.2411
6940,136.0,0.2643
6941,93.96,0.3582
6942,38.47,0.5287
6943,153.22,0.5249
6944,194.46,0.5742
6945,131.84,0.7514
6946,146.96,0.661
6947,228.86,0.624
6948,56.05,0.6385
6949,154.74,0.6401
6950,147.44,0.4389
6951,148.62,0.4284
6952,12.71,0.3062
6953,44.74,0.2164
6954,23.54,0.2055
6955,50.95,0.3353
6956,136.88,0.3029
6957,152.17,0.3438
6958,9.88,0.5034
6959,67.54,0.3802
6960,222.46,0.2973
6961,4.46,0.2912
6962,63.11,0.4137
6963,3.32,0.3336
6964,199.13,0.5058
6965,136.39,0.5409
6966,189.54,0.5787
6967,100.75,0.3959
6968,43.99,0.4758
6969,2.68,0.4579
6970,222.28,0.5421
6971,170.24,0.6307
6972,191.27,0.7766
6973,139.22,0.7515
6974,159.36,0.7528
6975,195.39,0.7013
6976,171.64,0.5853
6977,135.84,0.4844
6978,14.6,0.4321
6979,51.02,0.3924
6980,139.19,0.2782
6981,128.99,0.3177
6982,13.13,0.3251
6983,57.07,0.3864
6984,58.91,0.4609
6985,205.04,0.5867
6986,209.05,0.5657
6987,148.34,0.5557
6988,34.44,0.368
6989,48.26,0.3636
6990,3.3,0.3518
6991,204.31,0.4447
6992,135.66,0.5265
6993,134.31,0.658
6994,136.1,0.5945
6995,144.6,0.4784
6996,136.15,0.4035
6997,10.86,0.2954
6998,53.88,0.2356
6999,19.96,0.289
7000,80.34,0.4726
7001,193.49,0.4304
7002,208.16,0.4671
7003,8.49,0.4015
7004,59.38,0.368
7005,9.87,0.323
7006,157.51,0.4439
7007,159.78,0.4094
7008,138.38,0.4116
7009,22.38,0.3053
7010,12.19,0.1675
7011,43.26,0.0568
7012,11.74,0.0473
7013,19.46,0.0463
7014,12.19,0.0235
7015,11.13,0.0525
7016,18.73,0.0865
7017,42.93,0.0846
7018,55.94,0.0942
7019,10.12,0.2384
7020,21.52,0.3319
7021,173.62,0.2892
7022,143.44,0.3181
7023,10.0,0.4852
7024,41.18,0.507
7025,201.06,0.5036
7026,197.03,0.6254
7027,139.8,0.6012
7028,140.86,0.436
7029,15.23,0.2588
7030,23.51,0.1909
7031,6.64,0.1027
7032,66.92,0.1265
7033,46.1,0.1128
7034,40.74,0.1178
7035,8.81,0.1701
7036,11.99,0.2589
7037,123.14,0.2433
7038,141.47,0.2482
7039,24.05,0.2529
7040,14.06,0.2668
7041,17.0,0.2633
7042,138.11,0.2505
7043,137.71,0.3366
7044,10.3,0.4519
7045,106.5,0.4571
7046,140.93,0.5033
7047,143.72,0.6173
7048,187.3,0.5285
7049,132.81,0.589
7050,11.12,0.5817
7051,205.89,0.5397
7052,135.91,0.5485
7053,142.15,0.6688
7054,142.24,0.6049
7055,140.46,0.5161
7056,137.22,0.4177
7057,40.43,0.2895
7058,36.42,0.1636
7059,4.55,0.1893
7060,5.15,0.3294
7061,164.86,0.3592
7062,190.95,0.3625
7063,68.43,0.3862
7064,8.12,0.3869
7065,30.56,0.3457
7066,165.6,0.4404
7067,146.78,0.5728
7068,170.13,0.5523
7069,150.4,0.4565
7070,8.56,0.3386
7071,62.62,0.239
7072,20.05,0.3064
7073,63.21,0.5252
7074,222.78,0.4776
7075,243.69,0.5144
7076,11.38,0.509
7077,59.61,0.3346
7078,57.4,0.1218
7079,35.41,0.1167
7080,15.02,0.2249
7081,5.94,0.298
7082,175.9,0.3099
7083,135.92,0.3065
7084,48.24,0.3152
7085,11.33,0.1655
7086,15.22,0.2062
7087,15.07,0.2874
7088,179.7,0.2935
7089,135.46,0.2883
7090,17.94,0.3354
7091,9.66,0.2192
7092,65.6,0.096
7093,54.83,0.1333
7094,3.13,0.1282
7095,57.98,0.101
7096,4.23,0.0612
7097,36.38,0.0642
7098,12.08,0.0243
7099,6.3,0.0437
7100,15.07,0.1409
7101,25.1,0.258
7102,140.8,0.3634
7103,137.93,0.352
7104,119.5,0.4528
7105,2.85,0.5438
7106,133.4,0.5918
7107,238.59,0.6504
7108,189.5,0.7727
7109,182.49,0.6615
7110,134.3,0.4844
7111,13.89,0.3184
7112,48.24,0.1814
7113,11.2,0.0687
7114,35.31,0.1117
7115,13.15,0.2678
7116,60.14,0.379
7117,215.97,0.3489
7118,130.66,0.3584
7119,2.94,0.3218
7120,23.35,0.1795
7121,20.84,0.1835
7122,63.04,0.3153
7123,135.04,0.3104
7124,144.52,0.3057
7125,18.12,0.37
7126,15.7,0.3711
7127,132.19,0.365
7128,136.17,0.4825
7129,138.0,0.5729
7130,144.38,0.4614
7131,112.84,0.4617
7132,12.37,0.5
7133,136.44,0.3973
7134,179.16,0.2947
7135,34.02,0.3393
7136,2.67,0.3347
7137,60.26,0.2972
7138,131.52,0.3962
7139,138.81,0.4135
7140,140.47,0.3992
7141,21.2,0.4989
7142,44.94,0.5
7143,238.67,0.3838
7144,139.93,0.4105
7145,15.63,0.5568
7146,49.84,0.5108
7147,202.16,0.5091
7148,189.28,0.6192
7149,138.07,0.6102
7150,133.92,0.4404
7151,40.17,0.3918
7152,19.71,0.3821
7153,137.08,0.3883
7154,127.71,0.4815
7155,140.56,0.5926
7156,140.25,0.5853
7157,139.16,0.5913
7158,129.19,0.5894
7159,134.2,0.5844
7160,138.51,0.4833
7161,134.8,0.3728
7162,30.62,0.4307
7163,10.4,0.3927
7164,196.39,0.3022
7165,97.72,0.3305
7166,37.57,0.514
7167,61.03,0.5092
7168,207.52,0.5602
7169,191.24,0.6562
7170,152.49,0.7272
7171,140.74,0.6563
7172,137.34,0.5077
7173,131.37,0.3782
7174,31.56,0.2921
7175,13.32,0.1711
7176,48.28,0.117
7177,7.33,0.0955
7178,73.23,0.1241
7179,8.41,0.0908
7180,44.11,0.1533
7181,12.53,0.2879
7182,74.42,0.402
7183,217.88,0.5022
7184,130.97,0.5047
7185,151.74,0.4464
7186,15.23,0.3715
7187,11.78,0.3776
7188,137.48,0.4283
7189,137.5,0.5611
7190,206.16,0.6089
7191,157.99,0.5018
7192,63.15,0.5123
7193,22.36,0.4438
7194,148.77,0.3307
7195,132.57,0.2847
7196,36.49,0.3013
7197,13.68,0.1753
7198,40.17,0.081
7199,13.39,0.0621
7200,31.26,0.0956
7201,16.18,0.0677
7202,49.75,0.2622
7203,10.15,0.3998
7204,222.4,0.5375
7205,179.1,0.5158
7206,164.12,0.5825
7207,26.48,0.5348
7208,81.75,0.5266
7209,171.15,0.5137
7210,170.35,0.664
7211,150.26,0.6402
7212,187.92,0.4868
7213,56.21,0.4577
7214,6.34,0.4465
7215,139.07,0.3951
7216,138.24,0.4902
7217,132.66,0.6147
7218,158.4,0.6345
7219,140.05,0.6721
7220,160.41,0.7155
7221,178.62,0.6277
7222,179.34,0.504
7223,64.05,0.522
7224,7.12,0.4409
7225,179.75,0.2819
7226,91.5,0.3665
7227,8.52,0.4901
7228,154.86,0.4893
7229,139.94,0.5465
7230,178.95,0.661
7231,152.87,0.6826
7232,131.63,0.61
7233,178.0,0.4679
7234,62.01,0.3736
7235,26.2,0.4691
7236,51.58,0.5001
7237,234.25,0.4765
7238,211.31,0.4558
7239,36.62,0.4696
7240,3.96,0.2577
7241,66.45,0.1017
7242,6.55,0.0796
7243,43.72,0.2015
7244,12.85,0.2735
7245,134.99,0.2982
7246,143.72,0.2696
7247,33.17,0.3973
7248,12.97,0.4782
7249,150.01,0.5559
7250,221.9,0.6638
7251,227.18,0.678
7252,149.17,0.5421
7253,28.26,0.4684
7254,3.96,0.4201
7255,142.74,0.4091
7256,175.28,0.5163
7257,137.31,0.6369
7258,143.46,0.6292
7259,133.54,0.5971
7260,134.44,0.5971
7261,140.76,0.5913
7262,137.33,0.5211
7263,137.26,0.398
7264,58.11,0.4754
7265,2.22,0.4665
7266,223.88,0.3983
7267,127.8,0.3535
7268,63.99,0.5349
7269,9.96,0.4609
7270,197.06,0.4945
7271,144.37,0.4464
7272,163.98,0.4434
7273,12.28,0.3077
7274,6.68,0.3235
7275,51.34,0.3369
7276,161.31,0.4932
7277,178.39,0.6739
7278,180.25,0.8184
7279,200.82,0.8207
7280,206.55,0.7089
7281,163.84,0.5463
7282,58.21,0.3919
7283,5.52,0.2813
7284,34.94,0.3012
7285,87.74,0.3754
7286,185.26,0.3983
7287,137.91,0.3771
7288,30.15,0.4259
7289,12.12,0.3831
7290,140.12,0.3846
7291,139.28,0.5241
7292,139.55,0.5231
7293,180.0,0.4007
7294,11.1,0.4902
7295,8.65,0.5346
7296,235.42,0.3952
7297,187.26,0.3991
7298,30.21,0.3964
7299,15.32,0.2233
7300,5.74,0.0744
7301,49.39,0.2398
7302,27.32,0.256
7303,207.87,0.262
7304,32.72,0.3413
7305,12.24,0.4423
7306,134.56,0.3574
7307,135.84,0.3606
7308,116.64,0.3656
7309,36.17,0.3954
7310,17.62,0.4398
7311,166.51,0.5011
7312,183.54,0.6071
7313,182.56,0.6003
7314,150.09,0.4848
7315,10.24,0.3264
7316,42.45,0.1636
7317,13.38,0.0369
7318,7.58,0.1109
7319,13.96,0.2667
7320,89.81,0.3838
7321,209.86,0.5391
7322,139.17,0.535
7323,174.49,0.4903
7324,9.5,0.3278
7325,41.79,0.3976
7326,35.26,0.3246
7327,214.16,0.3339
7328,96.04,0.4122
7329,19.53,0.5173
7330,125.93,0.4484
7331,148.18,0.532
7332,140.12,0.647
7333,185.88,0.7614
7334,143.08,0.7431
7335,248.79,0.6627
7336,128.6,0.4915
7337,53.68,0.3725
7338,1.99,0.1642
7339,15.2,0.2481
7340,24.95,0.3273
7341,218.75,0.4733
7342,138.75,0.6054
7343,158.88,0.5945
7344,157.14,0.4301
7345,13.28,0.4083
7346,42.06,0.4089
7347,115.36,0.2645
7348,159.52,0.2936
7349,2.02,0.2595
7350,44.49,0.2079
7351,5.39,0.0667
7352,59.96,0.256
7353,7.82,0.2951
7354,205.34,0.3385
7355,86.6,0.4559
7356,52.03,0.641
7357,186.07,0.6118
7358,206.66,0.7056
7359,173.95,0.7982
7360,187.46,0.7616
7361,151.52,0.573
7362,146.76,0.4191
7363,3.98,0.2873
7364,8.6,0.18
7365,45.82,0.1743
7366,36.28,0.3029
7367,140.59,0.2972
7368,142.18,0.306
7369,2.48,0.2977
7370,55.29,0.2314
7371,27.34,0.3136
7372,69.38,0.4496
7373,230.5,0.4027
7374,148.55,0.4241
7375,4.91,0.3699
7376,50.34,0.1745
7377,11.12,0.0486
7378,20.61,0.0864
7379,13.27,0.0677
7380,45.53,0.0924
7381,30.16,0.0818
7382,37.72,0.0764
7383,9.2,0.0549
7384,7.49,0.0699
7385,22.42,0.0643
7386,46.32,0.2425
7387,31.7,0.3679
7388,200.67,0.3589
7389,142.15,0.3319
7390,12.83,0.4226
7391,17.21,0.4233
7392,129.2,0.3053
7393,201.46,0.3347
7394,15.36,0.3243
7395,44.38,0.2653
7396,6.04,0.0802
7397,65.85,0.0989
7398,2.52,0.0701
7399,35.48,0.1276
7400,13.43,0.0869
7401,67.85,0.0987
7402,22.04,0.2057
7403,15.28,0.2994
7404,150.43,0.2505
7405,114.13,0.2442
7406,15.3,0.4226
7407,15.22,0.4751
7408,207.04,0.4164
7409,206.77,0.4655
7410,51.07,0.5865
7411,68.11,0.5869
7412,145.2,0.5412
7413,207.5,0.6214
7414,157.61,0.6904
7415,137.28,0.6822
7416,142.24,0.5004
7417,136.32,0.3856
7418,12.22,0.3846
7419,34.2,0.3827
7420,136.24,0.3936
7421,140.17,0.4214
7422,148.09,0.3992
7423,42.05,0.3332
7424,10.32,0.2455
7425,65.36,0.15
7426,45.97,0.1141
7427,45.44,0.2836
7428,3.51,0.3561
7429,192.39,0.3532
7430,143.29,0.3672
7431,42.86,0.3675
7432,60.46,0.2174
7433,3.83,0.2292
7434,31.1,0.3323
7435,156.0,0.287
7436,153.62,0.3153
7437,11.86,0.2986
7438,34.2,0.1843
7439,13.14,0.0536
7440,33.15,0.0951
7441,13.19,0.073
7442,56.52,0.0858
7443,10.45,0.0684
7444,26.89,0.1139
7445,14.42,0.0728
7446,62.13,0.1169
7447,12.32,0.228
7448,57.84,0.2675
7449,146.25,0.2263
7450,56.82,0.2274
7451,17.96,0.3668
7452,13.47,0.367
7453,207.66,0.4577
7454,146.43,0.5698
7455,154.22,0.5636
7456,138.49,0.399
7457,6.79,0.4507
7458,30.8,0.5182
7459,201.97,0.5192
7460,226.76,0.6471
7461,139.5,0.759
7462,144.19,0.6963
7463,151.14,0.6309
7464,134.59,0.647
7465,156.47,0.5702
7466,156.81,0.4514
7467,61.64,0.4992
7468,23.47,0.4774
7469,185.99,0.3835
7470,133.09,0.3644
7471,55.87,0.3673
7472,41.07,0.3271
7473,26.63,0.3277
7474,142.82,0.4007
7475,133.68,0.4914
7476,134.34,0.5949
7477,138.56,0.6108
7478,137.8,0.5009
7479,159.87,0.4311
7480,15.61,0.4276
7481,59.35,0.4148
7482,134.77,0.273
7483,124.08,0.3182
7484,7.57,0.4274
7485,64.11,0.4704
7486,176.74,0.3675
7487,180.98,0.5002
7488,13.44,0.5808
7489,150.15,0.5247
7490,150.72,0.3683
7491,116.44,0.4773
7492,12.94,0.4648
7493,130.54,0.4529
7494,136.81,0.5588
7495,137.93,0.776
7496,230.16,0.8604
7497,246.33,0.8616
7498,221.28,0.7524
7499,138.0,0.5932
7500,20.6,0.3711
7501,59.19,0.2023
7502,7.69,0.2224
7503,39.94,0.3414
7504,159.52,0.2938
7505,148.52,0.3276
7506,8.04,0.2999
7507,44.01,0.2039
7508,10.16,0.2038
7509,56.34,0.3583
7510,148.39,0.3218
7511,174.04,0.3234
7512,4.86,0.2922
7513,11.85,0.2036
7514,22.86,0.2388
7515,53.17,0.3861
7516,211.86,0.4814
7517,163.07,0.4697
7518,114.3,0.4685
7519,10.25,0.2943
7520,51.92,0.1971
7521,24.65,0.1016
7522,58.62,0.1237
7523,11.71,0.0878
7524,34.04,0.107
7525,13.3,0.0632
7526,45.26,0.089
7527,11.59,0.0595
7528,39.44,0.1096
7529,2.34,0.2027
7530,67.09,0.4194
7531,145.3,0.3863
7532,244.51,0.5923
7533,3.82,0.727
7534,223.67,0.7457
7535,211.83,0.6926
7536,165.39,0.7078
7537,187.48,0.5433
7538,20.13,0.554
7539,46.96,0.5459
7540,223.32,0.5016
7541,156.68,0.6666
7542,139.81,0.7299
7543,197.48,0.5631
7544,114.96,0.4859
7545,44.08,0.3594
7546,73.72,0.2175
7547,3.97,0.123
7548,44.95,0.1083
7549,13.42,0.1772
7550,28.34,0.2698
7551,147.68,0.2405
7552,103.55,0.2816
7553,13.41,0.4614
7554,57.6,0.5227
7555,221.47,0.6402
7556,213.58,0.8427
7557,229.83,0.8074
7558,230.96,0.6474
7559,19.67,0.5061
7560,49.57,0.3067
7561,61.73,0.1045
7562,15.58,0.0965
7563,13.73,0.0964
7564,11.09,0.0515
7565,49.5,0.2137
7566,13.43,0.3371
7567,189.89,0.4527
7568,146.33,0.4104
7569,135.23,0.6083
7570,4.11,0.5656
7571,226.08,0.4544
7572,143.99,0.3313
7573,26.79,0.3865
7574,2.96,0.3537
7575,63.48,0.3957
7576,190.77,0.5458
7577,189.18,0.5736
7578,188.04,0.5378
7579,32.83,0.3705
7580,25.01,0.2049
7581,10.99,0.0402
7582,11.25,0.0391
7583,11.09,0.1563
7584,31.71,0.2848
7585,150.92,0.3682
7586,149.0,0.3598
7587,100.96,0.3841
7588,1.97,0.2622
7589,57.87,0.3198
7590,19.89,0.4096
7591,210.87,0.5352
7592,197.48,0.494
7593,136.9,0.5122
7594,13.69,0.3261
7595,39.44,0.2592
7596,10.88,0.2593
7597,125.56,0.4214
7598,137.07,0.4157
7599,187.83,0.4378
7600,33.37,0.4555
7601,34.6,0.554
7602,144.57,0.564
7603,242.9,0.6685
7604,198.56,0.6959
7605,145.69,0.5655
7606,64.05,0.3553
7607,4.39,0.1826
7608,17.07,0.0873
7609,13.02,0.0337
7610,43.23,0.1576
7611,6.56,0.2666
7612,137.45,0.3414
7613,134.18,0.3113
7614,93.37,0.3591
7615,10.88,0.2348
7616,57.94,0.2438
7617,3.92,0.2978
7618,143.84,0.4321
7619,151.44,0.3906
7620,155.08,0.4009
7621,13.42,0.2954
7622,14.95,0.167
7623,30.49,0.0358
7624,13.47,0.0376
7625,14.16,0.0272
7626,15.29,0.0192
7627,3.85,0.0453
7628,21.8,0.0879
7629,41.53,0.0802
7630,59.98,0.2215
7631,6.97,0.3365
7632,155.76,0.3372
7633,145.35,0.2872
7634,42.25,0.407
7635,6.23,0.3861
7636,135.72,0.3992
7637,133.3,0.4975
7638,159.42,0.6676
7639,147.93,0.6868
7640,188.9,0.5871
7641,156.4,0.4533
7642,26.22,0.3724
7643,15.59,0.4039
7644,61.07,0.4167
7645,222.66,0.5516
7646,170.2,0.6877
7647,171.14,0.7533
7648,161.78,0.733
7649,131.61,0.6317
7650,200.82,0.4777
7651,61.36,0.5046
7652,5.7,0.5094
7653,190.69,0.3757
7654,136.72,0.3238
7655,57.16,0.5131
7656,5.64,0.4548
7657,209.1,0.4696
7658,128.1,0.5997
7659,152.62,0.6507
7660,196.84,0.4589
7661,60.48,0.363
7662,2.98,0.2426
7663,25.06,0.25
7664,23.31,0.204
7665,204.82,0.2144
7666,11.02,0.229
7667,14.1,0.3476
7668,40.82,0.2916
7669,150.71,0.2951
7670,144.72,0.3247
7671,14.76,0.4639
7672,45.82,0.4516
7673,190.47,0.3782
7674,137.46,0.3722
7675,65.84,0.3658
7676,8.33,0.1932
7677,38.97,0.2524
7678,5.04,0.3217
7679,201.04,0.3485
7680,140.27,0.325
7681,37.16,0.3624
7682,13.72,0.1843
7683,45.25,0.0882
7684,9.62,0.0662
7685,37.02,0.0753
7686,13.5,0.0519
7687,23.48,0.1003
7688,20.09,0.1144
7689,61.72,0.1355
7690,52.12,0.1284
7691,36.2,0.2687
7692,15.8,0.3603
7693,170.84,0.4592
7694,160.13,0.4581
7695,158.46,0.4496
7696,34.97,0.4185
7697,6.72,0.3963
7698,137.42,0.3834
7699,136.29,0.5418
7700,144.53,0.5846
7701,205.16,0.4609
7702,52.69,0.3923
7703,4.58,0.292
7704,62.58,0.1506
7705,36.74,0.1118
7706,53.18,0.1189
7707,11.08,0.0755
7708,12.22,0.1679
7709,15.95,0.1275
7710,135.96,0.1258
7711,9.76,0.1692
7712,9.3,0.284
7713,58.84,0.2681
7714,139.3,0.2681
7715,118.87,0.483
7716,9.78,0.6277
7717,240.21,0.7017
7718,214.25,0.7523
7719,218.8,0.862
7720,173.27,0.7688
7721,127.66,0.6853
7722,140.04,0.5231
7723,124.58,0.3724
7724,44.5,0.2808
7725,11.3,0.1619
7726,29.28,0.175
7727,12.28,0.2618
7728,138.72,0.2846
7729,137.76,0.2688
7730,35.81,0.2614
7731,12.21,0.153
7732,4.34,0.2234
7733,22.26,0.3308
7734,213.41,0.3423
7735,151.21,0.3585
7736,24.54,0.475
7737,21.76,0.4231
7738,147.42,0.4319
7739,157.68,0.5374
7740,160.68,0.5818
7741,137.9,0.4642
7742,69.48,0.3321
7743,21.05,0.2044
7744,15.72,0.0901
7745,23.42,0.1757
7746,15.1,0.3007
7747,161.49,0.342
7748,155.31,0.4082
7749,60.18,0.5406
7750,94.48,0.5373
7751,157.44,0.4077
7752,157.92,0.4818
7753,16.08,0.5205
7754,139.7,0.3808
7755,136.12,0.2439
7756,7.29,0.2641
7757,10.82,0.1896
7758,37.79,0.286
7759,59.71,0.4063
7760,239.63,0.4009
7761,136.63,0.4201
7762,5.01,0.3906
7763,58.45,0.232
7764,27.98,0.1168
7765,69.19,0.1277
7766,12.89,0.0896
7767,16.65,0.0827
7768,17.52,0.0325
7769,20.66,0.0303
7770,15.16,0.0316
7771,10.55,0.0585
7772,18.06,0.0579
7773,46.47,0.2377
7774,20.02,0.4213
7775,208.29,0.4105
7776,207.81,0.3867
7777,6.52,0.5305
7778,20.81,0.4732
7779,174.53,0.4119
7780,146.71,0.5289
7781,142.03,0.5208
7782,132.24,0.4042
7783,12.08,0.2807
7784,49.26,0.197
7785,14.01,0.1979
7786,52.03,0.3159
7787,133.25,0.2788
7788,138.84,0.3217
7789,9.38,0.2834
7790,60.18,0.1845
7791,10.83,0.0611
7792,27.05,0.0882
7793,6.25,0.1614
7794,38.47,0.2919
7795,138.87,0.4064
7796,151.02,0.4158
7797,150.08,0.5254
7798,16.28,0.5419
7799,156.23,0.5365
7800,156.62,0.5498
7801,145.27,0.6741
7802,164.35,0.6684
7803,149.87,0.5303
7804,150.04,0.4195
7805,8.23,0.2698
7806,26.2,0.1892
7807,3.54,0.0733
7808,63.24,0.2534
7809,25.53,0.3043
7810,201.71,0.3622
7811,80.92,0.313
7812,65.76,0.3378
7813,10.41,0.1602
7814,52.17,0.2153
7815,10.88,0.2798
7816,140.06,0.3159
7817,135.14,0.4581
7818,49.18,0.6119
7819,204.92,0.7069
7820,176.12,0.7603
7821,242.17,0.8985
7822,192.49,0.7533
7823,197.66,0.6531
7824,48.95,0.5567
7825,68.44,0.5107
7826,138.66,0.3307
7827,142.99,0.3319
7828,4.34,0.2745
7829,50.21,0.1817
7830,6.78,0.191
7831,38.96,0.3464
7832,152.92,0.3187
7833,171.32,0.3705
7834,20.5,0.3845
7835,62.44,0.4249
7836,53.96,0.3213
7837,196.28,0.3582
7838,60.02,0.4964
7839,60.15,0.6301
7840,211.0,0.5754
7841,197.55,0.6475
7842,137.51,0.7667
7843,137.47,0.6982
7844,188.23,0.5181
7845,137.4,0.4211
7846,4.09,0.4275
7847,33.3,0.3968
7848,144.36,0.4565
7849,155.15,0.669
7850,201.56,0.6482
7851,232.42,0.5626
7852,10.94,0.4243
7853,52.45,0.2728
7854,6.53,0.1765
7855,38.73,0.2913
7856,129.01,0.2503
7857,134.28,0.283
7858,8.38,0.2574
7859,41.69,0.2765
7860,11.2,0.3042
7861,149.52,0.5131
7862,164.07,0.5117
7863,232.83,0.5125
7864,40.16,0.3769
7865,12.1,0.2256
7866,3.81,0.0496
7867,1.46,0.2352
7868,43.73,0.35
7869,239.65,0.3531
7870,135.42,0.3967
7871,7.1,0.5112
7872,48.3,0.4823
7873,166.84,0.3601
7874,208.53,0.3954
7875,4.13,0.5816
7876,45.03,0.6199
7877,248.42,0.4524
7878,207.94,0.5039
7879,28.52,0.6736
7880,59.48,0.5793
7881,227.36,0.5841
7882,147.11,0.7123
7883,213.14,0.6645
7884,166.22,0.4765
7885,8.1,0.5094
7886,25.44,0.4393
7887,182.39,0.4354
7888,137.83,0.5463
7889,162.05,0.6812
7890,127.28,0.6663
7891,170.43,0.5717
7892,166.3,0.4868
7893,36.22,0.3779
7894,70.83,0.2624
7895,10.3,0.2434
7896,46.34,0.3738
7897,145.87,0.3182
7898,176.29,0.3318
7899,11.11,0.3024
7900,24.9,0.1868
7901,14.74,0.1461
7902,21.62,0.2692
7903,132.59,0.3213
7904,143.41,0.3102
7905,80.9,0.2931
7906,2.84,0.2138
7907,3.22,0.1251
7908,47.38,0.0655
7909,48.04,0.0692
7910,16.88,0.0774
7911,6.88,0.06
7912,12.03,0.0258
7913,28.62,0.041
7914,11.26,0.0475
7915,33.24,0.0521
7916,13.87,0.1631
7917,16.94,0.2798
7918,147.93,0.2585
7919,136.69,0.2658
7920,10.28,0.4435
7921,21.78,0.4615
7922,207.83,0.4799
7923,167.3,0.6095
7924,156.43,0.5972
7925,149.5,0.4117
7926,8.65,0.277
7927,8.46,0.1809
7928,22.57,0.0587
7929,53.14,0.2434
7930,18.26,0.4251
7931,207.11,0.43
7932,203.72,0.3937
7933,27.83,0.3828
7934,14.06,0.1982
7935,6.61,0.0492
7936,8.76,0.2115
7937,43.61,0.3126
7938,202.21,0.3091
7939,122.64,0.3394
7940,2.88,0.5038
7941,41.34,0.5142
7942,220.29,0.548
7943,213.3,0.7359
7944,159.05,0.8445
7945,204.76,0.7847
7946,157.93,0.7556
7947,156.07,0.7415
7948,182.05,0.5823
7949,143.9,0.4426
7950,33.74,0.3259
7951,7.78,0.2125
7952,30.68,0.2893
7953,60.22,0.4457
7954,226.42,0.6271
7955,201.81,0.6044
7956,202.67,0.7753
7957,6.31,0.7094
7958,243.85,0.5702
7959,155.61,0.3914
7960,52.18,0.4111
7961,10.6,0.1981
7962,27.5,0.0698
7963,14.94,0.17
7964,17.79,0.2384
7965,159.85,0.215
7966,84.06,0.2637
7967,2.42,0.2874
7968,67.22,0.18
7969,43.3,0.1076
7970,44.43,0.1156
7971,6.28,0.0666
7972,11.03,0.0539
7973,14.56,0.0242
7974,29.65,0.0324
7975,12.53,0.0428
7976,15.01,0.2383
7977,22.26,0.4355
7978,224.55,0.5478
7979,241.53,0.5431
7980,133.18,0.6799
7981,10.04,0.6586
7982,169.16,0.5742
7983,201.74,0.5893
7984,150.78,0.7095
7985,149.49,0.5649
7986,139.16,0.4155
7987,13.8,0.2858
7988,41.21,0.1601
7989,11.38,0.0427
7990,14.42,0.0753
7991,13.1,0.0618
7992,48.81,0.0783
7993,26.65,0.2401
7994,29.13,0.4043
7995,188.34,0.383
7996,189.44,0.3948
7997,25.94,0.5702
7998,39.35,0.5946
7999,217.56,0.5007
8000,214.57,0.4861
8001,88.57,0.5081
8002,10.2,0.3294
8003,63.03,0.2686
8004,25.6,0.3148
8005,149.16,0.4256
8006,138.25,0.3762
8007,129.23,0.4027
8008,9.93,0.274
8009,54.1,0.1613
8010,10.91,0.0481
8011,17.11,0.0966
8012,7.66,0.0863
8013,61.99,0.11
8014,43.01,0.1007
8015,36.48,0.1368
8016,7.1,0.1018
8017,46.42,0.1925
8018,24.42,0.301
8019,140.37,0.3102
8020,153.11,0.2883
8021,16.96,0.407
8022,22.94,0.4039
8023,151.97,0.3901
8024,137.04,0.5307
8025,138.23,0.6482
8026,168.08,0.6976
8027,149.19,0.6162
8028,205.03,0.4978
8029,49.54,0.3831
8030,11.02,0.2511
8031,44.86,0.1036
8032,7.4,0.2027
8033,46.46,0.3319
8034,156.07,0.4236
8035,149.82,0.5574
8036,143.37,0.561
8037,151.16,0.4479
8038,50.38,0.5036
8039,34.52,0.5039
8040,209.68,0.404
8041,143.68,0.4044
8042,43.81,0.5512
8043,50.8,0.5485
8044,192.29,0.5436
8045,206.71,0.6555
8046,138.49,0.6394
8047,163.96,0.4718
8048,33.56,0.4224
8049,12.22,0.4315
8050,153.62,0.3806
8051,148.32,0.3612
8052,109.23,0.395
8053,12.75,0.2616
8054,48.46,0.136
8055,10.3,0.0413
8056,13.44,0.0748
8057,7.42,0.0479
8058,48.74,0.0867
8059,19.59,0.1995
8060,51.96,0.2073
8061,134.62,0.17
8062,15.8,0.2777
8063,8.73,0.3462
8064,135.29,0.3759
8065,125.57,0.4912
8066,166.5,0.5329
8067,139.66,0.4099
8068,53.55,0.3204
8069,3.17,0.1776
8070,29.34,0.0956
8071,13.06,0.0528
8072,51.66,0.0885
8073,7.52,0.0742
8074,41.54,0.1039
8075,13.9,0.2013
8076,45.06,0.2689
8077,156.3,0.2422
8078,80.14,0.3486
8079,12.8,0.4438
8080,128.28,0.4359
8081,147.37,0.3895
8082,147.79,0.3824
8083,30.3,0.4525
8084,5.16,0.4555
8085,203.56,0.4598
8086,150.64,0.6095
8087,152.34,0.7429
8088,191.14,0.7224
8089,148.58,0.6266
8090,181.46,0.4874
8091,47.72,0.3671
8092,2.78,0.2382
8093,61.9,0.2486
8094,10.11,0.3304
8095,192.55,0.3728
8096,135.7,0.3391
8097,48.28,0.3761
8098,25.66,0.2013
8099,49.92,0.3028
8100,4.68,0.4152
8101,244.78,0.5525
8102,169.09,0.5672
8103,173.16,0.6836
8104,65.7,0.6827
8105,129.72,0.7182
8106,243.82,0.7459
8107,207.22,0.6932
8108,202.93,0.5818
8109,9.09,0.4127
8110,10.01,0.2583
8111,62.15,0.1956
8112,41.3,0.3642
8113,135.61,0.4009
8114,190.25,0.3535
8115,49.4,0.4488
8116,11.3,0.4733
8117,143.66,0.3257
8118,161.91,0.2926
8119,31.72,0.4766
8120,13.77,0.4703
8121,209.07,0.3469
8122,136.86,0.33
8123,29.26,0.4518
8124,13.62,0.4098
8125,144.66,0.419
8126,163.95,0.5802
8127,146.72,0.6623
8128,202.44,0.5427
8129,101.79,0.3931
8130,16.19,0.3045
8131,3.28,0.1373
8132,51.44,0.1796
8133,22.78,0.2865
8134,147.25,0.322
8135,131.08,0.2863
8136,41.47,0.3102
8137,13.02,0.1819
8138,48.48,0.0908
8139,9.44,0.055
8140,33.13,0.2551
8141,3.02,0.3449
8142,228.04,0.37
8143,145.01,0.3497
8144,36.38,0.3568
8145,11.29,0.1516
8146,10.61,0.212
8147,7.56,0.3133
8148,209.94,0.3132
8149,145.24,0.3159
8150,11.21,0.359
8151,13.45,0.1819
8152,53.9,0.0615
8153,19.58,0.0538
8154,15.94,0.0928
8155,2.95,0.0742
8156,55.3,0.1102
8157,33.94,0.1053
8158,58.29,0.1407
8159,10.62,0.1002
8160,41.01,0.225
8161,11.77,0.287
8162,168.06,0.3003
8163,124.86,0.2749
8164,25.0,0.3914
8165,13.64,0.36
8166,137.02,0.3699
8167,134.34,0.4964
8168,135.4,0.6331
8169,160.96,0.6833
8170,160.48,0.6729
8171,190.98,0.6095
8172,123.19,0.4731
8173,67.26,0.3547
8174,14.41,0.1831
8175,33.25,0.1326
8176,6.61,0.0751
8177,68.91,0.0972
8178,5.54,0.0776
8179,38.17,0.096
8180,12.11,0.2511
8181,26.39,0.456
8182,235.58,0.5486
8183,225.65,0.5547
8184,137.68,0.5345
8185,18.65,0.5065
8186,4.7,0.4991
8187,205.58,0.5546
8188,217.62,0.7205
8189,197.32,0.7264
8190,196.97,0.5536
8191,11.05,0.375
8192,19.9,0.2013
8193,25.73,0.0297
8194,10.66,0.0456
8195,12.59,0.0698
8196,28.16,0.1385
8197,45.82,0.3488
8198,99.53,0.3406
8199,236.71,0.3645
8200,3.78,0.3339
8201,53.75,0.4351
8202,13.01,0.3425
8203,208.24,0.3705
8204,137.2,0.3938
8205,33.88,0.5259
8206,78.82,0.4553
8207,154.88,0.4597
8208,132.37,0.6203
8209,142.02,0.6796
8210,206.34,0.669
8211,142.55,0.5768
8212,143.56,0.4495
8213,33.23,0.261
8214,5.25,0.1565
8215,3.87,0.2502
8216,30.22,0.3639
8217,244.27,0.4944
8218,155.39,0.6933
8219,145.47,0.6756
8220,217.6,0.5015
8221,11.17,0.3941
8222,57.24,0.4349
8223,39.92,0.281
8224,189.4,0.3204
8225,52.15,0.3988
8226,53.59,0.5201
8227,141.44,0.4712
8228,170.29,0.5496
8229,136.8,0.6656
8230,136.43,0.7179
8231,178.15,0.6603
8232,197.64,0.5737
8233,108.44,0.4645
8234,43.8,0.3069
8235,19.05,0.1814
8236,8.85,0.2466
8237,62.81,0.3505
8238,178.45,0.4867
8239,155.4,0.5612
8240,165.38,0.5341
8241,88.96,0.4872
8242,33.68,0.5018
8243,128.02,0.3499
8244,171.1,0.3349
8245,2.19,0.3186
8246,72.82,0.3787
8247,16.15,0.4173
8248,192.59,0.5526
8249,212.64,0.5141
8250,147.57,0.5392
8251,31.4,0.3698
8252,43.16,0.3017
8253,10.56,0.2934
8254,139.47,0.3042
8255,138.61,0.3094
8256,43.1,0.3273
8257,48.75,0.2099
8258,29.74,0.2224
8259,13.32,0.3372
8260,152.05,0.3317
8261,166.47,0.3698
8262,42.85,0.4909
8263,70.65,0.5029
8264,143.45,0.3605
8265,164.9,0.3653
8266,13.53,0.4044
8267,47.96,0.4351
8268,112.67,0.4063
8269,176.48,0.5863
8270,133.88,0.5633
8271,206.95,0.5084
8272,23.21,0.3597
8273,53.72,0.4112
8274,16.7,0.4023
8275,189.28,0.5425
8276,197.36,0.6547
8277,173.8,0.7982
8278,174.28,0.7767
8279,170.91,0.761
8280,166.21,0.7834
8281,180.47,0.6488
8282,197.84,0.6154
8283,29.7,0.6245
8284,135.0,0.4756
8285,175.94,0.3505
8286,20.55,0.5122
8287,63.45,0.5197
8288,203.36,0.5136
8289,143.06,0.625
8290,169.37,0.6646
8291,140.27,0.5038
8292,105.97,0.489
8293,30.66,0.4785
8294,127.18,0.4946
8295,158.05,0.5314
8296,157.57,0.6247
8297,145.46,0.6424
8298,130.99,0.6135
8299,146.16,0.5068
8300,127.05,0.4148
8301,42.86,0.3027
8302,46.64,0.1768
8303,10.49,0.2019
8304,10.91,0.3563
8305,154.04,0.3392
8306,208.75,0.3865
8307,28.25,0.3799
8308,61.28,0.28
8309,3.92,0.2318
8310,46.6,0.3301
8311,157.06,0.2856
8312,133.77,0.2976
8313,13.54,0.2681
8314,16.81,0.1525
8315,14.86,0.0595
8316,32.93,0.0891
8317,33.81,0.0823
8318,45.28,0.0864
8319,9.54,0.0776
8320,19.3,0.0961
8321,23.4,0.1182
8322,53.76,0.1162
8323,69.03,0.1044
8324,7.33,0.1849
8325,6.65,0.1468
8326,109.95,0.0976
8327,12.81,0.2131
8328,16.18,0.3995
8329,131.32,0.4869
8330,206.98,0.6977
8331,203.9,0.6853
8332,239.26,0.6085
8333,2.86,0.4214
8334,48.85,0.2924
8335,5.92,0.1762
8336,65.31,0.3018
8337,114.41,0.3762
8338,137.81,0.5035
8339,128.77,0.4585
8340,142.68,0.3668
8341,17.01,0.2532
8342,15.84,0.1413
8343,15.77,0.2241
8344,8.57,0.375
8345,231.62,0.421
8346,179.09,0.421
8347,65.32,0.4361
8348,15.73,0.3504
8349,24.8,0.3187
8350,139.55,0.3889
8351,145.0,0.4651
8352,140.75,0.4533
8353,97.6,0.3538
8354,12.18,0.3658
8355,32.61,0.3922
8356,157.89,0.4472
8357,169.13,0.6187
8358,156.68,0.7859
8359,196.45,0.7693
8360,212.22,0.7847
8361,140.05,0.805
8362,185.72,0.6382
8363,178.46,0.4439
8364,17.3,0.4681
8365,3.45,0.4958
8366,165.98,0.3925
8367,215.57,0.3907
8368,67.39,0.5365
8369,15.35,0.5093
8370,160.18,0.4838
8371,136.76,0.5698
8372,188.1,0.7404
8373,159.78,0.7315
8374,198.74,0.6118
8375,150.61,0.4933
8376,8.1,0.3474
8377,60.75,0.2131
8378,3.04,0.2102
8379,54.51,0.3403
8380,147.43,0.2901
8381,147.88,0.3151
8382,6.84,0.2672
8383,29.94,0.1838
8384,2.98,0.2003
8385,57.86,0.376
8386,165.6,0.4152
8387,195.63,0.4216
8388,72.02,0.4026
8389,9.89,0.2872
8390,37.44,0.2979
8391,41.64,0.3705
8392,207.08,0.5177
8393,150.02,0.4905
8394,168.08,0.5156
8395,8.24,0.3262
8396,68.57,0.2281
8397,3.62,0.083
8398,44.56,0.1032
8399,12.22,0.044
8400,29.88,0.0749
8401,5.04,0.0448
8402,36.8,0.0525
8403,12.22,0.0308
8404,20.45,0.0833
8405,6.59,0.2263
8406,61.41,0.4124
8407,190.45,0.3981
8408,212.18,0.4011
8409,5.16,0.5207
8410,9.82,0.507
8411,189.87,0.5012
8412,175.75,0.6577
8413,205.94,0.8411
8414,173.32,0.7243
8415,206.9,0.5699
8416,64.35,0.4034
8417,9.87,0.3814
8418,26.99,0.3255
8419,149.66,0.2802
8420,146.9,0.485
8421,15.66,0.6632
8422,229.88,0.651
8423,218.48,0.5265
8424,136.57,0.5572
8425,13.08,0.4831
8426,48.63,0.4035
8427,150.3,0.2889
8428,132.96,0.3358
8429,13.46,0.4165
8430,63.4,0.451
8431,135.4,0.4785
8432,187.36,0.5909
8433,162.47,0.573
8434,134.23,0.4848
8435,44.22,0.5078
8436,40.64,0.5048
8437,212.06,0.5101
8438,159.29,0.6333
8439,139.9,0.7349
8440,176.6,0.7285
8441,149.78,0.6224
8442,205.19,0.5026
8443,45.28,0.3868
8444,11.17,0.2615
8445,52.13,0.1332
8446,15.23,0.2179
8447,67.36,0.2398
8448,136.26,0.2065
8449,34.72,0.2458
8450,16.28,0.3744
8451,57.49,0.4041
8452,205.56,0.5784
8453,168.09,0.6806
8454,222.08,0.6693
8455,126.08,0.4973
8456,45.36,0.5353
8457,20.75,0.5208
8458,208.89,0.5609
8459,206.46,0.5609
8460,169.19,0.552
8461,45.34,0.3989
8462,11.26,0.2097
8463,44.34,0.1219
8464,3.19,0.0991
8465,74.88,0.291
8466,20.8,0.4441
8467,217.42,0.5788
8468,208.84,0.5211
8469,147.99,0.535
8470,12.82,0.4631
8471,35.73,0.4019
8472,140.24,0.3964
8473,143.02,0.5108
8474,142.15,0.5253
8475,135.69,0.4116
8476,51.3,0.4208
8477,18.14,0.4298
8478,152.84,0.5354
8479,151.79,0.6812
8480,249.2,0.8235
8481,207.93,0.8168
8482,171.02,0.798
8483,145.66,0.6953
8484,131.66,0.5432
8485,138.8,0.3952
8486,44.48,0.3854
8487,12.0,0.3919
8488,135.11,0.4225
8489,138.69,0.395
8490,171.71,0.5008
8491,14.91,0.4996
8492,125.67,0.4969
8493,133.86,0.4616
8494,135.79,0.5722
8495,133.72,0.5078
8496,133.81,0.3991
8497,56.48,0.2814
8498,17.06,0.1674
8499,9.24,0.0788
8500,11.28,0.0355
8501,38.57,0.2143
8502,10.02,0.3982
8503,209.15,0.5156
8504,206.81,0.5259
8505,137.49,0.5256
8506,49.57,0.5208
8507,9.76,0.4559
8508,203.95,0.3506
8509,137.05,0.3086
8510,24.41,0.4198
8511,4.38,0.3694
8512,129.28,0.3725
8513,149.77,0.543
8514,140.37,0.6472
8515,207.61,0.5308
8516,116.39,0.5269
8517,4.15,0.6018
8518,145.62,0.544
8519,220.85,0.4969
8520,145.54,0.513
8521,65.78,0.5441
8522,21.4,0.5322
8523,179.0,0.5687
8524,208.06,0.6778
8525,184.84,0.7218
8526,183.0,0.5594
8527,68.62,0.5631
8528,4.56,0.5192
8529,212.05,0.4029
8530,137.61,0.3506
8531,58.05,0.4694
8532,12.44,0.4093
8533,132.18,0.4031
8534,147.5,0.5337
8535,130.94,0.564
8536,198.35,0.4453
8537,45.06,0.505
8538,4.62,0.5761
8539,211.62,0.5338
8540,207.34,0.5532
8541,152.93,0.5608
8542,65.89,0.3875
8543,12.79,0.3421
8544,25.43,0.372
8545,158.5,0.487
8546,185.07,0.4794
8547,189.45,0.6622
8548,4.65,0.6758
8549,221.8,0.5596
8550,173.18,0.3867
8551,60.15,0.5247
8552,3.66,0.5122
8553,153.03,0.5258
8554,208.34,0.6085
8555,187.74,0.6286
8556,149.04,0.5003
8557,25.3,0.3798
8558,15.18,0.3407
8559,78.87,0.3264
8560,145.63,0.4219
8561,133.78,0.5306
8562,127.88,0.5887
8563,131.95,0.622
8564,141.3,0.5522
8565,181.46,0.4499
8566,58.68,0.3498
8567,18.0,0.3381
8568,24.44,0.3098
8569,128.64,0.3893
8570,151.07,0.4028
8571,144.09,0.3946
8572,32.54,0.4184
8573,15.67,0.4067
8574,154.24,0.4094
8575,138.43,0.5103
8576,147.04,0.5091
8577,140.95,0.3682
8578,14.34,0.2826
8579,2.83,0.1842
8580,46.54,0.1855
8581,41.26,0.3664
8582,142.31,0.5597
8583,208.78,0.6392
8584,210.44,0.777
8585,131.97,0.7676
8586,189.38,0.5813
8587,132.2,0.4117
8588,8.57,0.4163
8589,28.19,0.3665
8590,137.0,0.269
8591,135.81,0.2712
8592,27.5,0.3022
8593,10.91,0.1928
8594,61.5,0.2498
8595,19.45,0.3559
8596,197.1,0.3851
8597,141.43,0.3366
8598,42.28,0.3678
8599,9.42,0.1947
8600,52.91,0.0771
8601,11.12,0.0503
8602,15.16,0.0753
8603,13.42,0.0492
8604,36.33,0.0576
8605,24.84,0.0574
8606,20.18,0.0562
8607,14.89,0.054
8608,12.17,0.1111
8609,33.9,0.2971
8610,86.28,0.3316
8611,219.97,0.3497
8612,52.03,0.455
8613,31.52,0.5641
8614,147.03,0.5233
8615,203.6,0.6006
8616,176.08,0.6898
8617,135.08,0.6783
8618,127.32,0.5611
8619,134.72,0.4227
8620,77.68,0.3111
8621,27.41,0.3872
8622,15.19,0.4109
8623,209.0,0.3978
8624,160.2,0.4253
8625,63.66,0.4466
8626,56.9,0.267
8627,38.12,0.1293
8628,16.04,0.1036
8629,12.18,0.1769
8630,36.08,0.272
8631,135.7,0.2699
8632,140.26,0.2772
8633,13.82,0.4001
8634,19.95,0.3906
8635,168.18,0.3849
8636,125.46,0.3961
8637,134.16,0.4373
8638,25.87,0.2886
8639,64.18,0.3758
8640,8.43,0.4372
8641,219.14,0.4561
8642,200.12,0.405
8643,46.24,0.4292
8644,9.22,0.2393
8645,34.44,0.0604
8646,15.07,0.032
8647,7.97,0.0699
8648,15.69,0.0692
8649,49.96,0.2429
8650,33.66,0.4237
8651,201.76,0.4186
8652,202.17,0.4031
8653,10.22,0.5577
8654,33.28,0.5554
8655,199.84,0.549
8656,199.28,0.7105
8657,195.24,0.6851
8658,183.76,0.5568
8659,6.0,0.3766
8660,61.94,0.2376
8661,5.76,0.1627
8662,45.88,0.3516
8663,103.26,0.3079
8664,208.92,0.3476
8665,14.98,0.3152
8666,48.42,0.3465
8667,11.06,0.276
8668,136.88,0.3122
8669,133.19,0.437
8670,53.9,0.5704
8671,182.5,0.5717
8672,154.44,0.4579
8673,138.2,0.4498
8674,10.98,0.2947
8675,45.22,0.1986
8676,15.86,0.2974
8677,51.12,0.4349
8678,244.32,0.437
8679,158.79,0.4311
8680,47.4,0.4178
8681,9.52,0.1951
8682,36.85,0.1111
8683,5.05,0.0794
8684,68.59,0.1177
8685,13.27,0.0915
8686,50.74,0.1481
8687,8.68,0.0923
8688,65.88,0.1126
8689,8.58,0.079
8690,35.12,0.2114
8691,14.67,0.2653
8692,150.87,0.2848
8693,123.82,0.3247
8694,29.54,0.5191
8695,77.96,0.533
8696,223.54,0.5869
8697,165.78,0.7461
8698,181.79,0.702
8699,200.58,0.5567
8700,30.56,0.5649
8701,67.41,0.5252
8702,174.64,0.4762
8703,139.08,0.5861
8704,147.98,0.607
8705,148.64,0.4702
8706,89.82,0.465
8707,27.74,0.4661
8708,133.42,0.3569
8709,149.18,0.3138
8710,31.32,0.2916
8711,43.49,0.3217
8712,3.88,0.3045
8713,165.75,0.3273
8714,130.74,0.4151
8715,55.85,0.554
8716,137.82,0.5425
8717,153.11,0.5628
8718,153.42,0.6551
8719,152.49,0.6678
8720,155.01,0.6738
8721,151.53,0.7526
8722,159.55,0.6631
8723,238.06,0.5732
8724,56.28,0.4339
8725,58.5,0.328
8726,1.86,0.2325
8727,45.68,0.3067
8728,135.54,0.3769
8729,135.93,0.4037
8730,133.96,0.5544
8731,30.69,0.5608
8732,207.58,0.4527
8733,142.35,0.3615
8734,19.81,0.3445
8735,35.99,0.2759
8736,12.4,0.279
8737,133.93,0.3959
8738,145.62,0.4868
8739,145.44,0.6253
8740,133.68,0.652
8741,161.21,0.5258
8742,162.57,0.4399
8743,10.1,0.3341
8744,53.06,0.2381
8745,20.05,0.2862
8746,58.04,0.4071
8747,214.32,0.5438
8748,139.94,0.6731
8749,199.9,0.6245
8750,159.03,0.438
8751,5.82,0.4327
8752,13.93,0.4154
8753,134.29,0.298
8754,181.24,0.3251
8755,32.86,0.3713
8756,35.02,0.3856
8757,63.55,0.368
8758,149.68,0.5404
8759,162.3,0.6802
8760,218.1,0.79
8761,185.24,0.7823
8762,181.46,0.643
8763,141.45,0.5301
8764,12.57,0.4869
8765,96.87,0.3302
8766,138.84,0.2484
8767,13.02,0.2545
8768,53.58,0.2235
8769,19.11,0.0979
8770,63.61,0.1351
8771,3.88,0.2766
8772,53.01,0.3979
8773,205.54,0.3977
8774,149.5,0.4097
8775,63.4,0.4843
8776,16.77,0.4146
8777,133.12,0.3965
8778,130.7,0.4595
8779,130.06,0.5745
8780,131.02,0.4528
8781,140.36,0.3529
8782,2.33,0.2787
8783,23.42,0.3468
8784,50.32,0.4453
8785,204.16,0.6154
8786,246.2,0.6039
8787,185.08,0.5994
8788,11.12,0.5898
8789,45.49,0.4657
8790,193.82,0.3053
8791,112.84,0.3181
8792,12.79,0.4054
8793,24.87,0.3558
8794,139.26,0.2612
8795,140.49,0.2557
8796,11.24,0.3572
8797,6.88,0.4186
8798,133.95,0.4196
8799,205.24,0.5434
8800,141.52,0.6909
8801,144.24,0.6926
8802,165.38,0.5483
8803,135.78,0.4566
8804,50.18,0.3816
8805,42.96,0.2335
8806,63.68,0.1562
8807,6.25,0.28
8808,52.8,0.3268
8809,183.17,0.2765
8810,93.21,0.283
8811,9.69,0.2727
8812,13.21,0.228
8813,41.75,0.2712
8814,135.11,0.2658
8815,139.68,0.3175
8816,3.8,0.4324
8817,68.83,0.4998
8818,165.21,0.5647
8819,207.53,0.7549
8820,209.39,0.6994
8821,208.13,0.5996
8822,9.26,0.5354
8823,57.98,0.4971
8824,138.54,0.4014
8825,168.22,0.4021
8826,105.22,0.3836
8827,10.09,0.2886
8828,38.14,0.2587
8829,36.44,0.3567
8830,136.11,0.4831
8831,210.46,0.4526
8832,145.9,0.4972
8833,5.42,0.5748
8834,84.37,0.4264
8835,219.5,0.3022
8836,50.98,0.3289
8837,12.43,0.376
8838,34.11,0.2981
8839,134.95,0.3784
8840,135.84,0.509
8841,137.22,0.4925
8842,152.84,0.4273
8843,16.29,0.3582
8844,64.9,0.2644
8845,61.63,0.2696
8846,36.41,0.3791
8847,158.42,0.3513
8848,133.96,0.307
8849,35.06,0.3947
8850,13.98,0.385
8851,130.7,0.3468
8852,147.96,0.5093
8853,92.91,0.6513
8854,209.67,0.6796
8855,166.57,0.5485
8856,161.09,0.5241
8857,7.08,0.4913
8858,66.68,0.5171
8859,174.42,0.5062
8860,194.28,0.6279
8861,149.46,0.696
8862,137.79,0.664
8863,139.85,0.4953
8864,140.02,0.3623
8865,13.07,0.2434
8866,6.5,0.1569
8867,10.05,0.2275
8868,46.92,0.3892
8869,215.95,0.5166
8870,186.78,0.6554
8871,143.32,0.6529
8872,159.22,0.475
8873,44.2,0.4838
8874,24.85,0.4777
8875,196.22,0.4606
8876,136.77,0.4276
8877,140.84,0.4698
8878,8.75,0.2916
8879,70.2,0.3662
8880,4.77,0.4124
8881,216.95,0.5277
8882,190.38,0.4764
8883,132.71,0.4956
8884,15.11,0.3061
8885,25.39,0.1401
8886,13.26,0.0366
8887,12.02,0.0662
8888,21.5,0.0996
8889,46.96,0.1073
8890,61.32,0.117
8891,21.51,0.1011
8892,22.42,0.1143
8893,4.36,0.0644
8894,61.2,0.172
8895,7.7,0.2732
8896,137.12,0.2833
8897,131.16,0.3531
8898,15.2,0.4786
8899,136.25,0.5089
8900,142.46,0.5689
8901,169.7,0.6795
8902,195.65,0.5591
8903,134.09,0.5624
8904,6.78,0.5492
8905,146.04,0.5229
8906,155.54,0.5219
8907,167.36,0.6384
8908,133.01,0.6338
8909,132.04,0.6185
8910,141.07,0.5857
8911,139.04,0.5862
8912,132.17,0.5121
8913,133.5,0.3916
8914,52.5,0.3886
8915,11.51,0.4017
8916,135.85,0.3337
8917,146.28,0.3097
8918,60.36,0.4644
8919,26.77,0.4774
8920,177.68,0.4617
8921,149.82,0.5262
8922,129.48,0.537
8923,129.65,0.3844
8924,38.35,0.258
8925,13.77,0.1513
8926,13.98,0.0803
8927,14.84,0.2013
8928,53.34,0.344
8929,168.35,0.5103
8930,167.14,0.5062
8931,192.58,0.4773
8932,10.52,0.3521
8933,22.2,0.2426
8934,33.85,0.0674
8935,49.52,0.1817
8936,4.33,0.251
8937,133.3,0.2653
8938,96.72,0.2284
8939,49.22,0.2656
8940,9.84,0.1528
8941,44.34,0.1911
8942,12.11,0.1872
8943,137.85,0.1894
8944,45.04,0.1783
8945,12.18,0.1716
8946,32.36,0.0915
8947,4.96,0.0597
8948,51.76,0.0772
8949,10.89,0.0513
8950,30.95,0.1005
8951,4.56,0.0812
8952,57.86,0.0973
8953,31.0,0.081
8954,28.18,0.2667
8955,13.43,0.3478
8956,204.13,0.4539
8957,145.0,0.4648
8958,144.9,0.463
8959,39.98,0.4055
8960,11.45,0.4609
8961,142.38,0.5186
8962,204.56,0.6227
8963,206.89,0.6743
8964,151.77,0.5453
8965,66.94,0.5318
8966,3.72,0.5192
8967,190.02,0.5598
8968,193.39,0.6899
8969,195.38,0.7009
8970,206.7,0.5379
8971,15.58,0.4014
8972,14.89,0.2598
8973,46.78,0.0933
8974,43.22,0.0892
8975,27.8,0.2726
8976,11.1,0.3811
8977,212.02,0.5361
8978,163.31,0.5785
8979,209.83,0.6339
8980,73.35,0.6051
8981,70.58,0.6119
8982,181.1,0.6079
8983,170.63,0.6759
8984,205.47,0.6119
8985,146.41,0.6449
8986,1.86,0.682
8987,216.54,0.5491
8988,210.54,0.4173
8989,62.69,0.4686
8990,4.74,0.2882
8991,56.95,0.2186
8992,22.7,0.3227
8993,135.78,0.3412
8994,174.54,0.3007
8995,24.58,0.3495
8996,13.46,0.3904
8997,75.11,0.2797
8998,179.8,0.2694
8999,55.62,0.4827
9000,13.47,0.5434
9001,242.6,0.5285
9002,140.37,0.6301
9003,163.82,0.7648
9004,164.74,0.5772
9005,158.22,0.457
9006,41.03,0.3522
9007,11.21,0.2096
9008,51.18,0.1878
9009,11.56,0.2756
9010,134.77,0.4009
9011,135.4,0.4862
9012,145.83,0.6004
9013,142.87,0.6506
9014,134.27,0.5417
9015,188.66,0.414
9016,18.4,0.4193
9017,8.56,0.5151
9018,148.58,0.3573
9019,237.2,0.3497
9020,19.1,0.5218
9021,10.32,0.5704
9022,193.44,0.5196
9023,200.78,0.707
9024,182.68,0.7284
9025,220.38,0.5855
9026,33.4,0.5707
9027,39.87,0.5773
9028,184.87,0.5544
9029,189.77,0.5346
9030,195.72,0.5413
9031,12.21,0.3738
9032,47.02,0.2386
9033,4.92,0.0665
9034,44.53,0.1044
9035,10.73,0.0719
9036,53.02,0.2436
9037,12.02,0.3759
9038,189.45,0.3705
9039,186.64,0.3348
9040,4.96,0.5061
9041,14.71,0.4524
9042,195.99,0.4028
9043,131.8,0.5242
9044,133.3,0.6378
9045,135.46,0.6014
9046,136.73,0.6147
9047,156.86,0.5514
9048,146.15,0.5148
9049,65.23,0.5592
9050,96.16,0.4235
9051,184.48,0.3503
9052,11.06,0.294
9053,67.5,0.2405
9054,4.7,0.073
9055,38.68,0.1104
9056,4.45,0.1954
9057,51.3,0.312
9058,158.87,0.4104
9059,129.98,0.4207
9060,144.4,0.3872
9061,15.42,0.2863
9062,15.31,0.2143
9063,50.53,0.2694
9064,52.59,0.3927
9065,203.63,0.3898
9066,147.89,0.3705
9067,12.18,0.3327
9068,29.8,0.1746
9069,11.98,0.0494
9070,33.74,0.0552
9071,13.42,0.0425
9072,18.39,0.082
9073,16.17,0.0599
9074,54.4,0.0497
9075,10.04,0.0834
9076,2.38,0.0768
9077,54.62,0.2174
9078,9.12,0.3431
9079,205.4,0.3791
9080,145.18,0.3389
9081,41.05,0.4575
9082,11.37,0.4538
9083,136.6,0.4417
9084,201.36,0.5279
9085,132.24,0.5671
9086,133.66,0.4851
9087,53.5,0.3192
9088,48.48,0.2093
9089,23.05,0.0938
9090,14.21,0.0945
9091,9.52,0.0773
9092,54.3,0.1079
9093,29.97,0.2301
9094,55.96,0.4247
9095,145.51,0.3846
9096,218.57,0.3979
9097,11.26,0.3546
9098,44.26,0.3435
9099,9.36,0.2399
9100,133.58,0.2691
9101,107.34,0.353
9102,42.56,0.4834
9103,134.45,0.5254
9104,149.47,0.5519
9105,178.71,0.6607
9106,135.76,0.5896
9107,159.51,0.5802
9108,58.0,0.6112
9109,139.47,0.6133
9110,211.97,0.6584
9111,138.06,0.7613
9112,207.9,0.8218
9113,168.6,0.7508
9114,204.48,0.6322
9115,135.68,0.4737
9116,10.6,0.362
9117,37.59,0.2617
9118,48.58,0.3078
9119,96.75,0.303
9120,185.19,0.3327
9121,5.43,0.2953
9122,69.49,0.4017
9123,8.44,0.4109
9124,211.07,0.6231
9125,195.11,0.6583
9126,233.37,0.69
9127,107.32,0.5066
9128,42.52,0.3352
9129,13.96,0.1305
9130,10.95,0.2255
9131,13.47,0.3328
9132,209.44,0.3302
9133,157.72,0.3372
9134,11.26,0.3335
9135,18.43,0.1948
9136,9.5,0.0726
9137,60.4,0.1155
9138,26.45,0.2828
9139,57.34,0.4593
9140,198.16,0.4164
9141,199.16,0.4137
9142,14.3,0.3712
9143,23.52,0.1929
9144,11.66,0.2068
9145,6.58,0.3875
9146,214.09,0.3965
9147,208.49,0.4192
9148,33.17,0.4151
9149,36.08,0.2195
9150,2.14,0.0531
9151,3.98,0.0646
9152,29.66,0.0827
9153,45.6,0.0855
9154,55.49,0.0953
9155,5.17,0.0772
9156,14.45,0.0828
9157,10.28,0.0375
9158,51.62,0.0424
9159,6.74,0.1725
9160,10.42,0.314
9161,154.34,0.302
9162,162.24,0.4257
9163,38.74,0.5507
9164,139.69,0.5976
9165,144.69,0.5915
9166,204.68,0.6811
9167,155.78,0.5687
9168,135.0,0.5149
9169,18.89,0.4502
9170,86.86,0.3334
9171,135.19,0.2313
9172,30.34,0.2261
9173,25.22,0.1554
9174,13.33,0.0502
9175,10.91,0.0459
9176,22.16,0.0656
9177,25.74,0.063
9178,46.31,0.0745
9179,10.62,0.2493
9180,23.25,0.4289
9181,209.94,0.395
9182,218.72,0.4375
9183,9.89,0.5716
9184,56.32,0.5535
9185,167.26,0.4691
9186,190.49,0.5864
9187,128.06,0.5628
9188,135.93,0.4197
9189,30.99,0.2573
9190,13.49,0.1615
9191,15.95,0.0713
9192,25.18,0.0698
9193,39.06,0.0599
9194,29.36,0.0561
9195,2.8,0.2485
9196,11.88,0.3494
9197,231.94,0.3911
9198,147.45,0.3989
9199,74.16,0.4076
9200,11.16,0.3091
9201,21.24,0.2971
9202,126.08,0.2407
9203,134.58,0.3641
9204,13.52,0.4749
9205,143.79,0.5536
9206,140.32,0.5611
9207,210.65,0.7354
9208,142.61,0.7351
9209,200.82,0.6197
9210,143.38,0.4779
9211,16.34,0.3554
9212,58.32,0.1821
9213,10.99,0.1707
9214,14.59,0.2812
9215,131.16,0.264
9216,135.08,0.275
9217,39.82,0.2741
9218,22.85,0.1543
9219,13.62,0.0969
9220,2.42,0.2294
9221,73.41,0.2816
9222,182.17,0.2723
9223,78.9,0.3065
9224,3.64,0.3911
9225,39.17,0.392
9226,164.28,0.4414
9227,183.18,0.5761
9228,131.99,0.5425
9229,148.34,0.442
9230,3.15,0.401
9231,56.32,0.4075
9232,139.08,0.3997
9233,139.01,0.5542
9234,139.88,0.6494
9235,169.21,0.6482
9236,158.57,0.5709
9237,137.76,0.4631
9238,55.96,0.3192
9239,24.11,0.1751
9240,14.52,0.1922
9241,3.76,0.3176
9242,156.14,0.3608
9243,190.73,0.3535
9244,70.56,0.3629
9245,6.63,0.3453
9246,13.91,0.3311
9247,137.22,0.4112
9248,175.4,0.4146
9249,156.6,0.4352
9250,10.3,0.3161
9251,36.06,0.2042
9252,9.32,0.245
9253,55.12,0.3944
9254,200.44,0.387
9255,170.8,0.4432
9256,28.17,0.5202
9257,69.69,0.4553
9258,137.88,0.3022
9259,130.7,0.32
9260,6.24,0.3813
9261,47.29,0.3796
9262,135.63,0.3743
9263,136.0,0.3803
9264,125.05,0.5663
9265,12.62,0.5766
9266,247.18,0.6445
9267,146.67,0.676
9268,208.94,0.8313
9269,158.88,0.7754
9270,179.51,0.8037
9271,187.17,0.6188
9272,177.05,0.5039
9273,10.21,0.3508
9274,35.52,0.2178
9275,14.96,0.1763
9276,44.32,0.3019
9277,132.48,0.3879
9278,145.14,0.5701
9279,127.85,0.5498
9280,210.76,0.4782
9281,22.48,0.5437
9282,55.54,0.6457
9283,215.52,0.4744
9284,237.52,0.4577
9285,26.68,0.5553
9286,4.54,0.5127
9287,160.36,0.4164
9288,169.79,0.568
9289,134.05,0.6988
9290,189.59,0.7011
9291,145.01,0.6016
9292,162.82,0.4842
9293,62.88,0.3123
9294,7.99,0.2354
9295,4.86,0.2657
9296,62.35,0.3937
9297,195.45,0.5126
9298,200.36,0.6529
9299,135.79,0.6012
9300,155.52,0.4411
9301,6.84,0.4473
9302,23.48,0.4642
9303,207.0,0.3322
9304,153.96,0.3646
9305,13.63,0.4715
9306,41.64,0.4058
9307,138.33,0.3872
9308,136.42,0.5145
9309,134.0,0.5226
9310,150.38,0.4123
9311,50.35,0.4476
9312,19.8,0.5242
9313,174.42,0.5798
9314,216.25,0.5481
9315,210.21,0.5973
9316,16.28,0.4477
9317,72.67,0.3716
9318,13.66,0.2971
9319,134.45,0.4181
9320,130.21,0.3673
9321,146.21,0.3768
9322,18.14,0.3689
9323,23.83,0.3284
9324,125.99,0.225
9325,86.74,0.2567
9326,35.03,0.3607
9327,52.24,0.3768
9328,135.58,0.4841
9329,143.26,0.5957
9330,202.04,0.605
9331,154.96,0.4876
9332,62.21,0.4791
9333,9.39,0.4454
9334,134.21,0.449
9335,165.84,0.5133
9336,158.81,0.6329
9337,131.22,0.6354
9338,137.92,0.4889
9339,136.92,0.4053
9340,8.39,0.2911
9341,68.98,0.358
9342,8.59,0.3558
9343,209.8,0.4929
9344,134.5,0.4421
9345,155.71,0.458
9346,14.42,0.3958
9347,25.72,0.4162
9348,142.95,0.4014
9349,156.43,0.5148
9350,139.74,0.5387
9351,136.24,0.4106
9352,51.5,0.2813
9353,5.3,0.1536
9354,17.48,0.2019
9355,2.5,0.3123
9356,188.2,0.5078
9357,170.06,0.6559
9358,215.42,0.79
9359,176.58,0.7583
9360,146.54,0.6189
9361,154.11,0.4299
9362,20.3,0.4028
9363,12.39,0.3927
9364,147.49,0.3752
9365,135.64,0.3825
9366,135.33,0.3933
9367,28.13,0.2687
9368,24.01,0.2688
9369,13.56,0.2797
9370,135.79,0.3769
9371,147.04,0.4002
9372,132.56,0.3976
9373,49.02,0.2887
9374,10.83,0.1629
9375,18.76,0.0818
9376,11.84,0.0398
9377,45.49,0.0605
9378,3.88,0.0536
9379,33.08,0.0816
9380,11.26,0.0773
9381,41.99,0.0834
9382,40.86,0.1271
9383,10.41,0.3164
9384,80.01,0.3626
9385,214.74,0.3331
9386,91.55,0.465
9387,9.24,0.609
9388,152.14,0.5994
9389,234.64,0.7339
9390,204.4,0.8587
9391,236.16,0.7247
9392,143.26,0.595
9393,8.2,0.5723
9394,95.29,0.5534
9395,179.97,0.475
9396,215.95,0.4737
9397,58.95,0.4236
9398,6.83,0.2605
9399,41.43,0.2376
9400,4.74,0.3732
9401,191.35,0.4222
9402,204.6,0.3878
9403,59.46,0.5938
9404,4.48,0.5451
9405,226.12,0.3985
9406,138.98,0.3545
9407,47.14,0.4931
9408,12.18,0.413
9409,153.36,0.4247
9410,140.12,0.5854
9411,151.58,0.7414
9412,219.78,0.769
9413,179.8,0.6455
9414,183.01,0.5519
9415,7.33,0.3875
9416,51.05,0.3743
9417,43.16,0.3185
9418,165.6,0.3251
9419,123.09,0.2924
9420,14.44,0.2781
9421,15.85,0.1376
9422,27.83,0.0374
9423,14.66,0.0407
9424,15.37,0.2137
9425,18.08,0.2324
9426,201.63,0.2279
9427,47.94,0.4147
9428,9.8,0.6106
9429,216.09,0.6092
9430,228.57,0.7005
9431,200.2,0.8314
9432,146.03,0.7684
9433,150.37,0.6913
9434,148.46,0.5402
9435,145.69,0.4224
9436,37.84,0.2869
9437,19.5,0.2674
9438,4.83,0.3003
9439,127.45,0.4671
9440,180.99,0.6344
9441,217.12,0.7927
9442,199.29,0.7129
9443,174.82,0.6233
9444,41.81,0.5636
9445,84.66,0.5363
9446,152.95,0.4157
9447,169.93,0.3828
9448,45.34,0.3608
9449,6.38,0.2468
9450,61.08,0.2155
9451,30.4,0.2955
9452,136.34,0.2943
9453,131.25,0.2472
9454,5.16,0.2569
9455,10.5,0.1668
9456,40.78,0.0533
9457,39.51,0.0636
9458,9.33,0.0635
9459,16.22,0.0774
9460,10.44,0.0633
9461,55.66,0.1166
9462,24.39,0.105
9463,66.57,0.1368
9464,3.72,0.2099
9465,44.61,0.3075
9466,134.27,0.3696
9467,129.25,0.3789
9468,133.27,0.343
9469,13.69,0.3905
9470,6.06,0.399
9471,185.35,0.409
9472,138.37,0.5142
9473,144.01,0.6486
9474,126.66,0.5227
9475,150.51,0.3965
9476,50.09,0.2733
9477,2.75,0.1704
9478,11.59,0.0763
9479,16.2,0.077
9480,49.37,0.0853
9481,50.8,0.0819
9482,11.74,0.0798
9483,7.86,0.0825
9484,13.98,0.0599
9485,52.24,0.2058
9486,26.58,0.3084
9487,168.51,0.3356
9488,118.08,0.5084
9489,43.2,0.6203
9490,237.88,0.623
9491,146.75,0.6865
9492,171.45,0.7834
9493,186.37,0.5954
9494,147.31,0.5342
9495,35.81,0.492
9496,81.04,0.4513
9497,126.15,0.4355
9498,142.61,0.582
9499,130.3,0.6364
9500,193.22,0.6401
9501,139.54,0.6765
9502,130.14,0.7395
9503,181.7,0.5699
9504,197.97,0.4813
9505,10.96,0.453
9506,44.32,0.4104
9507,99.83,0.2299
9508,135.9,0.2601
9509,4.0,0.3465
9510,43.38,0.4376
9511,137.2,0.4422
9512,197.72,0.6322
9513,140.78,0.7342
9514,208.21,0.8024
9515,153.0,0.6565
9516,210.46,0.532
9517,40.96,0.4975
9518,7.01,0.5522
9519,171.14,0.3977
9520,211.78,0.3637
9521,44.41,0.3662
9522,4.42,0.2348
9523,9.72,0.0726
9524,29.99,0.0702
9525,37.42,0.1952
9526,41.86,0.3189
9527,138.7,0.3035
9528,142.72,0.3002
9529,13.4,0.287
9530,33.91,0.3515
9531,27.63,0.3761
9532,207.97,0.5117
9533,169.15,0.4978
9534,159.18,0.5343
9535,18.92,0.3489
9536,66.92,0.213
9537,8.71,0.0934
9538,23.17,0.2481
9539,30.61,0.2677
9540,185.13,0.2808
9541,87.96,0.2716
9542,22.8,0.3783
9543,13.3,0.3901
9544,145.28,0.3448
9545,197.78,0.374
9546,39.36,0.5012
9547,54.09,0.56
9548,150.01,0.3784
9549,208.5,0.3942
9550,2.65,0.4736
9551,56.33,0.4888
9552,139.33,0.4927
9553,166.43,0.6193
9554,212.62,0.5716
9555,138.71,0.4823
9556,5.07,0.3879
9557,43.34,0.3121
9558,65.02,0.3201
9559,131.21,0.5067
9560,147.3,0.6026
9561,205.52,0.6777
9562,146.46,0.6135
9563,145.68,0.5122
9564,62.2,0.3575
9565,38.48,0.2334
9566,39.29,0.2237
9567,13.09,0.2874
9568,135.33,0.283
9569,130.56,0.3061
9570,33.83,0.4442
9571,64.08,0.5061
9572,161.51,0.5278
9573,201.83,0.6702
9574,153.8,0.8337
9575,186.83,0.8907
9576,239.84,0.7132
9577,222.68,0.6154
9578,11.12,0.6186
9579,48.72,0.5169
9580,190.28,0.4393
9581,130.59,0.449
9582,139.33,0.4142
9583,21.55,0.2908
9584,11.25,0.2083
9585,57.72,0.1015
9586,41.96,0.0844
9587,24.55,0.2063
9588,3.18,0.2947
9589,142.29,0.2808
9590,152.64,0.3508
9591,27.06,0.5645
9592,99.77,0.663
9593,232.72,0.6548
9594,248.12,0.778
9595,143.88,0.6893
9596,159.47,0.511
9597,4.44,0.4066
9598,41.18,0.3999
9599,135.85,0.2599
9600,136.7,0.2999
9601,9.04,0.2729
9602,47.5,0.2858
9603,12.15,0.2982
9604,149.67,0.4153
9605,150.07,0.3906
9606,134.82,0.4294
9607,21.02,0.4388
9608,53.79,0.3739
9609,159.81,0.2645
9610,80.32,0.2588
9611,17.29,0.3329
9612,14.86,0.3118
9613,133.4,0.3642
9614,137.12,0.5289
9615,136.62,0.5252
9616,194.25,0.438
9617,10.94,0.3159
9618,39.7,0.2534
9619,5.93,0.0833
9620,69.43,0.122
9621,11.54,0.0917
9622,52.45,0.1435
9623,7.22,0.2252
9624,61.54,0.4004
9625,157.26,0.4162
9626,199.79,0.4201
9627,69.41,0.495
9628,11.36,0.4751
9629,142.02,0.3326
9630,135.89,0.288
9631,46.68,0.2808
9632,21.48,0.317
9633,3.65,0.3832
9634,180.86,0.481
9635,207.08,0.5137
9636,151.73,0.5207
9637,56.62,0.3805
9638,11.21,0.3218
9639,30.16,0.3265
9640,144.06,0.3992
9641,156.71,0.5023
9642,134.76,0.4885
9643,122.0,0.4088
9644,15.3,0.2887
9645,58.48,0.2061
9646,27.7,0.0961
9647,45.97,0.2788
9648,3.84,0.4239
9649,211.58,0.5157
9650,214.42,0.477
9651,126.32,0.4858
9652,4.39,0.3143
9653,13.27,0.2504
9654,27.25,0.2945
9655,145.79,0.4843
9656,173.78,0.4822
9657,208.24,0.4917
9658,11.05,0.3719
9659,37.51,0.2584
9660,16.98,0.0734
9661,51.9,0.0906
9662,9.4,0.0584
9663,29.53,0.0845
9664,2.97,0.0453
9665,45.04,0.0661
9666,9.7,0.0491
9667,31.83,0.0967
9668,11.2,0.2459
9669,54.13,0.3601
9670,205.3,0.3358
9671,132.42,0.3354
9672,5.79,0.4727
9673,10.75,0.416
9674,201.62,0.4164
9675,144.43,0.5387
9676,132.79,0.6682
9677,137.25,0.618
9678,149.88,0.5518
9679,147.73,0.4568
9680,73.26,0.4995
9681,30.65,0.4979
9682,183.18,0.537
9683,148.1,0.4817
9684,189.84,0.5012
9685,13.75,0.3417
9686,51.67,0.2184
9687,11.73,0.0554
9688,15.63,0.0831
9689,14.76,0.2527
9690,43.48,0.2508
9691,233.9,0.2949
9692,9.72,0.4063
9693,63.0,0.5017
9694,134.44,0.4573
9695,146.02,0.5907
9696,186.15,0.544
9697,153.09,0.4577
9698,12.76,0.465
9699,41.72,0.4319
9700,153.94,0.4259
9701,150.5,0.5411
9702,146.71,0.6866
9703,136.5,0.6774
9704,198.04,0.715
9705,144.14,0.7877
9706,190.81,0.7912
9707,224.92,0.6211
9708,140.19,0.5489
9709,15.24,0.4976
9710,66.59,0.3932
9711,135.66,0.2767
9712,112.83,0.3149
9713,15.0,0.2794
9714,56.23,0.1807
9715,28.52,0.2093
9716,29.59,0.3195
9717,143.53,0.2952
9718,133.45,0.3198
9719,30.07,0.3512
9720,55.01,0.2262
9721,63.32,0.1315
9722,9.2,0.1134
9723,31.71,0.1105
9724,10.56,0.0594
9725,51.97,0.0896
9726,8.38,0.0712
9727,41.64,0.1009
9728,12.0,0.0644
9729,42.39,0.1713
9730,12.76,0.2661
9731,123.32,0.2686
9732,143.41,0.2327
9733,14.7,0.2662
9734,3.9,0.3717
9735,48.67,0.3669
9736,236.74,0.4828
9737,138.17,0.6098
9738,139.24,0.6937
9739,140.38,0.4765
9740,138.79,0.3512
9741,3.4,0.2462
9742,3.52,0.1576
9743,26.4,0.1782
9744,45.2,0.3128
9745,160.97,0.418
9746,148.02,0.4038
9747,116.52,0.4065
9748,11.16,0.2679
9749,48.11,0.3598
9750,12.09,0.3952
9751,246.71,0.5246
9752,154.6,0.4988
9753,150.12,0.5578
9754,20.46,0.4571
9755,75.39,0.4473
9756,138.6,0.4384
9757,144.05,0.5546
9758,140.57,0.5038
9759,145.3,0.386
9760,20.81,0.2666
9761,11.99,0.1613
9762,15.8,0.2144
9763,27.42,0.3756
9764,202.3,0.4252
9765,194.07,0.4211
9766,65.27,0.548
9767,11.35,0.4792
9768,163.78,0.363
9769,128.45,0.306
9770,69.16,0.4233
9771,4.1,0.401
9772,137.35,0.369
9773,139.81,0.3186
9774,94.05,0.4335
9775,15.03,0.4217
9776,127.52,0.4702
9777,124.68,0.5121
9778,191.92,0.6411
9779,139.1,0.6151
9780,153.66,0.5045
9781,99.49,0.386
9782,5.94,0.4156
9783,64.6,0.4063
9784,170.89,0.4503
9785,143.64,0.5846
9786,146.74,0.5531
9787,150.22,0.4218
9788,30.76,0.3514
9789,29.85,0.2228
9790,68.02,0.254
9791,8.54,0.37
9792,183.76,0.4015
9793,155.35,0.3482
9794,63.7,0.5121
9795,10.78,0.4981
9796,184.66,0.4819
9797,168.7,0.5654
9798,137.98,0.6122
9799,153.35,0.4517
9800,61.14,0.4206
9801,12.18,0.4178
9802,135.29,0.4038
9803,134.99,0.4764
9804,138.24,0.6065
9805,139.15,0.6691
9806,152.03,0.7098
9807,202.49,0.7454
9808,178.72,0.7714
9809,176.49,0.6864
9810,167.12,0.5027
9811,60.69,0.4815
9812,5.14,0.4477
9813,155.9,0.3574
9814,140.15,0.3089
9815,70.08,0.4325
9816,8.59,0.4425
9817,137.94,0.4471
9818,166.68,0.5081
9819,145.09,0.5345
9820,135.62,0.4174
9821,36.9,0.4566
9822,12.16,0.5266
9823,208.83,0.5358
9824,220.28,0.517
9825,145.48,0.531
9826,16.79,0.4043
9827,27.13,0.2586
9828,72.75,0.1379
9829,63.67,0.1349
9830,15.81,0.1516
9831,13.54,0.2793
9832,45.1,0.346
9833,209.94,0.363
9834,135.34,0.3624
9835,34.07,0.5265
9836,12.96,0.5217
9837,221.4,0.5968
9838,204.74,0.7094
9839,216.0,0.8428
9840,155.08,0.7823
9841,156.29,0.6723
9842,156.44,0.4923
9843,86.57,0.4997
9844,22.58,0.4799
9845,162.98,0.3444
9846,135.08,0.2759
9847,10.84,0.3048
9848,13.0,0.3511
9849,53.61,0.2974
9850,212.76,0.303
9851,77.33,0.4359
9852,16.9,0.5231
9853,155.79,0.4733
9854,147.25,0.4601
9855,159.22,0.4502
9856,63.22,0.5071
9857,6.28,0.5169
9858,216.84,0.5027
9859,157.79,0.5841
9860,144.02,0.7286
9861,150.71,0.7282
9862,161.52,0.6451
9863,216.38,0.5496
9864,68.53,0.6006
9865,41.37,0.6092
9866,205.48,0.4457
9867,170.82,0.4344
9868,40.69,0.4061
9869,56.33,0.2225
9870,11.02,0.0772
9871,8.16,0.0812
9872,14.72,0.2375
9873,45.04,0.3387
9874,224.23,0.3374
9875,119.78,0.4749
9876,6.76,0.5705
9877,162.42,0.4949
9878,147.79,0.5862
9879,142.97,0.8016
9880,217.91,0.6903
9881,238.17,0.6274
9882,42.91,0.7012
9883,80.18,0.7087
9884,222.27,0.5234
9885,225.9,0.4885
9886,39.14,0.4781
9887,5.41,0.3085
9888,69.02,0.2348
9889,39.97,0.344
9890,146.75,0.3489
9891,156.41,0.2933
9892,10.71,0.3407
9893,9.32,0.3356
9894,90.85,0.2012
9895,141.32,0.215
9896,11.93,0.3353
9897,25.64,0.4388
9898,138.52,0.4445
9899,202.02,0.626
9900,147.51,0.701
9901,206.94,0.6319
9902,106.21,0.6744
9903,64.27,0.67
9904,247.68,0.6043
9905,142.74,0.6395
9906,136.35,0.7167
9907,144.11,0.6208
9908,147.22,0.7092
9909,144.58,0.803
9910,237.76,0.8472
9911,237.1,0.7324
9912,191.6,0.7953
9913,23.86,0.7372
9914,212.16,0.5221
9915,175.36,0.3574
9916,6.02,0.4133
9917,14.63,0.3488
9918,83.92,0.3186
9919,142.79,0.4353
9920,143.01,0.4354
9921,131.41,0.4077
9922,14.7,0.2877
9923,54.16,0.3175
9924,13.86,0.3274
9925,175.0,0.5212
9926,142.02,0.593
9927,222.92,0.7656
9928,131.31,0.7958
9929,199.38,0.6844
9930,207.41,0.4909
9931,22.32,0.4103
9932,15.0,0.2336
9933,44.76,0.1676
9934,9.52,0.2672
9935,136.5,0.2552
9936,129.3,0.2434
9937,2.16,0.3753
9938,32.04,0.4767
9939,151.22,0.5401
9940,245.44,0.745
9941,197.39,0.7255
9942,222.36,0.6366
9943,11.13,0.4682
9944,55.63,0.417
9945,64.5,0.233
9946,142.4,0.2754
9947,24.66,0.2328
9948,56.75,0.222
9949,9.85,0.0988
9950,52.92,0.2006
9951,9.94,0.2656
9952,134.1,0.3027
9953,126.6,0.4377
9954,49.71,0.5559
9955,197.92,0.4816
9956,136.93,0.389
9957,54.32,0.4943
9958,27.06,0.438
9959,162.87,0.4371
9960,137.46,0.5355
9961,135.97,0.7116
9962,159.99,0.6876
9963,216.26,0.7106
9964,137.12,0.77
9965,162.19,0.6233
9966,199.74,0.4785
9967,2.4,0.3586
9968,60.7,0.409
9969,8.26,0.3079
9970,216.36,0.3713
9971,91.1,0.3402
9972,70.57,0.3992
9973,27.26,0.2041
9974,71.59,0.3104
9975,6.8,0.4275
9976,205.34,0.4513
9977,196.3,0.5399
9978,52.9,0.6631
9979,166.81,0.6013
9980,139.18,0.5552
9981,138.84,0.6856
9982,146.79,0.564
9983,193.0,0.4998
9984,36.23,0.3804
9985,70.13,0.2851
9986,10.56,0.3018
9987,44.38,0.4111
9988,210.94,0.3682
9989,153.71,0.3819
9990,23.98,0.4682
9991,25.33,0.3942
9992,137.14,0.2659
9993,131.35,0.263
9994,15.94,0.2588
9995,20.84,0.3366
9996,20.84,0.284
9997,220.64,0.33
9998,74.86,0.3369
9999,65.39,0.3301
10000,28.29,0.3218
10001,13.47,0.3832
10002,211.77,0.3444
10003,140.81,0.3317
10004,23.74,0.3303
10005,14.56,0.1537
10006,12.04,0.0371
10007,21.95,0.0711
10008,15.54,0.0596
10009,60.35,0.0751
10010,2.18,0.0569
10011,28.71,0.0969
10012,2.33,0.0494
10013,58.5,0.0909
10014,9.38,0.1818
10015,46.72,0.3171
10016,126.44,0.2695
10017,147.66,0.2872
10018,7.38,0.2563
10019,28.38,0.2665
10020,13.47,0.2676
10021,137.44,0.4335
10022,148.84,0.5281
10023,185.6,0.7059
10024,130.12,0.7529
10025,204.4,0.6241
10026,187.94,0.5009
10027,10.48,0.5622
10028,53.3,0.5071
10029,195.89,0.3356
10030,145.28,0.3663
10031,3.62,0.323
10032,43.52,0.2005
10033,6.74,0.071
10034,64.28,0.0937
10035,6.08,0.2428
10036,28.02,0.4044
10037,203.75,0.3573
10038,180.4,0.3724
10039,13.62,0.4394
10040,22.36,0.381
10041,100.01,0.348
10042,140.94,0.4761
10043,145.01,0.4705
10044,151.22,0.4203
10045,16.32,0.4271
10046,46.11,0.3998
10047,148.25,0.2693
10048,115.68,0.26
10049,10.96,0.2287
10050,6.33,0.1198
10051,12.5,0.0258
10052,31.24,0.0557
10053,14.63,0.0614
10054,43.11,0.0907
10055,12.44,0.2521
10056,44.06,0.3708
10057,204.68,0.3428
10058,142.1,0.3733
10059,13.06,0.5371
10060,45.16,0.5462
10061,220.11,0.5334
10062,214.4,0.6761
10063,128.38,0.7326
10064,166.4,0.5404
10065,105.9,0.3565
10066,13.54,0.2562
10067,16.79,0.293
10068,20.67,0.3289
10069,205.95,0.4812
10070,144.4,0.4756
10071,177.26,0.5566
10072,10.68,0.4972
10073,107.77,0.4371
10074,142.15,0.2834
10075,79.78,0.308
10076,12.16,0.3427
10077,37.1,0.3407
10078,144.99,0.2782
10079,140.03,0.2849
10080,12.62,0.2646
10081,19.41,0.1826
10082,15.22,0.1982
10083,56.9,0.3154
10084,156.8,0.3048
10085,138.58,0.3182
10086,7.96,0.3023
10087,29.69,0.1688
10088,39.77,0.0512
10089,13.38,0.0533
10090,12.18,0.0478
10091,10.23,0.0351
10092,23.8,0.0364
10093,26.06,0.0407
10094,14.86,0.0424
10095,16.8,0.0466
10096,12.06,0.1607
10097,28.27,0.2593
10098,148.69,0.254
10099,120.81,0.2674
10100,11.04,0.4419
10101,26.5,0.4954
10102,215.71,0.5309
10103,206.22,0.672
10104,158.92,0.8371
10105,162.66,0.7833
10106,203.96,0.6292
10107,157.85,0.5211
10108,40.7,0.5962
10109,42.73,0.5566
10110,243.38,0.5378
10111,161.37,0.6366
10112,137.65,0.7334
10113,146.85,0.6422
10114,146.76,0.6708
10115,145.34,0.5528
10116,192.19,0.6384
10117,10.77,0.7147
10118,238.86,0.6398
10119,228.76,0.4676
10120,64.88,0.5202
10121,7.14,0.49
10122,67.26,0.4352
10123,206.46,0.5476
10124,169.87,0.6213
10125,185.65,0.5715
10126,86.31,0.4216
10127,13.8,0.3063
10128,45.36,0.1684
10129,46.01,0.0942
10130,37.48,0.1263
10131,6.62,0.1276
10132,48.28,0.171
10133,46.74,0.2684
10134,92.66,0.2913
10135,142.05,0.2648
10136,31.26,0.346
10137,19.8,0.392
10138,134.0,0.3954
10139,142.07,0.3797
10140,145.71,0.4305
10141,14.33,0.4399
10142,74.46,0.5018
10143,144.06,0.5632
10144,208.58,0.6884
10145,211.69,0.7767
10146,148.84,0.78
10147,169.34,0.7272
10148,147.6,0.6677
10149,151.88,0.5383
10150,147.79,0.4343
10151,9.74,0.3331
10152,57.58,0.2193
10153,38.96,0.2105
10154,29.55,0.3914
10155,138.38,0.3711
10156,204.03,0.3734
10157,35.78,0.5637
10158,41.5,0.5712
10159,234.0,0.4821
10160,146.44,0.4534
10161,108.3,0.4724
10162,4.95,0.2667
10163,61.9,0.298
10164,12.93,0.3867
10165,180.16,0.5333
10166,203.58,0.499
10167,162.46,0.5436
10168,25.04,0.3802
10169,60.84,0.2098
10170,4.6,0.0743
10171,20.46,0.1082
10172,16.85,0.103
10173,61.51,0.1304
10174,55.26,0.1174
10175,34.0,0.1379
10176,6.5,0.1043
10177,38.87,0.1717
10178,25.41,0.2674
10179,127.68,0.2854
10180,136.8,0.2683
10181,25.91,0.3846
10182,20.45,0.4376
10183,150.39,0.5088
10184,184.61,0.6834
10185,213.32,0.8215
10186,213.54,0.8152
10187,168.77,0.6929
10188,143.62,0.4959
10189,53.2,0.3582
10190,1.7,0.3306
10191,65.6,0.3229
10192,139.07,0.4141
10193,135.41,0.5485
10194,151.12,0.6238
10195,146.1,0.6496
10196,146.55,0.5639
10197,166.84,0.4405
10198,43.3,0.4857
10199,18.52,0.4746
10200,194.64,0.365
10201,134.65,0.3599
10202,49.09,0.5499
10203,37.78,0.559
10204,222.73,0.6262
10205,204.41,0.8063
10206,206.79,0.8322
10207,242.59,0.6353
10208,65.64,0.4743
10209,11.16,0.2945
10210,31.43,0.2148
10211,13.6,0.2957
10212,157.01,0.3118
10213,152.57,0.2942
10214,28.36,0.4717
10215,12.56,0.5113
10216,204.34,0.5133
10217,199.58,0.5335
10218,154.7,0.7043
10219,50.07,0.7199
10220,196.01,0.5666
10221,221.14,0.4341
10222,34.92,0.4025
10223,12.24,0.2342
10224,16.12,0.1524
10225,15.17,0.2422
10226,133.33,0.2781
10227,131.41,0.2736
10228,50.8,0.2818
10229,11.22,0.1677
10230,24.02,0.0926
10231,10.78,0.0482
10232,50.7,0.0764
10233,3.11,0.0653
10234,41.44,0.0957
10235,12.14,0.0564
10236,43.4,0.0782
10237,8.54,0.051
10238,26.52,0.1577
10239,12.21,0.2969
10240,126.76,0.4879
10241,192.94,0.4871
10242,213.8,0.4861
10243,25.64,0.4965
10244,11.15,0.4437
10245,137.98,0.4329
10246,136.13,0.5516
10247,202.25,0.5983
10248,153.15,0.472
10249,61.32,0.3906
10250,2.24,0.2108
10251,48.68,0.1337
10252,9.06,0.0829
10253,70.4,0.2096
10254,6.72,0.355
10255,138.39,0.4834
10256,204.85,0.5405
10257,147.0,0.5561
10258,131.78,0.4401
10259,23.54,0.4308
10260,13.68,0.4177
10261,194.91,0.479
10262,132.93,0.674
10263,197.62,0.8239
10264,233.06,0.8465
10265,174.78,0.8969
10266,219.1,0.9041
10267,187.09,0.704
10268,205.42,0.5592
10269,18.05,0.5145
10270,19.23,0.4791
10271,171.02,0.4821
10272,149.02,0.6523
10273,208.62,0.8284
10274,200.92,0.8619
10275,208.45,0.8515
10276,207.05,0.8762
10277,137.86,0.7272
10278,235.14,0.5411
10279,40.88,0.5387
10280,8.48,0.5478
10281,204.4,0.3662
10282,147.74,0.3406
10283,39.92,0.4716
10284,13.4,0.4106
10285,149.25,0.405
10286,138.83,0.5597
10287,141.78,0.6436
10288,206.16,0.5212
10289,103.48,0.6059
10290,17.79,0.6033
10291,229.8,0.614
10292,138.96,0.7214
10293,217.72,0.8433
10294,218.88,0.6832
10295,148.72,0.6771
10296,57.82,0.6432
10297,132.39,0.5714
10298,181.25,0.463
10299,141.8,0.416
10300,32.17,0.4738
10301,7.39,0.5288
10302,194.44,0.4354
10303,240.41,0.4131
10304,41.44,0.6009
10305,8.22,0.6486
10306,209.14,0.6216
10307,245.64,0.5901
10308,211.5,0.6076
10309,7.52,0.456
10310,27.1,0.4055
10311,46.23,0.3857
10312,191.36,0.5184
10313,190.24,0.5678
10314,150.06,0.5722
10315,80.23,0.4102
10316,50.94,0.41
10317,17.25,0.4071
10318,190.04,0.376
10319,146.99,0.3355
10320,46.78,0.5209
10321,7.43,0.5019
10322,216.48,0.3982
10323,169.56,0.3637
10324,35.58,0.4804
10325,9.71,0.4076
10326,132.81,0.4094
10327,138.31,0.5378
10328,171.47,0.6483
10329,173.57,0.6503
10330,128.45,0.6253
10331,134.91,0.4925
10332,111.44,0.451
10333,28.76,0.4696
10334,129.07,0.3461
10335,148.39,0.3111
10336,2.18,0.2994
10337,73.9,0.3776
10338,16.14,0.3726
10339,213.09,0.4369
10340,143.01,0.4893
10341,71.26,0.6118
10342,130.27,0.6228
10343,147.68,0.5027
10344,224.99,0.4425
10345,13.92,0.4727
10346,6.63,0.4902
10347,162.72,0.4167
10348,166.45,0.5908
10349,145.97,0.6261
10350,201.07,0.7066
10351,44.55,0.7089
10352,249.18,0.6933
10353,168.91,0.6354
10354,129.16,0.7169
10355,138.86,0.6196
10356,132.15,0.5321
10357,144.68,0.4226
10358,74.89,0.3082
10359,11.49,0.2402
10360,15.99,0.1143
10361,59.01,0.2453
10362,9.38,0.4107
10363,215.73,0.4516
10364,189.16,0.5583
10365,59.99,0.7212
10366,173.56,0.6453
10367,184.45,0.5951
10368,134.22,0.6607
10369,135.22,0.53
10370,130.44,0.3778
10371,33.12,0.3754
10372,20.89,0.3661
10373,131.68,0.2562
10374,125.18,0.2435
10375,12.43,0.2437
10376,19.45,0.1686
10377,21.05,0.1896
10378,51.05,0.3025
10379,147.7,0.2953
10380,133.79,0.3223
10381,11.65,0.2895
10382,50.07,0.2768
10383,15.87,0.202
10384,134.02,0.2282
10385,53.38,0.3105
10386,39.82,0.4319
10387,138.57,0.4746
10388,146.28,0.5519
10389,179.89,0.6559
10390,136.38,0.5714
10391,151.64,0.478
10392,47.73,0.3286
10393,45.95,0.2155
10394,19.33,0.1181
10395,14.94,0.2762
10396,46.98,0.4171
10397,217.56,0.5526
10398,197.32,0.6791
10399,164.96,0.7357
10400,150.85,0.5949
10401,107.8,0.6315
10402,66.28,0.6823
10403,236.67,0.545
10404,219.47,0.4993
10405,3.4,0.4466
10406,58.69,0.3809
10407,9.6,0.3728
10408,166.09,0.5704
10409,210.78,0.5725
10410,215.7,0.618
10411,60.95,0.4673
10412,58.46,0.2817
10413,4.2,0.0929
10414,11.32,0.0819
10415,12.87,0.0639
10416,49.2,0.07
10417,39.06,0.0661
10418,10.79,0.1933
10419,7.1,0.3434
10420,149.59,0.3352
10421,210.39,0.3783
10422,30.33,0.5067
10423,57.04,0.5219
10424,145.03,0.3312
10425,165.96,0.3626
10426,5.46,0.4823
10427,64.12,0.4807
10428,185.61,0.482
10429,143.35,0.6335
10430,167.38,0.7667
10431,168.25,0.7708
10432,207.24,0.7789
10433,190.02,0.6367
10434,152.02,0.6717
10435,14.55,0.7102
10436,205.93,0.5734
10437,248.51,0.4483
10438,43.03,0.4492
10439,17.71,0.2994
10440,15.49,0.0844
10441,45.0,0.0568
10442,17.49,0.1657
10443,13.39,0.272
10444,134.63,0.2532
10445,129.72,0.2967
10446,24.83,0.468
10447,64.24,0.4952
10448,197.43,0.5933
10449,163.88,0.7055
10450,235.12,0.7577
10451,145.4,0.6054
10452,120.28,0.4565
10453,33.79,0.2995
10454,3.94,0.295
10455,66.4,0.3126
10456,140.6,0.4208
10457,139.14,0.4307
10458,150.04,0.4121
10459,14.56,0.4064
10460,46.47,0.3605
10461,134.46,0.2291
10462,89.82,0.2243
10463,8.83,0.3663
10464,9.46,0.4078
10465,198.99,0.34
10466,179.05,0.3828
10467,16.96,0.3832
10468,54.84,0.2451
10469,9.94,0.2219
10470,50.58,0.3324
10471,154.07,0.2852
10472,135.76,0.2998
10473,4.12,0.2627
10474,25.59,0.1694
10475,10.72,0.0678
10476,53.79,0.092
10477,26.64,0.0778
10478,30.1,0.07
10479,10.35,0.0394
10480,2.37,0.0564
10481,20.92,0.0366
10482,44.84,0.0498
10483,8.87,0.2027
10484,24.54,0.406
10485,166.6,0.3733
10486,239.42,0.3702
10487,9.66,0.4882
10488,5.58,0.4949
10489,151.27,0.3995
10490,173.85,0.5335
10491,136.92,0.5409
10492,153.57,0.4436
10493,13.53,0.289
10494,46.74,0.2226
10495,7.73,0.0827
10496,65.56,0.1138
10497,3.31,0.08
10498,46.95,0.1372
10499,10.38,0.2041
10500,69.16,0.3265
10501,137.5,0.405
10502,134.82,0.408
10503,131.26,0.52
10504,13.59,0.5866
10505,189.5,0.502
10506,209.07,0.3902
10507,43.92,0.3927
10508,11.12,0.3421
10509,16.34,0.2742
10510,135.1,0.3799
10511,136.08,0.471
10512,157.56,0.4674
10513,108.98,0.3812
10514,12.44,0.3964
10515,42.54,0.3786
10516,152.35,0.3978
10517,138.5,0.5177
10518,129.57,0.5998
10519,141.31,0.6007
10520,130.72,0.5073
10521,153.28,0.4128
10522,38.14,0.2839
10523,28.12,0.1708
10524,2.78,0.1653
10525,9.17,0.2639
10526,147.43,0.2411
10527,144.09,0.3044
10528,3.64,0.4258
10529,70.71,0.4304
10530,139.61,0.4465
10531,152.36,0.5642
10532,161.44,0.5087
10533,130.06,0.4318
10534,11.15,0.2961
10535,56.97,0.173
10536,6.52,0.1812
10537,29.22,0.3117
10538,138.84,0.2695
10539,151.35,0.3144
10540,11.63,0.2896
10541,54.73,0.1854
10542,2.64,0.0547
10543,26.89,0.1046
10544,10.87,0.2544
10545,65.21,0.4233
10546,215.69,0.4704
10547,184.16,0.4708
10548,77.53,0.4216
10549,11.22,0.2303
10550,12.4,0.2544
10551,10.14,0.312
10552,210.04,0.4524
10553,139.4,0.4502
10554,162.08,0.4977
10555,10.11,0.3124
10556,61.13,0.2323
10557,10.9,0.0902
10558,53.34,0.1333
10559,9.46,0.0843
10560,56.41,0.1053
10561,8.44,0.068
10562,33.5,0.0709
10563,13.2,0.0335
10564,12.62,0.0529
10565,16.22,0.1745
10566,29.35,0.3404
10567,164.15,0.3315
10568,191.37,0.3196
10569,3.04,0.4881
10570,3.46,0.4918
10571,210.36,0.4403
10572,168.2,0.5116
10573,136.02,0.5401
10574,79.6,0.3942
10575,34.16,0.2415
10576,53.52,0.1311
10577,4.12,0.1839
10578,17.48,0.2795
10579,136.35,0.2335
10580,136.81,0.4175
10581,4.14,0.6232
10582,201.78,0.6369
10583,238.55,0.5287
10584,151.05,0.5728
10585,20.54,0.5117
10586,51.48,0.4347
10587,136.2,0.3047
10588,155.82,0.3315
10589,11.4,0.4422
10590,49.26,0.4897
10591,170.46,0.4782
10592,187.2,0.6202
10593,143.48,0.6962
10594,164.0,0.7088
10595,130.94,0.667
10596,183.96,0.6671
10597,142.32,0.6346
10598,143.58,0.5161
10599,129.01,0.4015
10600,3.62,0.2743
10601,60.86,0.1805
10602,5.61,0.0645
10603,42.89,0.1203
10604,4.28,0.0908
10605,63.57,0.1262
10606,29.23,0.2106
10607,43.61,0.2373
10608,133.6,0.1903
10609,32.96,0.1882
10610,13.04,0.2823
10611,27.01,0.2947
10612,144.71,0.3926
10613,146.93,0.5459
10614,138.19,0.7078
10615,177.68,0.6462
10616,200.96,0.5194
10617,78.56,0.4276
10618,10.72,0.2841
10619,39.47,0.1445
10620,23.57,0.083
10621,50.96,0.0983
10622,12.44,0.0738
10623,27.19,0.0954
10624,13.12,0.059
10625,46.76,0.2751
10626,11.84,0.4804
10627,244.65,0.6566
10628,247.74,0.6372
10629,202.54,0.6731
10630,25.89,0.6391
10631,50.39,0.6012
10632,208.15,0.5345
10633,207.03,0.6343
10634,130.78,0.6114
10635,133.14,0.432
10636,25.86,0.3614
10637,15.32,0.3643
10638,131.19,0.462
10639,133.87,0.6032
10640,238.17,0.6449
10641,177.57,0.5264
10642,60.15,0.4518
10643,3.86,0.2398
10644,53.72,0.1375
10645,10.36,0.0928
10646,67.67,0.2541
10647,12.12,0.3302
10648,177.16,0.447
10649,135.46,0.3992
10650,135.89,0.4964
10651,16.31,0.4563
10652,116.5,0.4762
10653,134.11,0.477
10654,156.85,0.5904
10655,136.72,0.5324
10656,138.2,0.4198
10657,54.17,0.4167
10658,13.12,0.4648
10659,153.48,0.5109
10660,188.4,0.5853
10661,187.81,0.6928
10662,134.05,0.6748
10663,128.62,0.6217
10664,134.18,0.4947
10665,131.34,0.3805
10666,51.35,0.36
10667,11.29,0.4058
10668,106.64,0.3209
10669,183.36,0.2777
10670,40.19,0.4524
10671,4.88,0.5296
10672,198.98,0.5259
10673,189.63,0.6546
10674,179.43,0.8442
10675,178.46,0.8611
10676,208.59,0.7071
10677,217.11,0.5706
10678,24.19,0.4457
10679,32.72,0.2989
10680,44.33,0.101
10681,50.8,0.2213
10682,4.47,0.3007
10683,153.42,0.3061
10684,118.02,0.2659
10685,50.19,0.3192
10686,7.58,0.1789
10687,61.78,0.2281
10688,2.7,0.3298
10689,170.84,0.3877
10690,159.5,0.3372
10691,69.77,0.4802
10692,7.45,0.479
10693,156.41,0.4597
10694,169.58,0.5362
10695,138.71,0.546
10696,151.96,0.4128
10697,17.96,0.266
10698,13.32,0.1772
10699,11.85,0.0436
10700,43.34,0.2001
10701,8.42,0.2708
10702,186.05,0.2958
10703,89.28,0.3856
10704,38.76,0.4984
10705,139.8,0.3386
10706,129.64,0.2694
10707,14.28,0.3747
10708,14.98,0.3744
10709,151.93,0.2852
10710,139.5,0.2855
10711,33.74,0.3189
10712,14.64,0.1833
10713,50.82,0.2015
10714,6.28,0.3552
10715,159.05,0.3798
10716,198.88,0.3407
10717,41.1,0.3897
10718,8.76,0.2729
10719,58.9,0.1143
10720,33.55,0.0896
10721,28.49,0.0934
10722,14.52,0.0553
10723,12.93,0.047
10724,17.98,0.0711
10725,24.61,0.0606
10726,54.34,0.0638
10727,3.3,0.1985
10728,16.32,0.3885
10729,162.69,0.5378
10730,228.77,0.5795
10731,214.74,0.5736
10732,48.16,0.6196
10733,9.96,0.6042
10734,212.14,0.5787
10735,212.2,0.6992
10736,187.3,0.879
10737,177.61,0.8788
10738,203.14,0.7354
10739,212.0,0.6089
10740,58.14,0.6469
10741,51.32,0.6063
10742,218.44,0.4107
10743,159.54,0.398
10744,1.88,0.3808
10745,44.45,0.1812
10746,32.84,0.0699
10747,3.95,0.1085
10748,40.01,0.2179
10749,43.38,0.3635
10750,161.9,0.3911
10751,189.3,0.4089
10752,33.66,0.5088
10753,59.08,0.5486
10754,150.72,0.5025
10755,204.66,0.5973
10756,139.82,0.5718
10757,135.51,0.4519
10758,31.63,0.4327
10759,21.94,0.5112
10760,184.04,0.4095
10761,224.09,0.3954
10762,26.28,0.4398
10763,16.52,0.3195
10764,69.59,0.1262
10765,54.83,0.1156
10766,16.34,0.1124
10767,14.91,0.0672
10768,13.1,0.0451
10769,21.01,0.1568
10770,31.1,0.1912
10771,136.38,0.2105
10772,51.85,0.323
10773,33.82,0.4292
10774,141.9,0.4463
10775,145.22,0.5843
10776,154.7,0.7367
10777,200.22,0.6644
10778,197.5,0.5399
10779,64.24,0.4379
10780,11.48,0.264
10781,45.02,0.2146
10782,13.46,0.2736
10783,144.4,0.2955
10784,127.64,0.2972
10785,34.94,0.4746
10786,46.9,0.5339
10787,204.08,0.4179
10788,208.1,0.4356
10789,3.01,0.528
10790,53.98,0.35
10791,146.12,0.1772
10792,12.84,0.192
10793,22.4,0.1671
10794,18.92,0.0612
10795,27.21,0.1794
10796,32.37,0.1851
10797,139.88,0.2164
10798,28.49,0.195
10799,52.58,0.2024
10800,4.18,0.0817
10801,40.34,0.1003
10802,10.2,0.0715
10803,48.46,0.1151
10804,21.68,0.0884
10805,50.96,0.0831
10806,11.74,0.0448
10807,4.42,0.0524
10808,7.38,0.0332
10809,29.84,0.1616
10810,30.28,0.3381
10811,149.74,0.3409
10812,194.05,0.3467
10813,10.38,0.4103
10814,36.1,0.429
10815,98.52,0.4038
10816,169.84,0.5511
10817,167.08,0.5239
10818,168.59,0.4882
10819,6.9,0.3339
10820,60.19,0.33
10821,3.97,0.2734
10822,162.89,0.3346
10823,107.79,0.3118
10824,72.64,0.3423
10825,35.71,0.2007
10826,36.79,0.2353
10827,10.73,0.297
10828,144.94,0.3015
10829,138.96,0.4045
10830,40.52,0.5293
10831,147.45,0.5268
10832,144.82,0.4069
10833,142.22,0.4204
10834,10.13,0.4593
10835,55.12,0.4501
10836,189.22,0.5443
10837,134.93,0.7586
10838,243.42,0.7687
10839,240.4,0.7949
10840,65.96,0.8076
10841,217.37,0.7812
10842,148.53,0.7718
10843,215.1,0.9026
10844,230.33,0.8722
10845,206.46,0.8704
10846,184.74,0.7348
10847,146.55,0.5569
10848,69.49,0.4144
10849,39.1,0.2509
10850,53.4,0.305
10851,9.03,0.3986
10852,204.64,0.4011
10853,170.08,0.3852
10854,41.82,0.4957
10855,36.27,0.4443
10856,127.76,0.4235
10857,149.48,0.544
10858,147.71,0.6785
10859,171.24,0.7475
10860,180.83,0.6105
10861,201.87,0.5195
10862,2.26,0.5606
10863,50.01,0.5481
10864,215.41,0.4447
10865,167.33,0.4538
10866,90.81,0.4233
10867,12.07,0.2481
10868,17.17,0.1047
10869,27.24,0.0328
10870,13.21,0.0369
10871,13.53,0.1555
10872,16.55,0.2535
10873,144.54,0.2812
10874,132.58,0.3931
10875,42.92,0.522
10876,133.74,0.61
10877,155.1,0.6123
10878,239.08,0.6967
10879,135.05,0.7207
10880,133.66,0.5881
10881,159.5,0.4082
10882,12.65,0.2944
10883,45.78,0.2187
10884,12.68,0.2299
10885,52.4,0.3599
10886,171.46,0.3201
10887,152.41,0.3581
10888,3.02,0.3179
10889,53.49,0.1854
10890,9.14,0.1401
10891,29.11,0.2632
10892,103.75,0.2269
10893,135.31,0.2367
10894,14.52,0.2235
10895,19.62,0.2655
10896,14.92,0.2653
10897,148.86,0.4015
10898,135.1,0.4907
10899,160.93,0.4875
10900,115.44,0.3619
10901,11.45,0.3626
10902,13.98,0.3374
10903,135.81,0.2361
10904,133.83,0.2769
10905,6.62,0.2662
10906,55.3,0.1932
10907,2.42,0.2649
10908,57.38,0.4565
10909,210.96,0.4366
10910,212.46,0.4486
10911,33.94,0.5219
10912,15.29,0.5125
10913,136.08,0.3437
10914,200.87,0.3275
10915,31.09,0.3457
10916,16.52,0.3615
10917,34.83,0.3097
10918,153.15,0.4467
10919,145.22,0.4848
10920,178.26,0.4566
10921,57.47,0.3373
10922,4.54,0.256
10923,24.88,0.1005
10924,57.91,0.0638
10925,11.22,0.1998
10926,18.0,0.3066
10927,150.68,0.4086
10928,139.65,0.5233
10929,167.5,0.5191
10930,134.48,0.4298
10931,13.45,0.4256
10932,54.74,0.4097
10933,135.13,0.3696
10934,150.42,0.3802
10935,91.33,0.5215
10936,24.85,0.601
10937,206.55,0.5952
10938,220.56,0.6359
10939,144.18,0.7329
10940,135.15,0.5546
10941,129.05,0.3642
10942,14.93,0.2464
10943,16.04,0.1607
10944,17.62,0.0505
10945,42.98,0.0501
10946,10.7,0.0473
10947,14.46,0.0767
10948,13.09,0.163
10949,49.19,0.2717
10950,135.71,0.2706
10951,127.45,0.2951
10952,13.33,0.3871
10953,39.42,0.3996
10954,148.04,0.2931
10955,149.06,0.2872
10956,13.11,0.3699
10957,6.9,0.3514
10958,128.28,0.3335
10959,128.17,0.4481
10960,129.88,0.5074
10961,136.18,0.3973
10962,70.71,0.3106
10963,9.89,0.2154
10964,35.05,0.1358
10965,27.56,0.0813
10966,50.73,0.1294
10967,12.18,0.2223
10968,61.5,0.3364
10969,134.93,0.4172
10970,150.09,0.4163
10971,137.56,0.4138
10972,11.18,0.472
10973,58.87,0.4796
10974,197.39,0.361
10975,158.26,0.3982
10976,10.17,0.5614
10977,51.12,0.5317
10978,234.22,0.5227
10979,165.51,0.68
10980,148.6,0.6549
10981,179.23,0.502
10982,24.08,0.5088
10983,69.96,0.5448
10984,172.82,0.4877
10985,187.26,0.4765
10986,117.94,0.4432
10987,12.05,0.3018
10988,34.16,0.2498
10989,20.9,0.2696
10990,131.3,0.4225
10991,139.25,0.3938
10992,176.37,0.4894
10993,3.35,0.5624
10994,123.62,0.4983
10995,209.71,0.3381
10996,70.31,0.3921
10997,4.31,0.4249
10998,61.4,0.4273
10999,158.77,0.5069
11000,212.38,0.631
11001,155.8,0.5831
11002,137.65,0.4685
11003,9.96,0.33
11004,35.53,0.2024
11005,63.67,0.2083
11006,18.64,0.4063
11007,144.04,0.4272
11008,222.65,0.3977
11009,57.98,0.5675
11010,32.02,0.539
11011,201.09,0.3496
11012,113.39,0.4225
11013,19.1,0.5181
11014,136.35,0.4775
11015,134.78,0.3861
11016,157.48,0.4177
11017,15.14,0.4697
11018,53.01,0.4847
11019,192.32,0.5402
11020,150.84,0.6794
11021,217.1,0.8358
11022,164.71,0.788
11023,221.08,0.6502
11024,140.9,0.4582
11025,2.84,0.3213
11026,10.84,0.1676
11027,17.6,0.1661
11028,55.94,0.3104
11029,139.23,0.4247
11030,157.89,0.5646
11031,133.66,0.5464
11032,167.89,0.427
11033,36.43,0.4744
11034,10.97,0.4783
11035,208.79,0.5059
11036,137.88,0.4782
11037,197.53,0.5238
11038,6.66,0.334
11039,59.94,0.3956
11040,4.84,0.3421
11041,204.14,0.4656
11042,139.97,0.4542
11043,139.36,0.4903
11044,47.74,0.3038
11045,43.58,0.1765
11046,3.76,0.0796
11047,3.17,0.081
11048,35.23,0.0943
11049,49.26,0.1023
11050,57.87,0.1165
11051,12.4,0.0933
11052,18.38,0.094
11053,10.36,0.0526
11054,49.97,0.216
11055,13.38,0.2409
11056,188.03,0.237
11057,45.06,0.3826
11058,6.19,0.5014
11059,206.45,0.4787
11060,141.02,0.6015
11061,163.64,0.7045
11062,176.99,0.5244
11063,116.88,0.5156
11064,12.94,0.4904
11065,131.52,0.5042
11066,136.55,0.5348
11067,191.85,0.6614
11068,149.76,0.6764
11069,148.96,0.6902
11070,147.66,0.6421
11071,151.36,0.6378
11072,140.2,0.5412
11073,145.11,0.4097
11074,45.2,0.4061
11075,6.33,0.3985
11076,147.52,0.308
11077,132.03,0.2781
11078,47.88,0.4632
11079,13.04,0.5003
11080,205.17,0.5556
11081,187.47,0.6829
11082,191.41,0.7294
11083,184.62,0.5489
11084,63.02,0.3923
11085,11.2,0.2283
11086,19.2,0.0967
11087,15.22,0.1759
11088,43.26,0.2832
11089,148.07,0.3904
11090,126.52,0.3801
11091,134.38,0.3782
11092,4.18,0.2836
11093,41.26,0.2192
11094,46.36,0.1012
11095,57.3,0.2829
11096,7.64,0.3429
11097,199.44,0.3451
11098,105.68,0.2967
11099,48.69,0.3
11100,5.33,0.2387
11101,11.18,0.2591
11102,133.61,0.25
11103,127.62,0.2546
11104,38.9,0.2821
11105,10.2,0.1604
11106,40.75,0.0772
11107,2.88,0.0506
11108,38.22,0.0526
11109,10.35,0.0173
11110,12.3,0.0598
11111,2.87,0.0533
11112,48.5,0.0682
11113,31.21,0.0671
11114,26.35,0.164
11115,11.21,0.2485
11116,106.96,0.3907
11117,139.25,0.3993
11118,184.04,0.3993
11119,35.61,0.4938
11120,11.16,0.5011
11121,208.48,0.5022
11122,147.16,0.602
11123,185.2,0.6397
11124,142.82,0.455
11125,51.68,0.4743
11126,9.97,0.5002
11127,167.95,0.5654
11128,213.03,0.6757
11129,212.84,0.6763
11130,170.17,0.525
11131,10.61,0.3721
11132,5.48,0.2036
11133,48.7,0.0557
11134,31.78,0.06
11135,11.27,0.1921
11136,15.22,0.3052
11137,147.42,0.4311
11138,170.2,0.4799
11139,167.05,0.5159
11140,63.71,0.5713
11141,53.97,0.57
11142,206.86,0.542
11143,168.81,0.6051
11144,136.99,0.567
11145,131.58,0.5194
11146,13.01,0.4833
11147,155.72,0.3941
11148,129.94,0.2845
11149,41.15,0.3245
11150,13.84,0.1947
11151,56.06,0.2186
11152,16.26,0.306
11153,155.59,0.3121
11154,135.01,0.2716
11155,20.43,0.3278
11156,12.58,0.329
11157,76.65,0.272
11158,156.84,0.267
11159,73.75,0.3828
11160,15.06,0.4475
11161,137.02,0.4887
11162,146.16,0.5781
11163,201.08,0.6988
11164,169.86,0.6029
11165,144.75,0.476
11166,33.99,0.3463
11167,9.76,0.1917
11168,61.69,0.2118
11169,3.79,0.3087
11170,166.35,0.4281
11171,138.11,0.5222
11172,138.01,0.5593
11173,162.87,0.4169
11174,43.63,0.2962
11175,13.32,0.1781
11176,8.44,0.1525
11177,11.14,0.2492
11178,135.32,0.2543
11179,147.58,0.2558
11180,18.74,0.3864
11181,10.12,0.3954
11182,151.46,0.3947
11183,145.0,0.4992
11184,146.75,0.533
11185,131.04,0.4339
11186,46.48,0.3564
11187,44.99,0.2234
11188,61.68,0.2466
11189,3.8,0.3305
11190,156.04,0.3384
11191,136.59,0.2913
11192,53.49,0.4192
11193,11.02,0.3986
11194,141.26,0.3154
11195,133.96,0.2852
11196,47.17,0.4595
11197,20.99,0.5192
11198,198.38,0.4149
11199,205.32,0.4011
11200,21.91,0.4396
11201,32.34,0.3178
11202,62.35,0.2545
11203,67.52,0.4267
11204,137.34,0.4095
11205,206.95,0.3754
11206,13.87,0.3239
11207,25.73,0.23
11208,12.18,0.0508
11209,36.38,0.0798
11210,14.46,0.0604
11211,45.01,0.1113
11212,4.91,0.0875
11213,66.8,0.1228
11214,10.82,0.0908
11215,52.42,0.1543
11216,10.66,0.1562
11217,73.04,0.2725
11218,68.87,0.4137
11219,135.75,0.4165
11220,204.19,0.3627
11221,13.61,0.4265
11222,15.25,0.5143
11223,137.49,0.4796
11224,230.0,0.6067
11225,167.0,0.6017
11226,150.17,0.5175
11227,9.82,0.5009
11228,47.03,0.5385
11229,212.18,0.4114
11230,207.43,0.4264
11231,13.53,0.4035
11232,26.02,0.2164
11233,22.38,0.152
11234,11.12,0.1961
11235,138.23,0.2212
11236,60.96,0.2097
11237,52.98,0.3503
11238,10.04,0.3748
11239,162.12,0.3717
11240,164.56,0.3348
11241,57.64,0.4511
11242,13.34,0.4838
11243,135.04,0.5092
11244,197.2,0.5828
11245,191.86,0.7131
11246,136.76,0.7116
11247,153.34,0.5359
11248,133.45,0.3656
11249,8.44,0.3719
11250,8.84,0.3523
11251,143.49,0.3328
11252,132.32,0.3758
11253,112.5,0.37
11254,54.61,0.2835
11255,2.6,0.168
11256,50.6,0.1101
11257,8.2,0.0626
11258,50.27,0.1839
11259,3.59,0.257
11260,132.94,0.2977
11261,129.1,0.3918
11262,51.99,0.5233
11263,151.37,0.5284
11264,144.9,0.5343
11265,138.36,0.6291
11266,135.41,0.6156
11267,153.87,0.6071
11268,136.92,0.4835
11269,135.76,0.3886
11270,5.49,0.251
11271,33.54,0.1878
11272,5.96,0.236
11273,69.04,0.4312
11274,187.52,0.5918
11275,215.22,0.7348
11276,206.09,0.725
11277,159.6,0.6443
11278,58.5,0.6471
11279,100.88,0.4621
11280,218.18,0.3601
11281,7.39,0.315
11282,49.91,0.3981
11283,10.11,0.3322
11284,190.19,0.5105
11285,147.28,0.5872
11286,198.98,0.6125
11287,132.34,0.4459
11288,37.35,0.3121
11289,11.16,0.1539
11290,3.54,0.1567
11291,28.94,0.2621
11292,135.36,0.2563
11293,150.62,0.2653
11294,4.97,0.3631
11295,13.11,0.4117
11296,134.1,0.3047
11297,187.56,0.3565
11298,35.62,0.5759
11299,60.61,0.5887
11300,248.91,0.4295
11301,147.84,0.4561
11302,16.5,0.4359
11303,64.23,0.3579
11304,38.87,0.4042
11305,165.07,0.5876
11306,197.64,0.5795
11307,213.48,0.5826
11308,55.62,0.4386
11309,42.17,0.4359
11310,10.3,0.3923
11311,194.84,0.5317
11312,166.59,0.5958
11313,205.36,0.5957
11314,111.06,0.4527
11315,10.16,0.3032
11316,41.28,0.1708
11317,5.88,0.0771
11318,63.13,0.2312
11319,10.33,0.3627
11320,175.79,0.4494
11321,182.56,0.4357
11322,99.06,0.551
11323,48.41,0.5596
11324,134.26,0.5893
11325,185.01,0.6993
11326,214.43,0.7961
11327,217.26,0.6841
11328,152.42,0.5271
11329,13.88,0.386
11330,16.37,0.3157
11331,62.87,0.3144
11332,141.69,0.4332
11333,150.96,0.5498
11334,141.54,0.6232
11335,141.69,0.5267
11336,141.68,0.443
11337,38.03,0.3145
11338,61.05,0.2104
11339,3.47,0.2697
11340,29.85,0.3599
11341,205.38,0.3089
11342,134.91,0.3521
11343,6.28,0.3256
11344,49.88,0.1825
11345,1.41,0.2628
11346,51.63,0.4363
11347,221.16,0.4499
11348,192.76,0.4569
11349,64.49,0.537
11350,8.88,0.5211
11351,137.71,0.5315
11352,204.03,0.6553
11353,204.0,0.7772
11354,197.42,0.7814
11355,139.92,0.7006
11356,142.18,0.5442
11357,117.19,0.4268
11358,35.98,0.3035
11359,71.31,0.2178
11360,7.48,0.249
11361,50.11,0.3539
11362,150.62,0.2979
11363,148.72,0.3044
11364,11.15,0.2902
11365,14.42,0.2628
11366,34.95,0.252
11367,121.13,0.2552
11368,137.12,0.2883
11369,14.63,0.2733
11370,49.97,0.2122
11371,18.77,0.092
11372,55.47,0.0959
11373,8.04,0.0634
11374,18.75,0.1021
11375,15.05,0.0777
11376,60.42,0.0776
11377,29.24,0.0752
11378,7.93,0.0738
11379,16.18,0.0503
11380,13.5,0.1488
11381,35.17,0.2198
11382,135.11,0.2147
11383,84.26,0.2356
11384,10.6,0.4333
11385,36.02,0.4375
11386,247.58,0.3678
11387,139.59,0.3875
11388,9.41,0.3653
11389,31.8,0.1872
11390,12.17,0.0858
11391,56.2,0.1198
11392,30.62,0.0942
11393,45.93,0.0931
11394,4.3,0.0607
11395,10.93,0.0717
11396,21.4,0.1783
11397,42.49,0.2992
11398,160.44,0.3832
11399,134.23,0.3733
11400,101.14,0.4615
11401,10.8,0.4831
11402,137.21,0.4029
11403,183.66,0.3191
11404,48.08,0.339
11405,11.17,0.3412
11406,32.18,0.3307
11407,139.47,0.4174
11408,172.45,0.5317
11409,141.24,0.6744
11410,133.99,0.5484
11411,185.48,0.4253
11412,4.1,0.3025
11413,40.15,0.231
11414,9.32,0.2649
11415,57.12,0.41
11416,221.91,0.5101
11417,160.02,0.6743
11418,147.68,0.6479
11419,185.78,0.4947
11420,28.72,0.5097
11421,57.28,0.49
11422,176.21,0.4616
11423,126.5,0.4465
11424,155.27,0.4342
11425,12.5,0.2845
11426,44.0,0.2875
11427,15.4,0.2604
11428,129.77,0.4073
11429,126.09,0.3724
11430,170.35,0.4172
11431,6.51,0.2999
11432,63.57,0.2193
11433,3.74,0.0659
11434,39.49,0.1193
11435,5.46,0.0749
11436,63.89,0.0888
11437,15.93,0.0658
11438,18.6,0.0732
11439,14.84,0.0287
11440,13.38,0.0304
11441,16.14,0.2103
11442,17.72,0.35
11443,211.86,0.373
11444,165.0,0.3599
11445,38.0,0.5256
11446,2.16,0.4851
11447,195.7,0.5236
11448,168.37,0.611
11449,206.41,0.7338
11450,131.82,0.6022
11451,134.16,0.4569
11452,54.32,0.2893
11453,12.2,0.1807
11454,26.38,0.1051
11455,15.11,0.1827
11456,52.88,0.2957
11457,137.72,0.2835
11458,133.6,0.3121
11459,13.35,0.2879
11460,45.77,0.1851
11461,26.86,0.181
11462,27.36,0.3054
11463,129.14,0.2723
11464,147.01,0.2684
11465,10.19,0.3896
11466,22.72,0.4128
11467,157.59,0.4222
11468,154.0,0.535
11469,157.16,0.5565
11470,131.4,0.4189
11471,45.72,0.3132
11472,9.75,0.1773
11473,40.5,0.0655
11474,11.14,0.1857
11475,11.3,0.287
11476,174.85,0.2584
11477,118.54,0.4321
11478,9.82,0.5878
11479,197.75,0.632
11480,178.63,0.5664
11481,222.31,0.592
11482,48.02,0.545
11483,37.38,0.4826
11484,147.23,0.3025
11485,111.63,0.2915
11486,28.72,0.4123
11487,36.26,0.4443
11488,167.12,0.5106
11489,181.66,0.6514
11490,182.84,0.7457
11491,180.02,0.727
11492,137.56,0.6122
11493,147.01,0.451
11494,58.3,0.3426
11495,9.73,0.4099
11496,63.48,0.3947
11497,209.94,0.5225
11498,130.6,0.6465
11499,195.61,0.7178
11500,143.05,0.5337
11501,140.09,0.6006
11502,12.14,0.6207
11503,202.45,0.6712
11504,217.19,0.5887
11505,197.35,0.6196
11506,51.42,0.6282
11507,45.33,0.5564
11508,211.65,0.4985
11509,140.09,0.5956
11510,135.18,0.5794
11511,155.72,0.3963
11512,27.9,0.2767
11513,14.92,0.1665
11514,11.56,0.1498
11515,16.8,0.2603
11516,137.82,0.2856
11517,146.58,0.284
11518,42.1,0.3567
11519,9.88,0.3659
11520,94.9,0.2703
11521,147.68,0.2433
11522,43.86,0.3633
11523,13.11,0.4084
11524,138.84,0.4097
11525,143.27,0.3956
11526,149.1,0.4263
11527,28.75,0.4238
11528,46.06,0.4255
11529,136.13,0.4104
11530,145.11,0.51
11531,132.85,0.5142
11532,135.79,0.397
11533,50.62,0.2794
11534,10.22,0.1679
11535,18.68,0.0824
11536,13.08,0.0467
11537,43.94,0.0647
11538,12.3,0.0609
11539,29.55,0.2338
11540,14.6,0.217
11541,198.79,0.2183
11542,25.89,0.2402
11543,13.73,0.365
11544,53.1,0.265
11545,148.65,0.2512
11546,91.4,0.3718
11547,11.05,0.4642
11548,143.31,0.4677
11549,152.4,0.5252
11550,152.36,0.6573
11551,153.17,0.6665
11552,152.95,0.6162
11553,153.28,0.5156
11554,98.33,0.4067
11555,44.28,0.3122
11556,36.17,0.1809
11557,51.42,0.2152
11558,12.18,0.3115
11559,135.15,0.3232
11560,147.76,0.2864
11561,48.81,0.3184
11562,11.84,0.1954
11563,46.5,0.2815
11564,3.04,0.4381
11565,240.23,0.4884
11566,217.08,0.4498
11567,65.86,0.574
11568,5.13,0.4802
11569,136.48,0.4654
11570,139.42,0.5335
11571,201.18,0.5756
11572,138.96,0.4611
11573,50.44,0.3439
11574,13.4,0.2066
11575,13.48,0.1013
11576,53.72,0.119
11577,25.85,0.1401
11578,69.46,0.2702
11579,36.0,0.3443
11580,153.27,0.4969
11581,133.4,0.6216
11582,189.74,0.5994
11583,203.44,0.5876
11584,12.21,0.6247
11585,140.58,0.472
11586,173.3,0.2938
11587,25.6,0.4727
11588,11.99,0.49
11589,204.46,0.4764
11590,159.12,0.6284
11591,158.66,0.6344
11592,188.97,0.4687
11593,18.38,0.3798
11594,26.5,0.3867
11595,63.62,0.3137
11596,166.04,0.3087
11597,110.48,0.2953
11598,13.08,0.2771
11599,12.05,0.1404
11600,44.12,0.0849
11601,19.14,0.082
11602,50.81,0.1074
11603,9.99,0.1224
11604,39.29,0.3057
11605,60.32,0.4624
11606,216.08,0.4855
11607,219.14,0.4542
11608,34.83,0.5692
11609,5.66,0.569
11610,183.89,0.5077
11611,215.84,0.6545
11612,153.28,0.6622
11613,192.53,0.5238
11614,13.97,0.3682
11615,35.18,0.2818
11616,48.64,0.235
11617,60.48,0.351
11618,142.21,0.3278
11619,138.67,0.3287
11620,10.17,0.28
11621,49.65,0.2925
11622,8.15,0.2401
11623,155.64,0.2798
11624,82.36,0.3763
11625,52.84,0.5238
11626,153.38,0.536
11627,166.54,0.4633
11628,168.83,0.575
11629,4.23,0.567
11630,172.87,0.5487
11631,144.76,0.5375
11632,146.88,0.6728
11633,156.82,0.6558
11634,149.57,0.5692
11635,154.63,0.4355
11636,51.67,0.3016
11637,3.19,0.1896
11638,13.02,0.189
11639,29.17,0.3149
11640,154.06,0.334
11641,186.88,0.3304
11642,23.78,0.3152
11643,9.12,0.1961
11644,12.86,0.0319
11645,26.07,0.1339
11646,10.48,0.2248
11647,133.34,0.2501
11648,106.74,0.417
11649,40.12,0.626
11650,205.39,0.6998
11651,235.08,0.7763
11652,212.58,0.8734
11653,188.95,0.8168
11654,144.46,0.725
11655,144.54,0.5513
11656,136.48,0.388
11657,25.92,0.2633
11658,13.51,0.1424
11659,10.46,0.1399
11660,14.59,0.328
11661,133.81,0.4508
11662,228.05,0.5854
11663,145.4,0.5806
11664,155.09,0.514
11665,9.52,0.3839
11666,62.25,0.4591
11667,88.22,0.3188
11668,226.23,0.3446
11669,4.36,0.3027
11670,37.21,0.2556
11671,17.18,0.0584
11672,37.61,0.1554
11673,14.42,0.1611
11674,108.56,0.1553
11675,43.36,0.309
11676,10.88,0.4317
11677,202.82,0.4873
11678,146.25,0.6416
11679,168.3,0.6568
11680,209.16,0.4784
11681,27.17,0.3444
11682,11.12,0.2114
11683,2.34,0.0557
11684,25.32,0.0847
11685,41.91,0.194
11686,58.36,0.3128
11687,128.5,0.2997
11688,130.01,0.306
11689,11.22,0.2563
11690,48.69,0.1655
11691,4.91,0.1505
11692,30.95,0.2758
11693,113.92,0.2396
11694,145.83,0.2757
11695,9.83,0.2487
11696,43.67,0.1561
11697,1.96,0.0241
11698,14.45,0.0632
11699,4.01,0.0627
11700,51.82,0.0758
11701,43.1,0.0749
11702,16.09,0.0831
11703,13.41,0.0549
11704,12.83,0.0273
11705,21.57,0.0468
11706,13.45,0.1575
11707,36.98,0.2919
11708,132.44,0.2817
11709,157.16,0.3271
11710,10.65,0.4252
11711,62.21,0.4995
11712,142.42,0.5373
11713,212.2,0.6959
11714,197.83,0.8218
11715,181.09,0.7982
11716,197.47,0.647
11717,117.09,0.473
11718,49.64,0.3533
11719,10.95,0.1787
11720,52.45,0.2105
11721,9.85,0.3072
11722,151.24,0.5254
11723,153.54,0.6309
11724,245.5,0.6481
11725,165.76,0.5127
11726,28.38,0.5085
11727,5.71,0.4069
11728,149.06,0.2758
11729,136.3,0.2969
11730,24.9,0.4156
11731,51.02,0.402
11732,133.24,0.4033
11733,134.42,0.585
11734,137.72,0.6054
11735,220.12,0.5351
11736,72.98,0.4153
11737,57.74,0.348
11738,5.62,0.1677
11739,65.4,0.1585
11740,26.48,0.1084
11741,63.03,0.2971
11742,3.95,0.4299
11743,208.3,0.5778
11744,208.17,0.5436
11745,185.38,0.547
11746,26.26,0.3657
11747,7.58,0.3071
11748,13.56,0.2631
11749,145.24,0.2669
11750,138.1,0.4116
11751,30.34,0.534
11752,162.99,0.5905
11753,145.12,0.6351
11754,205.98,0.7995
11755,185.94,0.6514
11756,207.03,0.5559
11757,3.8,0.5605
11758,42.57,0.5846
11759,210.93,0.4337
11760,211.79,0.4394
11761,44.92,0.4545
11762,9.95,0.3952
11763,58.72,0.3278
11764,147.26,0.5099
11765,139.39,0.5204
11766,240.56,0.5139
11767,21.18,0.5613
11768,51.72,0.5246
11769,198.27,0.3278
11770,99.96,0.3298
11771,29.05,0.4718
11772,23.4,0.4134
11773,204.3,0.4617
11774,135.44,0.577
11775,151.86,0.5663
11776,152.99,0.3918
11777,11.9,0.2794
11778,16.77,0.1748
11779,14.68,0.1581
11780,39.44,0.2765
11781,135.03,0.2648
11782,139.22,0.3168
11783,4.16,0.4617
11784,70.6,0.5227
11785,195.1,0.4932
11786,200.51,0.5014
11787,107.59,0.5729
11788,12.94,0.5642
11789,147.38,0.4212
11790,185.73,0.3333
11791,46.9,0.3283
11792,13.22,0.3319
11793,7.51,0.3039
11794,151.28,0.4125
11795,155.64,0.455
11796,163.61,0.4571
11797,58.89,0.3526
11798,9.77,0.3436
11799,38.89,0.339
11800,146.04,0.434
11801,158.6,0.5747
11802,160.98,0.6596
11803,160.97,0.649
11804,130.13,0.5198
11805,134.6,0.3858
11806,19.82,0.2916
11807,17.01,0.3722
11808,59.74,0.4478
11809,216.72,0.5521
11810,215.83,0.5512
11811,131.88,0.7009
11812,16.02,0.6813
11813,220.63,0.608
11814,195.61,0.6171
11815,137.13,0.7244
11816,141.69,0.6398
11817,131.26,0.5898
11818,129.79,0.472
11819,141.87,0.4339
11820,10.51,0.4451
11821,100.8,0.4462
11822,143.29,0.323
11823,130.97,0.3704
11824,9.49,0.2792
11825,61.44,0.1856
11826,2.78,0.0741
11827,42.68,0.1195
11828,11.2,0.2393
11829,58.34,0.3574
11830,190.13,0.3402
11831,129.65,0.334
11832,24.26,0.4197
11833,4.46,0.3794
11834,150.5,0.3856
11835,146.78,0.5234
11836,136.31,0.6415
11837,172.34,0.5116
11838,131.36,0.6001
11839,10.94,0.6024
11840,241.86,0.4887
11841,138.75,0.3757
11842,50.16,0.4153
11843,9.98,0.205
11844,53.52,0.1162
11845,15.89,0.2429
11846,43.3,0.2456
11847,186.31,0.2324
11848,12.9,0.3415
11849,39.31,0.4573
11850,133.1,0.2972
11851,167.76,0.3113
11852,14.22,0.4656
11853,28.16,0.541
11854,205.06,0.5682
11855,214.14,0.7374
11856,196.97,0.892
11857,196.02,0.8658
11858,194.22,0.7346
11859,176.88,0.5588
11860,73.19,0.4012
11861,8.09,0.2325
11862,26.7,0.2357
11863,12.98,0.2906
11864,180.27,0.4036
11865,132.18,0.5034
11866,129.5,0.7191
11867,133.96,0.5619
11868,244.74,0.4955
11869,11.38,0.5205
11870,60.76,0.5102
11871,156.42,0.2905
11872,122.85,0.339
11873,8.68,0.4833
11874,63.54,0.5278
11875,215.84,0.5582
11876,204.22,0.7419
11877,155.5,0.8027
11878,205.98,0.72
11879,128.93,0.5896
11880,126.98,0.4526
11881,64.07,0.4335
11882,8.31,0.4475
11883,185.44,0.3916
11884,144.02,0.3436
11885,66.9,0.3766
11886,12.51,0.2142
11887,43.82,0.1299
11888,10.91,0.0781
11889,53.44,0.2579
11890,11.19,0.3646
11891,205.72,0.3605
11892,158.46,0.3652
11893,6.55,0.5715
11894,58.49,0.5198
11895,232.78,0.5171
11896,150.27,0.6956
11897,155.54,0.8558
11898,198.33,0.8691
11899,230.62,0.7445
11900,247.0,0.6023
11901,16.43,0.4589
11902,2.82,0.2873
11903,44.22,0.1974
11904,46.23,0.3734
11905,150.38,0.5015
11906,205.54,0.586
11907,140.44,0.5916
11908,135.06,0.4618
11909,52.18,0.3976
11910,10.99,0.4004
11911,136.57,0.457
11912,143.36,0.4236
11913,195.91,0.4647
11914,16.34,0.3465
11915,55.07,0.4161
11916,9.62,0.3599
11917,218.1,0.4702
11918,135.57,0.4765
11919,134.86,0.4809
11920,61.84,0.4602
11921,14.3,0.526
11922,195.9,0.5515
11923,206.24,0.6514
11924,162.32,0.6889
11925,169.13,0.516
11926,54.58,0.3678
11927,10.13,0.2228
11928,46.98,0.1355
11929,6.52,0.095
11930,75.38,0.2677
11931,11.05,0.4216
11932,195.71,0.5338
11933,212.28,0.4689
11934,127.16,0.4846
11935,5.65,0.3148
11936,27.86,0.2711
11937,13.26,0.322
11938,165.32,0.3288
11939,181.87,0.3156
11940,12.97,0.3116
11941,13.7,0.2129
11942,8.93,0.091
11943,59.22,0.1112
11944,50.97,0.1115
11945,34.66,0.1144
11946,13.98,0.0799
11947,12.07,0.0501
11948,22.2,0.051
11949,18.93,0.0505
11950,35.58,0.1585
11951,13.47,0.2686
11952,128.11,0.2964
11953,140.49,0.2727
11954,48.79,0.3953
11955,10.16,0.4105
11956,145.22,0.4552
11957,144.41,0.5532
11958,188.46,0.6118
11959,154.15,0.4786
11960,73.06,0.3507
11961,2.13,0.1874
11962,7.05,0.0891
11963,13.02,0.0593
11964,48.44,0.0706
11965,41.06,0.0717
11966,14.3,0.1491
11967,8.26,0.2877
11968,96.18,0.4298
11969,197.34,0.4616
11970,193.68,0.4635
11971,48.54,0.5241
11972,10.3,0.4657
11973,161.28,0.3173
11974,134.56,0.2833
11975,34.26,0.3975
11976,12.05,0.3737
11977,133.0,0.3742
11978,135.7,0.3731
11979,135.04,0.3721
11980,33.05,0.2885
11981,11.0,0.3035
11982,43.16,0.3141
11983,151.9,0.4074
11984,146.38,0.558
11985,133.3,0.6947
11986,172.82,0.6901
11987,189.98,0.6142
11988,147.01,0.51
11989,64.85,0.371
11990,21.32,0.2401
11991,23.46,0.2281
11992,49.36,0.3291
11993,134.08,0.3529
11994,173.38,0.3423
11995,46.93,0.4211
11996,12.06,0.4209
11997,134.06,0.3867
11998,133.85,0.4653
11999,136.54,0.4916
12000,131.43,0.3719
12001,40.3,0.3099
12002,5.5,0.2196
12003,67.18,0.2811
12004,39.59,0.3892
12005,197.48,0.3945
12006,156.46,0.3431
12007,11.18,0.3391
12008,11.92,0.1785
12009,35.27,0.0443
12010,25.01,0.0489
12011,12.18,0.1572
12012,16.22,0.285
12013,128.18,0.4481
12014,172.66,0.4838
12015,200.27,0.478
12016,50.49,0.4017
12017,9.97,0.3883
12018,46.2,0.3613
12019,158.28,0.5168
12020,171.25,0.5218
12021,217.57,0.4916
12022,15.37,0.3842
12023,13.69,0.2438
12024,42.95,0.0535
12025,20.38,0.0925
12026,13.14,0.1075
12027,57.28,0.1088
12028,29.75,0.0921
12029,44.32,0.0887
12030,2.46,0.0632
12031,9.5,0.0826
12032,29.85,0.1949
12033,50.66,0.3087
12034,164.93,0.3041
12035,124.79,0.3748
12036,4.51,0.5375
12037,105.8,0.5118
12038,225.47,0.5619
12039,137.37,0.7464
12040,178.6,0.6824
12041,202.75,0.4775
12042,37.05,0.4025
12043,5.25,0.2454
12044,56.79,0.2507
12045,9.78,0.3644
12046,208.53,0.4165
12047,159.16,0.3939
12048,61.26,0.5189
12049,32.54,0.5031
12050,144.02,0.3605
12051,191.6,0.3335
12052,5.96,0.3865
12053,32.26,0.4684
12054,89.43,0.2972
12055,231.99,0.316
12056,7.74,0.4747
12057,26.08,0.54
12058,202.78,0.486
12059,159.64,0.6714
12060,173.95,0.7512
12061,206.99,0.6142
12062,111.74,0.6893
12063,55.62,0.6766
12064,240.34,0.6378
12065,160.3,0.7062
12066,165.24,0.7736
12067,185.32,0.671
12068,127.96,0.5392
12069,130.17,0.3982
12070,18.69,0.2679
12071,13.7,0.1956
12072,45.35,0.2053
12073,50.28,0.3248
12074,140.62,0.3221
12075,147.01,0.3252
12076,10.8,0.3495
12077,48.68,0.4316
12078,76.38,0.4267
12079,228.88,0.5482
12080,141.69,0.5187
12081,141.34,0.4713
12082,17.07,0.272
12083,25.37,0.1581
12084,14.75,0.0368
12085,19.4,0.1466
12086,10.99,0.3036
12087,134.98,0.4339
12088,194.05,0.601
12089,154.79,0.7421
12090,198.9,0.7743
12091,162.66,0.6454
12092,169.56,0.5432
12093,55.53,0.5011
12094,44.96,0.4923
12095,153.68,0.345
12096,153.24,0.3257
12097,11.27,0.4039
12098,34.78,0.3992
12099,129.04,0.3922
12100,148.61,0.512
12101,145.7,0.49
12102,140.04,0.4225
12103,11.15,0.3279
12104,56.44,0.4223
12105,47.01,0.323
12106,247.1,0.3505
12107,33.4,0.3092
12108,40.62,0.2939
12109,12.05,0.0778
12110,30.61,0.1667
12111,14.97,0.1685
12112,128.91,0.1692
12113,42.51,0.3194
12114,12.84,0.4959
12115,191.98,0.417
12116,204.59,0.4059
12117,44.16,0.5404
12118,30.56,0.5097
12119,157.3,0.5113
12120,159.08,0.636
12121,206.3,0.6889
12122,178.17,0.5984
12123,87.32,0.5723
12124,60.11,0.5633
12125,131.02,0.5252
12126,196.62,0.5668
12127,137.24,0.6341
12128,132.0,0.6301
12129,132.47,0.5268
12130,126.73,0.4363
12131,85.55,0.3373
12132,40.0,0.2619
12133,25.7,0.1468
12134,51.46,0.2163
12135,2.98,0.3702
12136,160.33,0.4034
12137,205.35,0.4421
12138,61.35,0.5619
12139,92.99,0.5363
12140,131.68,0.4675
12141,132.9,0.5337
12142,131.36,0.4581
12143,132.54,0.3714
12144,11.78,0.2581
12145,38.46,0.1748
12146,11.14,0.2322
12147,41.93,0.3517
12148,194.19,0.367
12149,140.15,0.4095
12150,54.88,0.5676
12151,56.83,0.535
12152,211.85,0.416
12153,159.07,0.3916
12154,12.37,0.3496
12155,28.68,0.2126
12156,11.61,0.0826
12157,64.72,0.0852
12158,19.36,0.2474
12159,15.15,0.4123
12160,202.95,0.5354
12161,188.82,0.6538
12162,196.93,0.6684
12163,146.63,0.4964
12164,30.86,0.3307
12165,18.07,0.1822
12166,10.79,0.1724
12167,37.38,0.2694
12168,136.18,0.2624
12169,135.07,0.2817
12170,10.49,0.3701
12171,31.58,0.3773
12172,132.32,0.3474
12173,143.9,0.3753
12174,103.01,0.4719
12175,40.43,0.5395
12176,135.4,0.432
12177,204.93,0.3828
12178,28.43,0.3517
12179,50.07,0.3627
12180,7.02,0.404
12181,147.28,0.5604
12182,249.31,0.7242
12183,196.42,0.9119
12184,226.14,0.9881
12185,208.64,0.7654
12186,229.14,0.6322
12187,10.08,0.4349
12188,53.24,0.3287
12189,14.18,0.2516
12190,94.58,0.4388
12191,146.27,0.394
12192,211.16,0.4327
12193,5.2,0.353
12194,55.7,0.2462
12195,8.91,0.178
12196,31.56,0.3601
12197,137.88,0.3412
12198,200.88,0.3572
12199,35.4,0.4192
12200,26.01,0.4253
12201,98.18,0.3591
12202,144.46,0.4644
12203,129.84,0.5732
12204,148.46,0.6175
12205,142.91,0.5374
12206,145.76,0.479
12207,58.48,0.3705
12208,67.06,0.2514
12209,31.84,0.3066
12210,14.94,0.439
12211,205.08,0.5665
12212,200.83,0.6814
12213,204.04,0.6788
12214,155.2,0.5054
12215,12.16,0.464
12216,18.84,0.3914
12217,156.31,0.2556
12218,125.98,0.2705
12219,9.36,0.2567
12220,28.16,0.1681
12221,4.02,0.2529
12222,61.13,0.4355
12223,217.04,0.5939
12224,205.55,0.5996
12225,198.43,0.7719
12226,10.15,0.7396
12227,246.24,0.6735
12228,182.33,0.6723
12229,134.55,0.7962
12230,197.07,0.5788
12231,143.3,0.4617
12232,12.66,0.3547
12233,56.54,0.2301
12234,19.55,0.1031
12235,63.23,0.1467
12236,6.76,0.2663
12237,59.51,0.4442
12238,185.06,0.3966
12239,210.72,0.4033
12240,12.12,0.3616
12241,13.92,0.2163
12242,14.67,0.1596
12243,28.99,0.1539
12244,149.82,0.1907
12245,5.93,0.1995
12246,53.45,0.2049
12247,24.17,0.0754
12248,34.74,0.0753
12249,10.7,0.0483
12250,5.82,0.0635
12251,24.49,0.0718
12252,40.48,0.0721
12253,43.66,0.0768
12254,11.04,0.0666
12255,10.82,0.0561
12256,13.55,0.1533
12257,29.22,0.2612
12258,148.14,0.2615
12259,126.94,0.2811
12260,11.12,0.4
12261,34.6,0.4035
12262,157.02,0.4115
12263,151.83,0.5568
12264,135.53,0.6759
12265,167.28,0.6645
12266,162.55,0.5674
12267,144.77,0.4826
12268,47.54,0.5377
12269,44.39,0.5709
12270,226.52,0.6298
12271,198.2,0.7254
12272,208.07,0.8566
12273,150.26,0.793
12274,185.31,0.7859
12275,158.17,0.6035
12276,190.56,0.6464
12277,12.1,0.6074
12278,196.4,0.5095
12279,143.45,0.3343
12280,52.98,0.3866
12281,2.28,0.4021
12282,68.25,0.4759
12283,213.1,0.6339
12284,222.78,0.7302
12285,222.68,0.6802
12286,105.78,0.5441
12287,14.53,0.3598
12288,66.82,0.3529
12289,24.78,0.3973
12290,215.26,0.4247
12291,153.52,0.3916
12292,43.98,0.437
12293,31.21,0.4225
12294,73.56,0.3329
12295,199.64,0.3297
12296,57.31,0.4952
12297,40.52,0.5577
12298,209.06,0.4988
12299,140.74,0.458
12300,136.29,0.4621
12301,13.47,0.2796
12302,44.9,0.2613
12303,12.98,0.2589
12304,121.11,0.3828
12305,133.75,0.3535
12306,146.52,0.3974
12307,13.46,0.2875
12308,60.1,0.1838
12309,3.1,0.0657
12310,22.28,0.1159
12311,19.71,0.0904
12312,67.31,0.0944
12313,32.75,0.086
12314,7.36,0.0792
12315,13.29,0.0281
12316,12.34,0.0051
12317,12.46,0.1259
12318,8.0,0.2411
12319,137.16,0.3295
12320,137.12,0.3276
12321,107.31,0.5457
12322,10.38,0.6236
12323,242.42,0.6849
12324,220.77,0.7775
12325,203.04,0.8971
12326,206.74,0.6943
12327,138.97,0.5317
12328,24.45,0.3526
12329,46.06,0.1714
12330,10.65,0.0601
12331,12.02,0.0832
12332,19.44,0.0544
12333,49.18,0.2461
12334,15.2,0.3731
12335,216.57,0.4021
12336,148.44,0.3831
12337,50.62,0.595
12338,28.81,0.6177
12339,242.84,0.5291
12340,241.0,0.5211
12341,53.18,0.7018
12342,42.02,0.6838
12343,222.95,0.6911
12344,223.5,0.7788
12345,248.88,0.8981
12346,147.44,0.8215
12347,170.18,0.6428
12348,140.7,0.4234
12349,31.42,0.3274
12350,13.15,0.1987
12351,44.34,0.0836
12352,31.89,0.2587
12353,17.02,0.3288
12354,219.56,0.3154
12355,88.47,0.3394
12356,29.98,0.3829
12357,57.64,0.1862
12358,63.82,0.2293
12359,8.19,0.3295
12360,134.75,0.2946
12361,137.6,0.2429
12362,20.13,0.3618
12363,8.29,0.3623
12364,136.0,0.371
12365,135.25,0.4791
12366,146.94,0.5238
12367,136.34,0.4064
12368,56.28,0.3129
12369,9.88,0.1788
12370,34.71,0.1922
12371,2.87,0.2786
12372,150.78,0.31
12373,149.14,0.2916
12374,43.54,0.4306
12375,15.01,0.4157
12376,152.22,0.2905
12377,134.78,0.2812
12378,14.55,0.4181
12379,33.6,0.4281
12380,162.09,0.359
12381,162.94,0.3716
12382,60.58,0.3638
12383,28.09,0.2245
12384,25.2,0.2015
12385,12.44,0.3145
12386,138.17,0.313
12387,181.98,0.3017
12388,26.51,0.3049
12389,13.04,0.1916
12390,15.88,0.0681
12391,16.44,0.0539
12392,49.32,0.0662
12393,11.28,0.0636
12394,26.16,0.0966
12395,13.14,0.0696
12396,51.88,0.0863
12397,20.32,0.0729
12398,29.18,0.1763
12399,11.8,0.2615
12400,124.22,0.3612
12401,143.42,0.3607
12402,127.48,0.3589
12403,28.6,0.4405
12404,9.92,0.4467
12405,211.86,0.4821
12406,150.13,0.5827
12407,165.53,0.6197
12408,136.6,0.4315
12409,49.66,0.3295
12410,9.69,0.1792
12411,40.49,0.0992
12412,4.09,0.0634
12413,50.66,0.1851
12414,11.18,0.2849
12415,140.46,0.4085
12416,147.71,0.4887
12417,136.86,0.5035
12418,136.87,0.3841
12419,27.08,0.4769
12420,12.2,0.4787
12421,247.4,0.3605
12422,138.82,0.5183
12423,9.78,0.6889
12424,196.67,0.635
12425,195.55,0.692
12426,189.43,0.8637
12427,200.12,0.7063
12428,194.21,0.5361
12429,27.56,0.5315
12430,12.7,0.4719
12431,184.44,0.4208
12432,136.14,0.5365
12433,139.34,0.6683
12434,151.82,0.6389
12435,154.34,0.655
12436,152.87,0.6611
12437,153.38,0.5474
12438,145.93,0.4134
12439,29.58,0.4486
12440,10.4,0.4883
12441,190.67,0.3821
12442,196.04,0.368
12443,31.89,0.526
12444,14.36,0.5799
12445,180.21,0.5259
12446,248.58,0.628
12447,138.07,0.7199
12448,141.49,0.5721
12449,113.18,0.5708
12450,21.4,0.5994
12451,247.14,0.6245
12452,168.83,0.704
12453,168.46,0.8733
12454,198.6,0.8068
12455,203.3,0.782
12456,175.72,0.6807
12457,142.1,0.4991
12458,59.66,0.3359
12459,3.51,0.182
12460,27.95,0.2316
12461,10.36,0.2974
12462,195.36,0.3193
12463,130.42,0.2992
12464,27.02,0.4381
12465,6.36,0.4835
12466,159.62,0.5657
12467,244.13,0.6871
12468,218.72,0.8753
12469,157.42,0.8919
12470,208.62,0.7273
12471,177.45,0.5336
12472,67.24,0.4204
12473,10.62,0.3147
12474,35.76,0.2782
12475,95.07,0.3737
12476,138.28,0.4975
12477,169.84,0.6162
12478,143.63,0.5708
12479,163.32,0.4464
12480,46.25,0.4363
12481,4.57,0.4421
12482,158.97,0.2969
12483,149.92,0.2633
12484,7.28,0.4519
12485,10.2,0.4539
12486,207.18,0.5128
12487,161.12,0.7046
12488,213.17,0.8848
12489,213.36,0.8867
12490,203.87,0.8624
12491,209.21,0.7214
12492,135.02,0.6414
12493,61.68,0.651
12494,127.41,0.4684
12495,214.12,0.388
12496,13.07,0.3413
12497,48.58,0.2662
12498,11.56,0.0695
12499,46.67,0.1176
12500,2.8,0.2749
12501,64.78,0.4085
12502,217.55,0.5017
12503,155.14,0.5067
12504,146.78,0.4539
12505,8.2,0.3791
12506,8.02,0.3615
12507,137.21,0.3573
12508,136.18,0.4779
12509,142.35,0.5176
12510,137.78,0.4125
12511,50.64,0.2905
12512,24.3,0.1661
12513,5.05,0.0857
12514,8.7,0.0826
12515,51.36,0.1244
12516,47.29,0.179
12517,69.29,0.303
12518,63.71,0.2636
12519,141.91,0.2496
12520,9.04,0.1976
12521,32.21,0.2638
12522,13.48,0.2485
12523,134.83,0.2903
12524,125.46,0.3275
12525,53.89,0.5142
12526,72.23,0.5297
12527,214.08,0.5705
12528,151.45,0.6547
12529,169.37,0.6387
12530,144.36,0.4746
12531,54.98,0.4588
12532,37.83,0.4201
12533,134.39,0.4109
12534,127.84,0.485
12535,134.42,0.5749
12536,134.6,0.596
12537,134.46,0.4862
12538,157.04,0.3917
12539,9.91,0.2688
12540,32.82,0.2003
12541,2.53,0.0647
12542,60.87,0.1881
12543,11.42,0.2259
12544,142.43,0.2685
12545,73.52,0.3488
12546,48.3,0.4767
12547,147.09,0.4703
12548,148.82,0.55
12549,135.6,0.6954
12550,159.18,0.7088
12551,204.47,0.5775
12552,161.54,0.4615
12553,7.72,0.4334
12554,11.0,0.364
12555,128.96,0.2292
12556,129.91,0.2316
12557,16.69,0.2306
12558,10.24,0.1531
12559,10.02,0.062
12560,45.66,0.1129
12561,32.06,0.218
12562,71.28,0.3365
12563,123.27,0.3061
12564,137.33,0.3225
12565,12.94,0.2655
12566,49.73,0.2772
12567,9.99,0.2924
12568,135.8,0.4198
12569,153.75,0.442
12570,149.78,0.4775
12571,73.6,0.3532
12572,48.13,0.3444
12573,2.3,0.3272
12574,144.27,0.4268
12575,131.23,0.551
12576,180.64,0.5578
12577,181.58,0.4332
12578,9.58,0.3237
12579,10.46,0.1878
12580,13.5,0.0287
12581,34.68,0.055
12582,10.6,0.179
12583,37.87,0.3635
12584,143.72,0.3337
12585,211.64,0.3774
12586,2.72,0.4255
12587,57.58,0.4846
12588,89.54,0.4528
12589,207.21,0.6413
12590,177.42,0.7205
12591,205.27,0.797
12592,142.74,0.7309
12593,171.66,0.6991
12594,136.26,0.6219
12595,143.21,0.5316
12596,122.31,0.3886
12597,45.77,0.2871
12598,17.94,0.329
12599,27.2,0.3501
12600,188.23,0.3241
12601,145.01,0.3314
12602,17.84,0.4366
12603,25.76,0.3893
12604,140.24,0.2916
12605,137.42,0.315
12606,40.03,0.3036
12607,42.98,0.1991
12608,13.58,0.2005
12609,27.88,0.2802
12610,138.98,0.3612
12611,125.66,0.3776
12612,129.95,0.3557
12613,31.21,0.2836
12614,4.39,0.2056
12615,61.52,0.1232
12616,41.8,0.0987
12617,41.49,0.0988
12618,4.79,0.067
12619,4.53,0.0572
12620,27.34,0.0629
12621,31.26,0.065
12622,47.68,0.0772
12623,7.06,0.191
12624,17.56,0.3059
12625,149.64,0.2662
12626,154.75,0.2904
12627,5.02,0.4642
12628,33.04,0.4736
12629,204.29,0.5215
12630,159.72,0.709
12631,206.26,0.8359
12632,206.53,0.7918
12633,169.34,0.6575
12634,156.93,0.5307
12635,15.45,0.3883
12636,70.02,0.2608
12637,53.44,0.1183
12638,32.38,0.1144
12639,3.86,0.0714
12640,11.2,0.0446
12641,23.88,0.0248
12642,24.59,0.0428
12643,11.14,0.1694
12644,23.13,0.2792
12645,147.24,0.2658
12646,141.89,0.2799
12647,10.22,0.4484
12648,26.23,0.5412
12649,204.26,0.569
12650,246.87,0.679
12651,171.82,0.7859
12652,128.39,0.7244
12653,141.11,0.5106
12654,138.14,0.381
12655,17.17,0.3578
12656,32.52,0.3979
12657,103.51,0.2786
12658,184.22,0.328
12659,9.98,0.5034
12660,70.16,0.6018
12661,221.0,0.5757
12662,209.26,0.5758
12663,156.18,0.6164
12664,10.03,0.5939
12665,113.88,0.4276
12666,196.82,0.2925
12667,30.54,0.3084
12668,11.06,0.3308
12669,27.03,0.2835
12670,137.93,0.3893
12671,146.01,0.5188
12672,144.26,0.6445
12673,150.2,0.6554
12674,162.05,0.5297
12675,149.71,0.4378
12676,10.92,0.3084
12677,45.54,0.1744
12678,11.18,0.2361
12679,18.06,0.3599
12680,216.04,0.44
12681,143.88,0.5608
12682,131.56,0.594
12683,141.02,0.5229
12684,53.72,0.5532
12685,139.6,0.6491
12686,176.49,0.5215
12687,234.64,0.5782
12688,3.84,0.5719
12689,114.62,0.5303
12690,132.93,0.4458
12691,131.72,0.5652
12692,143.83,0.4709
12693,132.18,0.3924
12694,13.26,0.3946
12695,48.58,0.386
12696,134.15,0.275
12697,134.57,0.3014
12698,12.91,0.2708
12699,41.62,0.1813
12700,15.7,0.0682
12701,37.96,0.0682
12702,13.1,0.0381
12703,12.91,0.0718
12704,9.24,0.1715
12705,51.92,0.3495
12706,145.04,0.4322
12707,204.45,0.4274
12708,101.71,0.5155
12709,4.08,0.5853
12710,146.64,0.5238
12711,220.05,0.5848
12712,138.36,0.7125
12713,167.26,0.5901
12714,141.29,0.5208
12715,15.07,0.5255
12716,145.59,0.4154
12717,143.43,0.2878
12718,48.9,0.3352
12719,4.2,0.2331
12720,66.05,0.152
12721,35.89,0.2549
12722,56.28,0.3605
12723,159.44,0.3096
12724,117.71,0.3219
12725,11.29,0.4504
12726,49.13,0.4275
12727,194.36,0.3311
12728,134.84,0.5221
12729,14.15,0.6125
12730,216.5,0.5894
12731,146.25,0.5926
12732,169.58,0.6752
12733,138.22,0.509
12734,102.9,0.5773
12735,37.94,0.5478
12736,219.65,0.5646
12737,137.88,0.5979
12738,156.26,0.7056
12739,138.71,0.6477
12740,153.6,0.6095
12741,157.44,0.4781
12742,96.84,0.4108
12743,15.08,0.2918
12744,66.46,0.1991
12745,25.76,0.2534
12746,57.75,0.3761
12747,155.2,0.3448
12748,146.91,0.3793
12749,32.86,0.5335
12750,62.88,0.5674
12751,223.42,0.5791
12752,191.56,0.7559
12753,159.54,0.7544
12754,222.73,0.5777
12755,61.36,0.4574
12756,33.48,0.3144
12757,62.34,0.19
12758,5.88,0.3505
12759,89.06,0.4797
12760,233.81,0.625
12761,172.36,0.7699
12762,218.42,0.904
12763,161.58,0.8081
12764,233.18,0.6777
12765,130.77,0.508
12766,32.16,0.4841
12767,36.15,0.3198
12768,135.93,0.2181
12769,56.57,0.2274
12770,21.53,0.2417
12771,42.16,0.1244
12772,51.52,0.2293
12773,9.84,0.2491
12774,169.37,0.2232
12775,42.79,0.1941
12776,14.25,0.1877
12777,20.32,0.0787
12778,2.96,0.0698
12779,52.28,0.1237
12780,33.14,0.1127
12781,72.22,0.1677
12782,8.52,0.1314
12783,62.02,0.1444
12784,13.3,0.0885
12785,47.07,0.2046
12786,12.14,0.28
12787,133.29,0.4234
12788,143.09,0.4086
12789,167.38,0.4367
12790,31.11,0.4584
12791,42.36,0.4712
12792,156.61,0.4561
12793,156.85,0.6561
12794,151.15,0.7558
12795,245.98,0.7663
12796,149.45,0.6335
12797,167.92,0.505
12798,14.16,0.4221
12799,13.14,0.419
12800,156.82,0.3054
12801,146.13,0.3052
12802,45.88,0.3436
12803,13.98,0.212
12804,54.36,0.1377
12805,15.42,0.1003
12806,66.32,0.2822
12807,5.64,0.4444
12808,209.44,0.6049
12809,228.62,0.5684
12810,187.88,0.656
12811,27.14,0.6032
12812,99.72,0.5293
12813,152.71,0.4877
12814,149.26,0.5874
12815,143.14,0.4998
12816,134.31,0.5219
12817,5.62,0.5176
12818,176.39,0.4364
12819,144.67,0.3229
12820,55.9,0.3345
12821,12.35,0.1828
12822,18.11,0.0861
12823,13.34,0.0453
12824,40.81,0.0681
12825,12.04,0.0651
12826,36.89,0.1361
12827,14.89,0.225
12828,89.57,0.2498
12829,136.35,0.2259
12830,38.67,0.3414
12831,11.22,0.4415
12832,139.03,0.4631
12833,197.14,0.5879
12834,159.48,0.69
12835,172.77,0.5625
12836,120.94,0.3813
12837,2.01,0.2639
12838,2.51,0.1409
12839,33.33,0.1617
12840,40.6,0.326
12841,143.28,0.3551
12842,178.6,0.3475
12843,33.7,0.5022
12844,25.2,0.5065
12845,206.79,0.3653
12846,147.91,0.3456
12847,26.86,0.4549
12848,12.62,0.3992
12849,142.57,0.3011
12850,146.95,0.2866
12851,42.54,0.2933
12852,11.25,0.1676
12853,19.82,0.219
12854,7.56,0.3234
12855,202.13,0.3254
12856,154.7,0.32
12857,13.46,0.325
12858,13.95,0.1505
12859,12.96,0.0172
12860,14.68,0.0168
12861,11.45,0.0262
12862,12.98,0.0467
12863,24.04,0.0938
12864,35.01,0.0905
12865,65.3,0.1019
12866,7.91,0.0875
12867,25.2,0.2549
12868,8.66,0.3392
12869,214.77,0.365
12870,155.92,0.3553
12871,35.66,0.4655
12872,14.76,0.397
12873,127.01,0.3782
12874,141.18,0.4781
12875,135.79,0.4805
12876,142.96,0.3697
12877,17.33,0.294
12878,7.99,0.2115
12879,59.84,0.1126
12880,47.15,0.1112
12881,36.65,0.3034
12882,15.85,0.4775
12883,214.52,0.5555
12884,246.93,0.555
12885,130.94,0.5524
12886,36.1,0.3627
12887,12.99,0.2217
12888,10.76,0.2773
12889,95.4,0.4063
12890,190.7,0.4436
12891,174.72,0.442
12892,53.09,0.5159
12893,9.03,0.4895
12894,174.8,0.5265
12895,162.24,0.6133
12896,214.56,0.6163
12897,146.3,0.4689
12898,12.23,0.4528
12899,16.52,0.3821
12900,144.93,0.3965
12901,138.6,0.5165
12902,161.78,0.678
12903,141.13,0.76
12904,190.09,0.8181
12905,232.96,0.6913
12906,201.06,0.6076
12907,25.56,0.4709
12908,51.12,0.4328
12909,43.23,0.3902
12910,192.04,0.4042
12911,155.26,0.4105
12912,40.6,0.5153
12913,57.99,0.4869
12914,155.8,0.4892
12915,161.51,0.6008
12916,157.7,0.6858
12917,160.5,0.6671
12918,149.35,0.5532
12919,135.66,0.5254
12920,39.17,0.5393
12921,127.88,0.481
12922,175.34,0.4026
12923,86.78,0.5404
12924,51.38,0.5536
12925,187.21,0.3947
12926,142.06,0.3659
12927,4.61,0.3277
12928,55.94,0.3161
12929,10.26,0.2533
12930,174.77,0.2889
12931,74.6,0.3627
12932,42.87,0.5185
12933,135.26,0.4928
12934,177.64,0.6054
12935,147.12,0.7341
12936,195.55,0.6661
12937,181.2,0.6002
12938,62.19,0.6823
12939,106.79,0.7246
12940,235.35,0.7401
12941,241.05,0.8757
12942,197.84,0.9661
12943,207.91,0.878
12944,203.84,0.66
12945,140.71,0.4899
12946,6.85,0.3433
12947,15.07,0.2776
12948,50.45,0.282
12949,133.16,0.2795
12950,145.51,0.3172
12951,4.14,0.3003
12952,55.51,0.3745
12953,32.35,0.3582
12954,212.92,0.4798
12955,127.94,0.4736
12956,134.78,0.4699
12957,48.91,0.2855
12958,28.36,0.1792
12959,14.79,0.0706
12960,13.75,0.2189
12961,18.06,0.3196
12962,208.29,0.3493
12963,136.54,0.3468
12964,46.72,0.3434
12965,11.05,0.1738
12966,14.38,0.0969
12967,26.06,0.0951
12968,53.95,0.2093
12969,44.73,0.3221
12970,133.77,0.3099
12971,135.55,0.2937
12972,13.01,0.3269
12973,36.52,0.3271
12974,80.34,0.3275
12975,134.08,0.4364
12976,135.94,0.4068
12977,130.03,0.3819
12978,4.68,0.2599
12979,53.59,0.1538
12980,3.01,0.0468
12981,21.92,0.0785
12982,15.12,0.0455
12983,38.7,0.0615
12984,18.16,0.0545
12985,20.22,0.1644
12986,14.39,0.2486
12987,133.21,0.2493
12988,129.11,0.3325
12989,18.92,0.4528
12990,109.62,0.4742
12991,143.67,0.3796
12992,156.16,0.4964
12993,27.46,0.5813
12994,144.42,0.5909
12995,200.9,0.6291
12996,153.96,0.7547
12997,197.24,0.8212
12998,162.34,0.6945
12999,215.88,0.6008
13000,64.8,0.4232
13001,53.24,0.3208
13002,6.4,0.1304
13003,52.37,0.1957
13004,11.35,0.2684
13005,134.92,0.3071
13006,131.36,0.2994
13007,48.0,0.3297
13008,44.04,0.2078
13009,43.93,0.2356
13010,3.98,0.3612
13011,161.21,0.3668
13012,182.9,0.3355
13013,50.08,0.4553
13014,10.27,0.4332
13015,132.74,0.4066
13016,137.47,0.4882
13017,154.36,0.4849
13018,137.74,0.3923
13019,6.72,0.3843
13020,33.19,0.4006
13021,128.94,0.2852
13022,171.81,0.3401
13023,13.78,0.3134
13024,65.74,0.2271
13025,4.44,0.2002
13026,36.26,0.3227
13027,142.86,0.2944
13028,145.43,0.3143
13029,35.38,0.2947
13030,25.79,0.3048
13031,15.14,0.299
13032,153.75,0.2848
13033,139.26,0.4845
13034,20.03,0.6049
13035,240.45,0.6341
13036,144.48,0.6817
13037,185.12,0.6752
13038,190.33,0.4814
13039,13.14,0.3501
13040,32.16,0.2329
13041,3.37,0.2358
13042,59.19,0.359
13043,193.46,0.3403
13044,145.51,0.3894
13045,12.15,0.463
13046,56.11,0.4381
13047,138.27,0.4316
13048,166.68,0.4465
13049,138.58,0.491
13050,28.1,0.4892
13051,103.97,0.3702
13052,136.26,0.2707
13053,38.85,0.2525
13054,31.66,0.3307
13055,8.54,0.396
13056,188.02,0.506
13057,206.46,0.6196
13058,156.96,0.7653
13059,153.8,0.7369
13060,165.02,0.5481
13061,157.52,0.4617
13062,3.61,0.3273
13063,64.13,0.2156
13064,9.44,0.1999
13065,45.0,0.3551
13066,140.56,0.4897
13067,170.39,0.6875
13068,208.75,0.6857
13069,222.02,0.5753
13070,43.0,0.5731
13071,22.0,0.5162
13072,167.98,0.3582
13073,147.62,0.3345
13074,52.23,0.3258
13075,17.6,0.1806
13076,12.61,0.1561
13077,11.98,0.2363
13078,121.28,0.2304
13079,138.46,0.2513
13080,11.24,0.2744
13081,35.0,0.2229
13082,36.86,0.1048
13083,65.91,0.1302
13084,11.54,0.1026
13085,38.58,0.1259
13086,5.33,0.0697
13087,61.91,0.0868
13088,5.55,0.0646
13089,29.86,0.0907
13090,14.78,0.1504
13091,33.38,0.324
13092,126.08,0.3725
13093,192.07,0.3647
13094,81.94,0.4896
13095,6.4,0.5967
13096,167.61,0.6421
13097,241.1,0.789
13098,240.87,1.0
13099,239.77,0.8542
13100,233.11,0.6961
13101,10.94,0.6053
13102,71.28,0.5174
13103,143.26,0.4516
13104,145.34,0.5921
13105,162.42,0.671
13106,161.93,0.725
13107,155.99,0.7231
13108,201.34,0.6979
13109,143.26,0.5491
13110,135.35,0.4597
13111,2.05,0.4214
13112,59.91,0.4875
13113,160.18,0.374
13114,214.26,0.3794
13115,13.46,0.4469
13116,7.87,0.4253
13117,132.39,0.3464
13118,136.99,0.4611
13119,129.53,0.5296
13120,136.66,0.4165
13121,81.44,0.3288
13122,10.91,0.229
13123,42.71,0.2343
13124,22.36,0.3372
13125,142.31,0.4774
13126,192.07,0.5466
13127,161.49,0.5283
13128,117.02,0.4208
13129,2.79,0.2453
13130,26.78,0.1476
13131,3.45,0.1815
13132,56.58,0.3571
13133,153.41,0.3426
13134,191.5,0.3774
13135,11.22,0.3319
13136,40.74,0.2201
13137,7.76,0.2631
13138,33.28,0.3756
13139,237.74,0.3519
13140,132.01,0.3878
13141,15.29,0.4085
13142,46.39,0.2043
13143,55.46,0.0955
13144,18.34,0.0903
13145,15.09,0.0962
13146,9.78,0.052
13147,52.68,0.0717
13148,7.98,0.0691
13149,39.53,0.0737
13150,12.29,0.0381
13151,14.77,0.0835
13152,14.43,0.1789
13153,56.7,0.2421
13154,142.05,0.231
13155,80.2,0.274
13156,2.82,0.4391
13157,60.69,0.4694
13158,233.99,0.6225
13159,174.66,0.7572
13160,244.71,0.8387
13161,147.49,0.7563
13162,148.27,0.6348
13163,145.44,0.4131
13164,44.11,0.46
13165,6.5,0.4756
13166,197.89,0.4915
13167,165.04,0.5953
13168,162.58,0.7228
13169,155.56,0.6783
13170,143.52,0.5484
13171,150.07,0.5308
13172,25.47,0.5264
13173,143.73,0.6035
13174,150.84,0.4777
13175,226.31,0.5081
13176,14.87,0.4993
13177,58.15,0.4913
13178,134.31,0.4042
13179,142.19,0.5306
13180,132.74,0.5142
13181,150.67,0.4311
13182,40.63,0.5211
13183,44.97,0.6257
13184,238.84,0.5247
13185,245.16,0.5342
13186,42.14,0.5483
13187,50.84,0.3373
13188,60.13,0.1328
13189,12.1,0.0994
13190,25.53,0.1104
13191,6.22,0.0748
13192,62.64,0.2586
13193,21.84,0.4182
13194,209.6,0.5479
13195,197.09,0.4999
13196,145.58,0.6634
13197,11.03,0.675
13198,197.5,0.6988
13199,222.05,0.695
13200,222.67,0.8234
13201,141.49,0.6708
13202,149.01,0.5015
13203,33.5,0.2979
13204,40.17,0.1701
13205,3.92,0.0657
13206,4.2,0.0676
13207,36.78,0.0827
13208,35.51,0.0892
13209,56.47,0.2253
13210,10.88,0.2311
13211,150.49,0.2082
13212,43.02,0.2345
13213,10.82,0.4415
13214,84.81,0.3635
13215,233.26,0.3448
13216,66.61,0.5274
13217,23.02,0.6382
13218,206.98,0.6069
13219,203.82,0.6649
13220,199.63,0.7866
13221,128.91,0.7147
13222,153.82,0.5673
13223,129.74,0.3966
13224,45.47,0.3095
13225,16.18,0.3124
13226,35.36,0.351
13227,156.96,0.3182
13228,171.12,0.3138
13229,10.32,0.3268
13230,11.46,0.2338
13231,49.26,0.1423
13232,57.04,0.1384
13233,72.83,0.2585
13234,6.13,0.3348
13235,140.53,0.327
13236,131.19,0.2704
13237,48.69,0.2941
13238,12.01,0.1758
13239,31.59,0.2496
13240,13.43,0.3398
13241,210.45,0.38
13242,145.57,0.3594
13243,55.24,0.3706
13244,9.45,0.1884
13245,25.46,0.1036
13246,14.66,0.0865
13247,54.54,0.0904
13248,36.81,0.0813
13249,13.66,0.0796
13250,15.71,0.0529
13251,12.77,0.0324
13252,25.91,0.0716
13253,14.72,0.0596
13254,55.77,0.1754
13255,2.81,0.2034
13256,137.25,0.1934
13257,55.98,0.3639
13258,3.97,0.4876
13259,239.0,0.4932
13260,135.67,0.572
13261,143.33,0.5995
13262,140.59,0.3896
13263,33.58,0.3553
13264,13.44,0.3496
13265,98.86,0.2856
13266,137.2,0.2666
13267,71.83,0.263
13268,13.1,0.1851
13269,9.61,0.0985
13270,15.18,0.1567
13271,44.09,0.2777
13272,134.35,0.2802
13273,143.15,0.3565
13274,12.24,0.4795
13275,97.25,0.518
13276,176.24,0.4339
13277,175.72,0.4309
13278,52.78,0.4604
13279,9.04,0.4325
13280,128.84,0.4107
13281,146.33,0.4917
13282,152.34,0.6241
13283,139.8,0.645
13284,151.29,0.5424
13285,151.23,0.4302
13286,36.15,0.3532
13287,31.78,0.2151
13288,57.02,0.2413
13289,2.94,0.3939
13290,179.38,0.5077
13291,200.07,0.6382
13292,154.16,0.663
13293,197.22,0.5056
13294,29.57,0.4419
13295,10.2,0.4858
13296,131.66,0.5186
13297,201.32,0.5359
13298,232.44,0.5349
13299,48.18,0.4573
13300,9.09,0.4749
13301,48.32,0.4344
13302,220.28,0.4285
13303,188.9,0.4262
13304,41.77,0.4486
13305,6.7,0.2479
13306,72.34,0.1078
13307,4.69,0.081
13308,38.28,0.1217
13309,13.06,0.0668
13310,50.35,0.094
13311,13.42,0.0706
13312,33.84,0.0694
13313,13.18,0.0311
13314,11.76,0.0287
13315,9.23,0.213
13316,10.82,0.2804
13317,231.86,0.278
13318,85.59,0.4033
13319,9.16,0.5721
13320,143.92,0.4761
13321,192.2,0.5188
13322,128.71,0.6589
13323,131.44,0.5675
13324,159.73,0.4737
13325,45.65,0.4788
13326,91.46,0.5454
13327,134.18,0.4429
13328,202.95,0.4099
13329,49.69,0.5271
13330,10.1,0.5932
13331,217.38,0.5947
13332,205.22,0.7056
13333,204.56,0.7042
13334,168.92,0.5146
13335,8.52,0.4394
13336,13.7,0.3793
13337,124.46,0.2286
13338,139.93,0.2294
13339,7.02,0.4102
13340,9.41,0.4679
13341,207.95,0.5316
13342,186.42,0.5839
13343,208.4,0.6307
13344,63.16,0.4729
13345,59.73,0.483
13346,38.36,0.4713
13347,197.32,0.6115
13348,195.8,0.7086
13349,213.82,0.7924
13350,164.02,0.7579
13351,128.43,0.6119
13352,160.21,0.4232
13353,38.98,0.33
13354,11.07,0.2313
13355,63.86,0.2773
13356,22.41,0.3963
13357,209.6,0.3897
13358,166.88,0.3563
13359,4.01,0.503
13360,27.98,0.5124
13361,179.95,0.5201
13362,219.73,0.7065
13363,175.16,0.6839
13364,204.28,0.5649
13365,3.73,0.3703
13366,52.04,0.3889
13367,10.62,0.3722
13368,195.18,0.5286
13369,186.31,0.6031
13370,171.79,0.7225
13371,132.13,0.6719
13372,138.92,0.7304
13373,140.77,0.7556
13374,249.21,0.7005
13375,198.86,0.6435
13376,72.86,0.6495
13377,77.72,0.5547
13378,147.19,0.3797
13379,147.33,0.3386
13380,10.85,0.4167
13381,28.75,0.4015
13382,161.65,0.4029
13383,130.83,0.5165
13384,148.85,0.6375
13385,132.94,0.6799
13386,158.74,0.6239
13387,207.18,0.6275
13388,70.65,0.6511
13389,152.66,0.6525
13390,158.3,0.5909
13391,160.27,0.7059
13392,141.0,0.7236
13393,194.19,0.67
13394,171.68,0.5745
13395,100.72,0.4521
13396,57.65,0.4631
13397,9.56,0.4401
13398,205.94,0.4067
13399,147.01,0.3821
13400,64.83,0.5011
13401,31.22,0.4371
13402,137.46,0.4494
13403,137.11,0.5815
13404,160.29,0.5861
13405,206.7,0.5126
13406,36.15,0.5683
13407,58.5,0.546
13408,196.94,0.4794
13409,136.36,0.5874
13410,135.1,0.6667
13411,152.2,0.6182
13412,143.7,0.5231
13413,144.9,0.4476
13414,34.1,0.3117
13415,54.05,0.227
13416,6.12,0.1015
13417,52.72,0.1996
13418,10.04,0.2808
13419,139.49,0.3263
13420,141.28,0.3179
13421,55.09,0.3408
13422,43.66,0.2149
13423,34.68,0.2101
13424,4.21,0.3771
13425,136.12,0.3598
13426,234.47,0.3737
13427,25.08,0.3804
13428,49.64,0.265
13429,11.38,0.0592
13430,12.13,0.0706
13431,13.39,0.0348
13432,37.34,0.0335
13433,11.12,0.0757
13434,10.04,0.0773
13435,57.44,0.0931
13436,15.11,0.1635
13437,54.29,0.3508
13438,86.82,0.308
13439,211.21,0.3282
13440,11.52,0.2894
13441,36.83,0.3365
13442,12.59,0.2658
13443,137.36,0.4492
13444,135.24,0.5368
13445,208.65,0.5459
13446,130.88,0.4213
13447,22.36,0.3011
13448,3.5,0.1378
13449,6.16,0.0554
13450,33.15,0.101
13451,42.37,0.1082
13452,71.37,0.1213
13453,11.17,0.2175
13454,20.25,0.3018
13455,136.57,0.2675
13456,132.93,0.2744
13457,34.48,0.4373
13458,18.59,0.4392
13459,195.29,0.3273
13460,138.67,0.3507
13461,12.69,0.3773
13462,59.61,0.4222
13463,47.11,0.4755
13464,243.56,0.5922
13465,195.95,0.5836
13466,138.08,0.5655
13467,50.32,0.3472
13468,27.73,0.2904
13469,9.01,0.3191
13470,134.85,0.3956
13471,168.9,0.5523
13472,132.52,0.7396
13473,196.2,0.8068
13474,210.18,0.7056
13475,207.05,0.588
13476,60.16,0.4346
13477,6.21,0.3665
13478,31.4,0.3476
13479,137.01,0.3872
13480,186.74,0.4151
13481,102.64,0.4966
13482,36.18,0.5533
13483,119.03,0.5081
13484,197.87,0.5443
13485,138.23,0.704
13486,141.5,0.6033
13487,207.78,0.4255
13488,10.84,0.3424
13489,6.81,0.4359
13490,48.94,0.3766
13491,242.02,0.5025
13492,144.0,0.5064
13493,146.13,0.5079
13494,11.04,0.3148
13495,50.51,0.238
13496,34.53,0.1065
13497,61.48,0.1359
13498,4.82,0.2293
13499,42.7,0.3474
13500,150.81,0.2998
13501,161.42,0.3171
13502,10.36,0.2898
13503,23.44,0.1856
13504,13.4,0.2335
13505,38.81,0.3694
13506,212.83,0.4258
13507,156.45,0.4332
13508,83.98,0.4226
13509,21.4,0.2842
13510,27.42,0.1955
13511,64.12,0.1266
13512,61.12,0.1152
13513,9.96,0.1013
13514,9.21,0.0707
13515,12.49,0.0232
13516,31.14,0.0494
13517,10.15,0.053
13518,38.05,0.0742
13519,13.07,0.2297
13520,35.3,0.2251
13521,198.23,0.2287
13522,5.18,0.4045
13523,41.98,0.4995
13524,201.96,0.4401
13525,137.33,0.5623
13526,134.47,0.6497
13527,136.48,0.5862
13528,135.82,0.4673
13529,133.71,0.3592
13530,9.6,0.2555
13531,18.39,0.2605
13532,24.98,0.2956
13533,141.24,0.4102
13534,171.44,0.4412
13535,132.65,0.4352
13536,51.75,0.3226
13537,18.51,0.1667
13538,20.28,0.0842
13539,3.92,0.227
13540,44.06,0.298
13541,205.14,0.2903
13542,94.78,0.3258
13543,12.01,0.4125
13544,42.06,0.3577
13545,137.19,0.4365
13546,146.34,0.572
13547,179.36,0.5432
13548,157.68,0.4684
13549,11.06,0.3558
13550,56.79,0.2133
13551,25.42,0.2089
13552,26.28,0.3426
13553,152.89,0.3029
13554,154.69,0.304
13555,14.2,0.4167
13556,26.52,0.4018
13557,147.37,0.3631
13558,136.98,0.361
13559,113.03,0.4753
13560,12.03,0.4691
13561,149.26,0.3861
13562,140.72,0.2905
13563,47.82,0.3233
13564,10.24,0.3759
13565,47.36,0.3767
13566,205.72,0.4607
13567,141.66,0.4603
13568,138.08,0.4734
13569,9.76,0.4263
13570,61.46,0.4764
13571,155.07,0.4835
13572,195.51,0.6325
13573,145.68,0.7356
13574,169.88,0.7177
13575,172.2,0.5885
13576,135.88,0.4639
13577,56.72,0.3318
13578,11.74,0.2191
13579,27.96,0.2339
13580,51.18,0.378
13581,151.75,0.5145
13582,211.48,0.4964
13583,158.4,0.6601
13584,8.55,0.664
13585,227.02,0.5967
13586,155.99,0.5932
13587,139.2,0.7143
13588,154.57,0.6278
13589,138.74,0.6005
13590,134.09,0.4823
13591,126.56,0.4137
13592,12.24,0.4132
13593,80.83,0.4276
13594,138.19,0.359
13595,149.64,0.397
13596,52.84,0.3345
13597,53.04,0.2172
13598,13.72,0.0945
13599,12.18,0.0611
13600,17.72,0.1612
13601,17.04,0.2875
13602,160.56,0.3069
13603,149.46,0.3061
13604,32.94,0.4279
13605,16.94,0.414
13606,147.87,0.4706
13607,145.58,0.5798
13608,210.34,0.7592
13609,150.21,0.6971
13610,209.67,0.5721
13611,81.25,0.4252
13612,11.22,0.4247
13613,52.48,0.3512
13614,149.69,0.2859
13615,130.72,0.2912
13616,11.1,0.3659
13617,16.87,0.4577
13618,132.75,0.3762
13619,248.31,0.4009
13620,43.17,0.5065
13621,37.63,0.578
13622,130.36,0.3784
13623,209.52,0.3739
13624,33.84,0.5461
13625,38.42,0.5723
13626,222.57,0.5565
13627,158.56,0.6669
13628,192.5,0.8439
13629,152.55,0.7556
13630,228.5,0.6579
13631,127.76,0.4811
13632,53.56,0.3903
13633,2.52,0.1923
13634,55.06,0.1524
13635,15.69,0.2374
13636,84.93,0.2613
13637,144.82,0.2197
13638,28.21,0.2607
13639,10.42,0.2258
13640,59.75,0.1169
13641,47.38,0.2764
13642,27.84,0.3811
13643,199.56,0.3679
13644,122.93,0.3412
13645,45.53,0.4722
13646,18.79,0.4096
13647,168.54,0.4472
13648,132.27,0.5367
13649,163.38,0.5469
13650,141.7,0.4003
13651,29.75,0.4935
13652,11.02,0.4332
13653,232.44,0.3238
13654,98.57,0.3518
13655,24.12,0.3483
13656,59.82,0.2011
13657,7.32,0.2333
13658,74.21,0.3397
13659,133.18,0.298
13660,138.49,0.3669
13661,14.94,0.4905
13662,81.43,0.496
13663,206.96,0.4124
13664,139.06,0.4225
13665,48.74,0.5379
13666,25.79,0.4988
13667,205.38,0.5113
13668,165.0,0.6066
13669,152.46,0.6445
13670,151.1,0.4582
13671,66.55,0.4322
13672,5.16,0.4668
13673,137.14,0.5028
13674,189.58,0.5756
13675,189.83,0.7127
13676,144.75,0.7202
13677,152.44,0.6763
13678,145.21,0.5258
13679,142.38,0.445
13680,28.18,0.307
13681,57.96,0.3124
13682,4.11,0.3688
13683,151.0,0.4633
13684,202.99,0.4482
13685,129.72,0.4676
13686,41.7,0.4459
13687,24.99,0.3827
13688,127.72,0.3966
13689,135.02,0.5346
13690,144.65,0.5556
13691,190.06,0.4457
13692,47.51,0.3546
13693,9.64,0.2437
13694,37.15,0.2311
13695,25.53,0.3352
13696,176.49,0.516
13697,159.31,0.6173
13698,203.95,0.796
13699,146.0,0.6716
13700,217.54,0.5277
13701,42.84,0.3779
13702,4.71,0.4386
13703,43.0,0.3265
13704,211.2,0.2969
13705,97.06,0.3027
13706,10.99,0.2744
13707,11.0,0.11
13708,12.62,0.1463
13709,34.52,0.2631
13710,136.09,0.2559
13711,136.47,0.2533
13712,3.28,0.2615
13713,9.81,0.1517
13714,43.28,0.0784
13715,18.13,0.0832
13716,57.7,0.1061
13717,8.45,0.0786
13718,34.47,0.1021
13719,13.67,0.0585
13720,43.4,0.0677
13721,10.91,0.0479
13722,18.29,0.1498
13723,13.22,0.3404
13724,123.11,0.3661
13725,248.16,0.3584
13726,38.53,0.5402
13727,10.07,0.576
13728,208.58,0.5653
13729,161.58,0.7145
13730,236.63,0.7631
13731,198.85,0.5789
13732,62.26,0.6585
13733,10.67,0.5731
13734,247.16,0.5541
13735,144.88,0.5414
13736,178.38,0.5405
13737,48.58,0.3592
13738,9.75,0.421
13739,52.32,0.4543
13740,211.27,0.4305
13741,214.18,0.4305
13742,22.99,0.5884
13743,9.78,0.5241
13744,221.98,0.3591
13745,142.23,0.3518
13746,36.91,0.4243
13747,15.15,0.349
13748,87.66,0.3478
13749,141.02,0.4439
13750,140.97,0.4374
13751,140.18,0.3808
13752,8.18,0.2971
13753,26.8,0.2915
13754,51.09,0.3245
13755,134.99,0.4469
13756,175.63,0.6147
13757,139.62,0.7213
13758,207.1,0.7628
13759,165.68,0.6609
13760,179.51,0.5342
13761,66.16,0.3873
13762,3.52,0.3084
13763,49.26,0.2737
13764,80.88,0.3809
13765,142.23,0.4074
13766,181.37,0.3678
13767,32.03,0.4863
13768,6.7,0.5122
13769,208.18,0.5193
13770,170.02,0.6276
13771,189.07,0.801
13772,148.34,0.7302
13773,193.0,0.6534
13774,132.16,0.5372
13775,87.49,0.5619
13776,64.2,0.5277
13777,174.93,0.4172
13778,156.17,0.3753
13779,13.44,0.3214
13780,42.54,0.1951
13781,6.25,0.0626
13782,39.2,0.0802
13783,13.84,0.2717
13784,32.35,0.4212
13785,248.3,0.4275
13786,166.9,0.4256
13787,45.97,0.531
13788,11.82,0.435
13789,145.57,0.4268
13790,145.09,0.5317
13791,158.15,0.5731
13792,158.71,0.4641
13793,56.25,0.4678
13794,28.4,0.4431
13795,149.1,0.4208
13796,131.62,0.5443
13797,134.74,0.6699
13798,188.9,0.6577
13799,163.36,0.6862
13800,136.07,0.7363
13801,162.26,0.5657
13802,188.53,0.4726
13803,5.64,0.3547
13804,63.25,0.3584
13805,9.39,0.3061
13806,166.29,0.3368
13807,132.27,0.2871
13808,38.69,0.3145
13809,9.87,0.1724
13810,38.83,0.2256
13811,13.59,0.3435
13812,189.4,0.3892
13813,165.42,0.3974
13814,59.0,0.4152
13815,47.62,0.2511
13816,32.68,0.1076
13817,13.1,0.0841
13818,11.18,0.069
13819,33.78,0.083
13820,31.38,0.0812
13821,47.72,0.0872
13822,11.18,0.0683
13823,17.62,0.0933
13824,13.49,0.1758
13825,58.2,0.3688
13826,136.38,0.3651
13827,218.57,0.4077
13828,13.62,0.5332
13829,59.32,0.5712
13830,193.04,0.4881
13831,177.17,0.6066
13832,129.28,0.6814
13833,140.91,0.6204
13834,139.7,0.468
13835,127.54,0.3637
13836,13.4,0.3627
13837,17.21,0.3812
13838,139.82,0.288
13839,159.58,0.2809
13840,27.46,0.4474
13841,5.78,0.4687
13842,196.03,0.3862
13843,162.7,0.4133
13844,70.94,0.5344
13845,56.66,0.5363
13846,135.89,0.3873
13847,198.0,0.3741
13848,2.65,0.3312
13849,56.78,0.3321
13850,10.53,0.2925
13851,136.87,0.4172
13852,155.4,0.3681
13853,136.7,0.3915
13854,3.99,0.2755
13855,35.73,0.2616
13856,12.15,0.2756
13857,140.56,0.4209
13858,151.72,0.5315
13859,160.06,0.6988
13860,154.55,0.7141
13861,191.96,0.5842
13862,156.99,0.4623
13863,12.18,0.3345
13864,29.06,0.2019
13865,17.22,0.1812
13866,49.51,0.2934
13867,134.68,0.2718
13868,132.73,0.302
13869,5.87,0.3875
13870,49.72,0.3904
13871,141.36,0.4898
13872,137.84,0.6311
13873,239.5,0.6419
13874,157.63,0.514
13875,61.33,0.4477
13876,3.94,0.2358
13877,66.68,0.1385
13878,11.76,0.0938
13879,53.1,0.2162
13880,13.26,0.2784
13881,135.54,0.4131
13882,133.49,0.5143
13883,156.45,0.5238
13884,161.88,0.4112
13885,23.44,0.4873
13886,14.56,0.4706
13887,215.24,0.36
13888,138.5,0.3982
13889,43.11,0.5447
13890,64.48,0.4723
13891,171.9,0.5188
13892,137.46,0.6271
13893,188.5,0.6382
13894,159.46,0.5052
13895,76.44,0.4982
13896,28.98,0.4624
13897,129.98,0.3411
13898,150.04,0.3287
13899,29.12,0.3079
13900,63.12,0.2037
13901,6.58,0.0906
13902,18.04,0.1209
13903,28.45,0.11
13904,61.72,0.1152
13905,51.4,0.1053
13906,12.21,0.2186
13907,7.34,0.2884
13908,150.26,0.2524
13909,136.7,0.3116
13910,12.64,0.4739
13911,75.86,0.4717
13912,181.72,0.4767
13913,147.86,0.6124
13914,142.12,0.5452
13915,158.4,0.3846
13916,3.71,0.3063
13917,9.1,0.1802
13918,63.72,0.0755
13919,6.7,0.0771
13920,45.84,0.1351
13921,5.52,0.2606
13922,71.41,0.4025
13923,198.58,0.5472
13924,159.09,0.5457
13925,201.4,0.5007
13926,3.81,0.4623
13927,23.14,0.4043
13928,157.24,0.2242
13929,96.77,0.2348
13930,7.96,0.4272
13931,15.2,0.4467
13932,229.89,0.5715
13933,178.15,0.7681
13934,230.86,0.9571
13935,219.18,0.9474
13936,218.3,0.7873
13937,219.44,0.63
13938,6.14,0.4364
13939,61.81,0.2629
13940,11.15,0.1844
13941,31.88,0.2995
13942,135.19,0.27
13943,129.82,0.2945
13944,30.11,0.2671
13945,37.38,0.1481
13946,2.52,0.1854
13947,7.29,0.2925
13948,169.9,0.3111
13949,145.22,0.319
13950,57.31,0.3194
13951,11.06,0.2814
13952,7.69,0.2764
13953,129.05,0.3532
13954,139.9,0.4921
13955,139.78,0.6331
13956,160.33,0.6966
13957,159.15,0.5742
13958,197.34,0.5024
13959,8.34,0.5431
13960,62.67,0.4064
13961,204.02,0.2836
13962,12.28,0.2791
13963,65.39,0.2581
13964,3.47,0.0774
13965,40.14,0.1204
13966,9.89,0.2453
13967,58.44,0.4219
13968,199.62,0.5453
13969,193.27,0.5464
13970,172.72,0.6813
13971,11.0,0.693
13972,203.38,0.7414
13973,212.26,0.7665
13974,245.28,0.9674
13975,199.68,0.7883
13976,226.82,0.6328
13977,10.96,0.4173
13978,45.16,0.3077
13979,13.72,0.2283
13980,81.95,0.3536
13981,141.54,0.3178
13982,145.56,0.3609
13983,6.64,0.5095
13984,60.03,0.5737
13985,241.64,0.4506
13986,210.6,0.5019
13987,13.2,0.648
13988,61.84,0.6143
13989,216.97,0.458
13990,205.39,0.4559
13991,42.72,0.5322
13992,10.91,0.4534
13993,143.81,0.388
13994,132.37,0.4661
13995,135.06,0.5842
13996,126.65,0.4627
13997,137.85,0.3853
13998,13.23,0.2651
13999,49.24,0.2801
14000,5.91,0.3057
14001,142.74,0.4621
14002,165.37,0.4296
14003,181.24,0.4704
14004,14.31,0.346
14005,49.76,0.2013
14006,9.12,0.091
14007,9.91,0.3035
14008,62.68,0.4006
14009,242.66,0.4042
14010,154.02,0.428
14011,12.98,0.3826
14012,35.54,0.1642
14013,13.89,0.0887
14014,8.04,0.1998
14015,72.82,0.1959
14016,132.35,0.2133
14017,31.44,0.2628
14018,32.57,0.2031
14019,61.18,0.1162
14020,8.72,0.0901
14021,38.99,0.1217
14022,3.34,0.0751
14023,66.48,0.0959
14024,11.21,0.0722
14025,31.01,0.0929
14026,13.53,0.0461
14027,25.6,0.0626
14028,16.22,0.159
14029,28.86,0.2626
14030,134.62,0.2451
14031,124.89,0.2835
14032,6.74,0.3822
14033,57.47,0.4199
14034,134.97,0.431
14035,175.06,0.6282
14036,136.85,0.7221
14037,218.6,0.8072
14038,158.42,0.7008
14039,226.4,0.5789
14040,60.71,0.5907
14041,5.87,0.5803
14042,231.28,0.4252
14043,147.3,0.3744
14044,59.7,0.4119
14045,6.11,0.207
14046,46.16,0.1183
14047,11.12,0.2357
14048,52.02,0.3584
14049,185.87,0.4425
14050,137.93,0.4375
14051,136.51,0.4112
14052,5.72,0.3843
14053,23.75,0.4419
14054,156.96,0.4783
14055,199.89,0.6088
14056,175.6,0.6228
14057,145.92,0.4989
14058,38.81,0.3167
14059,23.86,0.1557
14060,4.11,0.2201
14061,2.56,0.366
14062,215.2,0.3933
14063,195.57,0.3918
14064,53.17,0.4569
14065,2.48,0.4653
14066,72.46,0.3496
14067,224.26,0.304
14068,71.21,0.4459
14069,4.21,0.4985
14070,154.91,0.4303
14071,129.07,0.3747
14072,150.95,0.4448
14073,11.51,0.4366
14074,79.46,0.4463
14075,146.11,0.537
14076,139.52,0.719
14077,248.41,0.8128
14078,207.05,0.825
14079,180.23,0.7117
14080,159.24,0.4851
14081,17.8,0.3481
14082,4.89,0.1979
14083,59.86,0.194
14084,18.81,0.2963
14085,155.1,0.306
14086,127.72,0.2642
14087,15.33,0.2856
14088,14.9,0.1524
14089,41.85,0.2118
14090,11.92,0.3247
14091,191.54,0.4218
14092,136.64,0.5174
14093,119.23,0.6485
14094,144.58,0.6239
14095,152.8,0.6476
14096,165.13,0.6678
14097,162.06,0.6538
14098,140.98,0.6074
14099,129.47,0.4697
14100,103.01,0.3429
14101,17.17,0.2629
14102,25.84,0.16
14103,55.02,0.205
14104,18.9,0.3234
14105,151.36,0.3539
14106,144.36,0.3255
14107,58.62,0.3721
14108,24.5,0.2416
14109,68.96,0.2244
14110,11.1,0.2984
14111,125.9,0.3081
14112,138.2,0.2555
14113,34.87,0.3838
14114,12.47,0.399
14115,148.96,0.3979
14116,142.2,0.4923
14117,136.99,0.5522
14118,136.29,0.4261
14119,76.91,0.4126
14120,13.44,0.4607
14121,127.64,0.4747
14122,188.76,0.4337
14123,151.3,0.4273
14124,32.82,0.3233
14125,6.6,0.2195
14126,15.87,0.2088
14127,77.22,0.2978
14128,139.86,0.3287
14129,128.42,0.3242
14130,39.77,0.3798
14131,11.08,0.3954
14132,136.94,0.3174
14133,156.62,0.2897
14134,44.66,0.471
14135,9.97,0.4701
14136,205.85,0.4538
14137,135.98,0.6027
14138,139.12,0.7138
14139,204.68,0.6613
14140,129.28,0.5606
14141,149.52,0.4793
14142,27.69,0.4243
14143,51.76,0.3331
14144,145.63,0.2158
14145,31.34,0.2286
14146,23.4,0.2247
14147,41.47,0.0943
14148,47.61,0.0774
14149,5.53,0.0825
14150,13.12,0.2471
14151,28.88,0.4036
14152,218.35,0.4489
14153,215.74,0.4461
14154,54.21,0.5763
14155,10.19,0.5084
14156,168.74,0.4358
14157,145.4,0.5144
14158,137.71,0.5213
14159,138.63,0.3774
14160,17.6,0.3376
14161,14.17,0.3697
14162,102.67,0.3998
14163,172.15,0.5716
14164,170.98,0.7431
14165,202.21,0.8464
14166,198.37,0.8706
14167,213.73,0.8679
14168,198.08,0.7701
14169,168.14,0.6087
14170,97.1,0.5334
14171,24.98,0.5582
14172,132.85,0.5272
14173,224.66,0.482
14174,134.9,0.4716
14175,48.5,0.5462
14176,13.76,0.5312
14177,213.0,0.6065
14178,208.57,0.7045
14179,215.83,0.8974
14180,153.75,0.7634
14181,221.03,0.5797
14182,69.04,0.4071
14183,11.24,0.2694
14184,30.33,0.1172
14185,5.83,0.2006
14186,57.5,0.2473
14187,158.64,0.2317
14188,61.44,0.2301
14189,13.59,0.2043
14190,4.08,0.103
14191,29.8,0.2461
14192,49.77,0.3775
14193,215.16,0.3934
14194,154.76,0.5534
14195,21.17,0.6338
14196,201.78,0.6207
14197,136.09,0.6678
14198,201.08,0.8346
14199,205.41,0.7036
14200,200.4,0.5945
14201,60.96,0.5791
14202,18.97,0.575
14203,184.5,0.4174
14204,201.02,0.3686
14205,31.02,0.4086
14206,8.53,0.283
14207,61.95,0.2872
14208,49.58,0.4066
14209,205.48,0.4027
14210,159.33,0.3832
14211,4.34,0.4054
14212,40.95,0.4066
14213,73.44,0.2736
14214,206.8,0.3022
14215,16.42,0.4602
14216,35.08,0.5844
14217,210.75,0.5386
14218,206.89,0.7017
14219,157.58,0.7817
14220,191.6,0.6366
14221,121.06,0.4759
14222,54.84,0.3887
14223,34.25,0.2138
14224,63.91,0.2385
14225,3.62,0.2538
14226,147.64,0.2311
14227,71.32,0.3608
14228,9.84,0.496
14229,203.27,0.4377
14230,148.85,0.3971
14231,84.97,0.5132
14232,27.75,0.4799
14233,134.6,0.3527
14234,167.47,0.314
14235,12.22,0.2998
14236,43.36,0.3611
14237,12.52,0.3826
14238,200.38,0.564
14239,190.61,0.7219
14240,207.07,0.8885
14241,213.05,0.8814
14242,191.58,0.7432
14243,192.68,0.5645
14244,42.16,0.4036
14245,15.1,0.3059
14246,40.16,0.2522
14247,86.54,0.3555
14248,135.05,0.4759
14249,153.13,0.6498
14250,144.5,0.6194
14251,227.0,0.5369
14252,53.86,0.5226
14253,46.38,0.5236
14254,137.76,0.3227
14255,145.58,0.303
14256,11.12,0.2798
14257,32.77,0.1877
14258,21.36,0.177
14259,38.83,0.3235
14260,134.11,0.3052
14261,168.54,0.3336
14262,13.13,0.3296
14263,51.79,0.384
14264,34.58,0.3599
14265,192.61,0.4826
14266,142.6,0.4552
14267,144.93,0.4629
14268,22.41,0.2938
14269,42.85,0.1764
14270,10.85,0.0903
14271,16.51,0.0807
14272,52.38,0.1813
14273,12.12,0.3028
14274,150.96,0.3244
14275,141.4,0.3118
14276,39.69,0.3096
14277,38.88,0.1716
14278,9.69,0.1669
14279,2.76,0.3175
14280,136.32,0.3627
14281,201.54,0.3985
14282,87.36,0.4045
14283,48.18,0.3103
14284,9.25,0.1322
14285,35.05,0.0975
14286,10.15,0.0621
14287,50.12,0.0795
14288,10.13,0.0584
14289,27.96,0.0912
14290,12.39,0.0568
14291,45.4,0.0771
14292,13.2,0.0629
14293,31.92,0.1854
14294,12.71,0.2882
14295,144.0,0.3207
14296,155.82,0.3573
14297,48.08,0.4878
14298,71.32,0.4895
14299,152.89,0.4786
14300,145.89,0.6478
14301,144.09,0.7268
14302,229.81,0.7706
14303,156.27,0.6447
14304,199.9,0.5444
14305,10.67,0.3429
14306,36.3,0.2359
14307,13.35,0.1512
14308,41.26,0.3137
14309,108.89,0.4668
14310,185.26,0.6417
14311,200.84,0.6504
14312,201.2,0.5668
14313,50.6,0.5551
14314,19.1,0.4649
14315,172.72,0.3162
14316,103.9,0.2815
14317,41.48,0.416
14318,13.29,0.3985
14319,163.63,0.4228
14320,153.85,0.5696
14321,130.04,0.5731
14322,199.18,0.4355
14323,17.05,0.2951
14324,15.81,0.2272
14325,3.04,0.2668
14326,57.05,0.4191
14327,241.76,0.4147
14328,180.59,0.4407
14329,11.15,0.5255
14330,30.97,0.4403
14331,148.14,0.364
14332,150.24,0.3654
14333,98.59,0.5456
14334,12.66,0.5404
14335,224.55,0.4259
14336,142.64,0.3684
14337,27.2,0.3669
14338,36.75,0.294
14339,11.1,0.3015
14340,146.22,0.4412
14341,150.66,0.4917
14342,177.3,0.4921
14343,91.06,0.3837
14344,11.49,0.2465
14345,29.76,0.1391
14346,3.25,0.1817
14347,61.85,0.3123
14348,136.9,0.295
14349,151.84,0.3291
14350,11.18,0.4093
14351,39.8,0.4294
14352,148.06,0.2983
14353,158.51,0.3018
14354,10.93,0.4347
14355,14.99,0.5006
14356,182.59,0.394
14357,218.87,0.4788
14358,43.95,0.6802
14359,102.1,0.6487
14360,231.3,0.5866
14361,148.76,0.7011
14362,152.22,0.6164
14363,166.88,0.4226
14364,11.18,0.4126
14365,23.08,0.393
14366,137.97,0.2435
14367,131.19,0.2566
14368,6.19,0.3634
14369,25.23,0.4015
14370,137.88,0.4758
14371,178.9,0.6116
14372,210.98,0.5925
14373,152.15,0.5214
14374,4.65,0.4835
14375,61.55,0.4114
14376,138.16,0.3008
14377,133.53,0.3186
14378,33.31,0.3988
14379,23.76,0.4057
14380,147.77,0.4592
14381,145.56,0.6365
14382,190.96,0.738
14383,223.82,0.605
14384,132.8,0.6729
14385,4.92,0.6899
14386,218.51,0.5462
14387,209.21,0.4259
14388,69.47,0.4405
14389,3.47,0.2496
14390,20.64,0.0714
14391,13.38,0.1475
14392,17.77,0.2325
14393,151.19,0.2262
14394,94.8,0.2635
14395,13.86,0.4532
14396,53.52,0.5085
14397,221.6,0.4297
14398,210.62,0.4364
14399,10.13,0.5822
14400,21.06,0.5598
14401,210.12,0.4938
14402,197.5,0.495
14403,139.75,0.5055
14404,11.45,0.4367
14405,32.36,0.3685
14406,136.12,0.3561
14407,124.3,0.4711
14408,126.38,0.5678
14409,135.03,0.5664
14410,136.24,0.5108
14411,134.61,0.3974
14412,64.58,0.2947
14413,4.56,0.1794
14414,24.64,0.107
14415,12.39,0.1722
14416,56.8,0.2903
14417,134.68,0.2786
14418,131.39,0.3191
14419,12.1,0.4477
14420,55.9,0.5063
14421,194.98,0.5717
14422,197.58,0.6963
14423,201.74,0.6495
14424,145.91,0.5155
14425,5.67,0.3599
14426,50.99,0.1836
14427,30.39,0.2274
14428,12.33,0.3514
14429,192.96,0.4318
14430,138.91,0.5436
14431,137.34,0.6662
14432,150.56,0.6187
14433,144.09,0.6112
14434,141.92,0.4947
14435,130.84,0.5233
14436,12.13,0.5912
14437,181.24,0.4744
14438,217.05,0.3631
14439,16.41,0.3991
14440,11.3,0.2555
14441,50.84,0.105
14442,26.94,0.2565
14443,55.32,0.2608
14444,179.15,0.2726
14445,15.96,0.2521
14446,63.51,0.2074
14447,4.92,0.053
14448,7.3,0.073
14449,13.31,0.0357
14450,37.38,0.0379
14451,23.47,0.0459
14452,7.23,0.0457
14453,15.94,0.0496
14454,13.04,0.0516
14455,41.61,0.2449
14456,25.61,0.4131
14457,214.94,0.6102
14458,196.71,0.5749
14459,224.74,0.5945
14460,3.68,0.575
14461,46.66,0.574
14462,194.03,0.4897
14463,195.6,0.613
14464,134.18,0.5801
14465,136.12,0.4318
14466,11.4,0.2621
14467,34.66,0.1452
14468,13.21,0.037
14469,8.61,0.0841
14470,19.85,0.2595
14471,62.08,0.4164
14472,223.1,0.4255
14473,181.78,0.4094
14474,18.39,0.3939
14475,2.53,0.2078
14476,45.41,0.2092
14477,23.2,0.3191
14478,183.27,0.4258
14479,136.46,0.3881
14480,117.19,0.5877
14481,4.87,0.5475
14482,237.65,0.5822
14483,140.08,0.6101
14484,173.72,0.7496
14485,147.18,0.7124
14486,154.84,0.7051
14487,197.69,0.5479
14488,132.23,0.4355
14489,4.74,0.3369
14490,26.48,0.2881
14491,48.82,0.3058
14492,145.24,0.32
14493,151.28,0.3388
14494,19.96,0.3332
14495,46.74,0.211
14496,42.73,0.271
14497,14.04,0.4073
14498,215.68,0.3867
14499,166.48,0.3567
14500,24.51,0.5209
14501,10.49,0.4967
14502,190.49,0.4783
14503,189.67,0.6627
14504,146.76,0.7565
14505,222.58,0.5861
14506,111.28,0.445
14507,7.48,0.3184
14508,38.02,0.1676
14509,10.79,0.1941
14510,60.48,0.3127
14511,139.76,0.2886
14512,134.96,0.3485
14513,12.11,0.4323
14514,75.14,0.4707
14515,150.56,0.4054
14516,181.02,0.4118
14517,64.78,0.491
14518,18.93,0.5738
14519,160.26,0.4651
14520,239.57,0.4123
14521,64.2,0.543
14522,7.99,0.5719
14523,159.44,0.4786
14524,191.22,0.5539
14525,139.33,0.5813
14526,145.19,0.4442
14527,37.44,0.2965
14528,12.12,0.1701
14529,32.46,0.093
14530,3.58,0.0994
14531,62.38,0.132
14532,44.32,0.1088
14533,47.09,0.2452
14534,7.5,0.3107
14535,150.16,0.2819
14536,132.75,0.2473
14537,13.36,0.3744
14538,9.95,0.3755
14539,144.01,0.3014
14540,151.37,0.2944
14541,53.16,0.4159
14542,5.87,0.4277
14543,140.5,0.4995
14544,156.66,0.6236
14545,228.52,0.6766
14546,186.5,0.5561
14547,62.75,0.6015
14548,11.12,0.5343
14549,205.41,0.3852
14550,156.29,0.3383
14551,26.32,0.4568
14552,12.3,0.401
14553,138.5,0.3808
14554,145.46,0.4841
14555,134.56,0.5728
14556,137.37,0.4567
14557,107.54,0.4366
14558,13.72,0.4518
14559,123.89,0.454
14560,150.88,0.3978
14561,139.8,0.3964
14562,47.12,0.4088
14563,12.22,0.3941
14564,137.24,0.4043
14565,135.01,0.4889
14566,150.82,0.6058
14567,138.06,0.6085
14568,137.81,0.5235
14569,140.1,0.3882
14570,43.68,0.4424
14571,5.42,0.4395
14572,196.36,0.3288
14573,134.63,0.3036
14574,21.18,0.365
14575,16.66,0.2216
14576,71.33,0.1108
14577,42.25,0.1537
14578,15.62,0.3272
14579,67.28,0.397
14580,203.03,0.369
14581,146.43,0.4447
14582,12.1,0.5238
14583,96.98,0.5231
14584,152.24,0.5148
14585,202.29,0.6312
14586,137.52,0.5661
14587,137.15,0.4286
14588,27.08,0.4421
14589,4.46,0.4772
14590,216.81,0.4022
14591,175.26,0.3813
14592,56.52,0.4344
14593,4.64,0.2398
14594,61.46,0.1208
14595,7.73,0.0797
14596,47.41,0.0839
14597,12.41,0.0406
14598,9.18,0.0951
14599,14.87,0.195
14600,66.3,0.2128
14601,154.77,0.2137
14602,31.49,0.4069
14603,10.22,0.5025
14604,222.39,0.5224
14605,169.02,0.6395
14606,176.18,0.7635
14607,157.32,0.7495
14608,143.47,0.6389
14609,207.34,0.5345
14610,50.12,0.3949
14611,64.03,0.3088
14612,7.35,0.1263
14613,50.98,0.2568
14614,11.29,0.3246
14615,190.25,0.3709
14616,136.92,0.3267
14617,57.05,0.3324
14618,3.53,0.1678
14619,17.4,0.2119
14620,13.44,0.1749
14621,184.23,0.1857
14622,17.3,0.2003
14623,15.18,0.3229
14624,33.1,0.27
14625,145.19,0.3765
14626,127.39,0.3654
14627,131.72,0.3709
14628,3.26,0.2715
14629,39.0,0.3418
14630,38.32,0.364
14631,202.92,0.5931
14632,155.58,0.7332
14633,249.42,0.874
14634,189.54,0.8689
14635,189.67,0.857
14636,197.36,0.7861
14637,142.77,0.6727
14638,173.25,0.5255
14639,67.7,0.5491
14640,31.58,0.5524
14641,222.64,0.4043
14642,146.34,0.3562
14643,14.1,0.5518
14644,16.04,0.5385
14645,241.82,0.5337
14646,208.32,0.6704
14647,141.21,0.788
14648,160.99,0.7193
14649,142.3,0.6841
14650,168.03,0.6188
14651,170.53,0.682
14652,71.0,0.6969
14653,228.9,0.553
14654,158.3,0.4432
14655,13.49,0.3881
14656,52.56,0.3017
14657,11.75,0.2833
14658,136.05,0.3042
14659,138.59,0.3684
14660,35.88,0.5097
14661,121.59,0.5294
14662,163.58,0.4089
14663,157.16,0.4028
14664,9.13,0.4934
14665,29.32,0.52
14666,218.97,0.5101
14667,192.12,0.6117
14668,146.59,0.6162
14669,118.21,0.4194
14670,34.17,0.2547
14671,7.58,0.2333
14672,15.1,0.3117
14673,123.58,0.439
14674,202.5,0.5747
14675,170.97,0.7276
14676,153.33,0.7623
14677,179.41,0.6158
14678,160.9,0.5217
14679,45.02,0.3835
14680,69.86,0.4117
14681,4.83,0.4419
14682,209.69,0.4456
14683,193.36,0.4578
14684,49.07,0.5905
14685,82.92,0.5293
14686,147.44,0.4719
14687,143.94,0.5538
14688,131.68,0.5206
14689,137.04,0.4283
14690,47.26,0.4252
14691,48.28,0.46
14692,140.6,0.3449
14693,169.02,0.3374
14694,13.4,0.3052
14695,39.24,0.2124
14696,13.66,0.0676
14697,40.9,0.0756
14698,13.42,0.0528
14699,22.04,0.0844
14700,14.74,0.0509
14701,47.62,0.1683
14702,4.87,0.2301
14703,139.55,0.2648
14704,88.46,0.4073
14705,52.06,0.5909
14706,200.68,0.5951
14707,202.18,0.6359
14708,144.04,0.7165
14709,132.33,0.67
14710,138.66,0.4936
14711,150.65,0.3686
14712,12.72,0.2841
14713,9.69,0.2017
14714,41.52,0.1995
14715,50.09,0.3158
14716,148.36,0.4335
14717,137.6,0.5217
14718,136.17,0.5889
14719,136.31,0.5083
14720,122.29,0.6063
14721,61.73,0.6712
14722,242.93,0.5551
14723,205.87,0.5016
14724,11.58,0.4516
14725,64.88,0.2439
14726,7.98,0.0826
14727,19.77,0.2521
14728,32.54,0.261
14729,193.76,0.2757
14730,74.36,0.2696
14731,23.77,0.2488
14732,13.3,0.0958
14733,10.17,0.0664
14734,29.37,0.0988
14735,42.76,0.0971
14736,58.6,0.1088
14737,11.42,0.0907
14738,22.79,0.1004
14739,9.93,0.0519
14740,53.16,0.0717
14741,6.48,0.1759
14742,32.7,0.2934
14743,134.74,0.2597
14744,136.16,0.275
14745,16.93,0.3283
14746,22.98,0.3592
14747,89.91,0.4228
14748,168.0,0.5345
14749,204.46,0.6659
14750,136.98,0.7645
14751,164.15,0.7699
14752,195.85,0.7265
14753,173.75,0.7266
14754,157.85,0.7433
14755,137.14,0.5668
14756,182.01,0.4271
14757,6.22,0.3119
14758,23.74,0.2358
14759,33.99,0.0738
14760,55.44,0.0906
14761,7.88,0.2154
14762,24.27,0.3335
14763,157.89,0.3294
14764,160.9,0.3649
14765,50.98,0.4828
14766,46.0,0.4689
14767,151.0,0.458
14768,142.98,0.5532
14769,149.14,0.633
14770,153.29,0.5135
14771,131.68,0.4938
14772,22.7,0.4822
14773,121.79,0.3785
14774,136.62,0.2837
14775,41.88,0.2668
14776,29.83,0.156
14777,4.51,0.064
14778,2.76,0.0596
14779,37.76,0.0854
14780,37.15,0.0889
14781,57.6,0.1133
14782,8.24,0.2695
14783,28.97,0.3912
14784,205.65,0.3438
14785,167.88,0.3829
14786,6.68,0.5865
14787,50.26,0.5313
14788,247.71,0.511
14789,146.35,0.6401
14790,146.08,0.609
14791,145.33,0.4005
14792,16.84,0.2747
14793,23.71,0.1946
14794,11.16,0.1084
14795,60.06,0.1264
14796,52.74,0.1173
14797,36.11,0.2336
14798,13.93,0.3107
14799,136.22,0.3927
14800,142.86,0.3699
14801,140.8,0.3759
14802,11.6,0.4423
14803,20.42,0.4377
14804,207.52,0.3182
14805,137.94,0.3367
14806,12.44,0.5142
14807,31.44,0.5234
14808,211.18,0.54
14809,217.4,0.6913
14810,155.8,0.8566
14811,174.97,0.8185
14812,209.06,0.6293
14813,170.24,0.528
14814,14.13,0.4541
14815,46.96,0.3899
14816,95.57,0.2362
14817,139.98,0.2662
14818,5.13,0.2657
14819,46.38,0.2018
14820,46.45,0.0772
14821,26.91,0.0749
14822,6.13,0.13
14823,2.57,0.2259
14824,105.66,0.2427
14825,149.4,0.2475
14826,44.98,0.2616
14827,11.26,0.1772
14828,17.81,0.0657
14829,14.98,0.1605
14830,29.58,0.2527
14831,146.82,0.2512
14832,110.38,0.2906
14833,16.11,0.2756
14834,57.31,0.1856
14835,13.5,0.092
14836,50.12,0.0907
14837,9.82,0.0537
14838,14.72,0.0937
14839,17.52,0.0524
14840,56.48,0.0571
14841,5.78,0.066
14842,14.88,0.1835
14843,24.21,0.2575
14844,143.79,0.3854
14845,136.01,0.3812
14846,143.17,0.3852
14847,10.4,0.3815
14848,28.46,0.4601
14849,139.85,0.5147
14850,220.53,0.6943
14851,201.78,0.6794
14852,203.34,0.602
14853,12.53,0.5708
14854,56.64,0.5129
14855,187.03,0.3355
14856,139.56,0.3764
14857,12.74,0.3468
14858,56.48,0.2028
14859,24.8,0.0846
14860,32.3,0.0824
14861,12.62,0.0433
14862,10.28,0.0519
14863,14.51,0.1576
14864,34.04,0.2926
14865,145.93,0.3928
14866,157.6,0.388
14867,118.0,0.4878
14868,9.35,0.4805
14869,141.28,0.4722
14870,138.06,0.5351
14871,148.65,0.7043
14872,185.58,0.5832
14873,191.12,0.5039
14874,11.16,0.3751
14875,52.86,0.2253
14876,10.3,0.0587
14877,24.6,0.0924
14878,12.18,0.0721
14879,47.38,0.1021
14880,31.01,0.2729
14881,42.55,0.3735
14882,208.08,0.3541
14883,120.34,0.3787
14884,26.49,0.5286
14885,57.39,0.3443
14886,203.62,0.273
14887,10.14,0.371
14888,43.7,0.4427
14889,131.8,0.3778
14890,134.44,0.5075
14891,133.86,0.6369
14892,149.52,0.7082
14893,182.73,0.6425
14894,208.36,0.5209
14895,63.81,0.4307
14896,3.24,0.386
14897,52.68,0.3391
14898,134.66,0.4122
14899,157.93,0.5012
14900,142.4,0.4664
14901,98.86,0.3705
14902,15.22,0.2343
14903,31.62,0.1223
14904,11.6,0.1742
14905,22.15,0.2912
14906,154.6,0.2768
14907,140.88,0.3166
14908,16.2,0.4775
14909,54.31,0.5242
14910,195.05,0.5858
14911,204.83,0.7463
14912,207.04,0.7504
14913,188.66,0.5843
14914,58.71,0.4459
14915,16.52,0.2572
14916,56.14,0.1394
14917,4.27,0.2221
14918,62.18,0.2747
14919,147.5,0.2318
14920,73.03,0.3646
14921,10.13,0.4634
14922,146.91,0.5538
14923,168.31,0.5147
14924,244.61,0.5328
14925,31.01,0.5418
14926,29.67,0.4478
14927,156.55,0.2511
14928,67.31,0.2592
14929,33.26,0.2395
14930,39.7,0.2431
14931,8.52,0.302
14932,160.4,0.3188
14933,130.61,0.2858
14934,51.33,0.2864
14935,4.24,0.1465
14936,9.16,0.0629
14937,10.1,0.0224
14938,40.77,0.0734
14939,7.78,0.074
14940,59.05,0.1198
14941,9.82,0.0925
14942,59.29,0.1378
14943,11.43,0.0869
14944,56.48,0.299
14945,4.4,0.3686
14946,237.65,0.4863
14947,134.14,0.4471
14948,137.82,0.4536
14949,14.37,0.3698
14950,11.38,0.3958
14951,147.68,0.4176
14952,162.0,0.5996
14953,161.31,0.7194
14954,209.85,0.7614
14955,140.16,0.6346
14956,192.8,0.49
14957,25.74,0.4929
14958,5.91,0.5107
14959,213.0,0.3728
14960,159.25,0.36
14961,44.68,0.387
14962,11.93,0.2029
14963,34.97,0.0993
14964,15.22,0.0698
14965,47.85,0.1921
14966,13.02,0.2948
14967,143.37,0.4186
14968,145.28,0.4147
14969,148.2,0.5778
14970,43.74,0.6554
14971,188.18,0.6656
14972,226.84,0.6588
14973,156.2,0.6333
14974,140.91,0.471
14975,16.29,0.4
14976,13.82,0.3899
14977,150.61,0.3116
14978,145.35,0.3012
14979,56.68,0.3078
14980,5.14,0.1762
14981,20.92,0.0963
14982,9.18,0.0539
14983,59.58,0.1064
14984,11.12,0.0983
14985,61.5,0.1579
14986,12.21,0.2195
14987,73.23,0.2499
14988,125.78,0.2052
14989,43.74,0.3484
14990,13.53,0.398
14991,166.08,0.4123
14992,126.54,0.521
14993,141.1,0.6292
14994,160.52,0.4862
14995,129.78,0.3776
14996,12.49,0.2698
14997,9.86,0.1484
14998,25.21,0.1708
14999,30.12,0.2868
15000,153.82,0.2963
15001,137.17,0.2892
15002,20.1,0.4116
15003,17.53,0.4144
15004,161.65,0.3193
15005,156.79,0.3103
15006,35.02,0.4291
15007,10.38,0.4636
15008,145.26,0.3455
15009,198.63,0.3234
15010,29.99,0.3181
15011,11.18,0.1945
15012,4.68,0.0988
15013,12.53,0.293
15014,95.82,0.2925
15015,238.57,0.2963
15016,10.72,0.327
15017,8.75,0.2518
15018,45.51,0.0424
15019,15.01,0.0466
15020,13.59,0.0542
15021,15.18,0.028
15022,16.93,0.0433
15023,17.42,0.0448
15024,31.36,0.0534
15025,15.22,0.0482
15026,24.49,0.232
15027,11.34,0.3813
15028,214.9,0.4061
15029,191.7,0.3866
15030,41.91,0.5949
15031,3.58,0.5297
15032,235.14,0.4865
15033,144.76,0.6388
15034,145.34,0.7896
15035,205.52,0.7067
15036,165.58,0.698
15037,146.09,0.6056
15038,135.4,0.4369
15039,46.07,0.2929
15040,24.34,0.162
15041,10.79,0.09
15042,5.52,0.0796
15043,57.94,0.1244
15044,34.91,0.1248
15045,72.53,0.1432
15046,11.19,0.1728
15047,25.27,0.2658
15048,89.74,0.322
15049,134.86,0.3266
15050,132.86,0.3181
15051,16.14,0.4351
15052,16.18,0.5101
15053,215.41,0.5533
15054,215.48,0.738
15055,179.3,0.7368
15056,214.58,0.5551
15057,14.91,0.5595
15058,20.22,0.5754
15059,220.19,0.5231
15060,196.38,0.6448
15061,158.39,0.7694
15062,145.65,0.705
15063,154.04,0.6606
15064,151.0,0.541
15065,148.67,0.4474
15066,29.91,0.3325
15067,45.1,0.3812
15068,30.56,0.3898
15069,203.32,0.4016
15070,157.9,0.4057
15071,42.67,0.5872
15072,49.48,0.5981
15073,225.52,0.579
15074,215.09,0.72
15075,137.34,0.8516
15076,194.18,0.8289
15077,190.87,0.6727
15078,201.14,0.5483
15079,47.22,0.5633
15080,3.76,0.5272
15081,210.29,0.4694
15082,152.04,0.5477
15083,139.02,0.7148
15084,131.35,0.6579
15085,183.33,0.5191
15086,149.18,0.448
15087,2.93,0.3307
15088,62.52,0.3638
15089,5.38,0.3197
15090,218.9,0.3683
15091,101.81,0.5041
15092,55.12,0.6972
15093,208.44,0.6183
15094,212.88,0.646
15095,134.12,0.7428
15096,131.51,0.5913
15097,159.1,0.4271
15098,45.74,0.3422
15099,36.42,0.2239
15100,42.9,0.2594
15101,4.4,0.3945
15102,197.24,0.4194
15103,190.93,0.5097
15104,63.14,0.6774
15105,139.9,0.6204
15106,184.58,0.4812
15107,136.07,0.5212
15108,41.28,0.5227
15109,106.12,0.3624
15110,141.6,0.2867
15111,12.36,0.2704
15112,54.69,0.3726
15113,23.74,0.3963
15114,215.94,0.5531
15115,167.1,0.6891
15116,180.78,0.8539
15117,200.89,0.8107
15118,200.77,0.6776
15119,169.48,0.5234
15120,24.11,0.3749
15121,15.08,0.2201
15122,41.34,0.1883
15123,34.49,0.2931
15124,135.31,0.2875
15125,136.68,0.269
15126,9.06,0.2711
15127,21.53,0.1932
15128,36.7,0.2549
15129,51.58,0.4039
15130,203.06,0.3952
15131,169.09,0.3933
15132,12.25,0.3556
15133,34.61,0.1861
15134,11.1,0.2539
15135,20.94,0.3653
15136,241.91,0.3468
15137,131.9,0.3723
15138,14.72,0.3631
15139,38.56,0.1576
15140,11.0,0.0461
15141,21.17,0.077
15142,12.13,0.0768
15143,47.84,0.0926
15144,38.43,0.0833
15145,27.96,0.0811
15146,11.12,0.0579
15147,9.8,0.0433
15148,22.86,0.1604
15149,22.76,0.3427
15150,153.79,0.3884
15151,207.02,0.3969
15152,58.86,0.5083
15153,32.03,0.5439
15154,142.48,0.4731
15155,192.04,0.5472
15156,130.89,0.6968
15157,138.53,0.7221
15158,192.68,0.618
15159,169.68,0.5516
15160,80.19,0.5612
15161,59.56,0.5806
15162,148.9,0.5908
15163,213.51,0.53
15164,180.65,0.4873
15165,14.89,0.3987
15166,13.64,0.2198
15167,53.74,0.067
15168,21.22,0.067
15169,16.47,0.1791
15170,14.93,0.2872
15171,134.08,0.3001
15172,169.94,0.3449
15173,35.06,0.5094
15174,64.56,0.5366
15175,191.68,0.5296
15176,163.3,0.6889
15177,162.43,0.6446
15178,206.24,0.5024
15179,16.97,0.5443
15180,38.84,0.5769
15181,208.3,0.5105
15182,197.55,0.6277
15183,134.84,0.7583
15184,142.87,0.6914
15185,179.22,0.6731
15186,136.44,0.6999
15187,177.87,0.6201
15188,163.64,0.4875
15189,57.1,0.3715
15190,36.76,0.331
15191,11.76,0.3156
15192,134.34,0.2954
15193,147.11,0.2724
15194,35.38,0.2902
15195,12.09,0.2927
15196,30.93,0.2802
15197,137.0,0.2496
15198,133.68,0.2637
15199,2.52,0.2446
15200,27.18,0.1718
15201,10.4,0.0537
15202,58.84,0.0959
15203,6.78,0.0827
15204,47.81,0.1127
15205,13.02,0.0631
15206,42.64,0.0901
15207,5.54,0.0576
15208,35.76,0.0513
15209,12.88,0.081
15210,6.32,0.2452
15211,74.48,0.2547
15212,182.02,0.2581
15213,45.94,0.2563
15214,16.55,0.3764
15215,4.45,0.4072
15216,203.52,0.5117
15217,215.07,0.6572
15218,158.24,0.8698
15219,172.84,0.9001
15220,232.93,0.7028
15221,235.98,0.6149
15222,3.14,0.6103
15223,63.79,0.5648
15224,167.88,0.3573
15225,184.03,0.4055
15226,13.07,0.3584
15227,54.94,0.237
15228,13.22,0.0788
15229,37.44,0.0766
15230,13.96,0.1623
15231,10.71,0.2862
15232,147.07,0.3033
15233,146.35,0.3121
15234,55.84,0.3284
15235,23.34,0.379
15236,28.22,0.3766
15237,201.48,0.4811
15238,143.76,0.5914
15239,168.11,0.7278
15240,141.83,0.5541
15241,174.81,0.4566
15242,14.86,0.3104
15243,39.01,0.22
15244,11.0,0.2582
15245,44.7,0.4238
15246,215.88,0.3998
15247,192.75,0.4378
15248,13.22,0.4078
15249,51.86,0.2687
15250,12.5,0.2316
15251,66.39,0.3612
15252,152.93,0.4
15253,152.38,0.4018
15254,93.6,0.4753
15255,14.4,0.4864
15256,145.42,0.4791
15257,164.79,0.5473
15258,144.56,0.6819
15259,166.88,0.5557
15260,159.04,0.4416
15261,9.82,0.3269
15262,42.19,0.2234
15263,21.27,0.0858
15264,55.7,0.1115
15265,11.2,0.085
15266,37.48,0.1098
15267,13.72,0.1771
15268,47.86,0.2965
15269,128.01,0.2735
15270,139.53,0.309
15271,12.73,0.4619
15272,51.84,0.5415
15273,212.22,0.4201
15274,213.46,0.4167
15275,9.13,0.5712
15276,9.1,0.5633
15277,217.8,0.5009
15278,203.72,0.6197
15279,146.44,0.6979
15280,136.73,0.6237
15281,93.14,0.5641
15282,138.1,0.5618
15283,139.73,0.5601
15284,143.93,0.7022
15285,134.94,0.6992
15286,245.8,0.6792
15287,134.82,0.5566
15288,118.32,0.4559
15289,12.18,0.2332
15290,26.76,0.1627
15291,6.44,0.1871
15292,59.15,0.3251
15293,144.46,0.3104
15294,160.54,0.3685
15295,10.93,0.5022
15296,68.85,0.515
15297,202.83,0.4949
15298,158.15,0.6179
15299,139.01,0.7013
15300,143.02,0.6571
15301,158.49,0.5399
15302,155.32,0.4202
15303,32.28,0.3003
15304,10.41,0.1555
15305,14.2,0.2239
15306,2.84,0.4252
15307,228.86,0.6137
15308,248.5,0.7917
15309,212.96,0.9479
15310,205.44,0.7422
15311,170.73,0.5671
15312,7.82,0.5668
15313,60.4,0.4504
15314,212.6,0.304
15315,80.35,0.3373
15316,13.48,0.4616
15317,43.52,0.4447
15318,194.02,0.5657
15319,194.41,0.7727
15320,210.34,0.7689
15321,235.94,0.633
15322,39.42,0.5104
15323,48.04,0.3213
15324,62.63,0.2188
15325,7.24,0.2997
15326,125.74,0.3794
15327,126.42,0.4429
15328,133.66,0.4503
15329,130.88,0.386
15330,15.1,0.292
15331,56.73,0.2982
15332,25.41,0.3231
15333,140.25,0.4464
15334,157.68,0.4074
15335,147.56,0.4412
15336,14.88,0.4993
15337,61.69,0.4921
15338,202.62,0.4959
15339,150.04,0.6225
15340,151.62,0.5853
15341,150.89,0.4142
15342,21.74,0.3999
15343,18.76,0.4425
15344,134.62,0.4308
15345,197.44,0.5565
15346,138.3,0.6822
15347,156.81,0.7685
15348,153.84,0.7451
15349,227.32,0.7516
15350,172.26,0.6634
15351,145.38,0.5332
15352,62.0,0.447
15353,13.97,0.4154
15354,134.65,0.4065
15355,138.34,0.3593
15356,135.85,0.5275
15357,11.19,0.6187
15358,194.71,0.6928
15359,232.71,0.7121
15360,217.88,0.8509
15361,156.6,0.8883
15362,160.34,0.8959
15363,234.87,0.703
15364,240.92,0.5642
15365,10.62,0.4547
15366,7.45,0.2767
15367,42.71,0.2407
15368,43.64,0.4606
15369,202.22,0.4883
15370,246.86,0.4918
15371,37.22,0.4615
15372,46.49,0.3247
15373,11.12,0.2507
15374,55.23,0.2721
15375,167.31,0.2392
15376,60.27,0.3703
15377,11.06,0.544
15378,152.04,0.5451
15379,241.88,0.6456
15380,168.44,0.7858
15381,168.2,0.6502
15382,161.75,0.6229
15383,6.32,0.6022
15384,212.53,0.5623
15385,146.24,0.528
15386,125.31,0.7271
15387,124.93,0.5347
15388,220.26,0.4061
15389,5.73,0.454
15390,8.16,0.4982
15391,176.74,0.3608
15392,172.41,0.3667
15393,72.61,0.5295
15394,12.06,0.5335
15395,183.09,0.4445
15396,181.09,0.3863
15397,76.75,0.4109
15398,10.06,0.253
15399,38.52,0.1658
15400,13.45,0.2133
15401,87.4,0.2261
15402,127.77,0.2027
15403,23.78,0.2047
15404,13.4,0.1337
15405,15.56,0.0723
15406,11.12,0.1082
15407,61.85,0.1248
15408,62.32,0.1299
15409,31.27,0.131
15410,21.06,0.0985
15411,12.22,0.0561
15412,27.0,0.0391
15413,16.68,0.1458
15414,13.1,0.2615
15415,135.67,0.2854
15416,136.55,0.279
15417,52.64,0.4772
15418,9.77,0.5758
15419,226.08,0.6772
15420,241.68,0.8567
15421,245.5,0.8883
15422,245.44,0.6883
15423,43.7,0.6636
15424,11.21,0.5624
15425,215.18,0.4803
15426,136.73,0.5873
15427,157.24,0.7271
15428,158.62,0.6729
15429,161.44,0.7109
15430,156.99,0.5791
15431,177.59,0.5183
15432,15.56,0.513
15433,93.35,0.5282
15434,155.72,0.4096
15435,173.37,0.4056
15436,50.11,0.4459
15437,11.29,0.4422
15438,136.56,0.4148
15439,151.83,0.4938
15440,143.87,0.6048
15441,134.99,0.6082
15442,130.58,0.5001
15443,140.21,0.3782
15444,35.63,0.3804
15445,12.95,0.4551
15446,137.35,0.3342
15447,210.81,0.3182
15448,10.38,0.3622
15449,18.38,0.4366
15450,60.29,0.2872
15451,217.3,0.2982
15452,50.26,0.5128
15453,22.14,0.662
15454,249.0,0.5787
15455,220.58,0.5492
15456,127.85,0.6786
15457,18.48,0.5751
15458,161.22,0.4944
15459,137.84,0.5018
15460,133.87,0.6431
15461,135.78,0.6126
15462,170.26,0.5446
15463,128.51,0.4265
15464,64.73,0.3488
15465,7.0,0.1981
15466,52.22,0.288
15467,8.37,0.364
15468,225.1,0.3949
15469,146.37,0.359
15470,40.2,0.3615
15471,13.63,0.1662
15472,11.15,0.0687
15473,15.21,0.2092
15474,41.6,0.2925
15475,191.21,0.3006
15476,103.16,0.2905
15477,19.82,0.3053
15478,4.3,0.1545
15479,57.57,0.2745
15480,29.15,0.3834
15481,232.08,0.4087
15482,136.8,0.3677
15483,31.56,0.3788
15484,13.53,0.1742
15485,41.02,0.0625
15486,12.28,0.047
15487,16.73,0.0835
15488,15.0,0.0718
15489,52.68,0.0919
15490,28.45,0.0787
15491,33.92,0.067
15492,2.56,0.0428
15493,2.38,0.2284
15494,26.65,0.3639
15495,227.94,0.3709
15496,179.48,0.3804
15497,10.04,0.4935
15498,12.65,0.4205
15499,148.09,0.3833
15500,149.51,0.5683
15501,139.6,0.6967
15502,208.75,0.6993
15503,150.62,0.611
15504,150.93,0.4903
15505,54.59,0.4817
15506,9.88,0.4698
15507,199.5,0.4519
15508,137.9,0.5714
15509,131.67,0.6875
15510,183.01,0.6312
15511,134.56,0.5327
15512,139.06,0.4367
15513,32.02,0.4058
15514,28.55,0.4079
15515,149.78,0.2851
15516,136.8,0.2769
15517,7.18,0.324
15518,23.26,0.3455
15519,79.15,0.395
15520,172.82,0.5148
15521,189.99,0.4993
15522,135.96,0.4906
15523,6.55,0.3532
15524,69.8,0.3836
15525,25.18,0.4638
15526,222.69,0.6656
15527,222.15,0.7421
15528,223.36,0.9156
15529,151.99,0.903
15530,211.55,0.8228
15531,209.19,0.8052
15532,135.99,0.7099
15533,204.47,0.5676
15534,49.55,0.5046
15535,58.71,0.5839
15536,141.44,0.4029
15537,221.24,0.4021
15538,9.97,0.5435
15539,48.67,0.5504
15540,210.69,0.4652
15541,148.82,0.5828
15542,129.64,0.6636
15543,136.41,0.5326
15544,135.47,0.4034
15545,69.9,0.2962
15546,9.99,0.2265
15547,14.53,0.1103
15548,61.44,0.2234
15549,10.71,0.3524
15550,191.38,0.3885
15551,148.54,0.353
15552,53.37,0.4057
15553,23.28,0.2397
15554,67.37,0.2387
15555,12.93,0.3113
15556,147.54,0.3218
15557,131.3,0.2765
15558,34.57,0.3831
15559,18.76,0.363
15560,127.5,0.3865
15561,125.92,0.481
15562,156.49,0.4949
15563,136.14,0.414
15564,33.7,0.4225
15565,40.61,0.4568
15566,134.97,0.4829
15567,193.34,0.5665
15568,164.24,0.6387
15569,123.5,0.541
15570,118.18,0.3751
15571,29.97,0.2559
15572,15.12,0.1551
15573,36.18,0.0782
15574,15.16,0.0611
15575,35.62,0.1754
15576,11.54,0.2636
15577,137.94,0.2937
15578,131.0,0.4716
15579,47.44,0.6062
15580,226.82,0.6128
15581,156.11,0.6348
15582,145.05,0.7168
15583,154.66,0.5268
15584,135.49,0.4368
15585,22.73,0.3063
15586,59.34,0.1956
15587,4.88,0.1938
15588,35.7,0.184
15589,133.58,0.1385
15590,12.24,0.1481
15591,10.38,0.1455
15592,15.23,0.0321
15593,32.93,0.071
15594,11.69,0.133
15595,54.06,0.2905
15596,76.98,0.3059
15597,184.51,0.3494
15598,49.46,0.3044
15599,58.4,0.2393
15600,5.68,0.0731
15601,7.05,0.2032
15602,5.94,0.2775
15603,189.2,0.2828
15604,138.3,0.2893
15605,11.32,0.416
15606,14.08,0.3982
15607,142.06,0.4308
15608,170.11,0.5671
15609,173.34,0.6992
15610,157.74,0.7982
15611,156.04,0.645
15612,248.36,0.546
15613,5.58,0.4041
15614,66.92,0.295
15615,5.28,0.1989
15616,38.78,0.3187
15617,145.12,0.2703
15618,134.32,0.2953
15619,14.96,0.2723
15620,32.11,0.1532
15621,14.08,0.0477
15622,17.19,0.0898
15623,20.92,0.1167
15624,60.18,0.1232
15625,61.0,0.1266
15626,21.08,0.2577
15627,20.81,0.3345
15628,161.87,0.2859
15629,142.6,0.3344
15630,8.82,0.4454
15631,73.16,0.4201
15632,140.15,0.3381
15633,134.6,0.3316
15634,54.54,0.2965
15635,1.86,0.3723
15636,35.39,0.4484
15637,221.66,0.5051
15638,216.29,0.5522
15639,115.53,0.7381
15640,52.44,0.7403
15641,235.11,0.5719
15642,224.09,0.5172
15643,35.3,0.4712
15644,56.79,0.4361
15645,3.04,0.3556
15646,197.33,0.3737
15647,137.63,0.5341
15648,54.68,0.6658
15649,229.19,0.6167
15650,144.52,0.4991
15651,144.58,0.486
15652,11.27,0.2873
15653,40.63,0.2108
15654,15.74,0.0783
15655,62.24,0.1129
15656,2.3,0.2709
15657,48.36,0.402
15658,210.39,0.3478
15659,156.64,0.3782
15660,4.07,0.4795
15661,34.87,0.4814
15662,157.25,0.5169
15663,212.38,0.6462
15664,194.86,0.699
15665,142.99,0.5619
15666,91.52,0.4971
15667,9.98,0.4422
15668,142.79,0.3729
15669,135.88,0.3088
15670,68.53,0.3314
15671,22.66,0.2051
15672,34.16,0.1428
15673,7.09,0.0882
15674,68.98,0.0793
15675,9.88,0.0809
15676,13.11,0.2015
15677,35.92,0.2595
15678,136.66,0.2616
15679,131.24,0.2865
15680,12.16,0.3817
15681,39.83,0.4225
15682,138.19,0.4355
15683,180.49,0.619
15684,145.28,0.7827
15685,209.28,0.8526
15686,215.75,0.7102
15687,213.3,0.6113
15688,27.5,0.4294
15689,38.94,0.2386
15690,13.9,0.1546
15691,10.77,0.2647
15692,123.0,0.2765
15693,145.77,0.2688
15694,51.68,0.2695
15695,5.58,0.1643
15696,11.5,0.0835
15697,10.04,0.1918
15698,58.9,0.2887
15699,168.03,0.2892
15700,109.69,0.3066
15701,12.07,0.3793
15702,28.79,0.3528
15703,136.97,0.3984
15704,139.51,0.5591
15705,158.78,0.5465
15706,184.7,0.4666
15707,15.23,0.5376
15708,51.12,0.5746
15709,215.79,0.5509
15710,198.5,0.7202
15711,159.3,0.8695
15712,197.1,0.8673
15713,211.6,0.8333
15714,213.37,0.8313
15715,161.98,0.7748
15716,157.14,0.5883
15717,136.41,0.5177
15718,11.2,0.4951
15719,137.5,0.3608
15720,137.68,0.2782
15721,12.89,0.3928
15722,47.69,0.3897
15723,134.24,0.4227
15724,134.2,0.5345
15725,173.13,0.6236
15726,132.99,0.6365
15727,143.48,0.5145
15728,148.12,0.3838
15729,3.05,0.4532
15730,32.7,0.4986
15731,207.62,0.4063
15732,192.22,0.4288
15733,48.94,0.5856
15734,27.24,0.5865
15735,201.18,0.4157
15736,208.57,0.3962
15737,8.73,0.4985
15738,27.99,0.4526
15739,137.18,0.4296
15740,151.82,0.4311
15741,183.92,0.5812
15742,10.28,0.5867
15743,189.33,0.6423
15744,142.99,0.6047
15745,211.58,0.7793
15746,143.55,0.6091
15747,197.88,0.5131
15748,6.48,0.3275
15749,39.77,0.2474
15750,12.18,0.1992
15751,57.49,0.3131
15752,146.1,0.4438
15753,128.91,0.5592
15754,180.18,0.6409
15755,136.1,0.691
15756,145.36,0.6085
15757,199.91,0.4745
15758,40.2,0.4974
15759,36.22,0.4887
15760,160.71,0.3681
15761,136.11,0.3436
15762,70.29,0.4488
15763,13.86,0.4672
15764,149.26,0.4632
15765,180.47,0.524
15766,131.82,0.5255
15767,135.62,0.5943
15768,15.44,0.562
15769,223.2,0.6409
15770,145.75,0.5375
15771,216.57,0.5826
15772,24.5,0.3852
15773,63.97,0.2653
15774,11.1,0.0761
15775,16.87,0.0952
15776,13.28,0.0635
15777,45.12,0.0665
15778,29.87,0.1766
15779,14.31,0.328
15780,135.17,0.3198
15781,175.98,0.3218
15782,36.25,0.3598
15783,32.03,0.2366
15784,55.18,0.1617
15785,2.74,0.319
15786,95.5,0.3339
15787,205.3,0.2866
15788,48.1,0.3265
15789,4.26,0.2401
15790,45.64,0.101
15791,2.64,0.0698
15792,55.92,0.1099
15793,14.58,0.0766
15794,47.3,0.0874
15795,9.82,0.05
15796,14.28,0.0816
15797,15.77,0.0817
15798,48.5,0.0867
15799,47.44,0.2254
15800,15.2,0.3328
15801,163.23,0.3359
15802,131.2,0.3207
15803,51.82,0.5037
15804,31.16,0.5181
15805,211.79,0.564
15806,178.74,0.6893
15807,180.52,0.8298
15808,186.38,0.8384
15809,182.13,0.6846
15810,221.07,0.6244
15811,13.44,0.6068
15812,115.91,0.485
15813,167.44,0.2823
15814,51.27,0.3319
15815,3.22,0.2529
15816,66.76,0.1496
15817,31.08,0.1054
15818,56.39,0.1727
15819,3.76,0.2443
15820,75.54,0.3458
15821,143.76,0.3117
15822,140.06,0.3195
15823,19.86,0.3732
15824,12.11,0.4148
15825,133.21,0.4588
15826,188.44,0.6089
15827,187.3,0.6594
15828,181.19,0.5436
15829,66.4,0.5616
15830,8.73,0.5638
15831,207.76,0.4596
15832,189.7,0.4027
15833,69.26,0.4242
15834,5.23,0.2432
15835,31.83,0.1115
15836,13.25,0.0644
15837,48.19,0.0865
15838,18.65,0.0696
15839,29.02,0.1767
15840,13.64,0.2528
15841,128.38,0.4229
15842,129.9,0.4486
15843,201.5,0.4502
15844,56.59,0.5186
15845,15.37,0.5797
15846,201.8,0.5164
15847,195.57,0.5958
15848,133.49,0.6068
15849,141.94,0.4332
15850,27.22,0.2686
15851,15.25,0.2733
15852,18.66,0.2677
15853,138.6,0.343
15854,135.94,0.3393
15855,108.05,0.4504
15856,11.36,0.4568
15857,138.04,0.368
15858,145.48,0.2787
15859,40.5,0.3249
15860,12.08,0.3733
15861,60.98,0.3449
15862,190.1,0.317
15863,114.86,0.3141
15864,10.6,0.2772
15865,8.91,0.1383
15866,21.4,0.2071
15867,40.8,0.3282
15868,188.85,0.3256
15869,140.65,0.3166
15870,6.19,0.3159
15871,11.73,0.1494
15872,40.05,0.0647
15873,9.94,0.0706
15874,49.63,0.1009
15875,12.53,0.0701
15876,44.3,0.1037
15877,6.87,0.0688
15878,46.09,0.0708
15879,12.14,0.0434
15880,14.64,0.2597
15881,14.92,0.3524
15882,239.3,0.3618
15883,145.6,0.3611
15884,22.32,0.4746
15885,13.82,0.4393
15886,136.94,0.4891
15887,201.38,0.6272
15888,199.06,0.6943
15889,170.74,0.5999
15890,85.84,0.4168
15891,35.53,0.2902
15892,4.61,0.1399
15893,63.04,0.1843
15894,9.26,0.27
15895,133.59,0.2958
15896,127.58,0.2691
15897,32.31,0.273
15898,34.4,0.1935
15899,13.44,0.0806
15900,48.14,0.2473
15901,6.36,0.3976
15902,211.37,0.4131
15903,195.86,0.3708
15904,30.13,0.4441
15905,2.72,0.3731
15906,85.12,0.3119
15907,135.08,0.4199
15908,130.06,0.4286
15909,146.14,0.3653
15910,12.15,0.2643
15911,17.04,0.1978
15912,26.58,0.1014
15913,58.57,0.2747
15914,42.59,0.3107
15915,198.42,0.3474
15916,55.7,0.312
15917,65.95,0.4729
15918,20.58,0.4267
15919,215.44,0.4054
15920,148.81,0.3633
15921,32.84,0.472
15922,20.7,0.3901
15923,137.32,0.2652
15924,127.52,0.2506
15925,14.6,0.4223
15926,17.17,0.4715
15927,205.08,0.5133
15928,190.19,0.6783
15929,172.48,0.8226
15930,191.9,0.7793
15931,172.21,0.6988
15932,158.57,0.6026
15933,103.64,0.551
15934,69.19,0.5569
15935,136.42,0.5393
15936,178.49,0.5728
15937,139.72,0.6354
15938,139.61,0.5188
15939,136.47,0.4028
15940,11.14,0.278
15941,53.9,0.274
15942,5.58,0.2827
15943,135.34,0.317
15944,145.83,0.2801
15945,48.0,0.4375
15946,14.2,0.4962
15947,174.7,0.4866
15948,198.39,0.6246
15949,135.58,0.6809
15950,196.22,0.566
15951,74.67,0.4067
15952,51.31,0.2914
15953,27.25,0.2392
15954,11.68,0.2959
15955,140.09,0.3792
15956,135.55,0.397
15957,140.91,0.5763
15958,46.35,0.6351
15959,204.34,0.5122
15960,203.22,0.4453
15961,3.52,0.4165
15962,69.04,0.4166
15963,15.38,0.3932
15964,204.41,0.4473
15965,178.16,0.5486
15966,61.64,0.6709
15967,177.84,0.6332
15968,146.82,0.5938
15969,163.83,0.6858
15970,135.85,0.5604
15971,160.57,0.4363
15972,43.04,0.4666
15973,13.53,0.4776
15974,196.38,0.5168
15975,147.66,0.7057
15976,202.65,0.7162
15977,246.05,0.597
15978,24.78,0.4699
15979,68.34,0.3124
15980,11.06,0.0955
15981,33.42,0.1171
15982,13.02,0.1012
15983,47.94,0.1171
15984,51.31,0.1374
15985,28.16,0.1288
15986,55.22,0.2347
15987,3.76,0.331
15988,161.69,0.4212
15989,154.8,0.5026
15990,125.11,0.5505
15991,142.63,0.4101
15992,55.21,0.3911
15993,10.9,0.4011
15994,134.43,0.4166
15995,135.76,0.492
15996,159.33,0.6185
15997,136.24,0.6284
15998,146.82,0.6513
15999,145.02,0.6529
16000,160.41,0.5994
16001,161.07,0.5156
16002,78.74,0.6119
16003,56.73,0.6018
16004,248.56,0.4644
16005,149.49,0.4375
16006,13.5,0.3895
16007,49.77,0.2913
16008,5.19,0.2767
16009,143.0,0.3921
16010,133.83,0.4724
16011,137.51,0.5937
16012,136.02,0.5873
16013,135.51,0.4687
16014,136.17,0.3479
16015,6.34,0.2587
16016,7.76,0.1758
16017,40.21,0.0555
16018,46.45,0.0627
16019,6.83,0.0655
16020,14.16,0.0763
16021,10.72,0.0549
16022,51.77,0.108
16023,23.46,0.2658
16024,63.89,0.4501
16025,183.79,0.4138
16026,208.72,0.4347
16027,12.75,0.5657
16028,45.96,0.5248
16029,204.57,0.4536
16030,139.85,0.5567
16031,132.24,0.5527
16032,123.55,0.3913
16033,41.63,0.4494
16034,31.12,0.5146
16035,202.31,0.5979
16036,202.26,0.7072
16037,213.09,0.6842
16038,159.04,0.5098
16039,6.44,0.4647
16040,14.92,0.3943
16041,153.82,0.2526
16042,137.48,0.2603
16043,6.77,0.3737
16044,14.65,0.4113
16045,136.79,0.2989
16046,194.25,0.3459
16047,16.69,0.4621
16048,57.3,0.5397
16049,139.52,0.539
16050,220.13,0.7192
16051,193.46,0.7552
16052,210.28,0.662
16053,95.99,0.4655
16054,39.46,0.3439
16055,8.98,0.3548
16056,62.82,0.461
16057,221.91,0.6456
16058,210.12,0.6465
16059,237.86,0.6711
16060,9.9,0.601
16061,89.26,0.4695
16062,146.66,0.2571
16063,68.83,0.2718
16064,9.57,0.3162
16065,25.76,0.3297
16066,136.9,0.2766
16067,161.22,0.3063
16068,11.76,0.4152
16069,41.41,0.4132
16070,142.77,0.4023
16071,134.78,0.3988
16072,149.48,0.3978
16073,8.02,0.4661
16074,40.39,0.4666
16075,216.13,0.4646
16076,135.34,0.6683
16077,147.32,0.7809
16078,226.9,0.731
16079,161.36,0.6484
16080,162.47,0.5577
16081,46.62,0.3544
16082,49.84,0.2125
16083,8.5,0.1038
16084,8.95,0.256
16085,45.61,0.3154
16086,210.15,0.3121
16087,113.63,0.3138
16088,5.0,0.4001
16089,10.81,0.3367
16090,138.26,0.381
16091,142.04,0.5682
16092,161.28,0.694
16093,206.13,0.7243
16094,145.99,0.6069
16095,170.8,0.513
16096,15.89,0.5359
16097,60.42,0.5342
16098,230.73,0.3892
16099,144.1,0.4208
16100,15.08,0.3881
16101,49.85,0.1958
16102,25.28,0.0764
16103,24.09,0.0746
16104,15.78,0.2471
16105,13.13,0.3569
16106,235.27,0.389
16107,143.24,0.381
16108,58.58,0.3966
16109,7.16,0.1868
16110,29.86,0.1572
16111,9.82,0.2261
16112,111.48,0.2921
16113,132.59,0.2766
16114,78.08,0.2942
16115,13.27,0.2234
16116,28.64,0.1114
16117,35.51,0.0906
16118,12.15,0.0865
16119,55.79,0.12
16120,8.91,0.0918
16121,64.54,0.1133
16122,5.27,0.0731
16123,35.19,0.1278
16124,12.6,0.2126
16125,67.67,0.39
16126,155.76,0.4902
16127,195.79,0.4919
16128,142.88,0.5532
16129,14.42,0.5384
16130,133.56,0.4897
16131,139.83,0.4856
16132,143.44,0.5976
16133,138.48,0.4845
16134,134.74,0.4046
16135,12.04,0.4473
16136,54.06,0.4824
16137,189.27,0.4839
16138,176.22,0.6069
16139,136.31,0.6852
16140,144.26,0.6378
16141,138.14,0.6082
16142,138.4,0.6127
16143,144.33,0.4924
16144,141.16,0.4165
16145,15.0,0.4471
16146,56.63,0.4636
16147,171.32,0.3946
16148,162.07,0.3823
16149,66.94,0.5275
16150,1.84,0.5629
16151,212.57,0.585
16152,209.36,0.6917
16153,185.79,0.8528
16154,181.67,0.6668
16155,174.89,0.5125
16156,12.75,0.3499
16157,43.51,0.3076
16158,11.17,0.3143
16159,136.18,0.4353
16160,182.12,0.5145
16161,142.69,0.5162
16162,128.7,0.4179
16163,12.92,0.2684
16164,30.62,0.1931
16165,21.46,0.2052
16166,61.74,0.4076
16167,141.78,0.4027
16168,230.3,0.4501
16169,25.37,0.446
16170,72.4,0.3332
16171,57.34,0.1957
16172,20.62,0.3042
16173,82.58,0.2796
16174,141.97,0.2482
16175,45.9,0.2634
16176,23.63,0.1988
16177,36.97,0.0872
16178,13.17,0.0542
16179,21.98,0.0861
16180,10.54,0.0576
16181,57.82,0.0937
16182,6.37,0.076
16183,51.92,0.1207
16184,3.06,0.0772
16185,58.51,0.0995
16186,11.1,0.1939
16187,30.32,0.3086
16188,153.3,0.2692
16189,126.32,0.2842
16190,16.18,0.4572
16191,27.22,0.5132
16192,216.24,0.5455
16193,213.45,0.6873
16194,161.0,0.7098
16195,168.56,0.5415
16196,51.36,0.4061
16197,35.43,0.2666
16198,67.96,0.1444
16199,11.12,0.1107
16200,37.24,0.1286
16201,15.18,0.07
16202,54.68,0.1875
16203,4.96,0.3416
16204,137.38,0.3298
16205,202.81,0.3615
16206,2.48,0.5359
16207,88.83,0.6178
16208,192.34,0.4475
16209,225.36,0.488
16210,19.86,0.533
16211,45.98,0.4824
16212,137.16,0.4482
16213,137.97,0.606
16214,188.58,0.6105
16215,189.39,0.4959
16216,50.84,0.3777
16217,14.04,0.2124
16218,11.0,0.2216
16219,10.92,0.3591
16220,199.3,0.3998
16221,198.64,0.3914
16222,57.77,0.4208
16223,1.94,0.2478
16224,42.52,0.1039
16225,13.38,0.0606
16226,44.04,0.1955
16227,11.22,0.2914
16228,146.89,0.4583
16229,145.59,0.4419
16230,192.72,0.4498
16231,26.43,0.4928
16232,19.67,0.515
16233,193.12,0.4713
16234,169.45,0.5817
16235,145.71,0.7191
16236,145.11,0.7296
16237,167.21,0.5985
16238,204.44,0.471
16239,28.56,0.5044
16240,8.7,0.5368
16241,181.02,0.4645
16242,202.01,0.6056
16243,126.81,0.6427
16244,180.16,0.486
16245,48.6,0.3423
16246,12.58,0.2336
16247,47.68,0.2465
16248,10.0,0.3147
16249,193.95,0.3142
16250,121.88,0.4961
16251,12.14,0.6231
16252,243.06,0.6358
16253,146.41,0.7226
16254,207.62,0.8988
16255,215.11,0.6759
16256,201.53,0.5428
16257,3.56,0.3701
16258,3.43,0.2085
16259,22.03,0.0673
16260,41.45,0.0708
16261,49.89,0.0757
16262,7.32,0.0675
16263,8.66,0.2574
16264,13.15,0.3662
16265,245.53,0.4174
16266,166.81,0.4113
16267,62.36,0.623
16268,2.12,0.6156
16269,240.54,0.5162
16270,237.64,0.4686
16271,59.97,0.6121
16272,11.24,0.5224
16273,156.24,0.4256
16274,144.24,0.4982
16275,133.59,0.5644
16276,138.0,0.4324
16277,82.33,0.4301
16278,14.4,0.4443
16279,141.85,0.4764
16280,148.8,0.5896
16281,172.48,0.7509
16282,203.91,0.7693
16283,187.8,0.7246
16284,161.63,0.6208
16285,100.76,0.4433
16286,60.87,0.3139
16287,13.23,0.1734
16288,48.78,0.2056
16289,10.62,0.2892
16290,135.38,0.3196
16291,150.77,0.2846
16292,45.85,0.4015
16293,11.21,0.416
16294,136.21,0.4644
16295,150.96,0.4368
16296,202.76,0.4367
16297,16.18,0.3655
16298,11.08,0.2573
16299,59.79,0.1006
16300,34.7,0.0892
16301,34.32,0.1933
16302,3.94,0.3208
16303,122.93,0.4451
16304,196.81,0.6
16305,168.28,0.7521
16306,200.75,0.6444
16307,167.35,0.4693
16308,7.21,0.5024
16309,8.66,0.4946
16310,203.82,0.3736
16311,192.36,0.3788
16312,37.38,0.4958
16313,12.81,0.4337
16314,134.38,0.3781
16315,137.01,0.4999
16316,132.67,0.5
16317,168.22,0.3876
16318,13.0,0.3058
16319,13.54,0.2103
16320,49.19,0.1906
16321,29.96,0.3118
16322,147.04,0.3105
16323,143.32,0.2976
16324,12.13,0.3062
16325,35.35,0.3327
16326,39.15,0.2974
16327,175.5,0.3212
16328,105.42,0.5031
16329,37.67,0.6282
16330,230.78,0.5934
16331,173.63,0.5234
16332,138.12,0.502
16333,30.18,0.4055
16334,14.66,0.3855
16335,127.06,0.3865
16336,152.2,0.4315
16337,139.17,0.4276
16338,78.59,0.3688
16339,10.37,0.2353
16340,63.93,0.3032
16341,8.79,0.4121
16342,212.14,0.6277
16343,195.56,0.5883
16344,242.05,0.5966
16345,21.52,0.4133
16346,17.76,0.2431
16347,15.22,0.0305
16348,12.62,0.0232
16349,13.68,0.183
16350,13.61,0.3123
16351,189.53,0.3205
16352,154.1,0.3172
16353,21.44,0.3493
16354,10.17,0.179
16355,48.07,0.2112
16356,6.55,0.3847
16357,188.75,0.4236
16358,207.76,0.3871
16359,51.96,0.417
16360,8.86,0.2535
16361,38.76,0.068
16362,13.01,0.0323
16363,8.42,0.0629
16364,13.67,0.0571
16365,41.74,0.0536
16366,32.55,0.0566
16367,9.18,0.0542
16368,11.68,0.0443
16369,11.04,0.0978
16370,31.12,0.242
16371,90.1,0.2537
16372,164.08,0.2736
16373,24.23,0.4341
16374,32.46,0.5055
16375,203.57,0.5392
16376,166.84,0.6474
16377,200.22,0.7365
16378,140.46,0.5844
16379,128.2,0.5996
16380,40.21,0.5785
16381,183.16,0.4861
16382,177.56,0.3924
16383,41.18,0.4101
16384,27.47,0.2417
16385,59.3,0.3052
16386,2.13,0.414
16387,245.85,0.4863
16388,158.06,0.4855
16389,105.13,0.677
16390,58.43,0.5912
16391,207.94,0.4545
16392,153.63,0.3824
16393,11.24,0.3424
16394,27.6,0.2832
16395,15.49,0.3194
16396,144.31,0.5033
16397,192.55,0.4885
16398,208.82,0.5355
16399,11.68,0.4093
16400,65.97,0.407
16401,8.76,0.4165
16402,190.12,0.6105
16403,218.94,0.6647
16404,220.17,0.702
16405,124.24,0.5378
16406,48.8,0.4735
16407,13.66,0.3878
16408,149.85,0.3079
16409,128.08,0.3125
16410,38.44,0.4277
16411,53.7,0.4754
16412,137.46,0.3625
16413,201.08,0.3859
16414,6.79,0.5377
16415,63.59,0.5788
16416,216.81,0.5097
16417,181.66,0.6222
16418,126.84,0.578
16419,127.58,0.3996
16420,16.11,0.2429
16421,25.19,0.1373
16422,13.3,0.0331
16423,13.3,0.0631
16424,15.72,0.0815
16425,48.32,0.0773
16426,44.92,0.2618
16427,8.83,0.3896
16428,211.48,0.3855
16429,153.1,0.3538
16430,43.88,0.5348
16431,10.82,0.5274
16432,203.36,0.3971
16433,203.54,0.3939
16434,13.07,0.5109
16435,40.46,0.4473
16436,136.57,0.4442
16437,134.99,0.562
16438,200.16,0.6154
16439,139.7,0.526
16440,97.82,0.4122
16441,40.49,0.2556
16442,12.77,0.2539
16443,31.89,0.2917
16444,137.87,0.3748
16445,138.41,0.48
16446,129.75,0.5777
16447,125.84,0.5735
16448,136.8,0.4973
16449,133.43,0.4108
16450,56.48,0.3048
16451,36.85,0.3176
16452,11.94,0.332
16453,150.55,0.3227
16454,148.9,0.3972
16455,46.48,0.521
16456,116.9,0.5151
16457,145.0,0.5035
16458,144.12,0.6006
16459,136.5,0.5126
16460,150.83,0.4351
16461,22.34,0.4914
16462,61.73,0.5028
16463,204.58,0.3765
16464,148.73,0.3973
16465,15.12,0.352
16466,44.76,0.2912
16467,13.03,0.3412
16468,139.22,0.4651
16469,202.49,0.4481
16470,148.2,0.4427
16471,26.55,0.4969
16472,7.21,0.4185
16473,197.42,0.3182
16474,118.32,0.3025
16475,40.42,0.4326
16476,9.62,0.3882
16477,147.02,0.4588
16478,149.68,0.61
16479,194.21,0.6115
16480,202.84,0.4812
16481,11.25,0.5055
16482,7.03,0.5154
16483,175.78,0.4933
16484,204.91,0.6603
16485,179.02,0.8119
16486,190.73,0.7908
16487,169.85,0.6157
16488,153.22,0.5134
16489,16.7,0.3394
16490,69.13,0.2118
16491,3.76,0.1993
16492,32.76,0.3082
16493,139.76,0.2739
16494,133.77,0.291
16495,32.25,0.2652
16496,22.14,0.2656
16497,5.0,0.2719
16498,140.21,0.428
16499,140.55,0.5008
16500,200.03,0.5027
16501,100.3,0.4005
16502,7.01,0.2735
16503,30.42,0.1437
16504,4.1,0.1774
16505,60.56,0.2973
16506,136.56,0.3963
16507,135.8,0.5181
16508,136.84,0.5874
16509,134.9,0.6091
16510,135.04,0.4931
16511,159.85,0.4919
16512,11.2,0.4952
16513,135.5,0.4959
16514,138.47,0.3649
16515,135.82,0.3656
16516,19.04,0.3027
16517,12.0,0.359
16518,67.94,0.4285
16519,198.94,0.6424
16520,210.53,0.6373
16521,248.85,0.6254
16522,6.5,0.4713
16523,55.17,0.3259
16524,33.3,0.099
16525,54.34,0.1179
16526,5.03,0.0778
16527,26.87,0.0864
16528,12.0,0.0409
16529,42.58,0.0843
16530,5.48,0.0677
16531,51.61,0.112
16532,9.04,0.2779
16533,59.62,0.4209
16534,220.86,0.4276
16535,159.1,0.4295
16536,58.76,0.5701
16537,11.12,0.5151
16538,210.65,0.4947
16539,161.78,0.5795
16540,137.22,0.748
16541,149.89,0.6908
16542,192.12,0.6413
16543,149.19,0.5462
16544,108.61,0.5506
16545,35.07,0.5685
16546,154.63,0.5986
16547,211.3,0.509
16548,181.54,0.5446
16549,12.4,0.4037
16550,73.25,0.2444
16551,3.27,0.0879
16552,40.14,0.1128
16553,13.44,0.1798
16554,39.1,0.3141
16555,145.24,0.2891
16556,147.61,0.4527
16557,13.22,0.5994
16558,189.26,0.6792
16559,196.68,0.7024
16560,231.05,0.7353
16561,172.45,0.6168
16562,48.61,0.4755
16563,61.98,0.2771
16564,44.8,0.1292
16565,17.85,0.2237
16566,13.63,0.2944
16567,150.14,0.2697
16568,137.91,0.3752
16569,18.23,0.4887
16570,131.21,0.551
16571,135.56,0.4277
16572,217.16,0.4719
16573,5.41,0.4887
16574,65.65,0.5343
16575,149.28,0.3434
16576,184.55,0.3838
16577,12.07,0.447
16578,48.81,0.4325
16579,133.53,0.3948
16580,133.76,0.5055
16581,144.06,0.4688
16582,130.97,0.3876
16583,9.38,0.3053
16584,46.24,0.1791
16585,45.4,0.0638
16586,8.42,0.0644
16587,7.09,0.1434
16588,10.06,0.2954
16589,131.08,0.4665
16590,208.75,0.6459
16591,192.29,0.7655
16592,199.82,0.6461
16593,138.52,0.5416
16594,2.79,0.5595
16595,96.46,0.3946
16596,211.54,0.2783
16597,22.7,0.3114
16598,13.58,0.3475
16599,38.35,0.2721
16600,135.18,0.375
16601,130.55,0.381
16602,133.29,0.3832
16603,20.04,0.4879
16604,40.63,0.5248
16605,247.73,0.4234
16606,170.22,0.4575
16607,24.31,0.4741
16608,56.64,0.2544
16609,58.5,0.1005
16610,11.72,0.0877
16611,4.77,0.0612
16612,10.61,0.0153
16613,28.18,0.1449
16614,9.13,0.2845
16615,151.04,0.4375
16616,154.7,0.4149
16617,175.06,0.4703
16618,3.91,0.5116
16619,68.56,0.5366
16620,195.44,0.6029
16621,181.59,0.7978
16622,246.3,0.7591
16623,213.36,0.6098
16624,26.95,0.566
16625,35.0,0.5255
16626,134.54,0.4541
16627,202.74,0.5831
16628,136.63,0.7658
16629,165.64,0.8342
16630,231.28,0.6757
16631,208.06,0.5528
16632,32.39,0.4541
16633,4.57,0.2646
16634,59.6,0.2342
16635,27.64,0.3603
16636,175.4,0.4775
16637,167.89,0.4348
16638,130.5,0.5344
16639,13.7,0.5029
16640,134.73,0.4868
16641,141.5,0.5273
16642,150.66,0.6515
16643,173.94,0.5721
16644,147.17,0.623
16645,49.46,0.6325
16646,196.13,0.5087
16647,160.84,0.4208
16648,40.95,0.3775
16649,52.8,0.2063
16650,2.91,0.2636
16651,12.21,0.4071
16652,222.32,0.4127
16653,195.14,0.4226
16654,58.8,0.6165
16655,13.61,0.5446
16656,220.52,0.4089
16657,145.03,0.3682
16658,49.36,0.4836
16659,15.06,0.4239
16660,137.68,0.4861
16661,156.36,0.6396
16662,211.78,0.7728
16663,214.35,0.7824
16664,158.12,0.6506
16665,148.09,0.4635
16666,14.7,0.3325
16667,10.71,0.2314
16668,73.68,0.1218
16669,49.42,0.1206
16670,30.31,0.1634
16671,13.43,0.2194
16672,56.67,0.291
16673,133.93,0.2991
16674,126.32,0.2993
16675,38.98,0.4486
16676,13.71,0.4704
16677,217.03,0.4123
16678,157.37,0.39
16679,63.95,0.5749
16680,14.93,0.5778
16681,212.38,0.6296
16682,220.21,0.7393
16683,213.0,0.8845
16684,181.8,0.8355
16685,170.93,0.6391
16686,159.72,0.4535
16687,9.23,0.3126
16688,13.62,0.2231
16689,30.34,0.0826
16690,74.8,0.1376
16691,8.81,0.3172
16692,68.24,0.4693
16693,206.64,0.4134
16694,193.72,0.4143
16695,14.74,0.4997
16696,9.81,0.4573
16697,159.95,0.3303
16698,161.09,0.3222
16699,57.3,0.5277
16700,6.0,0.5017
16701,230.7,0.5495
16702,132.01,0.7047
16703,212.45,0.7487
16704,223.99,0.5366
16705,53.31,0.4666
16706,2.83,0.2823
16707,56.77,0.2972
16708,14.38,0.3798
16709,240.08,0.3911
16710,142.0,0.3524
16711,14.99,0.376
16712,15.22,0.2958
16713,39.69,0.2699
16714,153.92,0.2701
16715,114.2,0.4662
16716,15.16,0.5575
16717,225.96,0.5452
16718,137.73,0.4981
16719,140.72,0.4898
16720,63.6,0.4131
16721,6.29,0.4173
16722,143.47,0.4189
16723,142.34,0.4956
16724,142.38,0.6115
16725,145.98,0.602
16726,130.91,0.4938
16727,133.22,0.376
16728,26.03,0.2763
16729,15.81,0.167
16730,38.94,0.1713
16731,13.39,0.2717
16732,137.85,0.3792
16733,133.89,0.3654
16734,131.35,0.3624
16735,24.12,0.2889
16736,10.22,0.3312
16737,58.86,0.3464
16738,179.31,0.3322
16739,147.66,0.3271
16740,8.93,0.3137
16741,4.73,0.1701
16742,44.4,0.1606
16743,25.03,0.2906
16744,137.42,0.2955
16745,148.6,0.2669
16746,10.03,0.3656
16747,13.72,0.3772
16748,131.03,0.3684
16749,149.87,0.4798
16750,139.21,0.5174
16751,129.73,0.4059
16752,54.08,0.3065
16753,11.25,0.1865
16754,43.06,0.072
16755,10.3,0.0352
16756,6.64,0.0725
16757,14.56,0.1912
16758,51.3,0.2226
16759,170.64,0.2306
16760,44.06,0.2295
16761,15.18,0.2194
16762,13.44,0.0868
16763,40.45,0.2529
16764,28.16,0.3651
16765,222.53,0.3939
16766,135.74,0.3603
16767,44.35,0.3993
16768,4.36,0.2024
16769,70.04,0.1035
16770,10.99,0.0765
16771,29.52,0.1075
16772,15.26,0.0575
16773,37.71,0.0678
16774,16.29,0.0543
16775,22.1,0.0487
16776,15.01,0.2143
16777,9.23,0.3297
16778,215.65,0.3174
16779,140.28,0.3104
16780,8.91,0.345
16781,7.42,0.3259
16782,46.4,0.3657
16783,195.18,0.5064
16784,182.98,0.5047
16785,160.11,0.5003
16786,5.66,0.3401
16787,41.66,0.2294
16788,23.04,0.0849
16789,64.07,0.2834
16790,4.86,0.3564
16791,218.84,0.3909
16792,120.08,0.3421
16793,60.13,0.3805
16794,11.68,0.1893
16795,46.12,0.1283
16796,13.4,0.0889
16797,54.55,0.2065
16798,17.82,0.3027
16799,137.96,0.3007
16800,149.52,0.2596
16801,11.19,0.4627
16802,10.43,0.4723
16803,236.03,0.4796
16804,148.28,0.596
16805,157.36,0.5885
16806,136.26,0.4214
16807,2.37,0.3007
16808,56.47,0.3529
16809,18.6,0.298
16810,213.46,0.3515
16811,77.33,0.3164
16812,59.85,0.3688
16813,18.67,0.1818
16814,74.98,0.2365
16815,12.46,0.3292
16816,136.17,0.3593
16817,159.48,0.386
16818,50.94,0.5071
16819,103.72,0.51
16820,142.51,0.3938
16821,139.28,0.4945
16822,34.65,0.6022
16823,159.19,0.6997
16824,219.44,0.763
16825,247.22,0.85
16826,207.35,0.7659
16827,128.05,0.5737
16828,68.84,0.3602
16829,12.96,0.1784
16830,17.79,0.0937
16831,12.0,0.0417
16832,37.11,0.0702
16833,12.98,0.0923
16834,43.56,0.2583
16835,41.5,0.2732
16836,190.38,0.3194
16837,53.1,0.2824
16838,62.63,0.4241
16839,3.81,0.4471
16840,193.77,0.4614
16841,215.11,0.4454
16842,68.41,0.5893
16843,45.44,0.6087
16844,158.45,0.5536
16845,214.66,0.6305
16846,155.85,0.6174
16847,151.04,0.5248
16848,31.35,0.3346
16849,58.94,0.2103
16850,10.32,0.2062
16851,22.28,0.3712
16852,146.65,0.4961
16853,208.68,0.6589
16854,193.16,0.7877
16855,185.23,0.785
16856,160.65,0.5988
16857,143.73,0.4656
16858,8.66,0.2959
16859,50.0,0.3001
16860,2.9,0.2687
16861,165.2,0.3176
16862,109.97,0.4005
16863,61.2,0.5795
16864,139.07,0.5749
16865,195.24,0.6126
16866,160.19,0.5942
16867,150.47,0.4751
16868,41.48,0.4756
16869,11.15,0.4653
16870,195.67,0.4513
16871,149.15,0.5392
16872,135.47,0.7009
16873,135.96,0.6431
16874,184.89,0.5147
16875,133.5,0.4352
16876,11.17,0.3179
16877,50.05,0.188
16878,9.99,0.1749
16879,45.32,0.3019
16880,119.44,0.2627
16881,147.62,0.3083
16882,7.88,0.2746
16883,58.94,0.3628
16884,9.11,0.3832
16885,214.29,0.5087
16886,169.54,0.5486
16887,142.66,0.5705
16888,101.79,0.3741
16889,32.7,0.3541
16890,3.27,0.3458
16891,148.09,0.3763
16892,133.68,0.5005
16893,134.6,0.6261
16894,166.12,0.6806
16895,138.24,0.7528
16896,206.64,0.8589
16897,211.23,0.7126
16898,248.59,0.6367
16899,8.98,0.5904
16900,56.62,0.5305
16901,156.96,0.3128
16902,146.82,0.3362
16903,14.7,0.3322
16904,34.11,0.3157
16905,52.29,0.2968
16906,139.31,0.42
16907,126.48,0.5389
16908,147.05,0.6489
16909,161.84,0.5844
16910,170.52,0.514
16911,70.03,0.4173
16912,50.8,0.2764
16913,43.19,0.2512
16914,10.4,0.3138
16915,143.52,0.3928
16916,137.26,0.4862
16917,135.72,0.4881
16918,143.52,0.3666
16919,12.44,0.386
16920,12.92,0.4265
16921,158.12,0.3536
16922,179.27,0.397
16923,65.18,0.6031
16924,59.09,0.5834
16925,234.3,0.6267
16926,137.01,0.6963
16927,225.81,0.7891
16928,139.93,0.7189
16929,158.79,0.6869
16930,158.89,0.5386
16931,102.62,0.5841
16932,66.51,0.5577
16933,188.75,0.567
16934,130.4,0.4803
16935,168.94,0.4593
16936,9.51,0.3165
16937,43.92,0.247
16938,35.34,0.0934
16939,55.72,0.1194
16940,3.82,0.2037
16941,37.49,0.3284
16942,134.49,0.2797
16943,169.34,0.3065
16944,3.4,0.4095
16945,32.57,0.4322
16946,148.15,0.4183
16947,158.88,0.5588
16948,154.47,0.5572
16949,154.36,0.4238
16950,30.77,0.4645
16951,4.82,0.4628
16952,202.61,0.3331
16953,152.74,0.3203
16954,14.96,0.3802
16955,17.07,0.3919
16956,69.12,0.4434
16957,215.18,0.6242
16958,208.13,0.6184
16959,209.23,0.6027
16960,10.74,0.5917
16961,52.28,0.6238
16962,203.36,0.4394
16963,242.6,0.4512
16964,11.17,0.6012
16965,23.34,0.5543
16966,213.51,0.4669
16967,152.89,0.6249
16968,148.76,0.6076
16969,180.91,0.4695
16970,4.8,0.3546
16971,65.07,0.2684
16972,29.46,0.1059
16973,56.15,0.1104
16974,6.3,0.174
16975,9.64,0.2832
16976,133.44,0.3679
16977,146.77,0.4964
16978,147.18,0.6203
16979,144.37,0.5081
16980,142.67,0.4638
16981,12.93,0.4634
16982,99.15,0.3878
16983,146.82,0.2595
16984,63.08,0.2973
16985,4.83,0.3308
16986,53.54,0.3202
16987,135.17,0.3942
16988,135.44,0.5128
16989,142.59,0.5995
16990,132.26,0.6196
16991,146.72,0.5063
16992,156.74,0.3923
16993,13.74,0.2828
16994,20.07,0.1506
16995,14.56,0.1921
16996,4.66,0.3676
16997,201.41,0.5068
16998,202.27,0.5774
16999,169.62,0.6294
17000,90.38,0.5728
17001,60.61,0.5196
17002,140.58,0.5064
17003,145.06,0.4349
17004,155.52,0.4092
17005,13.48,0.2908
17006,33.01,0.2519
17007,13.37,0.2392
17008,103.24,0.3557
17009,141.92,0.3375
17010,138.62,0.3661
17011,13.45,0.4083
17012,44.09,0.417
17013,148.56,0.4286
17014,151.33,0.5484
17015,151.04,0.5307
17016,142.25,0.4222
17017,24.98,0.2933
17018,32.01,0.1575
17019,12.88,0.044
17020,5.06,0.058
17021,20.3,0.2243
17022,40.05,0.3424
17023,210.69,0.4528
17024,139.81,0.445
17025,123.68,0.4403
17026,11.94,0.2511
17027,34.92,0.2482
17028,7.44,0.3315
17029,136.72,0.5191
17030,213.13,0.4935
17031,213.49,0.538
17032,7.42,0.4198
17033,55.31,0.2357
17034,9.68,0.0509
17035,15.34,0.076
17036,14.96,0.0405
17037,34.35,0.0453
17038,17.14,0.045
17039,14.84,0.0539
17040,15.06,0.0626
17041,24.52,0.1438
17042,43.67,0.2871
17043,104.44,0.295
17044,168.79,0.3134
17045,23.58,0.4714
17046,44.23,0.5472
17047,213.44,0.5174
17048,185.94,0.643
17049,136.76,0.7057
17050,158.51,0.5129
17051,111.62,0.3719
17052,6.29,0.256
17053,34.4,0.1539
17054,12.2,0.0588
17055,48.8,0.1132
17056,9.54,0.0831
17057,64.74,0.1351
17058,2.01,0.2802
17059,68.12,0.4556
17060,204.7,0.4095
17061,197.98,0.416
17062,15.18,0.5338
17063,9.01,0.4702
17064,194.66,0.2995
17065,136.34,0.2938
17066,14.64,0.4839
17067,9.0,0.4398
17068,213.28,0.4931
17069,147.24,0.6327
17070,193.7,0.6803
17071,164.59,0.4995
17072,60.18,0.513
17073,18.98,0.4636
17074,161.76,0.4418
17075,140.59,0.5139
17076,141.16,0.6268
17077,137.64,0.6506
17078,140.34,0.5425
17079,187.29,0.4159
17080,24.42,0.3418
17081,5.21,0.257
17082,57.94,0.0909
17083,49.3,0.2344
17084,8.84,0.2726
17085,178.61,0.2579
17086,46.26,0.349
17087,42.1,0.5705
17088,147.16,0.5334
17089,246.84,0.682
17090,138.74,0.7091
17091,205.95,0.5864
17092,71.25,0.3949
17093,15.23,0.2695
17094,41.1,0.215
17095,4.03,0.2965
17096,147.36,0.3317
17097,158.87,0.3048
17098,53.1,0.3501
17099,12.15,0.2324
17100,52.72,0.1355
17101,20.85,0.0879
17102,54.75,0.299
17103,2.0,0.3883
17104,238.94,0.5685
17105,148.64,0.568
17106,214.45,0.5912
17107,54.23,0.3715
17108,27.0,0.2548
17109,2.88,0.1965
17110,23.16,0.3305
17111,151.83,0.353
17112,198.24,0.3595
17113,51.12,0.3689
17114,9.89,0.2295
17115,33.33,0.1036
17116,2.02,0.0644
17117,62.92,0.1047
17118,9.06,0.0795
17119,53.12,0.1376
17120,6.35,0.0845
17121,64.36,0.1073
17122,5.91,0.07
17123,33.51,0.1959
17124,13.07,0.2797
17125,141.67,0.4025
17126,154.33,0.4173
17127,137.88,0.4822
17128,49.4,0.5401
17129,82.8,0.6048
17130,203.87,0.6585
17131,223.84,0.7731
17132,195.6,0.8522
17133,172.52,0.6934
17134,167.8,0.5088
17135,33.29,0.4565
17136,25.42,0.4177
17137,139.44,0.3113
17138,130.86,0.2923
17139,53.45,0.3255
17140,12.92,0.1988
17141,61.03,0.1261
17142,3.34,0.0798
17143,52.74,0.1821
17144,3.72,0.2693
17145,122.82,0.3331
17146,154.71,0.2953
17147,71.94,0.4219
17148,12.06,0.4919
17149,139.79,0.486
17150,198.08,0.5419
17151,148.37,0.6421
17152,132.0,0.5259
17153,119.7,0.439
17154,14.89,0.4831
17155,104.73,0.5181
17156,195.72,0.4599
17157,169.66,0.4486
17158,57.14,0.3846
17159,2.72,0.2165
17160,35.96,0.1028
17161,15.16,0.0592
17162,47.46,0.0777
17163,10.31,0.059
17164,22.58,0.1619
17165,15.84,0.2502
17166,125.73,0.2593
17167,142.34,0.2505
17168,20.15,0.4234
17169,13.1,0.4549
17170,201.55,0.4519
17171,159.65,0.4408
17172,139.14,0.4434
17173,8.14,0.3054
17174,15.96,0.2113
17175,53.29,0.105
17176,58.48,0.2598
17177,24.94,0.3565
17178,174.43,0.3563
17179,119.95,0.3126
17180,53.02,0.4641
17181,11.53,0.4498
17182,187.77,0.3577
17183,158.98,0.3204
17184,21.04,0.448
17185,12.92,0.3999
17186,148.65,0.2814
17187,136.13,0.2712
17188,31.62,0.3775
17189,10.13,0.3742
17190,127.11,0.4291
17191,145.12,0.5371
17192,195.04,0.6967
17193,147.74,0.7205
17194,181.59,0.7126
17195,152.61,0.5622
17196,136.68,0.43
17197,33.46,0.2751
17198,5.63,0.2598
17199,15.21,0.282
17200,136.16,0.4457
17201,160.5,0.5029
17202,209.4,0.4947
17203,67.04,0.4147
17204,6.4,0.4359
17205,50.2,0.4475
17206,183.31,0.5451
17207,221.92,0.5583
17208,171.84,0.5237
17209,20.59,0.5635
17210,13.05,0.4935
17211,226.11,0.4527
17212,146.71,0.5776
17213,128.01,0.5704
17214,154.77,0.3855
17215,5.28,0.2907
17216,27.47,0.1793
17217,44.81,0.0584
17218,8.28,0.1118
17219,24.92,0.1273
17220,62.63,0.1157
17221,44.1,0.301
17222,32.44,0.3105
17223,207.32,0.2764
17224,35.09,0.2424
17225,26.01,0.3607
17226,7.62,0.3615
17227,159.5,0.3672
17228,208.17,0.3699
17229,41.2,0.4959
17230,28.91,0.5211
17231,143.06,0.5048
17232,186.56,0.6177
17233,190.63,0.7211
17234,162.57,0.7693
17235,139.96,0.6464
17236,194.88,0.4784
17237,54.45,0.3408
17238,10.14,0.2511
17239,14.71,0.0994
17240,43.62,0.0905
17241,31.92,0.0923
17242,44.86,0.0875
17243,12.09,0.0609
17244,9.53,0.0649
17245,15.07,0.034
17246,36.18,0.2288
17247,11.68,0.316
17248,221.36,0.3475
17249,103.19,0.5314
17250,48.96,0.6552
17251,233.77,0.6724
17252,144.74,0.7637
17253,239.77,0.8663
17254,201.28,0.6974
17255,159.26,0.5901
17256,52.22,0.3861
17257,29.52,0.2127
17258,20.56,0.2105
17259,15.04,0.3528
17260,156.86,0.3663
17261,205.06,0.527
17262,44.09,0.6688
17263,193.19,0.689
17264,167.38,0.5532
17265,178.62,0.6231
17266,59.15,0.6488
17267,119.2,0.4949
17268,220.72,0.3849
17269,2.11,0.3435
17270,60.36,0.3827
17271,14.72,0.3718
17272,161.26,0.5272
17273,209.03,0.6876
17274,169.04,0.7967
17275,232.71,0.8516
17276,132.0,0.6906
17277,220.23,0.5452
17278,36.0,0.5052
17279,12.9,0.5358
17280,189.72,0.3624
17281,164.81,0.3344
17282,34.0,0.4611
17283,5.88,0.4112
17284,149.02,0.2784
17285,136.13,0.3067
17286,22.14,0.4488
17287,64.34,0.4354
17288,158.56,0.3138
17289,134.68,0.3422
17290,5.48,0.3426
17291,52.63,0.4227
17292,64.8,0.4549
17293,244.57,0.5715
17294,169.3,0.6703
17295,130.74,0.733
17296,158.76,0.6253
17297,132.21,0.4804
17298,128.84,0.4367
17299,13.58,0.4184
17300,83.85,0.3695
17301,139.12,0.2771
17302,79.61,0.2746
17303,29.62,0.241
17304,10.84,0.1442
17305,47.75,0.0757
17306,35.09,0.1755
17307,6.09,0.3262
17308,136.76,0.3563
17309,172.76,0.379
17310,80.17,0.4939
17311,59.43,0.5446
17312,129.5,0.5082
17313,191.28,0.5984
17314,133.65,0.665
17315,177.07,0.5745
17316,131.05,0.4676
17317,32.28,0.4998
17318,76.37,0.3497
17319,168.23,0.2635
17320,15.85,0.2433
17321,38.34,0.1852
17322,10.58,0.0375
17323,14.0,0.2185
17324,9.48,0.302
17325,210.4,0.2989
17326,128.01,0.2986
17327,7.31,0.4217
17328,13.64,0.3888
17329,141.78,0.2784
17330,175.02,0.292
17331,9.41,0.4975
17332,21.88,0.524
17333,234.41,0.5033
17334,170.35,0.6197
17335,152.72,0.6387
17336,134.49,0.4712
17337,42.32,0.317
17338,54.37,0.2412
17339,4.73,0.1257
17340,71.2,0.1174
17341,10.45,0.0867
17342,33.41,0.2071
17343,21.37,0.2891
17344,134.07,0.4134
17345,159.37,0.4318
17346,143.99,0.43
17347,53.16,0.318
17348,19.48,0.3108
17349,13.67,0.206
17350,151.62,0.1683
17351,31.39,0.1605
17352,12.66,0.1809
17353,11.15,0.1661
17354,35.5,0.2681
17355,135.83,0.268
17356,140.92,0.2744
17357,12.59,0.2542
17358,18.02,0.1801
17359,13.79,0.0572
17360,56.23,0.0824
17361,8.83,0.0741
17362,39.71,0.1098
17363,9.04,0.0824
17364,52.22,0.1207
17365,26.78,0.0956
17366,49.95,0.092
17367,12.71,0.1065
17368,5.22,0.2406
17369,67.74,0.2405
17370,170.87,0.24
17371,49.9,0.2496
17372,12.13,0.3637
17373,15.58,0.3597
17374,190.26,0.4522
17375,166.64,0.6346
17376,149.3,0.7571
17377,208.06,0.7143
17378,147.16,0.5687
17379,144.35,0.4869
17380,10.14,0.4601
17381,61.5,0.4629
17382,179.16,0.3367
17383,150.24,0.3919
17384,8.77,0.3663
17385,69.35,0.2377
17386,34.06,0.1082
17387,40.95,0.1104
17388,11.17,0.1783
17389,11.12,0.2702
17390,142.3,0.2673
17391,132.76,0.2611
17392,37.88,0.2641
17393,4.46,0.3143
17394,14.41,0.378
17395,196.21,0.4734
17396,201.18,0.4734
17397,140.43,0.5155
17398,4.41,0.4774
17399,59.66,0.448
17400,155.29,0.5108
17401,169.51,0.6364
17402,207.99,0.7339
17403,139.38,0.716
17404,164.38,0.6867
17405,136.06,0.6215
17406,138.02,0.4982
17407,137.89,0.4101
17408,6.95,0.4102
17409,69.7,0.4781
17410,136.17,0.4684
17411,210.94,0.4666
17412,127.53,0.6307
17413,4.99,0.7102
17414,246.07,0.6561
17415,221.54,0.6559
17416,152.86,0.7789
17417,127.31,0.561
17418,137.1,0.4555
17419,11.94,0.438
17420,108.15,0.4455
17421,134.15,0.5019
17422,135.32,0.6169
17423,197.72,0.7062
17424,135.5,0.7496
17425,204.08,0.7648
17426,180.75,0.7208
17427,151.64,0.5991
17428,150.46,0.4584
17429,4.82,0.4189
17430,52.86,0.4049
17431,138.32,0.2678
17432,136.62,0.2715
17433,3.16,0.3711
17434,8.7,0.388
17435,159.89,0.4064
17436,156.5,0.5146
17437,156.35,0.5607
17438,119.42,0.606
17439,58.26,0.5867
17440,208.62,0.576
17441,135.76,0.5971
17442,144.8,0.6954
17443,142.08,0.5092
17444,163.86,0.4257
17445,8.56,0.3009
17446,46.07,0.2054
17447,10.72,0.0605
17448,39.52,0.0987
17449,8.19,0.2506
17450,49.52,0.3852
17451,209.32,0.3586
17452,155.37,0.3991
17453,10.94,0.5496
17454,51.7,0.4809
17455,211.16,0.489
17456,135.58,0.6078
17457,164.07,0.7898
17458,138.54,0.74
17459,247.23,0.6565
17460,157.64,0.5137
17461,45.94,0.403
17462,10.56,0.1858
17463,19.63,0.238
17464,13.86,0.3402
17465,213.77,0.5622
17466,155.68,0.7756
17467,249.09,0.9944
17468,248.92,0.815
17469,249.0,0.7051
17470,20.96,0.6734
17471,37.64,0.5222
17472,215.06,0.3043
17473,86.37,0.3206
17474,14.9,0.3061
17475,38.51,0.116
17476,22.02,0.1517
17477,10.88,0.2706
17478,124.74,0.2693
17479,142.65,0.2773
17480,37.06,0.4628
17481,30.65,0.5095
17482,210.19,0.5717
17483,174.89,0.5928
17484,209.52,0.5669
17485,59.69,0.3855
17486,2.83,0.2345
17487,15.24,0.0686
17488,12.71,0.023
17489,31.29,0.2272
17490,10.64,0.3401
17491,222.26,0.46
17492,136.51,0.4394
17493,141.52,0.4738
17494,9.22,0.2762
17495,47.58,0.1705
17496,9.9,0.1886
17497,22.97,0.3112
17498,161.0,0.2913
17499,140.87,0.2943
17500,26.23,0.2854
17501,13.12,0.1471
17502,13.46,0.0253
17503,12.37,0.0073
17504,9.99,0.0384
17505,6.9,0.0349
17506,46.57,0.0452
17507,9.7,0.045
17508,23.45,0.0892
17509,9.74,0.0506
17510,54.34,0.2514
17511,5.19,0.4106
17512,225.38,0.5718
17513,194.5,0.5341
17514,182.98,0.5898
17515,13.86,0.4957
17516,65.06,0.4438
17517,124.18,0.4146
17518,138.8,0.5589
17519,151.59,0.6755
17520,168.92,0.7458
17521,190.27,0.6274
17522,199.71,0.5435
17523,11.64,0.5784
17524,61.44,0.5817
17525,206.44,0.5322
17526,193.78,0.6456
17527,146.54,0.7168
17528,133.44,0.5687
17529,137.94,0.401
17530,47.34,0.3159
17531,13.55,0.3288
17532,55.11,0.2806
17533,147.31,0.2412
17534,86.16,0.3968
17535,5.03,0.4815
17536,180.77,0.4734
17537,146.09,0.5632
17538,138.59,0.7099
17539,182.7,0.5448
17540,162.58,0.4251
17541,3.42,0.3208
17542,17.52,0.2157
17543,26.44,0.207
17544,69.8,0.3526
17545,153.28,0.3393
17546,159.79,0.3252
17547,3.24,0.4027
17548,11.29,0.3984
17549,153.08,0.283
17550,148.66,0.2903
17551,35.76,0.4658
17552,11.11,0.5041
17553,199.92,0.4267
17554,194.2,0.3998
17555,65.53,0.4333
17556,6.76,0.2537
17557,47.1,0.1586
17558,7.03,0.2309
17559,91.98,0.2647
17560,143.24,0.2324
17561,43.1,0.2311
17562,12.41,0.1547
17563,5.53,0.0584
17564,9.9,0.0732
17565,39.84,0.08
17566,59.02,0.0955
17567,19.66,0.1393
17568,22.14,0.1246
17569,57.0,0.0837
17570,24.03,0.0765
17571,15.08,0.184
17572,11.94,0.2569
17573,137.71,0.2587
17574,135.33,0.2586
17575,25.95,0.4339
17576,14.91,0.4229
17577,200.34,0.4815
17578,125.89,0.5915
17579,198.28,0.6045
17580,144.15,0.428
17581,28.89,0.3512
17582,10.7,0.1861
17583,43.31,0.0896
17584,20.92,0.0737
17585,40.44,0.0694
17586,11.79,0.0447
17587,6.12,0.0689
17588,16.73,0.2156
17589,46.96,0.3263
17590,198.09,0.3335
17591,130.73,0.3929
17592,13.88,0.5307
17593,80.49,0.5309
17594,195.01,0.4556
17595,198.37,0.4517
17596,49.79,0.5831
17597,9.71,0.5296
17598,221.6,0.4651
17599,137.53,0.5436
17600,129.14,0.5511
17601,134.04,0.3572
17602,17.83,0.3507
17603,13.29,0.3735
17604,130.55,0.2678
17605,153.62,0.2653
17606,20.46,0.265
17607,15.16,0.1559
17608,12.97,0.0745
17609,13.3,0.1761
17610,66.18,0.2021
17611,129.58,0.2085
17612,43.08,0.3922
17613,19.92,0.4871
17614,210.61,0.3805
17615,168.19,0.3535
17616,15.0,0.5338
17617,14.14,0.4949
17618,213.64,0.4812
17619,168.73,0.5969
17620,153.54,0.5939
17621,139.28,0.4092
17622,10.92,0.3846
17623,15.16,0.3568
17624,142.31,0.3567
17625,123.74,0.47
17626,139.15,0.5658
17627,132.66,0.4698
17628,118.04,0.4969
17629,39.15,0.515
17630,152.86,0.4028
17631,158.63,0.3059
17632,12.13,0.2995
17633,13.86,0.2824
17634,32.34,0.2237
17635,134.53,0.2284
17636,95.48,0.2296
17637,17.17,0.2512
17638,15.16,0.137
17639,55.54,0.2294
17640,11.88,0.3752
17641,194.76,0.412
17642,173.85,0.3758
17643,54.63,0.4238
17644,16.68,0.2529
17645,63.48,0.1102
17646,11.12,0.0734
17647,20.48,0.0993
17648,15.1,0.06
17649,44.52,0.0685
17650,21.24,0.0636
17651,20.24,0.0593
17652,15.18,0.0367
17653,10.49,0.173
17654,20.29,0.3
17655,167.67,0.2943
17656,156.74,0.3047
17657,8.98,0.4872
17658,21.73,0.5226
17659,216.37,0.5612
17660,205.74,0.7381
17661,198.18,0.8437
17662,199.04,0.7794
17663,135.24,0.6403
17664,147.22,0.4581
17665,56.25,0.4697
17666,2.46,0.4832
17667,211.54,0.4038
17668,149.67,0.3545
17669,61.91,0.376
17670,3.28,0.1837
17671,25.58,0.0987
17672,4.9,0.0772
17673,58.38,0.2562
17674,38.78,0.367
17675,195.58,0.3716
17676,144.69,0.3421
17677,9.88,0.3558
17678,26.68,0.3788
17679,53.48,0.3731
17680,220.3,0.5361
17681,138.51,0.5205
17682,185.0,0.5234
17683,9.94,0.3252
17684,56.58,0.3446
17685,7.41,0.3697
17686,159.28,0.5926
17687,212.04,0.772
17688,249.42,0.9475
17689,249.37,0.9744
17690,195.91,0.9436
17691,188.21,0.8912
17692,178.98,0.7047
17693,193.14,0.5884
17694,48.94,0.5544
17695,70.97,0.5161
17696,151.7,0.3491
17697,137.75,0.347
17698,13.72,0.3177
17699,46.65,0.3672
17700,39.47,0.377
17701,204.96,0.5395
17702,148.28,0.5608
17703,188.33,0.5318
17704,69.52,0.3724
17705,8.3,0.2366
17706,33.66,0.1146
17707,2.43,0.056
17708,57.24,0.0941
17709,6.53,0.0732
17710,49.26,0.1282
17711,11.22,0.0901
17712,61.53,0.1369
17713,16.23,0.0934
17714,56.84,0.2753
17715,2.55,0.4086
17716,206.62,0.4488
17717,204.81,0.4209
17718,59.34,0.5469
17719,26.91,0.4825
17720,137.96,0.4705
17721,137.4,0.5555
17722,191.96,0.5689
17723,150.62,0.4828
17724,41.28,0.5584
17725,45.47,0.5379
17726,218.68,0.4033
17727,169.91,0.4252
17728,5.96,0.3889
17729,64.85,0.2323
17730,6.46,0.1742
17731,50.42,0.2892
17732,107.46,0.2394
17733,129.5,0.2595
17734,11.37,0.226
17735,28.12,0.2557
17736,14.41,0.2618
17737,139.4,0.2894
17738,136.02,0.3627
17739,40.97,0.4817
17740,106.92,0.4849
17741,142.29,0.4906
17742,142.76,0.5875
17743,142.16,0.5077
17744,145.14,0.5255
17745,21.18,0.5286
17746,161.41,0.6078
17747,146.02,0.6102
17748,227.27,0.6063
17749,147.79,0.498
17750,16.94,0.3731
17751,45.1,0.2102
17752,11.76,0.0828
17753,52.27,0.0924
17754,10.92,0.0953
17755,27.21,0.2052
17756,48.27,0.2135
17757,129.8,0.2509
17758,61.17,0.2346
17759,51.11,0.3238
17760,9.67,0.3395
17761,144.15,0.4595
17762,146.72,0.556
17763,190.04,0.556
17764,154.8,0.4274
17765,9.68,0.4338
17766,5.98,0.3818
17767,153.64,0.407
17768,134.15,0.5392
17769,181.8,0.5449
17770,151.74,0.4407
17771,12.19,0.3185
17772,41.67,0.2119
17773,2.83,0.0762
17774,67.24,0.1023
17775,5.95,0.2747
17776,40.25,0.4429
17777,226.83,0.3948
17778,183.61,0.4112
17779,15.52,0.3876
17780,23.66,0.3068
17781,14.8,0.2577
17782,140.05,0.3678
17783,130.89,0.506
17784,133.8,0.6434
17785,172.18,0.7065
17786,162.36,0.5873
17787,207.9,0.5242
17788,2.83,0.5598
17789,65.96,0.4191
17790,210.47,0.266
17791,11.19,0.3825
17792,43.31,0.4571
17793,128.04,0.2728
17794,146.09,0.2942
17795,12.43,0.3869
17796,34.26,0.4588
17797,142.85,0.437
17798,205.31,0.4617
17799,122.72,0.6531
17800,38.88,0.7242
17801,239.94,0.7242
17802,219.29,0.7858
17803,205.28,0.8892
17804,188.88,0.6778
17805,150.04,0.5626
17806,12.73,0.5491
17807,95.52,0.4915
17808,190.81,0.5426
17809,126.95,0.7621
17810,205.03,0.6774
17811,248.5,0.5432
17812,4.59,0.5703
17813,46.54,0.5967
17814,156.1,0.3721
17815,233.4,0.4134
17816,7.19,0.5066
17817,48.92,0.4979
17818,146.67,0.2841
17819,146.79,0.3049
17820,3.7,0.4499
17821,29.46,0.4637
17822,204.81,0.5274
17823,161.43,0.6965
17824,215.28,0.7652
17825,185.43,0.5839
17826,103.21,0.5564
17827,10.02,0.4926
17828,131.85,0.3621
17829,146.82,0.2759
17830,45.2,0.2948
17831,10.55,0.3207
17832,30.29,0.3203
17833,159.68,0.4736
17834,146.46,0.4731
17835,209.92,0.5092
17836,9.96,0.4926
17837,69.08,0.4848
17838,141.82,0.2998
17839,138.12,0.3265
17840,11.1,0.4083
17841,38.64,0.4095
17842,157.04,0.4095
17843,143.14,0.5629
17844,138.09,0.5319
17845,175.93,0.4437
17846,5.32,0.5122
17847,62.32,0.5825
17848,216.7,0.6348
17849,213.62,0.7739
17850,232.11,0.8658
17851,154.82,0.8019
17852,161.0,0.6422
17853,148.01,0.4324
17854,42.05,0.3013
17855,6.68,0.1641
17856,14.0,0.0344
17857,13.54,0.1213
17858,8.69,0.2184
17859,135.43,0.2149
17860,111.04,0.2503
17861,10.19,0.4267
17862,51.54,0.4775
17863,198.27,0.4998
17864,190.07,0.6269
17865,134.9,0.5948
17866,146.78,0.4413
17867,17.08,0.2881
17868,33.31,0.1767
17869,25.49,0.0561
17870,15.23,0.0496
17871,17.18,0.0464
17872,10.04,0.0552
17873,29.94,0.219
17874,34.91,0.3808
17875,191.28,0.4974
17876,190.98,0.7002
17877,135.34,0.8013
17878,247.85,0.8463
17879,143.56,0.6788
17880,239.63,0.5955
17881,11.0,0.4936
17882,45.8,0.5049
17883,138.31,0.4266
17884,155.79,0.5503
17885,155.5,0.6409
17886,143.86,0.6374
17887,143.13,0.5042
17888,134.56,0.3668
17889,12.67,0.3624
17890,7.93,0.3596
17891,139.12,0.2825
17892,140.06,0.3037
17893,51.73,0.3029
17894,35.43,0.1779
17895,7.13,0.0941
17896,4.78,0.0718
17897,50.08,0.1968
17898,27.67,0.3116
17899,169.8,0.4266
17900,130.49,0.3923
17901,128.34,0.4432
17902,13.21,0.4145
17903,82.34,0.4752
17904,138.95,0.5374
17905,195.75,0.7532
17906,195.2,0.7002
17907,245.08,0.6197
17908,25.4,0.4409
17909,52.38,0.333
17910,3.66,0.2488
17911,79.24,0.3591
17912,154.6,0.3312
17913,143.96,0.3357
17914,22.37,0.4043
17915,8.51,0.3851
17916,152.97,0.2917
17917,133.95,0.2956
17918,43.65,0.433
17919,26.58,0.4832
17920,156.07,0.4454
17921,206.92,0.4667
17922,93.36,0.4532
17923,66.53,0.3297
17924,12.08,0.256
17925,23.42,0.3041
17926,127.71,0.2538
17927,145.03,0.2675
17928,12.42,0.2595
17929,26.8,0.1932
17930,14.85,0.0711
17931,56.43,0.1105
17932,13.94,0.0874
17933,54.68,0.0936
17934,2.04,0.0622
17935,21.52,0.1062
17936,22.7,0.0838
17937,61.21,0.089
17938,30.54,0.1931
17939,7.7,0.3031
17940,133.34,0.2615
17941,140.89,0.244
17942,16.55,0.3878
17943,11.72,0.4292
17944,162.18,0.5291
17945,177.78,0.733
17946,248.25,0.863
17947,235.62,0.9029
17948,151.41,0.7839
17949,205.06,0.5582
17950,49.97,0.4041
17951,5.7,0.4474
17952,70.0,0.3931
17953,197.95,0.3537
17954,146.71,0.3623
17955,7.73,0.3273
17956,14.84,0.1879
17957,32.45,0.0957
17958,48.21,0.0952
17959,47.57,0.208
17960,7.19,0.298
17961,136.02,0.2868
17962,129.23,0.2521
17963,36.13,0.4408
17964,10.26,0.4429
17965,209.96,0.4626
17966,138.3,0.4889
17967,150.38,0.4865
17968,64.44,0.3114
17969,7.63,0.4035
17970,21.78,0.3733
17971,237.34,0.3174
17972,117.88,0.3368
17973,4.36,0.329
17974,28.56,0.1591
17975,13.39,0.0782
17976,54.78,0.1213
17977,30.94,0.0974
17978,50.71,0.1564
17979,2.89,0.319
17980,76.73,0.4907
17981,229.48,0.5022
17982,215.47,0.5084
17983,63.05,0.6365
17984,9.48,0.6148
17985,214.4,0.5659
17986,206.12,0.6455
17987,163.0,0.6681
17988,148.55,0.4791
17989,33.82,0.3342
17990,11.34,0.1937
17991,50.32,0.1799
17992,12.06,0.269
17993,133.76,0.3049
17994,129.56,0.2712
17995,49.89,0.3141
17996,14.14,0.3204
17997,58.12,0.2676
17998,140.6,0.2333
17999,72.74,0.3477
18000,13.12,0.4186
18001,137.0,0.4115
18002,134.28,0.3934
18003,133.02,0.391
18004,53.32,0.284
18005,10.46,0.2529
18006,22.03,0.3311
18007,100.93,0.4146
18008,216.98,0.4131
18009,143.1,0.4439
18010,8.82,0.37
18011,55.07,0.2275
18012,21.58,0.0976
18013,63.89,0.1348
18014,3.46,0.0901
18015,48.82,0.1317
18016,7.0,0.0747
18017,66.27,0.1028
18018,2.71,0.0621
18019,33.62,0.1171
18020,5.12,0.2529
18021,66.05,0.3757
18022,212.2,0.3548
18023,134.73,0.5753
18024,11.11,0.6394
18025,242.01,0.5668
18026,134.93,0.5697
18027,134.17,0.6894
18028,137.91,0.4738
18029,139.77,0.3811
18030,10.35,0.4358
18031,35.29,0.4466
18032,192.95,0.4595
18033,149.46,0.6158
18034,153.69,0.624
18035,178.25,0.4574
18036,44.08,0.5254
18037,13.94,0.5399
18038,222.58,0.4083
18039,169.22,0.3777
18040,36.88,0.5767
18041,11.2,0.5583
18042,227.75,0.4158
18043,202.78,0.3942
18044,16.17,0.5003
18045,13.66,0.4128
18046,125.16,0.3474
18047,133.8,0.457
18048,132.44,0.5801
18049,133.92,0.603
18050,145.97,0.644
18051,149.75,0.6797
18052,177.9,0.7262
18053,170.76,0.6
18054,183.84,0.5091
18055,10.42,0.3511
18056,52.04,0.3341
18057,8.23,0.2938
18058,152.41,0.332
18059,140.53,0.2898
18060,51.55,0.4221
18061,6.68,0.4665
18062,150.34,0.3595
18063,200.16,0.3173
18064,25.55,0.4294
18065,6.23,0.4293
18066,127.05,0.4113
18067,150.28,0.5379
18068,180.83,0.6544
18069,161.52,0.7064
18070,131.47,0.7379
18071,182.86,0.6209
18072,184.17,0.4737
18073,55.07,0.3738
18074,3.38,0.3955
18075,24.16,0.4264
18076,206.15,0.5317
18077,217.34,0.7132
18078,168.26,0.8804
18079,198.44,0.7422
18080,203.82,0.5906
18081,57.66,0.5783
18082,54.4,0.5785
18083,155.08,0.4037
18084,198.65,0.3624
18085,16.02,0.4293
18086,13.28,0.4052
18087,126.28,0.3587
18088,129.13,0.4832
18089,148.72,0.6662
18090,149.8,0.7445
18091,209.88,0.7277
18092,210.4,0.6546
18093,111.05,0.6485
18094,70.24,0.5991
18095,143.19,0.4555
18096,156.82,0.3573
18097,56.12,0.311
18098,5.5,0.1917
18099,20.56,0.0836
18100,15.03,0.0424
18101,40.62,0.1794
18102,11.86,0.3519
18103,152.68,0.3769
18104,205.9,0.3497
18105,41.92,0.4659
18106,11.33,0.5149
18107,136.76,0.4487
18108,205.34,0.5939
18109,134.8,0.6621
18110,197.85,0.586
18111,84.62,0.423
18112,55.06,0.3096
18113,30.12,0.2796
18114,13.03,0.3364
18115,165.59,0.4099
18116,145.7,0.4314
18117,133.96,0.5056
18118,53.27,0.4724
18119,92.73,0.351
18120,129.96,0.2603
18121,15.22,0.2219
18122,36.46,0.3603
18123,12.02,0.3907
18124,241.42,0.4352
18125,162.71,0.5872
18126,62.96,0.7525
18127,199.76,0.6756
18128,189.67,0.7178
18129,158.79,0.8468
18130,208.05,0.7811
18131,201.58,0.7444
18132,129.19,0.602
18133,150.25,0.4223
18134,5.74,0.2469
18135,15.03,0.1776
18136,13.11,0.1575
18137,54.72,0.3654
18138,128.66,0.3554
18139,229.08,0.39
18140,4.26,0.4069
18141,50.31,0.3175
18142,72.86,0.2993
18143,32.64,0.3339
18144,209.5,0.315
18145,41.48,0.2612
18146,30.02,0.3562
18147,15.06,0.307
18148,134.61,0.4036
18149,156.65,0.535
18150,145.34,0.5645
18151,171.19,0.4406
18152,46.7,0.523
18153,1.51,0.5747
18154,245.16,0.4627
18155,200.9,0.4669
18156,50.89,0.4756
18157,51.21,0.254
18158,10.84,0.1929
18159,7.02,0.2868
18160,135.32,0.3104
18161,151.82,0.3504
18162,76.56,0.4676
18163,53.72,0.4917
18164,133.0,0.3536
18165,161.16,0.3337
18166,3.44,0.2857
18167,55.18,0.3068
18168,2.18,0.2862
18169,155.69,0.4231
18170,139.01,0.403
18171,150.56,0.4211
18172,33.52,0.2902
18173,21.71,0.1733
18174,15.06,0.0426
18175,13.38,0.144
18176,10.14,0.2404
18177,142.42,0.2318
18178,125.28,0.2252
18179,5.87,0.3551
18180,6.21,0.3624
18181,149.74,0.2531
18182,150.24,0.2996
18183,7.88,0.4248
18184,55.8,0.4272
18185,140.75,0.349
18186,152.33,0.5287
18187,66.2,0.6164
18188,200.96,0.6329
18189,150.04,0.639
18190,158.52,0.6979
18191,158.87,0.6289
18192,129.43,0.6084
18193,126.9,0.4975
18194,127.97,0.3858
18195,39.34,0.3127
18196,38.9,0.1976
18197,50.84,0.2591
18198,3.3,0.3999
18199,194.0,0.557
18200,190.66,0.6326
18201,207.64,0.6386
18202,132.1,0.4726
18203,9.71,0.4232
18204,15.7,0.3488
18205,137.58,0.2309
18206,127.69,0.2594
18207,5.43,0.2566
18208,40.36,0.1735
18209,12.61,0.2533
18210,48.31,0.3981
18211,213.41,0.4643
18212,161.03,0.4864
18213,111.5,0.4526
18214,36.32,0.3138
18215,12.06,0.1849
18216,64.3,0.0972
18217,22.46,0.0768
18218,17.28,0.0777
18219,14.45,0.0289
18220,13.04,0.0208
18221,11.8,0.0532
18222,13.8,0.0427
18223,52.12,0.0445
18224,3.09,0.168
18225,15.02,0.3004
18226,144.47,0.2665
18227,156.07,0.3321
18228,15.67,0.453
18229,73.6,0.4671
18230,144.94,0.4965
18231,159.59,0.4932
18232,187.68,0.4579
18233,12.13,0.4494
18234,35.66,0.4852
18235,135.76,0.4459
18236,198.13,0.5769
18237,145.4,0.7447
18238,152.87,0.8199
18239,215.94,0.7775
18240,216.65,0.8179
18241,152.54,0.8621
18242,188.77,0.6669
18243,200.34,0.4971
18244,6.3,0.5247
18245,34.15,0.4715
18246,182.16,0.2914
18247,131.66,0.3139
18248,6.83,0.4787
18249,30.48,0.5004
18250,211.2,0.5283
18251,205.46,0.6682
18252,161.7,0.6439
18253,157.11,0.5054
18254,4.38,0.3276
18255,62.4,0.2238
18256,14.41,0.3069
18257,50.19,0.4947
18258,246.33,0.6238
18259,206.16,0.7333
18260,201.1,0.7389
18261,132.13,0.5346
18262,56.15,0.3468
18263,26.91,0.17
18264,4.31,0.1689
18265,11.21,0.2527
18266,130.89,0.2704
18267,146.2,0.2767
18268,45.89,0.3001
18269,11.08,0.1807
18270,36.38,0.0756
18271,2.58,0.1737
18272,33.29,0.1672
18273,151.35,0.1939
18274,4.08,0.1949
18275,65.06,0.2063
18276,3.64,0.0758
18277,45.47,0.0769
18278,11.17,0.058
18279,5.33,0.0647
18280,44.72,0.0421
18281,10.8,0.0391
18282,21.25,0.0902
18283,7.96,0.2041
18284,60.2,0.3383
18285,167.08,0.5038
18286,155.01,0.5067
18287,199.06,0.5832
18288,11.11,0.5603
18289,142.37,0.5384
18290,142.51,0.5079
18291,131.49,0.6382
18292,166.28,0.5198
18293,151.1,0.4408
18294,15.18,0.4642
18295,57.62,0.4616
18296,156.58,0.4974
18297,163.46,0.6404
18298,189.56,0.6074
18299,168.89,0.5194
18300,22.12,0.3705
18301,62.0,0.2073
18302,3.56,0.0644
18303,14.15,0.0976
18304,15.37,0.1657
18305,57.81,0.335
18306,135.15,0.3966
18307,185.46,0.3914
18308,80.33,0.5326
18309,9.83,0.589
18310,209.54,0.5921
18311,195.68,0.711
18312,188.84,0.8808
18313,208.08,0.6962
18314,192.2,0.6951
18315,11.22,0.6531
18316,194.48,0.4699
18317,143.78,0.344
18318,11.17,0.3369
18319,56.93,0.186
18320,3.68,0.1773
18321,32.3,0.3014
18322,134.4,0.2584
18323,144.5,0.2865
18324,10.76,0.363
18325,33.83,0.3618
18326,114.56,0.2412
18327,133.1,0.2665
18328,14.93,0.3619
18329,37.99,0.3883
18330,136.29,0.3847
18331,142.93,0.5002
18332,129.18,0.523
18333,139.02,0.412
18334,62.48,0.3283
18335,17.08,0.2186
18336,52.97,0.115
18337,11.29,0.188
18338,27.78,0.3
18339,140.85,0.3716
18340,137.46,0.4262
18341,129.84,0.4087
18342,69.98,0.3366
18343,9.0,0.2384
18344,63.42,0.159
18345,31.92,0.2275
18346,44.49,0.3417
18347,143.56,0.2927
18348,131.73,0.2921
18349,10.75,0.379
18350,31.34,0.3881
18351,137.82,0.3949
18352,153.34,0.5279
18353,139.09,0.5411
18354,153.65,0.4264
18355,45.47,0.3415
18356,14.65,0.2152
18357,62.02,0.2562
18358,3.46,0.4093
18359,197.65,0.4267
18360,210.02,0.3793
18361,33.31,0.4999
18362,11.15,0.4556
18363,133.05,0.2712
18364,150.0,0.3233
18365,11.84,0.4541
18366,89.28,0.465
18367,151.79,0.3423
18368,144.66,0.3768
18369,18.2,0.3021
18370,48.91,0.1682
18371,9.07,0.1775
18372,7.84,0.3123
18373,154.69,0.3057
18374,163.1,0.3033
18375,41.75,0.31
18376,6.53,0.1783
18377,15.02,0.054
18378,13.15,0.0205
18379,29.55,0.0533
18380,5.76,0.0497
18381,41.82,0.0639
18382,11.11,0.0471
18383,28.42,0.086
18384,11.48,0.0558
18385,47.54,0.1865
18386,9.45,0.33
18387,151.5,0.5029
18388,182.56,0.4708
18389,197.3,0.4695
18390,13.08,0.4546
18391,8.02,0.4613
18392,135.48,0.4165
18393,189.77,0.5874
18394,149.12,0.6226
18395,196.72,0.5066
18396,45.92,0.3568
18397,10.79,0.2274
18398,28.81,0.1025
18399,10.13,0.0707
18400,62.54,0.1082
18401,11.68,0.0906
18402,51.09,0.3111
18403,9.9,0.3085
18404,247.07,0.3057
18405,59.7,0.3044
18406,8.68,0.4241
18407,49.72,0.3174
18408,138.56,0.2715
18409,132.35,0.4921
18410,10.43,0.5784
18411,245.72,0.578
18412,142.43,0.6139
18413,138.16,0.7401
18414,170.88,0.514
18415,145.99,0.4082
18416,2.84,0.4874
18417,28.76,0.5164
18418,223.22,0.5265
18419,202.1,0.6934
18420,156.82,0.8374
18421,182.18,0.8177
18422,183.48,0.6723
18423,202.03,0.5333
18424,45.88,0.4077
18425,7.44,0.2474
18426,47.26,0.2605
18427,11.24,0.3492
18428,216.13,0.3873
18429,141.08,0.3524
18430,48.42,0.5234
18431,9.79,0.4714
18432,194.97,0.489
18433,160.22,0.5711
18434,160.02,0.6489
18435,136.57,0.4806
18436,93.41,0.3438
18437,14.2,0.2119
18438,13.24,0.1054
18439,18.23,0.1491
18440,22.16,0.2635
18441,140.42,0.283
18442,137.04,0.2686
18443,34.24,0.3099
18444,2.78,0.1904
18445,66.54,0.1169
18446,11.97,0.0943
18447,58.07,0.2193
18448,9.97,0.2018
18449,137.06,0.2011
18450,47.77,0.1921
18451,11.21,0.1893
18452,48.38,0.1753
18453,6.95,0.2639
18454,122.07,0.2693
18455,142.92,0.2284
18456,17.07,0.2745
18457,4.39,0.1958
18458,56.46,0.0799
18459,37.57,0.0686
18460,18.36,0.0677
18461,4.95,0.0535
18462,3.44,0.0563
18463,41.19,0.0961
18464,40.6,0.0967
18465,61.06,0.1265
18466,5.57,0.0965
18467,35.46,0.2333
18468,9.02,0.3053
18469,187.56,0.3354
18470,138.44,0.3128
18471,37.88,0.4403
18472,11.15,0.4128
18473,146.04,0.4459
18474,158.04,0.563
18475,174.02,0.5646
18476,163.64,0.4398
18477,12.93,0.4399
18478,11.93,0.4634
18479,158.11,0.3242
18480,199.33,0.3263
18481,14.06,0.3276
18482,15.18,0.1957
18483,13.34,0.0182
18484,16.31,0.1329
18485,8.64,0.2129
18486,137.33,0.2293
18487,101.08,0.4307
18488,31.02,0.5878
18489,232.69,0.6457
18490,177.44,0.5988
18491,199.57,0.5739
18492,50.62,0.5537
18493,4.36,0.5149
18494,210.93,0.4696
18495,135.82,0.4983
18496,150.84,0.5035
18497,81.48,0.4362
18498,9.88,0.4485
18499,138.69,0.4337
18500,149.04,0.4956
18501,134.92,0.6552
18502,147.99,0.5692
18503,181.35,0.5956
18504,46.33,0.6061
18505,177.4,0.4815
18506,146.13,0.3356
18507,14.19,0.3054
18508,24.54,0.286
18509,13.88,0.2669
18510,156.58,0.2691
18511,125.63,0.372
18512,16.53,0.5208
18513,135.12,0.502
18514,173.72,0.5329
18515,136.34,0.7149
18516,158.92,0.7321
18517,212.05,0.7667
18518,153.58,0.6845
18519,210.86,0.547
18520,48.01,0.3631
18521,11.22,0.2373
18522,14.4,0.088
18523,18.44,0.091
18524,50.46,0.0889
18525,51.25,0.0849
18526,8.99,0.0775
18527,10.02,0.0748
18528,10.5,0.0568
18529,47.66,0.2192
18530,31.82,0.25
18531,183.53,0.2816
18532,43.11,0.4315
18533,44.41,0.5773
18534,208.76,0.5912
18535,188.49,0.6874
18536,198.45,0.8403
18537,146.46,0.8744
18538,208.71,0.7413
18539,245.38,0.5619
18540,45.53,0.4833
18541,5.64,0.3126
18542,62.0,0.2136
18543,25.28,0.3404
18544,139.01,0.3409
18545,181.77,0.3015
18546,6.18,0.3254
18547,19.66,0.2481
18548,50.97,0.2145
18549,55.98,0.428
18550,145.74,0.42
18551,235.57,0.4202
18552,11.0,0.3906
18553,51.21,0.4478
18554,24.14,0.4106
18555,207.22,0.6107
18556,195.6,0.5863
18557,225.95,0.617
18558,25.05,0.4277
18559,57.14,0.4454
18560,3.78,0.4355
18561,214.68,0.6137
18562,215.26,0.6947
18563,216.5,0.8244
18564,144.26,0.7571
18565,143.05,0.7006
18566,142.39,0.6263
18567,154.52,0.5289
18568,136.67,0.4393
18569,39.65,0.4385
18570,46.78,0.4199
18571,141.49,0.3055
18572,134.6,0.321
18573,13.77,0.4736
18574,56.24,0.5637
18575,210.74,0.5837
18576,238.32,0.7991
18577,156.06,0.9152
18578,245.21,0.8421
18579,181.05,0.7579
18580,132.21,0.7173
18581,147.78,0.622
18582,112.47,0.5862
18583,142.86,0.5973
18584,142.53,0.5997
18585,144.12,0.5507
18586,150.41,0.4531
18587,59.82,0.3608
18588,37.92,0.2304
18589,43.42,0.2852
18590,3.98,0.4232
18591,209.28,0.4181
18592,208.14,0.4153
18593,32.37,0.5466
18594,40.51,0.498
18595,145.05,0.4914
18596,156.99,0.5941
18597,201.12,0.648
18598,142.68,0.5538
18599,98.38,0.418
18600,43.82,0.2669
18601,11.18,0.2724
18602,38.7,0.3386
18603,148.63,0.4872
18604,169.53,0.5057
18605,203.42,0.5187
18606,31.04,0.5819
18607,52.72,0.5072
18608,216.46,0.3556
18609,89.34,0.3378
18610,40.46,0.4354
18611,11.95,0.427
18612,157.6,0.3733
18613,207.47,0.3863
18614,31.6,0.3791
18615,54.46,0.2488
18616,4.24,0.1844
18617,17.55,0.2812
18618,138.34,0.241
18619,135.57,0.2841
18620,11.22,0.276
18621,50.55,0.2033
18622,8.9,0.0919
18623,60.24,0.1296
18624,15.83,0.0915
18625,51.77,0.0946
18626,9.6,0.0819
18627,12.24,0.0781
18628,46.52,0.0385
18629,11.76,0.0435
18630,9.21,0.1566
18631,15.05,0.2322
18632,133.69,0.249
18633,127.82,0.2452
18634,29.74,0.3581
18635,5.12,0.3744
18636,136.4,0.3985
18637,151.16,0.5529
18638,153.75,0.5522
18639,195.67,0.4458
18640,4.34,0.4453
18641,22.08,0.446
18642,150.62,0.2993
18643,154.49,0.3282
18644,38.02,0.3202
18645,35.47,0.2345
18646,13.47,0.1053
18647,58.49,0.1274
18648,15.69,0.0979
18649,61.77,0.1094
18650,3.82,0.2724
18651,25.76,0.3836
18652,233.58,0.3557
18653,135.22,0.3658
18654,31.82,0.3554
18655,14.61,0.266
18656,14.59,0.27
18657,137.58,0.3807
18658,139.51,0.4669
18659,150.8,0.4567
18660,107.13,0.36
18661,3.7,0.2353
18662,33.71,0.1571
18663,5.47,0.2527
18664,66.77,0.4436
18665,209.88,0.4227
18666,208.79,0.4608
18667,11.21,0.5236
18668,46.45,0.3338
18669,134.25,0.1615
18670,5.94,0.279
18671,23.73,0.3677
18672,137.44,0.3907
18673,141.77,0.4002
18674,158.88,0.4483
18675,16.23,0.5509
18676,75.37,0.5671
18677,247.66,0.6132
18678,159.19,0.8
18679,208.4,0.7356
18680,216.93,0.5562
18681,6.22,0.4481
18682,54.85,0.3237
18683,43.04,0.1297
18684,74.79,0.1635
18685,8.48,0.1216
18686,42.46,0.1266
18687,9.88,0.2625
18688,48.45,0.3844
18689,220.74,0.3568
18690,139.5,0.376
18691,12.84,0.5021
18692,30.51,0.4328
18693,183.9,0.368
18694,146.25,0.3718
18695,69.88,0.4877
18696,16.94,0.5464
18697,155.0,0.5698
18698,246.97,0.6974
18699,171.4,0.819
18700,207.03,0.6856
18701,147.6,0.6225
18702,11.67,0.6032
18703,179.19,0.5519
18704,150.59,0.5532
18705,151.98,0.6873
18706,148.99,0.5254
18707,155.7,0.4469
18708,5.24,0.3117
18709,66.32,0.2218
18710,6.7,0.085
18711,52.32,0.1458
18712,8.8,0.2174
18713,70.5,0.2247
18714,143.25,0.209
18715,14.61,0.3402
18716,35.36,0.407
18717,149.77,0.3921
18718,142.33,0.5045
18719,127.23,0.6819
18720,135.34,0.6921
18721,226.01,0.6164
18722,160.74,0.5187
18723,60.96,0.4122
18724,22.28,0.3338
18725,20.92,0.3187
18726,141.79,0.2846
18727,144.48,0.3179
18728,24.36,0.3087
18729,57.99,0.2089
18730,11.11,0.0871
18731,34.53,0.1233
18732,13.54,0.2608
18733,63.31,0.4012
18734,205.68,0.3723
18735,162.02,0.4199
18736,3.46,0.5521
18737,64.72,0.5275
18738,205.37,0.5163
18739,179.15,0.5222
18740,150.05,0.4955
18741,9.78,0.4252
18742,36.08,0.3861
18743,129.84,0.3452
18744,137.06,0.3472
18745,106.12,0.3547
18746,12.0,0.2468
18747,44.06,0.1665
18748,13.98,0.0763
18749,50.8,0.1091
18750,9.12,0.0746
18751,47.25,0.1932
18752,6.98,0.2728
18753,141.44,0.3039
18754,136.31,0.2639
18755,42.56,0.3171
18756,4.28,0.3241
18757,64.1,0.323
18758,148.96,0.4081
18759,135.21,0.4165
18760,133.95,0.3771
18761,13.33,0.2511
18762,21.72,0.1346
18763,13.54,0.0196
18764,10.1,0.177
18765,10.38,0.3217
18766,182.4,0.4606
18767,177.18,0.545
18768,162.8,0.5424
18769,100.84,0.5005
18770,7.56,0.4635
18771,137.43,0.4383
18772,137.38,0.3584
18773,135.77,0.3876
18774,14.97,0.4019
18775,38.9,0.4018
18776,152.78,0.412
18777,137.28,0.5327
18778,146.72,0.5391
18779,144.66,0.4413
18780,45.85,0.3177
18781,47.63,0.1857
18782,4.54,0.0745
18783,4.82,0.0593
18784,25.2,0.0536
18785,29.49,0.0619
18786,41.56,0.176
18787,13.42,0.2852
18788,127.39,0.3033
18789,142.52,0.2683
18790,49.03,0.4378
18791,3.86,0.4916
18792,195.58,0.5466
18793,185.19,0.5115
18794,201.68,0.7157
18795,11.25,0.6656
18796,223.28,0.6157
18797,141.73,0.565
18798,131.58,0.7086
18799,147.21,0.6209
18800,165.52,0.5031
18801,129.12,0.434
18802,15.12,0.3209
18803,57.37,0.2067
18804,25.67,0.2569
18805,42.8,0.4267
18806,183.1,0.4096
18807,197.56,0.4296
18808,38.97,0.4489
18809,47.11,0.2843
18810,63.54,0.2928
18811,6.24,0.4376
18812,206.74,0.4225
18813,194.57,0.3835
18814,30.9,0.5831
18815,21.61,0.5639
18816,220.66,0.5296
18817,186.17,0.6972
18818,157.66,0.7843
18819,211.0,0.587
18820,115.18,0.4359
18821,8.72,0.3004
18822,23.74,0.1603
18823,12.12,0.2332
18824,60.5,0.3511
18825,193.46,0.3407
18826,135.43,0.3867
18827,12.6,0.4695
18828,61.5,0.4558
18829,149.51,0.3751
18830,178.66,0.3738
18831,48.8,0.4461
18832,11.18,0.4337
18833,139.14,0.2987
18834,136.25,0.263
18835,33.62,0.3047
18836,10.44,0.1842
18837,55.94,0.1841
18838,9.7,0.2913
18839,136.1,0.34
18840,148.84,0.292
18841,62.7,0.2876
18842,4.41,0.2073
18843,4.97,0.0788
18844,49.83,0.0339
18845,10.73,0.041
18846,14.44,0.0689
18847,12.12,0.0598
18848,34.94,0.0713
18849,40.06,0.0617
18850,23.03,0.0564
18851,4.18,0.1865
18852,6.35,0.3012
18853,174.75,0.3324
18854,163.32,0.3302
18855,56.52,0.4617
18856,1.9,0.4567
18857,147.64,0.4405
18858,169.36,0.5308
18859,145.88,0.5593
18860,153.56,0.4347
18861,32.47,0.3636
18862,13.78,0.3661
18863,92.98,0.4549
18864,148.54,0.6552
18865,248.98,0.8735
18866,247.74,0.9259
18867,248.34,0.9641
18868,149.21,0.9252
18869,189.63,0.818
18870,207.2,0.5931
18871,132.55,0.572
18872,6.69,0.5314
18873,126.47,0.4664
18874,146.08,0.4
18875,137.34,0.4031
18876,61.15,0.4738
18877,10.08,0.4789
18878,202.46,0.5157
18879,151.5,0.6257
18880,176.89,0.8356
18881,179.4,0.8049
18882,235.57,0.7161
18883,169.5,0.5782
18884,56.11,0.5388
18885,28.64,0.4524
18886,137.05,0.3061
18887,142.78,0.4335
18888,12.32,0.5874
18889,193.04,0.4801
18890,193.91,0.3641
18891,21.77,0.4024
18892,18.12,0.4262
18893,53.51,0.4245
18894,218.67,0.4096
18895,192.02,0.4604
18896,5.73,0.5852
18897,72.71,0.5095
18898,187.7,0.4625
18899,137.28,0.5832
18900,141.57,0.6736
18901,135.33,0.6294
18902,169.91,0.5517
18903,140.12,0.4301
18904,53.84,0.4309
18905,10.94,0.4049
18906,136.2,0.335
18907,142.0,0.314
18908,64.98,0.3418
18909,31.31,0.2193
18910,40.79,0.0992
18911,4.6,0.058
18912,12.95,0.1233
18913,20.7,0.2523
18914,101.46,0.2913
18915,179.4,0.2842
18916,46.5,0.4076
18917,5.28,0.4344
18918,153.35,0.3987
18919,130.19,0.5444
18920,141.03,0.6583
18921,203.09,0.5543
18922,127.7,0.4368
18923,41.6,0.3639
18924,3.85,0.1785
18925,62.78,0.1021
18926,3.84,0.0722
18927,45.58,0.2656
18928,9.48,0.3558
18929,211.66,0.5512
18930,159.72,0.6064
18931,213.76,0.6064
18932,104.92,0.5371
18933,9.52,0.5744
18934,137.19,0.3848
18935,199.77,0.3024
18936,10.07,0.3436
18937,16.39,0.3479
18938,53.76,0.336
18939,141.84,0.5031
18940,186.94,0.5103
18941,189.68,0.5101
18942,24.06,0.4007
18943,53.56,0.3657
18944,24.25,0.337
18945,149.41,0.4489
18946,158.78,0.5269
18947,144.34,0.736
18948,137.32,0.7879
18949,248.95,0.8163
18950,205.16,0.8983
18951,189.27,0.8284
18952,232.47,0.6316
18953,62.24,0.567
18954,37.43,0.519
18955,135.8,0.3091
18956,137.65,0.2755
18957,6.96,0.4478
18958,26.16,0.4486
18959,222.62,0.5156
18960,136.57,0.6491
18961,209.7,0.6265
18962,150.39,0.4698
18963,1.86,0.3506
18964,54.27,0.3516
18965,8.44,0.3717
18966,210.78,0.5896
18967,172.08,0.553
18968,235.97,0.6106
18969,14.96,0.4198
18970,70.3,0.386
18971,5.8,0.319
18972,135.72,0.3706
18973,164.01,0.4872
18974,70.39,0.6092
18975,195.56,0.5265
18976,136.83,0.3979
18977,46.92,0.5271
18978,25.84,0.4717
18979,209.18,0.4731
18980,136.08,0.6172
18981,138.32,0.706
18982,201.8,0.5736
18983,121.17,0.468
18984,66.9,0.3669
18985,22.64,0.3616
18986,29.76,0.4184
18987,196.06,0.5158
18988,182.24,0.5388
18989,171.49,0.532
18990,47.32,0.5256
18991,22.48,0.4143
18992,189.21,0.2881
18993,62.66,0.257
18994,35.87,0.3871
18995,13.89,0.4059
18996,162.33,0.4083
18997,209.36,0.4121
18998,65.22,0.6036
18999,39.99,0.5846
19000,219.6,0.5753
19001,141.96,0.6411
19002,199.4,0.7301
19003,135.84,0.6521
19004,135.71,0.5313
19005,135.76,0.3638
19006,12.11,0.2515
19007,19.51,0.1748
19008,15.11,0.1262
19009,53.36,0.3329
19010,83.5,0.4443
19011,234.26,0.6025
19012,139.12,0.5717
19013,185.14,0.5499
19014,20.23,0.3432
19015,60.09,0.3566
19016,12.17,0.2954
19017,153.54,0.3267
19018,119.32,0.2894
19019,53.87,0.284
19020,20.0,0.3148
19021,6.37,0.324
19022,186.65,0.3
19023,129.24,0.2907
19024,28.09,0.2873
19025,10.04,0.1407
19026,2.67,0.0553
19027,29.1,0.0844
19028,37.53,0.0797
19029,59.38,0.105
19030,4.9,0.0883
19031,29.92,0.1036
19032,11.2,0.0551
19033,53.88,0.0901
19034,7.29,0.1624
19035,42.54,0.299
19036,107.61,0.2545
19037,157.94,0.282
19038,6.04,0.2528
19039,36.85,0.2801
19040,11.22,0.2514
19041,136.9,0.3702
19042,127.1,0.4384
19043,133.69,0.4426
19044,110.11,0.3291
19045,15.8,0.2225
19046,14.9,0.1189
19047,12.6,0.1446
19048,22.38,0.2663
19049,137.7,0.3821
19050,146.59,0.4979
19051,139.3,0.4908
19052,136.97,0.3902
19053,14.75,0.2652
19054,29.64,0.1836
19055,12.24,0.2265
19056,51.69,0.3879
19057,183.1,0.3923
19058,188.09,0.4466
19059,34.38,0.468
19060,70.61,0.4411
19061,74.63,0.4133
19062,154.22,0.5064
19063,158.28,0.4497
19064,134.38,0.3948
19065,9.67,0.3866
19066,15.7,0.3635
19067,145.38,0.3659
19068,133.4,0.4843
19069,137.0,0.5946
19070,136.85,0.5852
19071,134.2,0.6041
19072,135.34,0.632
19073,153.69,0.5149
19074,166.94,0.4157
19075,11.05,0.4254
19076,27.61,0.4091
19077,145.83,0.3259
19078,136.09,0.3436
19079,77.61,0.4511
19080,30.09,0.4742
19081,143.04,0.4977
19082,170.63,0.5455
19083,161.37,0.6532
19084,129.01,0.6556
19085,145.78,0.6039
19086,145.65,0.5087
19087,115.0,0.4378
19088,59.11,0.3186
19089,52.88,0.192
19090,17.67,0.2156
19091,9.68,0.2847
19092,140.34,0.2511
19093,133.32,0.2914
19094,16.74,0.2916
19095,61.03,0.2011
19096,9.92,0.205
19097,43.04,0.3621
19098,137.54,0.3153
19099,185.55,0.3377
19100,10.74,0.3002
19101,33.96,0.2312
19102,2.8,0.209
19103,63.42,0.4024
19104,161.63,0.4202
19105,218.57,0.4421
19106,53.1,0.4272
19107,26.25,0.2872
19108,47.46,0.0884
19109,11.15,0.0448
19110,5.06,0.0579
19111,6.17,0.0471
19112,40.36,0.0434
19113,35.86,0.0472
19114,7.18,0.0438
19115,9.11,0.0561
19116,2.49,0.2413
19117,53.59,0.4515
19118,234.84,0.4459
19119,233.06,0.4822
19120,3.15,0.6164
19121,41.44,0.5494
19122,197.82,0.4612
19123,162.86,0.5875
19124,138.3,0.7231
19125,138.79,0.6722
19126,187.22,0.5508
19127,143.06,0.4682
19128,32.48,0.3449
19129,49.54,0.1832
19130,6.3,0.0863
19131,13.41,0.1174
19132,39.02,0.1387
19133,65.85,0.1387
19134,72.42,0.1344
19135,6.38,0.1105
19136,8.71,0.1031
19137,13.33,0.1694
19138,57.94,0.2093
19139,143.68,0.2148
19140,49.22,0.2427
19141,14.62,0.3827
19142,43.34,0.4484
19143,208.29,0.5323
19144,214.31,0.6368
19145,139.4,0.6
19146,126.84,0.4637
19147,3.84,0.2911
19148,61.81,0.1885
19149,28.88,0.199
19150,29.16,0.2085
19151,138.13,0.1802
19152,14.03,0.1766
19153,31.39,0.3392
19154,25.09,0.3046
19155,203.83,0.3384
19156,100.95,0.453
19157,50.36,0.6342
19158,154.5,0.5933
19159,219.78,0.5098
19160,159.9,0.4887
19161,11.17,0.5396
19162,27.73,0.4782
19163,209.23,0.4745
19164,153.72,0.5908
19165,155.93,0.5776
19166,136.22,0.4313
19167,13.48,0.4308
19168,52.1,0.4893
19169,153.18,0.5095
19170,218.79,0.6853
19171,157.86,0.8563
19172,202.35,0.8576
19173,235.84,0.8488
19174,154.58,0.8603
19175,209.39,0.7105
19176,170.2,0.5361
19177,41.33,0.579
19178,48.46,0.5151
19179,200.7,0.485
19180,140.74,0.458
19181,137.94,0.5295
19182,12.21,0.4631
19183,125.36,0.4556
19184,129.35,0.4566
19185,132.63,0.5719
19186,139.01,0.6232
19187,136.09,0.6393
19188,180.5,0.5174
19189,146.62,0.4121
19190,1.68,0.293
19191,25.9,0.1785
19192,8.13,0.0658
19193,57.42,0.0756
19194,25.52,0.1017
19195,12.22,0.1116
19196,53.94,0.0793
19197,18.83,0.1376
19198,22.75,0.2544
19199,88.14,0.2304
19200,137.65,0.2551
19201,28.23,0.4397
19202,45.36,0.5407
19203,221.09,0.5988
19204,196.6,0.7291
19205,200.14,0.8027
19206,168.22,0.6025
19207,124.46,0.5441
19208,5.96,0.4924
19209,133.81,0.4667
19210,144.65,0.4729
19211,140.52,0.6049
19212,131.14,0.4911
19213,147.78,0.3802
19214,11.57,0.2584
19215,25.54,0.2005
19216,9.57,0.1089
19217,69.0,0.132
19218,49.32,0.2852
19219,36.4,0.4001
19220,190.16,0.3557
19221,132.98,0.3251
19222,21.3,0.4315
19223,16.53,0.381
19224,150.66,0.3842
19225,135.91,0.5325
19226,136.38,0.5671
19227,180.62,0.4314
19228,53.69,0.357
19229,4.87,0.2339
19230,55.96,0.1369
19231,4.17,0.2504
19232,76.37,0.3414
19233,175.73,0.3014
19234,102.57,0.4304
19235,12.99,0.5149
19236,142.83,0.4835
19237,167.1,0.3943
19238,141.98,0.527
19239,6.81,0.6128
19240,155.53,0.4906
19241,235.01,0.3855
19242,35.84,0.3849
19243,29.04,0.244
19244,6.13,0.2029
19245,4.13,0.3644
19246,190.84,0.3898
19247,209.36,0.3874
19248,56.38,0.401
19249,3.49,0.2264
19250,18.75,0.0818
19251,3.3,0.0334
19252,53.98,0.0552
19253,4.38,0.0491
19254,26.88,0.0807
19255,12.2,0.0359
19256,37.24,0.0605
19257,5.9,0.0459
19258,30.84,0.1334
19259,11.12,0.2249
19260,106.26,0.3855
19261,135.5,0.4034
19262,178.51,0.4157
19263,50.11,0.5165
19264,24.25,0.5855
19265,214.55,0.5959
19266,209.72,0.7235
19267,189.64,0.7465
19268,187.19,0.5568
19269,48.93,0.3882
19270,10.73,0.2242
19271,28.64,0.0924
19272,13.44,0.0573
19273,45.49,0.0837
19274,11.25,0.0603
19275,39.09,0.2338
19276,3.52,0.4214
19277,199.83,0.4335
19278,247.09,0.4064
19279,24.26,0.5613
19280,9.98,0.5091
19281,169.96,0.4673
19282,143.76,0.5005
19283,202.16,0.624
19284,59.9,0.5973
19285,142.68,0.5903
19286,141.32,0.5351
19287,136.23,0.6341
19288,142.78,0.6881
19289,166.28,0.6067
19290,200.66,0.5195
19291,53.88,0.4504
19292,42.55,0.3069
19293,68.62,0.2398
19294,12.06,0.3204
19295,128.54,0.329
19296,140.49,0.2763
19297,51.78,0.2961
19298,12.03,0.1913
19299,33.28,0.0995
19300,15.97,0.1981
19301,41.82,0.2576
19302,157.73,0.2376
19303,75.96,0.3452
19304,11.8,0.441
19305,131.57,0.4663
19306,144.79,0.5143
19307,184.93,0.6317
19308,127.51,0.5164
19309,137.91,0.5316
19310,7.75,0.4938
19311,161.05,0.5112
19312,144.39,0.572
19313,146.18,0.7615
19314,203.26,0.7448
19315,211.27,0.7379
19316,143.16,0.7707
19317,137.0,0.759
19318,181.38,0.5942
19319,190.7,0.4714
19320,34.26,0.5186
19321,11.2,0.5341
19322,187.73,0.3989
19323,197.94,0.3696
19324,45.49,0.5033
19325,2.76,0.4609
19326,154.88,0.3982
19327,142.19,0.4757
19328,130.48,0.5947
19329,128.85,0.5734
19330,130.54,0.4663
19331,132.04,0.3565
19332,27.06,0.366
19333,12.6,0.3648
19334,139.06,0.3034
19335,129.22,0.3055
19336,66.0,0.4273
19337,29.41,0.4571
19338,143.47,0.3911
19339,171.03,0.3421
19340,58.34,0.44
19341,13.35,0.4354
19342,134.54,0.2965
19343,138.61,0.2559
19344,21.73,0.3468
19345,14.77,0.3532
19346,110.97,0.3516
19347,141.43,0.4673
19348,136.86,0.4613
19349,146.11,0.386
19350,8.23,0.2604
19351,30.14,0.3374
19352,6.48,0.33
19353,219.6,0.4478
19354,138.16,0.5386
19355,134.8,0.6604
19356,127.65,0.5759
19357,137.38,0.4741
19358,128.84,0.3635
19359,28.69,0.293
19360,15.96,0.3063
19361,51.91,0.373
19362,151.7,0.5339
19363,200.49,0.551
19364,201.55,0.515
19365,34.37,0.5717
19366,13.25,0.5053
19367,212.62,0.4813
19368,129.18,0.5668
19369,175.67,0.5726
19370,126.26,0.3937
19371,19.54,0.2872
19372,20.33,0.2605
19373,14.75,0.277
19374,147.03,0.4327
19375,143.96,0.4721
19376,186.86,0.4692
19377,62.62,0.3551
19378,11.7,0.2345
19379,24.36,0.0968
19380,14.47,0.0465
19381,38.86,0.1583
19382,8.6,0.2657
19383,131.85,0.2744
19384,139.68,0.2542
19385,23.79,0.2821
19386,17.25,0.1697
19387,38.52,0.2383
19388,11.12,0.4166
19389,213.41,0.4487
19390,215.32,0.4521
19391,51.69,0.472
19392,42.19,0.2779
19393,32.49,0.0826
19394,4.94,0.0688
19395,5.43,0.0728
19396,36.83,0.1002
19397,46.5,0.1017
19398,61.96,0.1286
19399,6.54,0.106
19400,34.39,0.1062
19401,12.52,0.0588
19402,46.72,0.1799
19403,10.99,0.241
19404,136.65,0.2547
19405,100.06,0.3335
19406,27.23,0.5494
19407,131.36,0.6285
19408,243.04,0.7421
19409,221.59,0.9286
19410,222.1,0.9436
19411,227.66,0.8706
19412,147.42,0.6886
19413,164.66,0.4867
19414,25.98,0.3998
19415,5.18,0.2831
19416,134.32,0.1439
19417,21.98,0.1308
19418,15.18,0.1592
19419,11.86,0.0714
19420,35.7,0.1069
19421,40.03,0.2495
19422,60.12,0.387
19423,168.34,0.358
19424,159.62,0.3839
19425,4.57,0.3348
19426,67.87,0.3619
19427,7.34,0.3605
19428,197.43,0.4803
19429,158.18,0.5131
19430,133.2,0.5504
19431,103.18,0.3776
19432,47.43,0.4255
19433,11.71,0.4571
19434,209.68,0.4213
19435,167.09,0.4257
19436,64.77,0.448
19437,52.11,0.2675
19438,35.74,0.122
19439,15.72,0.094
19440,10.7,0.0667
19441,34.74,0.0728
19442,22.72,0.185
19443,42.39,0.2921
19444,136.19,0.2738
19445,125.86,0.3063
19446,15.02,0.3047
19447,57.7,0.3274
19448,40.63,0.415
19449,160.6,0.5563
19450,219.92,0.5292
19451,166.89,0.5385
19452,28.61,0.3992
19453,50.6,0.2058
19454,10.9,0.0904
19455,12.12,0.2447
19456,42.91,0.2091
19457,194.38,0.2062
19458,12.34,0.3589
19459,7.78,0.4934
19460,176.26,0.3398
19461,187.34,0.3426
19462,29.4,0.4718
19463,15.39,0.5386
19464,146.5,0.4514
19465,248.12,0.4808
19466,93.63,0.4764
19467,61.01,0.3774
19468,10.61,0.3225
19469,40.13,0.4365
19470,189.15,0.5236
19471,216.06,0.5421
19472,154.6,0.5157
19473,30.57,0.3804
19474,11.73,0.1862
19475,43.78,0.0683
19476,7.4,0.0512
19477,27.96,0.0502
19478,12.14,0.0169
19479,10.66,0.0479
19480,7.95,0.0583
19481,40.74,0.0554
19482,39.11,0.0538
19483,9.01,0.2417
19484,8.96,0.3996
19485,209.87,0.37
19486,210.44,0.3906
19487,7.29,0.5159
19488,31.15,0.493
19489,143.59,0.464
19490,185.25,0.586
19491,179.26,0.741
19492,138.34,0.8384
19493,197.74,0.6676
19494,248.25,0.5641
19495,1.76,0.637
19496,68.0,0.6536
19497,216.68,0.623
19498,215.52,0.7687
19499,215.38,0.8711
19500,158.33,0.8422
19501,178.04,0.6496
19502,185.6,0.4579
19503,8.58,0.4577
19504,9.49,0.4138
19505,158.05,0.2587
19506,130.93,0.2627
19507,18.89,0.3809
19508,12.88,0.3588
19509,136.54,0.3959
19510,134.28,0.5374
19511,170.74,0.5358
19512,171.02,0.4415
19513,11.15,0.4471
19514,35.24,0.4536
19515,140.29,0.4596
19516,177.67,0.5742
19517,177.42,0.6681
19518,134.36,0.7176
19519,136.05,0.7837
19520,193.52,0.8459
19521,248.71,0.9203
19522,244.26,0.8059
19523,214.24,0.6869
19524,13.15,0.5893
19525,65.74,0.4375
19526,143.75,0.2455
19527,81.16,0.2429
19528,7.94,0.3228
19529,10.45,0.3274
19530,151.53,0.3738
19531,148.7,0.5365
19532,131.04,0.7161
19533,182.75,0.742
19534,203.37,0.6178
19535,179.4,0.5572
19536,15.18,0.3898
19537,66.0,0.2312
19538,2.92,0.1906
19539,32.91,0.3067
19540,135.83,0.2669
19541,139.84,0.2844
19542,23.26,0.2659
19543,21.72,0.1506
19544,13.04,0.1493
19545,11.94,0.2608
19546,138.44,0.2453
19547,143.1,0.2453
19548,5.09,0.3614
19549,13.0,0.3878
19550,136.65,0.3985
19551,166.85,0.5293
19552,154.61,0.52
19553,145.61,0.4431
19554,3.03,0.4272
19555,53.98,0.4312
19556,149.82,0.479
19557,158.9,0.6946
19558,196.98,0.6548
19559,234.68,0.5773
19560,11.24,0.4382
19561,66.52,0.2802
19562,9.39,0.0684
19563,27.22,0.1163
19564,7.1,0.181
19565,62.75,0.3363
19566,136.05,0.4225
19567,176.22,0.4201
19568,119.84,0.5888
19569,4.54,0.652
19570,244.04,0.6277
19571,203.93,0.6429
19572,150.11,0.7663
19573,136.1,0.5516
19574,137.18,0.4057
19575,13.38,0.2719
19576,47.18,0.2456
19577,6.34,0.2495
19578,107.8,0.4511
19579,141.41,0.4199
19580,229.99,0.4664
19581,13.62,0.3752
19582,56.31,0.2625
19583,9.76,0.0538
19584,20.39,0.0963
19585,5.74,0.1704
19586,59.26,0.3141
19587,135.96,0.3002
19588,164.1,0.3052
19589,5.5,0.2589
19590,11.06,0.146
19591,9.58,0.1245
19592,14.64,0.241
19593,141.04,0.2702
19594,130.66,0.4045
19595,42.34,0.5237
19596,153.87,0.5683
19597,142.77,0.6303
19598,188.97,0.7551
19599,197.25,0.8087
19600,176.47,0.8183
19601,211.44,0.6529
19602,153.14,0.5114
19603,11.26,0.3561
19604,45.22,0.2047
19605,9.57,0.1875
19606,48.71,0.3227
19607,134.69,0.286
19608,156.56,0.3203
19609,5.78,0.3106
19610,46.37,0.2003
19611,38.28,0.2436
19612,16.22,0.3696
19613,203.1,0.3469
19614,141.15,0.3279
19615,21.94,0.3496
19616,17.95,0.1732
19617,39.47,0.0556
19618,13.6,0.0477
19619,14.81,0.0688
19620,13.45,0.0362
19621,40.61,0.0521
19622,4.47,0.0491
19623,30.59,0.0769
19624,11.66,0.0579
19625,43.3,0.1025
19626,20.16,0.2027
19627,52.41,0.2903
19628,138.26,0.2609
19629,105.79,0.2981
19630,11.75,0.4543
19631,60.1,0.4657
19632,220.22,0.3792
19633,150.46,0.5132
19634,12.89,0.5825
19635,155.76,0.48
19636,134.6,0.3525
19637,110.02,0.4675
19638,13.52,0.536
19639,136.43,0.4725
19640,229.32,0.3769
19641,66.36,0.4022
19642,7.39,0.282
19643,40.63,0.1275
19644,7.28,0.0761
19645,63.31,0.179
19646,11.18,0.2862
19647,117.94,0.406
19648,155.77,0.3548
19649,136.0,0.3724
19650,8.32,0.3912
19651,30.11,0.4027
19652,138.11,0.4571
19653,168.11,0.6489
19654,194.51,0.6794
19655,214.38,0.5812
19656,62.9,0.6023
19657,32.61,0.5388
19658,190.75,0.4645
19659,126.24,0.5248
19660,134.54,0.6207
19661,127.78,0.5642
19662,135.6,0.5758
19663,130.01,0.5774
19664,138.7,0.4984
19665,136.3,0.3767
19666,42.93,0.4473
19667,4.76,0.5017
19668,205.88,0.5808
19669,197.21,0.5757
19670,221.31,0.6478
19671,37.4,0.5878
19672,82.26,0.5861
19673,141.37,0.5103
19674,195.43,0.5957
19675,139.85,0.5608
19676,129.11,0.4363
19677,44.8,0.2654
19678,7.61,0.3121
19679,11.75,0.3758
19680,190.09,0.395
19681,197.56,0.3903
19682,65.43,0.4246
19683,2.51,0.275
19684,48.66,0.1407
19685,29.33,0.0901
19686,53.24,0.121
19687,11.06,0.2079
19688,35.73,0.2625
19689,142.04,0.2233
19690,87.97,0.3622
19691,11.1,0.5043
19692,160.3,0.5072
19693,188.42,0.6163
19694,145.16,0.7389
19695,205.18,0.5999
19696,142.82,0.4316
19697,11.01,0.3177
19698,7.6,0.1779
19699,22.72,0.1078
19700,55.04,0.1169
19701,67.46,0.1295
19702,20.83,0.1116
19703,21.07,0.187
19704,3.48,0.264
19705,136.07,0.2797
19706,150.16,0.2713
19707,37.69,0.3904
19708,12.1,0.3877
19709,131.44,0.2709
19710,133.15,0.2481
19711,24.72,0.4315
19712,13.17,0.5098
19713,209.14,0.5275
19714,215.54,0.6475
19715,152.25,0.8262
19716,153.58,0.7868
19717,205.18,0.7819
19718,166.82,0.78
19719,210.31,0.834
19720,150.17,0.696
19721,211.57,0.5479
19722,56.97,0.3645
19723,7.67,0.4319
19724,13.31,0.4049
19725,222.5,0.3645
19726,182.59,0.3661
19727,13.52,0.5113
19728,9.46,0.4609
19729,169.27,0.3426
19730,168.42,0.3392
19731,55.47,0.3756
19732,9.85,0.231
19733,48.58,0.2117
19734,13.9,0.3151
19735,147.62,0.3278
19736,166.64,0.2937
19737,23.48,0.343
19738,11.95,0.4043
19739,66.8,0.4118
19740,213.57,0.597
19741,174.71,0.5983
19742,222.39,0.5725
19743,13.36,0.4282
19744,39.14,0.3236
19745,58.46,0.1338
19746,62.38,0.143
19747,18.47,0.1695
19748,23.18,0.2386
19749,67.6,0.3728
19750,132.75,0.3969
19751,206.54,0.3857
19752,44.34,0.3641
19753,11.16,0.2482
19754,44.46,0.1851
19755,8.2,0.279
19756,138.7,0.2868
19757,145.22,0.2511
19758,19.55,0.2999
19759,6.14,0.2133
19760,60.63,0.1139
19761,45.7,0.0999
19762,38.37,0.1026
19763,4.47,0.0849
19764,9.13,0.063
19765,41.52,0.037
19766,22.22,0.0429
19767,10.46,0.0593
19768,10.82,0.1481
19769,26.72,0.2759
19770,136.88,0.2837
19771,159.55,0.2798
19772,18.87,0.4552
19773,6.6,0.5184
19774,215.15,0.5439
19775,204.84,0.6995
19776,186.99,0.7291
19777,185.98,0.5349
19778,38.45,0.3876
19779,6.43,0.2257
19780,46.62,0.0627
19781,13.07,0.0408
19782,10.83,0.0685
19783,14.89,0.0543
19784,36.24,0.1719
19785,31.35,0.282
19786,139.42,0.2723
19787,129.06,0.2795
19788,4.46,0.2872
19789,44.05,0.3118
19790,39.56,0.29
19791,165.85,0.298
19792,105.63,0.3626
19793,13.05,0.4511
19794,113.49,0.4383
19795,134.63,0.4651
19796,152.16,0.5758
19797,134.44,0.6232
19798,131.96,0.6323
19799,164.38,0.5517
19800,144.48,0.4299
19801,65.55,0.3309
19802,3.58,0.1887
19803,25.6,0.2459
19804,11.58,0.331
19805,205.89,0.4585
19806,157.0,0.5533
19807,140.61,0.5545
19808,127.41,0.3894
19809,12.84,0.3319
19810,28.48,0.2048
19811,95.32,0.1182
19812,3.98,0.1377
19813,34.43,0.161
19814,33.7,0.0765
19815,53.57,0.2031
19816,4.56,0.2554
19817,139.93,0.2731
19818,90.66,0.228
19819,52.68,0.2547
19820,5.11,0.1361
19821,33.26,0.0868
19822,12.49,0.0446
19823,37.74,0.0703
19824,7.3,0.0498
19825,32.76,0.0445
19826,11.21,0.014
19827,6.74,0.0478
19828,5.05,0.0464
19829,43.56,0.1628
19830,31.23,0.3353
19831,136.37,0.3393
19832,192.08,0.3286
19833,9.3,0.3332
19834,32.08,0.3537
19835,36.16,0.3687
19836,158.38,0.5252
19837,208.24,0.6338
19838,177.48,0.7884
19839,148.72,0.7754
19840,202.29,0.7374
19841,144.42,0.7045
19842,167.36,0.6192
19843,142.16,0.4586
19844,57.1,0.3756
19845,29.73,0.2267
19846,55.26,0.2978
19847,7.37,0.3891
19848,218.46,0.4272
19849,155.28,0.436
19850,70.68,0.6169
19851,64.64,0.5637
19852,201.76,0.4294
19853,161.32,0.3871
19854,10.96,0.4606
19855,25.23,0.4755
19856,143.6,0.4744
19857,217.8,0.6069
19858,160.16,0.6484
19859,153.28,0.5844
19860,69.82,0.5479
19861,74.83,0.5804
19862,178.65,0.618
19863,195.06,0.7456
19864,193.62,0.8213
19865,206.97,0.7808
19866,156.14,0.7302
19867,135.18,0.6725
19868,140.63,0.5166
19869,131.67,0.3805
19870,39.45,0.4494
19871,9.88,0.4813
19872,209.24,0.4196
19873,174.89,0.4412
19874,65.35,0.6284
19875,62.73,0.6285
19876,210.95,0.6227
19877,209.38,0.7281
19878,168.68,0.8365
19879,178.55,0.7666
19880,179.17,0.5837
19881,135.93,0.4497
19882,12.78,0.4104
19883,24.78,0.3797
19884,136.34,0.3817
19885,146.18,0.4127
19886,138.09,0.5762
19887,46.06,0.6449
19888,200.48,0.5312
19889,210.13,0.4509
19890,24.02,0.415
19891,51.81,0.4281
19892,7.48,0.3725
19893,214.52,0.4077
19894,150.44,0.4195
19895,61.8,0.433
19896,64.46,0.2606
19897,22.0,0.297
19898,29.35,0.2495
19899,189.52,0.198
19900,10.71,0.1886
19901,9.12,0.1949
19902,11.98,0.033
19903,36.09,0.0749
19904,15.62,0.0763
19905,55.68,0.1002
19906,10.62,0.0749
19907,37.7,0.1209
19908,8.81,0.0712
19909,65.13,0.0842
19910,2.28,0.1198
19911,24.57,0.251
19912,75.95,0.2519
19913,149.8,0.2743
19914,66.11,0.2649
19915,26.24,0.3219
19916,14.55,0.3082
19917,137.19,0.4008
19918,135.08,0.5765
19919,165.58,0.7293
19920,215.06,0.7389
19921,178.7,0.623
19922,147.45,0.5131
19923,10.63,0.3264
19924,47.47,0.2037
19925,14.41,0.2127
19926,46.96,0.3416
19927,157.11,0.44
19928,149.13,0.5522
19929,153.12,0.5852
19930,134.98,0.4753
19931,82.45,0.4725
19932,39.02,0.5597
19933,146.15,0.474
19934,246.81,0.4351
19935,42.82,0.4044
19936,40.66,0.459
19937,6.08,0.3561
19938,204.78,0.4698
19939,136.32,0.5561
19940,164.93,0.6784
19941,133.35,0.6183
19942,137.52,0.5455
19943,140.25,0.5385
19944,58.1,0.5909
19945,157.35,0.4663
19946,189.67,0.4005
19947,3.66,0.3709
19948,69.5,0.2782
19949,26.33,0.1137
19950,57.76,0.1461
19951,12.87,0.2092
19952,38.48,0.3082
19953,137.35,0.3649
19954,132.73,0.3623
19955,118.64,0.4219
19956,10.13,0.4254
19957,102.44,0.4843
19958,141.14,0.6005
19959,195.99,0.7421
19960,243.55,0.6532
19961,162.21,0.5509
19962,6.94,0.4134
19963,31.24,0.3814
19964,48.23,0.3659
19965,209.24,0.4988
19966,145.54,0.4813
19967,149.68,0.4817
19968,12.44,0.4119
19969,48.68,0.4095
19970,134.24,0.2831
19971,142.99,0.3067
19972,13.78,0.3915
19973,37.85,0.3896
19974,139.78,0.2617
19975,132.24,0.2575
19976,5.5,0.3596
19977,9.26,0.4074
19978,147.64,0.4407
19979,191.04,0.613
19980,168.09,0.8049
19981,190.59,0.83
19982,215.43,0.7165
19983,174.69,0.5925
19984,69.06,0.466
19985,34.81,0.2758
19986,54.72,0.1317
19987,11.09,0.1167
19988,19.77,0.095
19989,52.97,0.0647
19990,11.55,0.0637
19991,22.18,0.0973
19992,10.03,0.1767
19993,55.87,0.3822
19994,138.22,0.371
19995,232.36,0.4104
19996,10.1,0.3711
19997,52.36,0.2981
19998,13.72,0.1895
19999,59.78,0.3628
20000,115.66,0.3235
20001,196.3,0.3612
20002,10.08,0.3464
20003,54.23,0.2742
20004,43.92,0.0983
20005,38.06,0.093
20006,7.29,0.0859
20007,4.46,0.0781
20008,46.52,0.0986
20009,35.55,0.1022
20010,60.15,0.1087
20011,11.14,0.0793
20012,11.41,0.0724
20013,14.96,0.1482
20014,28.08,0.2266
20015,141.67,0.2296
20016,95.39,0.252
20017,14.6,0.4163
20018,38.99,0.4759
20019,204.67,0.5391
20020,205.68,0.6706
20021,163.29,0.6495
20022,155.86,0.5142
20023,16.41,0.4588
20024,59.28,0.4952
20025,146.16,0.4024
20026,202.34,0.398
20027,56.18,0.3767
20028,11.64,0.2605
20029,36.42,0.2025
20030,21.37,0.278
20031,140.02,0.2987
20032,137.25,0.4915
20033,33.88,0.6724
20034,243.54,0.7077
20035,215.76,0.5834
20036,177.93,0.6048
20037,3.76,0.5582
20038,56.81,0.4947
20039,193.54,0.4664
20040,147.49,0.5897
20041,147.52,0.5575
20042,136.29,0.425
20043,22.13,0.4296
20044,51.17,0.4328
20045,152.51,0.4332
20046,150.96,0.5547
20047,136.68,0.652
20048,152.72,0.6525
20049,155.66,0.6172
20050,153.07,0.4928
20051,113.04,0.4023
20052,3.02,0.2851
20053,55.47,0.3257
20054,29.76,0.3566
20055,196.61,0.5023
20056,146.31,0.4628
20057,159.52,0.495
20058,13.07,0.443
20059,64.36,0.4333
20060,140.68,0.4159
20061,135.89,0.5923
20062,140.86,0.6518
20063,202.58,0.7103
20064,128.34,0.5932
20065,203.48,0.5193
20066,10.08,0.5066
20067,61.46,0.5343
20068,188.93,0.4063
20069,158.09,0.4123
20070,66.02,0.3608
20071,16.45,0.1952
20072,6.19,0.0825
20073,11.0,0.0334
20074,37.01,0.1523
20075,13.19,0.2397
20076,144.28,0.2469
20077,100.02,0.3847
20078,18.74,0.523
20079,185.06,0.5462
20080,161.78,0.6217
20081,169.25,0.7983
20082,181.14,0.6289
20083,208.48,0.5608
20084,3.11,0.5357
20085,88.59,0.4984
20086,142.24,0.4341
20087,141.14,0.5604
20088,139.38,0.6115
20089,138.8,0.7044
20090,143.47,0.7153
20091,242.08,0.7682
20092,152.87,0.6935
20093,196.15,0.5732
20094,58.58,0.4836
20095,14.18,0.4711
20096,145.86,0.3267
20097,139.41,0.2864
20098,40.95,0.3104
20099,15.3,0.1872
20100,39.98,0.1669
20101,13.44,0.2521
20102,117.7,0.3032
20103,132.49,0.2749
20104,70.2,0.2892
20105,9.58,0.1901
20106,28.81,0.1148
20107,11.21,0.0702
20108,51.58,0.0898
20109,22.24,0.0743
20110,30.7,0.0734
20111,12.15,0.0358
20112,10.21,0.0422
20113,11.14,0.0567
20114,29.1,0.0557
20115,46.33,0.1776
20116,11.07,0.2863
20117,141.18,0.2994
20118,127.96,0.2611
20119,43.14,0.3902
20120,5.14,0.3963
20121,149.84,0.4216
20122,147.67,0.4386
20123,155.24,0.4418
20124,61.31,0.3535
20125,8.66,0.4231
20126,54.97,0.4463
20127,222.38,0.5457
20128,180.25,0.7366
20129,168.04,0.8292
20130,213.81,0.8031
20131,154.46,0.7732
20132,194.32,0.6262
20133,148.18,0.4773
20134,10.11,0.5021
20135,53.77,0.4895
20136,181.11,0.4185
20137,180.82,0.4275
20138,71.86,0.5419
20139,19.72,0.5093
20140,176.74,0.5086
20141,146.05,0.5686
20142,180.13,0.6751
20143,136.32,0.6402
20144,134.11,0.5782
20145,139.31,0.4247
20146,79.36,0.4249
20147,15.22,0.4284
20148,136.5,0.3174
20149,137.92,0.2548
20150,20.0,0.2675
20151,12.18,0.293
20152,28.81,0.2413
20153,163.91,0.2261
20154,82.35,0.3492
20155,3.74,0.4746
20156,144.37,0.4466
20157,163.56,0.4194
20158,133.88,0.419
20159,53.04,0.4137
20160,3.31,0.4477
20161,138.71,0.4914
20162,200.13,0.6487
20163,180.77,0.8076
20164,222.06,0.7283
20165,174.04,0.558
20166,53.52,0.4433
20167,17.14,0.2469
20168,57.55,0.1779
20169,11.07,0.3015
20170,99.92,0.3359
20171,186.3,0.2926
20172,54.05,0.3025
20173,11.1,0.2155
20174,21.64,0.0922
20175,6.46,0.1867
20176,53.81,0.2985
20177,155.61,0.2818
20178,131.17,0.2856
20179,3.72,0.2584
20180,10.53,0.1447
20181,24.64,0.161
20182,33.39,0.2774
20183,148.68,0.2848
20184,128.83,0.2759
20185,18.46,0.2872
20186,15.12,0.1607
20187,45.54,0.0749
20188,12.67,0.0693
20189,36.7,0.0917
20190,12.44,0.0549
20191,39.14,0.0802
20192,6.06,0.0575
20193,39.88,0.0567
20194,12.22,0.0259
20195,11.62,0.1939
20196,6.01,0.3514
20197,186.57,0.3565
20198,209.19,0.3514
20199,17.62,0.5512
20200,6.18,0.5703
20201,220.7,0.516
20202,207.1,0.691
20203,150.76,0.7657
20204,205.68,0.573
20205,86.42,0.5111
20206,13.67,0.5083
20207,140.6,0.4864
20208,147.74,0.5391
20209,182.14,0.5798
20210,143.12,0.461
20211,57.34,0.3689
20212,12.94,0.2014
20213,48.78,0.1247
20214,2.24,0.0794
20215,60.73,0.1964
20216,8.64,0.3353
20217,138.58,0.3406
20218,198.11,0.2977
20219,7.87,0.3572
20220,14.67,0.3729
20221,72.61,0.3439
20222,155.36,0.4944
20223,166.95,0.4905
20224,169.66,0.4699
20225,10.4,0.3649
20226,50.54,0.2708
20227,42.56,0.1241
20228,65.82,0.1364
20229,12.07,0.1039
20230,23.55,0.092
20231,15.62,0.0431
20232,29.82,0.1581
20233,13.28,0.2606
20234,135.6,0.2937
20235,133.62,0.2844
20236,51.27,0.4114
20237,19.76,0.4204
20238,149.73,0.3065
20239,145.3,0.2749
20240,11.21,0.4396
20241,17.32,0.4343
20242,196.82,0.4347
20243,144.0,0.5503
20244,145.73,0.5462
20245,135.38,0.3898
20246,12.95,0.2688
20247,28.78,0.1859
20248,13.96,0.063
20249,56.64,0.0918
20250,3.42,0.2109
20251,43.82,0.3177
20252,156.73,0.3054
20253,128.7,0.3093
20254,43.46,0.3334
20255,7.63,0.1965
20256,69.74,0.3077
20257,9.56,0.4428
20258,248.22,0.4974
20259,188.62,0.4618
20260,66.28,0.4977
20261,31.52,0.2757
20262,48.13,0.2899
20263,9.64,0.3679
20264,203.89,0.4172
20265,150.13,0.4119
20266,84.51,0.5379
20267,42.42,0.5402
20268,145.04,0.5791
20269,206.37,0.6952
20270,191.87,0.8161
20271,209.27,0.7452
20272,172.28,0.5585
20273,68.92,0.4296
20274,5.76,0.247
20275,53.34,0.1324
20276,13.1,0.0798
20277,49.18,0.1992
20278,12.42,0.2752
20279,134.04,0.3011
20280,134.92,0.2917
20281,40.92,0.3226
20282,39.13,0.2048
20283,45.67,0.2712
20284,7.37,0.3968
20285,206.32,0.4073
20286,175.84,0.4252
20287,50.46,0.4245
20288,64.88,0.2444
20289,6.6,0.093
20290,12.82,0.0779
20291,13.14,0.0236
20292,34.28,0.0294
20293,6.53,0.0561
20294,12.84,0.0635
20295,41.5,0.0885
20296,21.07,0.111
20297,61.18,0.237
20298,30.62,0.2652
20299,148.25,0.3005
20300,71.85,0.2524
20301,59.0,0.4175
20302,9.45,0.4089
20303,208.01,0.4684
20304,139.04,0.5413
20305,135.79,0.6597
20306,137.32,0.6586
20307,136.65,0.6707
20308,206.8,0.7066
20309,152.12,0.6215
20310,174.28,0.5515
20311,45.9,0.3762
20312,61.52,0.2611
20313,18.38,0.2237
20314,28.47,0.3222
20315,134.16,0.3511
20316,151.65,0.3727
20317,92.58,0.4688
20318,41.63,0.4639
20319,131.68,0.3366
20320,128.96,0.2962
20321,14.79,0.2675
20322,49.26,0.3235
20323,10.76,0.3532
20324,191.78,0.5643
20325,160.89,0.5713
20326,241.67,0.5892
20327,56.7,0.4131
20328,30.06,0.3905
20329,2.52,0.3431
20330,136.6,0.411
20331,190.8,0.5007
20332,129.67,0.6894
20333,126.36,0.6932
20334,205.3,0.6897
20335,140.68,0.7092
20336,187.08,0.5958
20337,150.56,0.5343
20338,4.53,0.5338
20339,139.28,0.4886
20340,140.07,0.4062
20341,138.51,0.5084
20342,62.05,0.5371
20343,114.3,0.5666
20344,170.16,0.5608
20345,171.74,0.7198
20346,132.28,0.7625
20347,232.86,0.7518
20348,160.18,0.6354
20349,158.74,0.6823
20350,46.61,0.5941
20351,182.67,0.6434
20352,138.13,0.5069
20353,213.16,0.4926
20354,12.02,0.5039
20355,31.28,0.5578
20356,194.8,0.3661
20357,196.07,0.3885
20358,7.19,0.5514
20359,36.1,0.5637
20360,206.34,0.3945
20361,208.0,0.4231
20362,14.27,0.4029
20363,37.9,0.238
20364,14.36,0.1688
20365,29.22,0.2805
20366,133.59,0.3442
20367,134.37,0.3461
20368,106.28,0.3242
20369,16.45,0.2577
20370,5.66,0.1762
20371,62.17,0.1042
20372,46.77,0.0939
20373,28.9,0.0985
20374,5.4,0.0579
20375,10.62,0.0332
20376,18.57,0.034
20377,20.17,0.0416
20378,29.78,0.041
20379,13.52,0.1556
20380,10.0,0.2612
20381,141.76,0.2412
20382,133.54,0.3661
20383,8.29,0.499
20384,147.74,0.5342
20385,152.82,0.5537
20386,179.6,0.6883
20387,154.51,0.6936
20388,152.84,0.5679
20389,153.45,0.4602
20390,17.8,0.3196
20391,63.83,0.3014
20392,3.51,0.302
20393,133.28,0.4299
20394,154.08,0.5539
20395,155.24,0.6998
20396,197.03,0.696
20397,160.22,0.5621
20398,129.28,0.4536
20399,10.2,0.4319
20400,38.68,0.4027
20401,173.69,0.2867
20402,128.78,0.3126
20403,4.73,0.4248
20404,37.94,0.3814
20405,159.26,0.4472
20406,127.13,0.632
20407,199.41,0.6009
20408,203.29,0.5087
20409,4.55,0.5911
20410,60.14,0.6053
20411,215.68,0.4628
20412,214.71,0.4781
20413,50.22,0.4464
20414,21.0,0.3053
20415,26.01,0.3189
20416,64.14,0.4691
20417,229.23,0.6147
20418,211.68,0.5939
20419,177.42,0.7358
20420,3.63,0.6467
20421,216.62,0.4879
20422,133.55,0.3341
20423,40.97,0.3514
20424,12.22,0.2772
20425,22.2,0.3004
20426,136.88,0.4321
20427,158.44,0.424
20428,182.48,0.468
20429,3.54,0.5657
20430,69.51,0.648
20431,241.85,0.708
20432,246.88,0.8991
20433,246.96,0.8529
20434,208.83,0.6782
20435,19.92,0.4505
20436,54.14,0.2333
20437,2.15,0.0534
20438,13.66,0.0854
20439,15.5,0.2356
20440,54.36,0.4323
20441,215.52,0.6456
20442,213.46,0.6409
20443,242.88,0.6614
20444,10.44,0.6395
20445,76.31,0.6316
20446,191.99,0.5438
20447,205.0,0.6756
20448,148.52,0.6184
20449,152.05,0.4808
20450,14.91,0.4341
20451,44.06,0.4367
20452,154.88,0.4225
20453,151.3,0.5993
20454,136.81,0.5859
20455,204.91,0.4864
20456,29.61,0.3477
20457,47.96,0.2335
20458,2.31,0.0692
20459,14.06,0.0952
20460,28.4,0.2264
20461,57.57,0.3752
20462,188.92,0.441
20463,162.2,0.4264
20464,84.76,0.3936
20465,12.67,0.2235
20466,22.4,0.2002
20467,6.16,0.3133
20468,137.18,0.4293
20469,206.18,0.4575
20470,137.31,0.461
20471,52.76,0.3667
20472,9.91,0.1788
20473,35.83,0.1085
20474,4.28,0.0624
20475,61.8,0.0991
20476,3.21,0.071
20477,49.38,0.1184
20478,5.65,0.0938
20479,55.19,0.1195
20480,35.37,0.2729
20481,30.79,0.3988
20482,214.22,0.3541
20483,140.93,0.3501
20484,7.17,0.4519
20485,31.06,0.4204
20486,140.18,0.4118
20487,180.4,0.5451
20488,131.64,0.6581
20489,150.45,0.6602
20490,152.38,0.5406
20491,142.49,0.4297
20492,51.92,0.3241
20493,12.49,0.3093
20494,36.9,0.2966
20495,136.53,0.3927
20496,128.88,0.5148
20497,155.15,0.6182
20498,143.7,0.6297
20499,147.96,0.5471
20500,148.91,0.4402
20501,40.12,0.4982
20502,40.3,0.5267
20503,205.94,0.4265
20504,178.69,0.4386
20505,41.25,0.5281
20506,53.08,0.4672
20507,136.45,0.4849
20508,140.51,0.5659
20509,197.68,0.541
20510,128.36,0.4255
20511,26.3,0.4171
20512,12.3,0.3565
20513,131.51,0.3542
20514,132.62,0.3776
20515,125.87,0.3756
20516,51.37,0.2932
20517,10.24,0.3703
20518,42.95,0.3811
20519,215.48,0.3451
20520,137.4,0.3705
20521,12.71,0.4463
20522,37.49,0.382
20523,124.45,0.2637
20524,146.37,0.2639
20525,10.34,0.3536
20526,12.92,0.435
20527,133.84,0.499
20528,211.9,0.635
20529,215.2,0.7701
20530,156.43,0.7802
20531,158.07,0.6594
20532,144.71,0.462
20533,82.05,0.4542
20534,3.11,0.4344
20535,148.1,0.3496
20536,136.8,0.2846
20537,53.55,0.328
20538,12.18,0.2047
20539,49.8,0.1199
20540,15.59,0.0817
20541,45.71,0.1972
20542,12.49,0.2921
20543,136.29,0.4019
20544,151.73,0.3863
20545,133.6,0.3978
20546,28.99,0.455
20547,24.82,0.4361
20548,197.71,0.4341
20549,131.4,0.5762
20550,131.46,0.6131
20551,181.68,0.4344
20552,64.49,0.5098
20553,5.69,0.5615
20554,212.46,0.5584
20555,187.02,0.6295
20556,178.33,0.8183
20557,140.9,0.6792
20558,208.55,0.5188
20559,62.95,0.4085
20560,14.7,0.2796
20561,59.79,0.1441
20562,2.4,0.2494
20563,62.97,0.3833
20564,176.14,0.3366
20565,158.52,0.4443
20566,9.62,0.5963
20567,118.17,0.6259
20568,226.21,0.6783
20569,208.0,0.806
20570,214.82,0.7055
20571,146.83,0.5046
20572,10.13,0.3525
20573,10.38,0.1893
20574,44.56,0.2316
20575,39.48,0.3998
20576,192.33,0.4342
20577,190.79,0.399
20578,47.38,0.5382
20579,6.72,0.5326
20580,189.02,0.3957
20581,186.38,0.3642
20582,43.72,0.5342
20583,13.52,0.4883
20584,189.3,0.3318
20585,139.77,0.3038
20586,18.22,0.4746
20587,13.67,0.4927
20588,196.95,0.5601
20589,208.76,0.6908
20590,212.2,0.8531
20591,158.65,0.8464
20592,188.06,0.6687
20593,189.73,0.5069
20594,17.87,0.3784
20595,38.3,0.244
20596,20.66,0.0777
20597,43.62,0.1858
20598,11.03,0.2811
20599,134.06,0.3948
20600,140.66,0.5013
20601,142.85,0.4924
20602,158.0,0.4986
20603,1.48,0.4987
20604,140.7,0.4089
20605,140.79,0.2721
20606,46.43,0.3661
20607,10.94,0.3821
20608,102.5,0.3987
20609,157.9,0.5002
20610,158.66,0.6349
20611,155.49,0.6753
20612,155.66,0.6571
20613,145.9,0.5557
20614,138.29,0.4383
20615,49.78,0.307
20616,29.33,0.264
20617,14.59,0.3338
20618,99.64,0.4627
20619,213.32,0.6453
20620,188.27,0.7603
20621,225.57,0.6927
20622,138.08,0.498
20623,27.01,0.4522
20624,4.19,0.3722
20625,139.02,0.2782
20626,139.57,0.2633
20627,37.1,0.3078
20628,11.0,0.1928
20629,52.02,0.1999
20630,15.45,0.3013
20631,147.23,0.2971
20632,146.04,0.2683
20633,6.47,0.3062
20634,21.11,0.2174
20635,56.2,0.0966
20636,51.81,0.1043
20637,16.18,0.0945
20638,14.79,0.0917
20639,10.55,0.0528
20640,53.22,0.0763
20641,9.96,0.1648
20642,41.4,0.2855
20643,109.89,0.3652
20644,140.3,0.366
20645,138.87,0.5226
20646,10.76,0.5747
20647,209.64,0.5778
20648,165.89,0.6488
20649,143.62,0.8321
20650,215.24,0.831
20651,207.64,0.7157
20652,208.52,0.5943
20653,41.97,0.5226
20654,13.2,0.4478
20655,138.18,0.3808
20656,127.24,0.3966
20657,136.55,0.3998
20658,58.92,0.2851
20659,16.72,0.1698
20660,14.88,0.0957
20661,3.38,0.0768
20662,56.92,0.2483
20663,38.59,0.3757
20664,200.99,0.4055
20665,151.82,0.414
20666,35.37,0.5222
20667,66.04,0.4574
20668,154.87,0.4409
20669,131.32,0.5405
20670,134.14,0.5308
20671,142.4,0.4109
20672,55.55,0.5107
20673,26.13,0.6004
20674,238.54,0.4814
20675,230.52,0.4528
20676,14.48,0.48
20677,24.85,0.3141
20678,55.36,0.1088
20679,60.3,0.1073
20680,9.89,0.0963
20681,12.88,0.0848
20682,13.08,0.0462
20683,43.01,0.1758
20684,18.77,0.2184
20685,149.17,0.246
20686,58.6,0.3883
20687,42.79,0.5004
20688,195.91,0.516
20689,139.21,0.6446
20690,165.9,0.6699
20691,196.82,0.4914
20692,69.9,0.4043
20693,4.12,0.2592
20694,45.63,0.221
20695,10.04,0.3329
20696,155.74,0.3574
20697,190.17,0.3252
20698,30.38,0.4814
20699,11.06,0.5014
20700,177.89,0.4223
20701,177.19,0.4239
20702,105.22,0.525
20703,32.16,0.491
20704,119.64,0.3356
20705,141.38,0.2969
20706,10.2,0.2907
20707,63.64,0.2445
20708,25.54,0.1745
20709,69.92,0.3291
20710,66.24,0.306
20711,176.31,0.3236
20712,38.76,0.269
20713,44.5,0.2185
20714,11.2,0.0672
20715,12.0,0.0627
20716,13.76,0.0574
20717,33.88,0.0773
20718,38.87,0.0693
20719,32.54,0.0661
20720,3.46,0.074
20721,10.29,0.0866
20722,42.3,0.1162
20723,52.5,0.2891
20724,64.33,0.4162
20725,189.22,0.3908
20726,146.88,0.372
20727,15.02,0.3911
20728,32.28,0.3309
20729,84.81,0.3184
20730,124.58,0.4328
20731,133.47,0.4517
20732,137.89,0.3766
20733,52.58,0.3162
20734,4.12,0.2114
20735,59.68,0.1448
20736,20.92,0.1063
20737,66.3,0.2483
20738,11.18,0.3212
20739,156.68,0.4329
20740,138.02,0.5012
20741,140.94,0.5154
20742,139.7,0.382
20743,26.5,0.4189
20744,13.28,0.4088
20745,177.68,0.3133
20746,130.13,0.3451
20747,37.05,0.5218
20748,60.63,0.5334
20749,203.17,0.6047
20750,190.09,0.701
20751,206.74,0.7749
20752,140.6,0.7124
20753,139.95,0.572
20754,136.08,0.4172
20755,39.19,0.4032
20756,40.44,0.3978
20757,125.6,0.3947
20758,134.08,0.3839
20759,132.79,0.3831
20760,27.54,0.4454
20761,39.62,0.4106
20762,192.54,0.3167
20763,96.74,0.3025
20764,31.8,0.4568
20765,12.3,0.4386
20766,205.39,0.3923
20767,173.0,0.3861
20768,47.03,0.5781
20769,25.18,0.574
20770,218.5,0.5356
20771,201.05,0.627
20772,131.76,0.6145
20773,145.2,0.4349
20774,11.76,0.372
20775,25.54,0.3783
20776,133.48,0.4014
20777,138.54,0.4866
20778,170.02,0.5193
20779,103.21,0.4233
20780,60.7,0.356
20781,30.38,0.2008
20782,66.24,0.1165
20783,3.26,0.0662
20784,12.58,0.167
20785,6.66,0.2282
20786,138.72,0.2368
20787,131.96,0.2391
20788,12.53,0.3612
20789,15.02,0.3871
20790,137.86,0.4159
20791,166.54,0.5467
20792,162.96,0.5367
20793,153.07,0.4439
20794,4.22,0.4803
20795,38.16,0.5283
20796,205.61,0.5157
20797,214.58,0.6298
20798,139.56,0.6093
20799,126.72,0.4451
20800,16.14,0.3708
20801,29.22,0.3635
20802,134.77,0.3648
20803,131.75,0.3567
20804,128.07,0.4387
20805,7.47,0.4413
20806,117.29,0.3663
20807,137.59,0.2764
20808,51.18,0.286
20809,31.4,0.3018
20810,17.86,0.3002
20811,134.25,0.3796
20812,135.86,0.4564
20813,136.46,0.4511
20814,113.93,0.3524
20815,12.18,0.3507
20816,28.26,0.349
20817,133.96,0.2474
20818,134.64,0.2401
20819,4.74,0.2689
20820,4.36,0.2061
20821,59.22,0.2201
20822,66.49,0.236
20823,149.67,0.2702
20824,21.86,0.3531
20825,41.11,0.4157
20826,148.26,0.4011
20827,133.72,0.3912
20828,134.01,0.3946
20829,11.17,0.4323
20830,44.79,0.4327
20831,188.81,0.4778
20832,134.18,0.6198
20833,182.37,0.5879
20834,163.81,0.4492
20835,10.46,0.449
20836,39.85,0.427
20837,133.91,0.4233
20838,158.73,0.5717
20839,159.88,0.6636
20840,169.93,0.7301
20841,138.59,0.5888
20842,205.36,0.4799
20843,6.88,0.334
20844,42.91,0.2525
20845,13.16,0.1887
20846,50.94,0.3093
20847,136.89,0.3455
20848,136.45,0.3393
20849,81.82,0.4766
20850,6.48,0.4993
20851,198.44,0.5107
20852,161.26,0.6104
20853,148.73,0.7501
20854,188.97,0.5697
20855,156.52,0.4743
20856,4.62,0.3522
20857,58.79,0.2262
20858,17.48,0.0918
20859,53.63,0.1202
20860,12.16,0.0795
20861,35.11,0.1064
20862,15.04,0.1832
20863,46.36,0.1749
20864,136.17,0.1955
20865,3.29,0.392
20866,57.17,0.5612
20867,226.22,0.437
20868,228.17,0.4822
20869,2.65,0.5772
20870,51.87,0.5546
20871,159.28,0.506
20872,201.95,0.6403
20873,175.9,0.7302
20874,147.01,0.7494
20875,148.4,0.6222
20876,179.9,0.4813
20877,65.32,0.3721
20878,24.54,0.4094
20879,29.69,0.4316
20880,188.45,0.3986
20881,203.8,0.4437
20882,29.81,0.4273
20883,72.97,0.289
20884,12.06,0.1127
20885,39.93,0.1234
20886,14.36,0.1951
20887,41.26,0.3001
20888,150.06,0.2765
20889,124.8,0.3127
20890,14.62,0.4338
20891,53.26,0.4211
20892,171.38,0.4755
20893,136.35,0.6555
20894,183.26,0.6315
20895,208.08,0.5065
20896,27.47,0.5574
20897,37.07,0.5638
20898,191.06,0.4883
20899,190.08,0.4656
20900,126.94,0.4868
20901,3.11,0.3281
20902,59.89,0.2809
20903,20.49,0.3032
20904,139.4,0.4281
20905,150.88,0.3765
20906,137.36,0.4039
20907,4.43,0.4145
20908,49.95,0.2809
20909,150.72,0.2046
20910,7.3,0.3481
20911,55.41,0.4301
20912,158.63,0.4279
20913,138.09,0.5678
20914,148.35,0.5565
20915,157.55,0.4379
20916,43.32,0.4168
20917,31.19,0.4238
20918,115.47,0.4085
20919,155.8,0.4992
20920,141.17,0.6481
20921,140.75,0.6921
20922,191.15,0.7308
20923,162.72,0.7382
20924,197.42,0.7209
20925,149.16,0.5682
20926,122.14,0.5606
20927,27.11,0.5498
20928,154.5,0.5861
20929,185.82,0.4786
20930,188.12,0.495
20931,6.66,0.4684
20932,44.72,0.4165
20933,125.92,0.3626
20934,130.08,0.4809
20935,130.22,0.4782
20936,133.79,0.3875
20937,41.81,0.4625
20938,28.45,0.5407
20939,210.71,0.6214
20940,214.24,0.76
20941,220.49,0.93
20942,190.7,0.868
20943,211.13,0.7229
20944,144.09,0.5301
20945,58.31,0.3893
20946,13.39,0.2035
20947,39.4,0.1959
20948,11.46,0.265
20949,135.92,0.3768
20950,132.52,0.3931
20951,133.51,0.386
20952,56.96,0.3113
20953,3.8,0.3543
20954,55.68,0.4056
20955,178.71,0.3631
20956,188.68,0.3691
20957,11.27,0.3315
20958,10.28,0.1896
20959,15.28,0.0298
20960,26.22,0.0294
20961,16.97,0.0346
20962,10.87,0.03
20963,15.88,0.0328
20964,10.28,0.0428
20965,29.22,0.0845
20966,27.78,0.0714
20967,55.65,0.1579
20968,1.77,0.2614
20969,103.22,0.2675
20970,140.46,0.2251
20971,34.28,0.4125
20972,10.18,0.4423
20973,203.11,0.4376
20974,135.22,0.5635
20975,135.4,0.6738
20976,169.61,0.4943
20977,128.66,0.493
20978,10.18,0.4933
20979,133.92,0.4661
20980,135.72,0.5165
20981,140.37,0.6573
20982,182.74,0.6757
20983,161.46,0.6884
20984,153.7,0.7299
20985,149.4,0.7583
20986,184.91,0.6697
20987,213.34,0.5379
20988,66.26,0.5887
20989,12.02,0.5786
20990,204.0,0.4404
20991,174.09,0.3836
20992,64.81,0.4999
20993,5.24,0.4529
20994,136.94,0.4079
20995,153.59,0.4032
20996,125.67,0.405
20997,59.75,0.3397
20998,7.16,0.2179
20999,66.86,0.1165
21000,22.73,0.274
21001,16.68,0.3983
21002,228.96,0.4698
21003,140.68,0.5771
21004,143.77,0.5907
21005,137.98,0.3876
21006,31.3,0.2707
21007,10.7,0.1488
21008,15.13,0.217
21009,12.73,0.3219
21010,211.24,0.3744
21011,144.07,0.3653
21012,67.08,0.3985
21013,5.36,0.2093
21014,48.4,0.2532
21015,8.02,0.3243
21016,191.17,0.3549
21017,143.53,0.3221
21018,38.23,0.3628
21019,13.11,0.1993
21020,51.77,0.1
21021,15.46,0.077
21022,36.86,0.0729
21023,13.49,0.0401
21024,8.71,0.085
21025,16.52,0.1003
21026,63.72,0.1041
21027,53.28,0.1082
21028,17.58,0.1944
21029,13.16,0.3058
21030,109.1,0.3778
21031,183.46,0.3934
21032,130.63,0.395
21033,34.38,0.4184
21034,14.86,0.3784
21035,134.19,0.476
21036,140.53,0.6303
21037,235.5,0.6486
21038,200.18,0.5264
21039,34.45,0.4458
21040,2.95,0.2683
21041,53.88,0.0913
21042,44.78,0.1106
21043,10.02,0.2662
21044,55.2,0.3454
21045,170.15,0.4308
21046,138.96,0.4283
21047,136.51,0.3932
21048,7.34,0.2786
21049,17.47,0.3376
21050,47.1,0.3882
21051,202.28,0.3912
21052,190.87,0.4319
21053,10.66,0.5168
21054,61.19,0.4862
21055,138.27,0.4558
21056,169.44,0.577
21057,158.21,0.5503
21058,140.87,0.4336
21059,32.44,0.405
21060,12.96,0.3882
21061,138.69,0.3954
21062,140.12,0.5037
21063,148.59,0.6222
21064,148.83,0.6235
21065,140.3,0.6228
21066,140.07,0.6135
21067,139.34,0.4854
21068,138.63,0.3807
21069,11.19,0.3099
21070,27.84,0.3675
21071,63.92,0.3102
21072,201.31,0.3285
21073,77.03,0.4463
21074,30.9,0.5319
21075,154.34,0.4749
21076,155.89,0.529
21077,140.15,0.6399
21078,135.16,0.6328
21079,150.06,0.5615
21080,146.68,0.4559
21081,79.23,0.3439
21082,26.72,0.3416
21083,14.82,0.3793
21084,147.54,0.3619
21085,187.18,0.5376
21086,60.6,0.7046
21087,215.45,0.6956
21088,194.28,0.5405
21089,137.89,0.604
21090,20.53,0.5995
21091,128.79,0.43
21092,210.66,0.3143
21093,12.19,0.319
21094,13.56,0.4163
21095,25.58,0.3519
21096,233.28,0.4936
21097,141.49,0.5168
21098,164.44,0.5403
21099,38.53,0.3409
21100,50.76,0.4057
21101,19.11,0.3742
21102,211.05,0.4687
21103,130.59,0.5506
21104,140.11,0.652
21105,138.77,0.5841
21106,127.99,0.4747
21107,138.11,0.359
21108,13.1,0.2832
21109,15.75,0.2002
21110,57.31,0.2614
21111,38.86,0.4281
21112,203.82,0.4184
21113,192.21,0.3987
21114,5.33,0.5445
21115,36.19,0.5341
21116,195.51,0.5242
21117,192.63,0.6601
21118,181.54,0.7478
21119,151.39,0.6928
21120,130.44,0.6387
21121,136.35,0.5109
21122,134.57,0.4448
21123,44.2,0.4539
21124,80.36,0.3478
21125,140.24,0.2701
21126,22.28,0.2383
21127,51.18,0.169
21128,10.01,0.0804
21129,5.86,0.0696
21130,45.07,0.1622
21131,10.61,0.2794
21132,150.76,0.323
21133,135.95,0.3047
21134,52.65,0.4901
21135,25.42,0.4814
21136,209.87,0.4871
21137,141.3,0.577
21138,142.18,0.6799
21139,149.18,0.5342
21140,135.97,0.5398
21141,53.35,0.5537
21142,147.34,0.629
21143,157.1,0.6366
21144,230.05,0.7772
21145,144.12,0.6994
21146,204.43,0.562
21147,63.82,0.4107
21148,9.43,0.2882
21149,67.53,0.1468
21150,12.46,0.1
21151,52.55,0.2369
21152,13.53,0.3225
21153,156.48,0.351
21154,159.46,0.3477
21155,43.13,0.5436
21156,48.99,0.6142
21157,223.99,0.6807
21158,232.35,0.7852
21159,230.92,0.752
21160,155.38,0.6029
21161,13.37,0.3912
21162,63.72,0.206
21163,4.97,0.1885
21164,31.86,0.2985
21165,136.57,0.3335
21166,131.63,0.3565
21167,101.28,0.4588
21168,29.72,0.4657
21169,141.75,0.3591
21170,144.01,0.3175
21171,17.07,0.2922
21172,56.6,0.2865
21173,2.53,0.2112
21174,135.66,0.2048
21175,63.05,0.3344
21176,10.22,0.5063
21177,195.83,0.5286
21178,187.2,0.5976
21179,159.69,0.7617
21180,137.14,0.7105
21181,186.51,0.5381
21182,140.84,0.4238
21183,1.93,0.3236
21184,36.92,0.2068
21185,29.48,0.2078
21186,61.01,0.3593
21187,141.95,0.5167
21188,164.68,0.6529
21189,206.04,0.7771
21190,175.86,0.6765
21191,194.46,0.6089
21192,33.83,0.5858
21193,92.06,0.4281
21194,181.24,0.2848
21195,6.4,0.2637
21196,40.51,0.3028
21197,11.09,0.2903
21198,134.16,0.441
21199,167.75,0.5303
21200,168.37,0.6828
21201,136.45,0.7042
21202,174.94,0.5514
21203,157.17,0.444
21204,3.49,0.3527
21205,53.0,0.2533
21206,38.42,0.2898
21207,68.13,0.4218
21208,196.34,0.506
21209,145.37,0.6468
21210,143.46,0.5976
21211,189.64,0.4396
21212,15.28,0.432
21213,26.58,0.4629
21214,137.2,0.3136
21215,176.67,0.3395
21216,29.19,0.3167
21217,43.11,0.3131
21218,2.13,0.3593
21219,133.28,0.4581
21220,226.32,0.4233
21221,135.4,0.4337
21222,5.65,0.344
21223,13.33,0.1569
21224,36.94,0.0428
21225,25.3,0.0526
21226,12.75,0.0543
21227,16.18,0.0534
21228,15.2,0.0428
21229,35.98,0.0838
21230,13.84,0.0718
21231,56.8,0.0987
21232,3.37,0.238
21233,44.08,0.3518
21234,185.58,0.3667
21235,136.18,0.3823
21236,72.84,0.4705
21237,20.07,0.4459
21238,138.86,0.4366
21239,159.11,0.4939
21240,126.21,0.5923
21241,134.37,0.4691
21242,125.9,0.4057
21243,6.42,0.437
21244,91.03,0.3711
21245,159.86,0.2742
21246,63.57,0.2897
21247,21.78,0.2154
21248,23.04,0.1118
21249,11.18,0.0666
21250,48.57,0.0829
21251,14.98,0.0732
21252,39.33,0.0922
21253,12.58,0.1935
21254,31.64,0.3144
21255,157.34,0.2871
21256,144.92,0.2905
21257,10.04,0.393
21258,16.2,0.3807
21259,141.78,0.378
21260,144.15,0.435
21261,141.95,0.4799
21262,71.29,0.5318
21263,64.51,0.5227
21264,197.48,0.5156
21265,134.43,0.5776
21266,134.27,0.7117
21267,137.94,0.6802
21268,208.58,0.6981
21269,163.66,0.7355
21270,153.67,0.7345
21271,174.39,0.5505
21272,136.84,0.4389
21273,10.89,0.4271
21274,43.81,0.393
21275,140.98,0.2721
21276,137.78,0.3196
21277,6.92,0.4442
21278,61.87,0.4809
21279,177.78,0.5221
21280,180.33,0.6969
21281,182.07,0.8202
21282,194.76,0.7872
21283,194.36,0.6541
21284,142.29,0.523
21285,37.34,0.402
21286,41.17,0.3863
21287,64.82,0.309
21288,177.39,0.3115
21289,59.27,0.4646
21290,40.07,0.5374
21291,205.63,0.5258
21292,143.01,0.4811
21293,165.0,0.4958
21294,11.23,0.4803
21295,55.86,0.4089
21296,189.0,0.2677
21297,66.28,0.2862
21298,13.24,0.3636
21299,31.14,0.3112
21300,138.96,0.3733
21301,132.79,0.5527
21302,133.0,0.699
21303,205.92,0.7474
21304,188.37,0.6609
21305,190.96,0.5448
21306,39.82,0.4147
21307,8.28,0.3601
21308,66.19,0.3177
21309,129.69,0.4141
21310,145.37,0.4181
21311,143.42,0.3689
21312,12.54,0.2634
21313,13.3,0.2697
21314,16.44,0.3002
21315,152.1,0.4121
21316,176.2,0.4091
21317,132.76,0.4437
21318,10.01,0.429
21319,53.63,0.4153
21320,136.29,0.4513
21321,161.58,0.5845
21322,171.44,0.663
21323,153.12,0.6652
21324,137.99,0.5266
21325,138.61,0.3812
21326,12.62,0.2512
21327,15.2,0.1771
21328,13.47,0.25
21329,58.39,0.414
21330,216.97,0.5754
21331,188.8,0.7377
21332,188.64,0.7183
21333,187.81,0.5594
21334,37.52,0.5293
21335,46.27,0.4922
21336,156.5,0.5154
21337,148.7,0.4911
21338,212.77,0.5071
21339,11.48,0.371
21340,63.46,0.354
21341,10.24,0.2777
21342,130.4,0.4244
21343,130.76,0.3736
21344,169.18,0.3978
21345,8.88,0.2887
21346,36.24,0.1742
21347,13.18,0.0292
21348,7.66,0.0729
21349,13.4,0.0656
21350,55.84,0.0622
21351,28.37,0.1119
21352,9.57,0.1452
21353,61.08,0.1108
21354,49.17,0.1622
21355,18.88,0.2879
21356,83.61,0.2617
21357,144.59,0.2341
21358,32.95,0.3454
21359,19.54,0.3902
21360,138.45,0.3961
21361,131.71,0.5603
21362,150.98,0.6705
21363,209.31,0.5455
21364,137.95,0.5379
21365,4.15,0.532
21366,123.53,0.4916
21367,144.67,0.4917
21368,165.86,0.6209
21369,138.06,0.6323
21370,143.05,0.6665
21371,135.75,0.6436
21372,181.38,0.6468
21373,141.26,0.564
21374,141.53,0.4622
21375,54.07,0.4901
21376,26.38,0.4831
21377,211.34,0.4027
21378,133.76,0.3947
21379,55.15,0.5098
21380,45.48,0.4315
21381,150.02,0.4406
21382,127.21,0.5328
21383,143.51,0.5234
21384,154.23,0.3955
21385,35.44,0.2913
21386,12.58,0.1716
21387,15.21,0.0739
21388,14.86,0.1869
21389,49.3,0.3039
21390,156.86,0.4684
21391,138.34,0.4732
21392,191.93,0.4801
21393,20.04,0.346
21394,56.73,0.2284
21395,12.76,0.1782
21396,11.97,0.2808
21397,138.0,0.2696
21398,130.24,0.2764
21399,44.7,0.2703
21400,20.08,0.1509
21401,5.39,0.1812
21402,9.7,0.3285
21403,162.8,0.3665
21404,203.04,0.3705
21405,60.82,0.3982
21406,9.74,0.2498
21407,39.49,0.1123
21408,3.3,0.0651
21409,55.3,0.0853
21410,10.14,0.06
21411,31.46,0.1032
21412,12.22,0.0664
21413,49.81,0.0855
21414,15.73,0.0667
21415,30.62,0.149
21416,11.26,0.2447
21417,100.69,0.3722
21418,152.62,0.3807
21419,152.77,0.3757
21420,39.76,0.495
21421,5.86,0.483
21422,228.82,0.5176
21423,139.74,0.6289
21424,189.96,0.7854
21425,159.38,0.74
21426,173.94,0.6424
21427,180.1,0.4717
21428,34.86,0.3779
21429,6.51,0.2264
21430,58.61,0.1862
21431,11.14,0.3541
21432,136.9,0.4603
21433,215.34,0.4391
21434,120.62,0.4684
21435,35.82,0.3423
21436,42.62,0.3401
21437,1.45,0.4122
21438,212.88,0.3811
21439,198.14,0.3943
21440,2.4,0.5643
21441,56.8,0.5264
21442,184.05,0.5343
21443,172.16,0.6859
21444,206.62,0.6485
21445,165.38,0.4784
21446,16.53,0.3743
21447,1.38,0.2154
21448,60.25,0.2735
21449,35.92,0.4163
21450,227.8,0.4966
21451,169.9,0.4502
21452,87.7,0.6037
21453,10.45,0.5198
21454,200.81,0.3961
21455,137.64,0.3286
21456,37.04,0.3696
21457,15.16,0.3236
21458,54.42,0.2683
21459,151.4,0.248
21460,78.21,0.3718
21461,15.25,0.4472
21462,148.16,0.5069
21463,135.46,0.6262
21464,215.51,0.811
21465,206.4,0.8731
21466,213.82,0.8333
21467,214.92,0.6824
21468,92.68,0.5106
21469,53.42,0.3624
21470,21.78,0.1733
21471,54.59,0.2169
21472,11.71,0.331
21473,139.5,0.4394
21474,176.06,0.5395
21475,138.24,0.5522
21476,162.16,0.4257
21477,25.35,0.3947
21478,3.56,0.4597
21479,142.8,0.328
21480,208.08,0.3148
21481,20.6,0.4491
21482,11.15,0.4707
21483,147.92,0.4181
21484,165.99,0.4421
21485,151.56,0.463
21486,46.42,0.3617
21487,33.56,0.2557
21488,39.06,0.1215
21489,52.18,0.2208
21490,7.29,0.3703
21491,153.13,0.3768
21492,194.2,0.3355
21493,46.01,0.4747
21494,7.83,0.481
21495,156.89,0.3522
21496,159.87,0.3233
21497,55.83,0.5139
21498,14.98,0.5884
21499,212.57,0.4567
21500,236.98,0.4091
21501,18.37,0.4923
21502,4.68,0.4294
21503,104.37,0.3494
21504,144.93,0.4721
21505,151.04,0.4791
21506,150.24,0.4125
21507,12.18,0.3187
21508,32.8,0.24
21509,44.15,0.1116
21510,66.48,0.1346
21511,12.34,0.1093
21512,36.82,0.1334
21513,5.69,0.0819
21514,70.04,0.1939
21515,11.14,0.2919
21516,132.62,0.3111
21517,142.13,0.2946
21518,26.32,0.4242
21519,52.28,0.4229
21520,150.47,0.3004
21521,131.22,0.2799
21522,10.44,0.3586
21523,4.27,0.3494
21524,136.9,0.4572
21525,140.62,0.6239
21526,247.0,0.7691
21527,189.6,0.7018
21528,160.28,0.5835
21529,64.54,0.3647
21530,13.54,0.2101
21531,11.95,0.0864
21532,23.5,0.18
21533,27.26,0.2983
21534,165.12,0.3038
21535,140.65,0.2836
21536,17.84,0.3164
21537,1.82,0.1707
21538,62.56,0.2366
21539,8.52,0.3437
21540,211.44,0.3883
21541,132.92,0.3357
21542,49.8,0.4564
21543,6.0,0.3811
21544,138.27,0.3812
21545,130.49,0.466
21546,132.99,0.4931
21547,140.95,0.41
21548,35.09,0.3204
21549,49.02,0.2076
21550,34.25,0.0806
21551,11.75,0.091
21552,4.46,0.1693
21553,46.27,0.2708
21554,133.18,0.4221
21555,143.29,0.5433
21556,174.32,0.5116
21557,134.75,0.4279
21558,12.21,0.303
21559,43.2,0.3422
21560,9.12,0.3295
21561,216.43,0.3636
21562,121.09,0.549
21563,48.84,0.6782
21564,242.36,0.6122
21565,147.94,0.6464
21566,145.54,0.7995
21567,157.85,0.6304
21568,213.37,0.6762
21569,60.68,0.7335
21570,197.12,0.6816
21571,207.14,0.5394
21572,102.0,0.5006
21573,60.62,0.3196
21574,19.02,0.1368
21575,2.62,0.0751
21576,10.74,0.0403
21577,35.68,0.0704
21578,23.19,0.1398
21579,51.39,0.3266
21580,77.22,0.2994
21581,211.42,0.3376
21582,6.5,0.2969
21583,64.24,0.2722
21584,7.58,0.08
21585,50.74,0.2926
21586,4.94,0.3413
21587,234.84,0.3761
21588,116.6,0.3417
21589,44.95,0.4666
21590,13.79,0.3739
21591,139.19,0.3933
21592,135.22,0.4777
21593,137.42,0.4853
21594,135.68,0.3685
21595,21.96,0.2466
21596,13.69,0.1666
21597,4.27,0.0709
21598,51.36,0.1106
21599,32.86,0.2221
21600,64.61,0.3789
21601,133.5,0.3461
21602,172.81,0.3427
21603,16.03,0.2942
21604,29.25,0.186
21605,12.46,0.1226
21606,17.3,0.2699
21607,104.72,0.2692
21608,174.22,0.3067
21609,28.52,0.2938
21610,52.82,0.206
21611,3.36,0.0707
21612,10.42,0.0967
21613,28.9,0.0541
21614,56.47,0.0608
21615,7.01,0.0871
21616,10.52,0.088
21617,38.7,0.0466
21618,29.83,0.0525
21619,12.01,0.2369
21620,13.34,0.3291
21621,208.62,0.3915
21622,137.82,0.4268
21623,96.82,0.5374
21624,50.0,0.5009
21625,132.19,0.5085
21626,169.36,0.5399
21627,145.95,0.623
21628,130.64,0.5258
21629,139.22,0.3822
21630,27.73,0.2919
21631,15.13,0.292
21632,48.9,0.2953
21633,130.82,0.3915
21634,142.74,0.3877
21635,131.03,0.3544
21636,11.11,0.4274
21637,13.1,0.4224
21638,209.28,0.305
21639,137.3,0.3128
21640,4.92,0.4898
21641,19.52,0.5231
21642,203.27,0.4142
21643,244.98,0.4686
21644,20.34,0.6449
21645,63.41,0.6602
21646,208.96,0.584
21647,219.69,0.693
21648,163.1,0.7748
21649,137.46,0.7047
21650,151.26,0.6474
21651,133.62,0.6228
21652,158.15,0.5301
21653,136.72,0.4228
21654,37.76,0.3015
21655,35.97,0.1911
21656,3.37,0.1156
21657,39.47,0.0866
21658,55.61,0.0643
21659,6.65,0.0703
21660,12.02,0.1738
21661,9.74,0.2561
21662,150.67,0.2614
21663,144.06,0.2652
21664,12.36,0.3728
21665,16.12,0.3734
21666,125.33,0.428
21667,151.3,0.5628
21668,202.76,0.7786
21669,157.17,0.8199
21670,248.02,0.6876
21671,169.72,0.5594
21672,9.07,0.4235
21673,65.09,0.2179
21674,11.11,0.0641
21675,27.12,0.1096
21676,4.51,0.0743
21677,57.94,0.0863
21678,27.12,0.0737
21679,24.09,0.0722
21680,13.52,0.1117
21681,2.93,0.2284
21682,100.34,0.2905
21683,152.58,0.2822
21684,90.74,0.2977
21685,4.62,0.3512
21686,19.64,0.3835
21687,157.74,0.4556
21688,187.3,0.5835
21689,168.2,0.5774
21690,142.09,0.4667
21691,13.11,0.2986
21692,38.75,0.1858
21693,6.73,0.2438
21694,46.9,0.4326
21695,204.42,0.4046
21696,215.96,0.453
21697,8.75,0.602
21698,58.66,0.574
21699,206.98,0.4653
21700,174.41,0.5923
21701,99.14,0.6651
21702,145.22,0.5964
21703,136.84,0.4467
21704,133.15,0.3655
21705,13.58,0.4146
21706,11.9,0.4286
21707,198.0,0.4375
21708,151.82,0.5883
21709,142.75,0.7494
21710,175.59,0.7628
21711,185.01,0.6305
21712,212.43,0.5559
21713,9.7,0.4003
21714,62.57,0.2909
21715,8.34,0.227
21716,67.54,0.3694
21717,143.76,0.3619
21718,162.67,0.3676
21719,54.5,0.3086
21720,14.5,0.227
21721,4.16,0.2235
21722,56.08,0.311
21723,158.91,0.4204
21724,148.54,0.426
21725,131.99,0.5881
21726,10.2,0.5766
21727,230.27,0.6361
21728,146.53,0.7116
21729,212.52,0.8868
21730,213.03,0.6792
21731,198.51,0.5664
21732,7.21,0.5005
21733,25.32,0.3984
21734,141.64,0.2262
21735,103.42,0.266
21736,13.46,0.2545
21737,49.93,0.164
21738,12.98,0.1925
21739,44.44,0.3693
21740,134.0,0.3384
21741,203.42,0.3841
21742,16.76,0.5099
21743,62.04,0.5564
21744,179.6,0.4005
21745,184.04,0.5759
21746,35.9,0.6823
21747,205.15,0.6984
21748,176.46,0.7074
21749,196.82,0.799
21750,193.76,0.6415
21751,134.26,0.6033
21752,35.98,0.5784
21753,135.38,0.5644
21754,170.11,0.6309
21755,178.74,0.7886
21756,205.66,0.6759
21757,205.44,0.5593
21758,14.28,0.5367
21759,44.84,0.4917
21760,154.42,0.3177
21761,157.3,0.3537
21762,18.52,0.4384
21763,52.97,0.4142
21764,135.85,0.2763
21765,128.38,0.3135
21766,9.1,0.4656
21767,58.51,0.5144
21768,216.47,0.5178
21769,188.2,0.6821
21770,132.04,0.651
21771,185.64,0.4722
21772,25.08,0.3512
21773,24.43,0.2305
21774,58.2,0.0692
21775,2.33,0.2259
21776,12.3,0.3205
21777,193.42,0.2712
21778,126.15,0.4182
21779,5.18,0.5523
21780,160.27,0.5592
21781,156.43,0.4694
21782,200.82,0.5103
21783,29.68,0.4862
21784,49.06,0.447
21785,134.4,0.2877
21786,114.28,0.3157
21787,29.72,0.4501
21788,59.79,0.5158
21789,193.4,0.591
21790,204.97,0.6249
21791,195.12,0.5763
21792,66.19,0.4392
21793,7.52,0.4091
21794,46.07,0.3886
21795,172.65,0.4831
21796,173.13,0.5983
21797,167.72,0.6838
21798,131.25,0.6915
21799,138.0,0.5397
21800,180.92,0.4477
21801,10.01,0.3311
21802,68.9,0.4009
21803,5.96,0.37
21804,213.01,0.4866
21805,147.64,0.4362
21806,135.29,0.4555
21807,14.8,0.387
21808,26.72,0.4
21809,139.31,0.3965
21810,161.7,0.5052
21811,131.46,0.6389
21812,131.68,0.6671
21813,170.3,0.5343
21814,169.59,0.4143
21815,19.06,0.494
21816,2.54,0.5266
21817,217.25,0.4376
21818,205.38,0.4303
21819,73.94,0.4638
21820,11.2,0.2748
21821,38.52,0.1198
21822,14.22,0.0628
21823,38.9,0.1688
21824,12.68,0.2497
21825,125.1,0.403
21826,125.37,0.3909
21827,178.98,0.4192
21828,25.84,0.4255
21829,43.09,0.4362
21830,131.88,0.462
21831,136.86,0.6368
21832,206.67,0.6069
21833,213.67,0.5108
21834,10.96,0.4347
21835,28.71,0.2973
21836,55.09,0.1096
21837,59.03,0.1157
21838,12.0,0.0981
21839,17.5,0.1849
21840,9.82,0.273
21841,148.34,0.3014
21842,153.68,0.2947
21843,42.5,0.2998
21844,10.35,0.3615
21845,15.28,0.3141
21846,214.6,0.2839
21847,102.77,0.4006
21848,10.07,0.5548
21849,135.76,0.5118
21850,180.92,0.5862
21851,168.44,0.7295
21852,182.67,0.7456
21853,164.04,0.6677
21854,153.09,0.5372
21855,97.13,0.4122
21856,28.22,0.4886
21857,48.4,0.4808
21858,246.1,0.4065
21859,144.72,0.3819
21860,17.31,0.3887
21861,1.83,0.1726
21862,55.7,0.0778
21863,13.94,0.071
21864,42.8,0.1988
21865,10.05,0.2796
21866,139.15,0.2978
21867,142.54,0.2698
21868,33.44,0.4394
21869,12.67,0.4498
21870,192.31,0.4431
21871,150.37,0.5431
21872,135.29,0.5905
21873,140.94,0.4152
21874,63.57,0.4425
21875,3.98,0.4764
21876,179.66,0.5355
21877,171.74,0.4855
21878,204.46,0.5123
21879,9.8,0.3956
21880,32.79,0.4294
21881,54.3,0.3901
21882,208.03,0.4042
21883,162.28,0.3829
21884,24.94,0.4824
21885,9.86,0.453
21886,161.2,0.3642
21887,176.41,0.3438
21888,66.91,0.5343
21889,3.06,0.5854
21890,214.5,0.5664
21891,216.07,0.6899
21892,155.99,0.7057
21893,199.63,0.5202
21894,20.01,0.3629
21895,15.2,0.3597
21896,47.08,0.2987
21897,152.62,0.4047
21898,134.06,0.5685
21899,133.84,0.7115
21900,191.28,0.7483
21901,200.64,0.7663
21902,192.23,0.8181
21903,153.41,0.6764
21904,189.4,0.5688
21905,39.11,0.5486
21906,85.0,0.5766
21907,170.52,0.4458
21908,183.48,0.4133
21909,48.9,0.4757
21910,4.14,0.438
21911,152.11,0.4062
21912,129.95,0.4876
21913,149.36,0.494
21914,136.37,0.3574
21915,10.98,0.4502
21916,5.33,0.4476
21917,229.64,0.4729
21918,146.64,0.6623
21919,163.52,0.7807
21920,214.42,0.7088
21921,132.59,0.5755
21922,152.35,0.4299
21923,3.46,0.2654
21924,7.05,0.17
21925,37.74,0.1533
21926,30.07,0.2879
21927,134.36,0.2959
21928,148.09,0.2734
21929,15.64,0.2875
21930,13.54,0.1694
21931,45.28,0.1535
21932,7.44,0.2646
21933,131.0,0.2936
21934,135.04,0.2578
21935,44.75,0.4035
21936,6.72,0.4096
21937,164.04,0.4164
21938,137.57,0.505
21939,142.32,0.611
21940,139.95,0.4841
21941,120.61,0.3651
21942,27.75,0.2467
21943,9.64,0.1284
21944,15.11,0.0599
21945,12.82,0.0704
21946,47.08,0.2598
21947,38.95,0.3738
21948,213.2,0.4034
21949,137.62,0.3656
21950,44.58,0.3935
21951,6.51,0.2056
21952,68.89,0.2162
21953,11.29,0.3006
21954,149.03,0.3267
21955,135.23,0.2761
21956,34.56,0.2858
21957,14.58,0.159
21958,21.65,0.0434
21959,12.82,0.0234
21960,11.04,0.0513
21961,13.01,0.0661
21962,44.64,0.0646
21963,37.52,0.0589
21964,11.21,0.065
21965,4.89,0.0886
21966,19.6,0.1844
21967,69.98,0.1866
21968,140.44,0.1955
21969,13.58,0.1875
21970,14.48,0.3056
21971,10.95,0.3482
21972,196.94,0.5112
21973,186.18,0.6018
21974,188.66,0.6462
21975,111.88,0.4693
21976,58.67,0.3321
21977,6.9,0.1686
21978,38.76,0.1151
21979,12.96,0.0752
21980,54.36,0.1059
21981,15.79,0.0822
21982,39.91,0.1876
21983,13.32,0.2653
21984,126.23,0.3041
21985,137.78,0.3023
21986,57.5,0.4817
21987,38.02,0.4983
21988,206.08,0.3802
21989,144.01,0.353
21990,10.93,0.3322
21991,28.2,0.2927
21992,15.72,0.3214
21993,163.63,0.4498
21994,174.85,0.4312
21995,148.93,0.4779
21996,8.19,0.3322
21997,65.85,0.3078
21998,7.14,0.3033
21999,148.61,0.4525
22000,144.08,0.5714
22001,168.5,0.7021
22002,193.58,0.6964
22003,147.57,0.5719
22004,142.5,0.4484
22005,10.3,0.3166
22006,35.85,0.1906
22007,51.94,0.2033
22008,12.2,0.4171
22009,156.18,0.4415
22010,239.98,0.611
22011,62.04,0.7574
22012,234.08,0.7438
22013,169.54,0.6513
22014,141.57,0.7506
22015,140.58,0.5768
22016,168.72,0.4284
22017,47.31,0.3427
22018,10.14,0.4319
22019,49.49,0.4583
22020,236.42,0.6084
22021,197.06,0.6427
22022,208.59,0.6044
22023,47.0,0.4546
22024,8.29,0.3021
22025,75.45,0.1462
22026,33.25,0.1155
22027,41.1,0.2486
22028,14.06,0.3254
22029,151.24,0.3232
22030,157.94,0.3357
22031,30.94,0.3349
22032,54.53,0.2079
22033,13.16,0.2575
22034,14.82,0.4445
22035,211.21,0.4695
22036,231.92,0.5143
22037,81.34,0.5098
22038,61.29,0.352
22039,10.02,0.1388
22040,41.64,0.1122
22041,2.85,0.0645
22042,52.71,0.0813
22043,10.07,0.0465
22044,28.09,0.1002
22045,4.23,0.0885
22046,60.58,0.1111
22047,40.12,0.0944
22048,34.31,0.2393
22049,10.22,0.3218
22050,159.85,0.3121
22051,149.28,0.469
22052,29.72,0.6532
22053,202.89,0.6488
22054,208.13,0.7118
22055,155.06,0.694
22056,217.0,0.5177
22057,10.62,0.3349
22058,13.45,0.2294
22059,11.69,0.041
22060,41.74,0.0787
22061,14.52,0.2704
22062,51.17,0.4444
22063,219.43,0.6028
22064,198.68,0.7871
22065,211.86,0.8736
22066,212.52,0.6963
22067,144.13,0.5441
22068,28.98,0.5467
22069,35.17,0.432
22070,214.56,0.325
22071,89.27,0.3108
22072,29.22,0.4071
22073,13.72,0.3339
22074,138.68,0.3767
22075,135.9,0.4822
22076,135.17,0.4748
22077,142.66,0.3657
22078,5.72,0.4091
22079,21.52,0.4203
22080,182.47,0.4456
22081,147.22,0.5783
22082,169.9,0.6958
22083,148.25,0.7394
22084,147.76,0.769
22085,229.36,0.7488
22086,179.0,0.6975
22087,148.22,0.5703
22088,93.04,0.4769
22089,11.12,0.4391
22090,129.08,0.3321
22091,138.33,0.27
22092,33.24,0.2636
22093,26.3,0.3091
22094,4.24,0.3189
22095,177.97,0.4823
22096,148.87,0.4616
22097,208.83,0.4767
22098,4.07,0.4412
22099,20.45,0.4609
22100,139.83,0.3946
22101,170.02,0.5169
22102,137.59,0.5106
22103,135.49,0.4346
22104,13.73,0.289
22105,58.13,0.2192
22106,13.56,0.0962
22107,62.61,0.1372
22108,3.34,0.2896
22109,57.83,0.4091
22110,221.84,0.4867
22111,141.94,0.4897
22112,145.96,0.5321
22113,6.6,0.4749
22114,103.38,0.5112
22115,160.35,0.5134
22116,181.02,0.6409
22117,148.24,0.5541
22118,143.64,0.4152
22119,10.09,0.437
22120,11.09,0.4237
22121,204.46,0.4387
22122,134.0,0.6244
22123,159.78,0.6245
22124,209.58,0.4881
22125,11.2,0.3689
22126,57.88,0.2619
22127,5.92,0.0787
22128,44.87,0.1175
22129,12.67,0.1931
22130,52.92,0.315
22131,139.11,0.2928
22132,136.85,0.2847
22133,21.09,0.3704
22134,3.97,0.3647
22135,145.02,0.3611
22136,132.94,0.5246
22137,132.94,0.6493
22138,196.81,0.5162
22139,137.91,0.4392
22140,2.02,0.354
22141,50.27,0.1778
22142,41.39,0.0928
22143,7.48,0.1126
22144,46.52,0.1414
22145,23.31,0.2374
22146,81.26,0.3717
22147,144.51,0.3409
22148,151.73,0.3564
22149,13.46,0.4357
22150,39.97,0.4522
22151,166.42,0.3127
22152,162.25,0.3592
22153,1.93,0.5287
22154,63.4,0.5673
22155,222.04,0.6065
22156,207.96,0.7409
22157,204.36,0.6914
22158,146.26,0.5352
22159,10.21,0.3818
22160,54.23,0.2051
22161,43.17,0.0813
22162,14.45,0.0832
22163,13.32,0.1237
22164,12.19,0.2766
22165,97.8,0.3115
22166,207.46,0.3047
22167,51.9,0.3374
22168,6.05,0.2523
22169,47.34,0.1216
22170,6.32,0.201
22171,67.04,0.3091
22172,137.21,0.2792
22173,122.26,0.3076
22174,15.16,0.3792
22175,36.84,0.375
22176,143.94,0.3911
22177,132.78,0.5323
22178,139.54,0.5201
22179,166.86,0.4409
22180,23.76,0.4719
22181,58.84,0.4733
22182,166.05,0.5149
22183,141.06,0.6288
22184,211.5,0.7611
22185,146.21,0.7842
22186,200.96,0.811
22187,190.87,0.752
22188,169.84,0.648
22189,148.16,0.666
22190,34.45,0.6233
22191,220.24,0.5964
22192,145.0,0.4663
22193,141.0,0.4952
22194,8.37,0.4264
22195,65.41,0.5223
22196,146.32,0.5596
22197,248.06,0.6933
22198,181.1,0.7701
22199,152.04,0.799
22200,147.96,0.5732
22201,177.32,0.4101
22202,5.48,0.2804
22203,5.8,0.1863
22204,12.76,0.1512
22205,46.76,0.2725
22206,139.68,0.3868
22207,135.81,0.3781
22208,128.58,0.3837
22209,3.44,0.2789
22210,52.78,0.2988
22211,27.1,0.3689
22212,157.12,0.499
22213,203.9,0.4527
22214,143.27,0.5383
22215,3.0,0.5259
22216,119.07,0.4701
22217,143.8,0.477
22218,143.91,0.6021
22219,150.76,0.5048
22220,137.42,0.3851
22221,14.54,0.2653
22222,15.18,0.1362
22223,15.18,0.0247
22224,12.04,0.0488
22225,17.64,0.0961
22226,40.36,0.1016
22227,66.06,0.2257
22228,21.05,0.2697
22229,145.38,0.2425
22230,64.92,0.19
22231,11.18,0.296
22232,9.68,0.2563
22233,134.86,0.2033
22234,102.78,0.3209
22235,7.98,0.4537
22236,137.54,0.4572
22237,152.36,0.4877
22238,138.6,0.6183
22239,135.57,0.628
22240,148.29,0.595
22241,147.93,0.4718
22242,116.9,0.4041
22243,6.24,0.4673
22244,62.87,0.4541
22245,216.19,0.3575
22246,133.69,0.3624
22247,13.18,0.3205
22248,11.5,0.1537
22249,17.77,0.0873
22250,36.96,0.0904
22251,62.37,0.1995
22252,16.54,0.401
22253,128.76,0.4241
22254,234.19,0.3863
22255,61.86,0.5799
22256,21.77,0.6191
22257,224.48,0.5569
22258,170.87,0.6335
22259,167.43,0.6857
22260,144.07,0.4872
22261,77.86,0.4643
22262,11.25,0.465
22263,146.23,0.4596
22264,168.24,0.4221
22265,138.27,0.4358
22266,37.59,0.3024
22267,25.96,0.2338
22268,2.82,0.2946
22269,94.54,0.4411
22270,203.57,0.458
22271,195.08,0.4646
22272,44.06,0.5157
22273,9.9,0.3567
22274,149.54,0.1855
22275,32.68,0.2899
22276,11.15,0.4187
22277,156.26,0.4074
22278,148.25,0.5539
22279,137.38,0.586
22280,190.14,0.4496
22281,45.6,0.3471
22282,9.75,0.4268
22283,38.09,0.3899
22284,223.02,0.5362
22285,150.47,0.6509
22286,202.74,0.7973
22287,133.0,0.7737
22288,195.42,0.8086
22289,197.65,0.764
22290,187.96,0.6515
22291,154.82,0.5108
22292,12.17,0.5023
22293,44.26,0.4961
22294,188.46,0.4024
22295,181.29,0.4014
22296,54.2,0.4989
22297,11.11,0.4974
22298,149.01,0.4913
22299,186.84,0.5998
22300,174.74,0.6419
22301,170.74,0.6318
22302,56.36,0.6062
22303,138.12,0.5836
22304,159.35,0.5593
22305,150.49,0.6338
22306,144.67,0.6312
22307,136.35,0.5311
22308,135.32,0.4182
22309,51.78,0.2935
22310,29.26,0.3905
22311,10.59,0.469
22312,240.61,0.6177
22313,219.68,0.5945
22314,211.57,0.6204
22315,4.27,0.4348
22316,38.41,0.415
22317,41.21,0.3928
22318,198.48,0.4358
22319,187.63,0.4023
22320,50.57,0.5034
22321,2.33,0.5093
22322,149.89,0.5122
22323,204.82,0.623
22324,190.78,0.826
22325,169.59,0.8256
22326,220.39,0.7006
22327,149.46,0.526
22328,70.54,0.3882
22329,3.14,0.1904
22330,21.58,0.1009
22331,7.87,0.1616
22332,53.29,0.284
22333,135.8,0.2764
22334,134.56,0.2714
22335,13.45,0.2547
22336,2.48,0.1564
22337,35.37,0.2277
22338,30.2,0.4311
22339,211.13,0.4562
22340,232.0,0.4296
22341,29.49,0.4594
22342,6.74,0.2674
22343,62.27,0.1054
22344,4.76,0.0842
22345,58.02,0.1429
22346,6.64,0.1128
22347,69.86,0.1462
22348,29.9,0.1026
22349,40.72,0.0994
22350,11.15,0.0392
22351,3.19,0.0897
22352,5.14,0.1846
22353,84.22,0.1801
22354,142.62,0.1816
22355,6.34,0.3089
22356,4.78,0.3934
22357,141.98,0.4771
22358,174.93,0.4812
22359,232.58,0.5127
22360,10.76,0.396
22361,38.59,0.4279
22362,16.57,0.3414
22363,209.23,0.4657
22364,139.65,0.5753
22365,144.28,0.6891
22366,156.4,0.623
22367,138.87,0.6228
22368,138.21,0.6391
22369,139.45,0.5807
22370,161.75,0.4818
22371,93.7,0.5151
22372,32.56,0.5835
22373,173.99,0.4405
22374,213.0,0.3602
22375,8.07,0.3532
22376,7.45,0.3163
22377,25.0,0.3217
22378,134.32,0.4356
22379,218.78,0.6024
22380,130.5,0.7992
22381,186.67,0.8001
22382,236.44,0.6583
22383,135.29,0.5418
22384,66.36,0.5388
22385,5.41,0.4102
22386,183.42,0.3493
22387,98.22,0.2968
22388,69.86,0.4391
22389,10.03,0.4368
22390,158.29,0.3991
22391,180.98,0.3573
22392,57.67,0.4962
22393,24.98,0.4667
22394,159.21,0.3049
22395,126.6,0.2666
22396,7.1,0.373
22397,16.62,0.3876
22398,139.29,0.4215
22399,174.82,0.5513
22400,163.1,0.7075
22401,146.51,0.7055
22402,184.44,0.6532
22403,137.13,0.5118
22404,118.63,0.4165
22405,11.18,0.2613
22406,44.16,0.2631
22407,17.7,0.2731
22408,139.03,0.3
22409,129.38,0.2619
22410,40.04,0.2985
22411,3.3,0.178
22412,57.0,0.2535
22413,9.52,0.3541
22414,210.48,0.4061
22415,148.15,0.378
22416,59.22,0.4048
22417,26.77,0.22
22418,38.28,0.2678
22419,11.92,0.3381
22420,199.56,0.3933
22421,134.76,0.397
22422,86.1,0.3906
22423,42.24,0.2215
22424,5.03,0.1056
22425,17.9,0.0591
22426,10.25,0.0237
22427,36.14,0.0671
22428,4.15,0.0583
22429,51.62,0.0936
22430,8.46,0.0692
22431,48.22,0.1243
22432,9.93,0.0802
22433,63.34,0.1979
22434,4.24,0.3295
22435,134.92,0.354
22436,189.61,0.4059
22437,36.24,0.5329
22438,119.15,0.5945
22439,140.66,0.605
22440,201.08,0.7057
22441,200.89,0.7477
22442,144.48,0.8132
22443,164.3,0.6426
22444,211.03,0.489
22445,17.7,0.5565
22446,35.88,0.4448
22447,217.05,0.2559
22448,44.27,0.2544
22449,8.09,0.2496
22450,16.07,0.0562
22451,30.75,0.0403
22452,9.22,0.0433
22453,27.17,0.1763
22454,11.37,0.2183
22455,158.9,0.2658
22456,75.93,0.2495
22457,60.22,0.4179
22458,9.64,0.4768
22459,192.34,0.597
22460,222.12,0.6654
22461,205.16,0.6784
22462,133.72,0.5133
22463,23.58,0.3178
22464,14.92,0.1416
22465,12.06,0.0387
22466,15.92,0.0689
22467,23.07,0.0632
22468,56.09,0.0737
22469,8.82,0.1988
22470,23.24,0.3542
22471,150.34,0.4041
22472,190.12,0.4558
22473,109.66,0.6628
22474,64.34,0.6878
22475,245.74,0.5186
22476,177.15,0.4677
22477,8.31,0.417
22478,55.04,0.3397
22479,9.79,0.3082
22480,162.68,0.4617
22481,143.33,0.4801
22482,173.24,0.4988
22483,74.82,0.3577
22484,29.9,0.4139
22485,10.99,0.4405
22486,203.78,0.5507
22487,201.77,0.6611
22488,193.23,0.6539
22489,148.58,0.4902
22490,3.22,0.3572
22491,27.95,0.1831
22492,58.8,0.0653
22493,6.2,0.2526
22494,22.03,0.3673
22495,204.41,0.4472
22496,151.16,0.4729
22497,144.65,0.5363
22498,33.89,0.496
22499,90.11,0.5042
22500,161.08,0.4942
22501,160.05,0.5984
22502,133.84,0.532
22503,145.83,0.3883
22504,18.85,0.2887
22505,6.67,0.3337
22506,52.96,0.345
22507,182.2,0.4585
22508,157.98,0.4645
22509,140.79,0.4274
22510,13.12,0.395
22511,13.1,0.3735
22512,147.47,0.2541
22513,134.85,0.2717
22514,12.48,0.4499
22515,32.04,0.5139
22516,204.59,0.4195
22517,216.2,0.4618
22518,33.47,0.6244
22519,57.86,0.5928
22520,206.74,0.523
22521,170.68,0.6259
22522,141.14,0.6742
22523,144.06,0.4933
22524,109.76,0.4418
22525,12.36,0.4364
22526,115.36,0.443
22527,135.41,0.4929
22528,151.15,0.6547
22529,163.37,0.7198
22530,186.15,0.767
22531,185.36,0.6523
22532,186.08,0.5523
22533,27.9,0.3894
22534,55.9,0.2425
22535,11.18,0.1942
22536,27.51,0.1795
22537,134.17,0.144
22538,12.08,0.3178
22539,17.75,0.4777
22540,197.95,0.498
22541,199.32,0.6228
22542,155.94,0.7733
22543,146.17,0.7992
22544,179.46,0.6263
22545,225.86,0.5257
22546,13.51,0.3997
22547,47.84,0.3629
22548,10.77,0.2655
22549,139.93,0.3037
22550,121.24,0.303
22551,54.59,0.311
22552,46.99,0.1884
22553,19.41,0.0855
22554,8.21,0.0696
22555,10.62,0.1638
22556,37.53,0.2735
22557,148.2,0.2763
22558,137.32,0.2991
22559,11.18,0.4119
22560,35.12,0.41
22561,158.76,0.4293
22562,146.12,0.5443
22563,158.12,0.5228
22564,134.66,0.4202
22565,12.02,0.3108
22566,48.56,0.2045
22567,28.56,0.2678
22568,43.96,0.413
22569,202.62,0.3811
22570,168.01,0.3963
22571,14.29,0.5528
22572,44.91,0.5103
22573,212.12,0.4708
22574,156.95,0.4689
22575,125.59,0.5343
22576,12.3,0.4702
22577,115.15,0.3343
22578,143.26,0.2535
22579,10.9,0.3871
22580,38.72,0.4043
22581,155.92,0.4047
22582,133.56,0.5344
22583,143.73,0.5109
22584,150.27,0.4048
22585,13.46,0.2908
22586,41.88,0.2033
22587,11.08,0.2039
22588,49.74,0.3246
22589,150.91,0.3162
22590,143.18,0.3634
22591,32.79,0.3241
22592,61.8,0.1883
22593,7.5,0.0641
22594,5.06,0.0682
22595,9.72,0.1361
22596,37.18,0.263
22597,134.8,0.378
22598,143.87,0.382
22599,128.54,0.3938
22600,14.01,0.2823
22601,49.92,0.3539
22602,14.99,0.3914
22603,220.76,0.5961
22604,168.82,0.5607
22605,234.01,0.608
22606,11.84,0.4129
22607,65.79,0.2834
22608,11.23,0.0778
22609,29.68,0.1116
22610,13.06,0.0728
22611,48.2,0.0882
22612,24.02,0.0731
22613,27.81,0.063
22614,13.45,0.0364
22615,2.2,0.0563
22616,19.6,0.1677
22617,45.44,0.3166
22618,147.46,0.4158
22619,173.46,0.4069
22620,108.8,0.5058
22621,10.04,0.4985
22622,151.7,0.4663
22623,139.62,0.5013
22624,138.8,0.6855
22625,146.42,0.6629
22626,207.99,0.5431
22627,127.39,0.4568
22628,10.92,0.4969
22629,46.06,0.4339
22630,189.52,0.3252
22631,140.38,0.3505
22632,10.54,0.316
22633,38.11,0.1973
22634,8.99,0.095
22635,61.97,0.1264
22636,30.46,0.3119
22637,44.29,0.4972
22638,237.4,0.4708
22639,208.06,0.4739
22640,33.68,0.5592
22641,33.76,0.4847
22642,135.9,0.4224
22643,157.35,0.5317
22644,141.16,0.5696
22645,151.16,0.4464
22646,74.46,0.3495
22647,3.46,0.2275
22648,53.3,0.1369
22649,10.11,0.2589
22650,53.73,0.4262
22651,205.61,0.3799
22652,183.17,0.4639
22653,3.57,0.6001
22654,100.33,0.5528
22655,200.15,0.4218
22656,154.7,0.4543
22657,42.44,0.5609
22658,38.49,0.528
22659,214.9,0.4211
22660,164.82,0.4199
22661,39.75,0.5713
22662,41.24,0.5471
22663,201.14,0.6066
22664,188.84,0.7772
22665,228.78,0.7991
22666,223.09,0.6167
22667,64.74,0.4536
22668,5.18,0.2773
22669,13.58,0.0756
22670,39.33,0.0495
22671,6.38,0.0577
22672,36.74,0.082
22673,13.99,0.2297
22674,39.66,0.382
22675,198.02,0.3502
22676,170.03,0.3665
22677,2.58,0.4887
22678,31.56,0.4278
22679,170.86,0.2913
22680,132.67,0.3061
22681,23.32,0.4362
22682,18.54,0.4021
22683,171.33,0.4225
22684,134.16,0.5441
22685,154.6,0.5742
22686,154.01,0.4173
22687,50.87,0.4931
22688,2.69,0.4955
22689,215.64,0.5
22690,157.23,0.6825
22691,158.8,0.7278
22692,246.94,0.5385
22693,51.4,0.422
22694,12.22,0.4578
22695,32.02,0.3286
22696,197.34,0.2919
22697,108.05,0.4203
22698,12.04,0.5264
22699,150.14,0.4768
22700,145.99,0.4148
22701,144.07,0.4201
22702,41.4,0.2914
22703,17.72,0.2111
22704,11.96,0.21
22705,59.64,0.2988
22706,142.87,0.3296
22707,136.82,0.3278
22708,50.8,0.2926
22709,10.07,0.1701
22710,21.85,0.0812
22711,11.26,0.0434
22712,41.25,0.0453
22713,10.25,0.0575
22714,12.1,0.0571
22715,34.88,0.041
22716,10.91,0.0425
22717,23.88,0.0552
22718,11.9,0.2128
22719,25.7,0.3404
22720,204.26,0.3274
22721,147.98,0.4991
22722,9.95,0.6746
22723,196.42,0.6841
22724,214.25,0.7435
22725,214.48,0.9327
22726,211.74,0.7526
22727,213.28,0.5592
22728,2.84,0.5077
22729,6.5,0.447
22730,159.14,0.4241
22731,146.54,0.5937
22732,188.7,0.7461
22733,185.0,0.7843
22734,170.25,0.8353
22735,200.21,0.882
22736,201.34,0.7535
22737,238.87,0.5998
22738,46.92,0.5944
22739,5.13,0.5393
22740,194.41,0.3536
22741,142.15,0.322
22742,39.34,0.4448
22743,12.93,0.4029
22744,137.1,0.4114
22745,149.35,0.526
22746,151.32,0.6223
22747,162.43,0.5077
22748,116.4,0.3724
22749,14.04,0.2818
22750,3.93,0.1617
22751,54.01,0.2392
22752,33.32,0.3453
22753,199.76,0.4667
22754,128.02,0.458
22755,134.36,0.4383
22756,44.66,0.2703
22757,12.13,0.1652
22758,19.25,0.1692
22759,15.05,0.2511
22760,138.74,0.2708
22761,132.65,0.2657
22762,33.31,0.2948
22763,13.71,0.1826
22764,46.4,0.2464
22765,18.18,0.3493
22766,201.16,0.3432
22767,143.91,0.3078
22768,7.15,0.3275
22769,8.34,0.1763
22770,39.34,0.0523
22771,38.73,0.053
22772,10.69,0.0562
22773,7.86,0.0538
22774,11.76,0.0346
22775,36.73,0.0786
22776,18.16,0.0806
22777,57.93,0.1111
22778,10.06,0.0872
22779,44.49,0.2966
22780,11.04,0.4182
22781,243.15,0.4351
22782,188.64,0.4045
22783,28.12,0.5292
22784,11.69,0.4381
22785,144.99,0.3973
22786,145.24,0.4898
22787,144.81,0.6289
22788,127.51,0.6215
22789,161.2,0.6105
22790,137.07,0.5148
22791,133.34,0.4011
22792,42.0,0.2727
22793,5.42,0.3361
22794,23.16,0.3727
22795,205.18,0.4764
22796,172.74,0.5387
22797,153.4,0.5269
22798,72.33,0.3956
22799,10.53,0.4186
22800,64.04,0.4079
22801,197.44,0.3687
22802,141.93,0.373
22803,30.22,0.4505
22804,15.11,0.3955
22805,147.3,0.4145
22806,138.36,0.5329
22807,162.36,0.6265
22808,157.44,0.5181
22809,115.65,0.428
22810,30.91,0.2786
22811,41.5,0.2764
22812,1.86,0.2946
22813,155.06,0.3997
22814,135.21,0.3935
22815,143.8,0.4486
22816,34.87,0.4279
22817,61.03,0.3092
22818,132.81,0.22
22819,7.68,0.2014
22820,48.01,0.3513
22821,14.91,0.3997
22822,222.02,0.4403
22823,184.8,0.4636
22824,51.3,0.5746
22825,73.04,0.5007
22826,134.24,0.4616
22827,142.56,0.5392
22828,142.82,0.603
22829,134.69,0.5993
22830,141.55,0.483
22831,130.33,0.3651
22832,17.56,0.2488
22833,16.11,0.1376
22834,9.76,0.1355
22835,22.1,0.3257
22836,128.02,0.4605
22837,221.93,0.6096
22838,160.97,0.599
22839,169.97,0.5306
22840,10.73,0.3321
22841,54.54,0.3581
22842,8.57,0.2692
22843,188.92,0.3034
22844,74.46,0.3816
22845,47.48,0.5489
22846,138.56,0.5108
22847,188.4,0.6144
22848,147.92,0.621
22849,185.75,0.5013
22850,54.64,0.3503
22851,9.94,0.2169
22852,26.14,0.2381
22853,4.64,0.3135
22854,208.53,0.335
22855,135.56,0.315
22856,33.03,0.4523
22857,4.67,0.3848
22858,152.22,0.3649
22859,136.0,0.3709
22860,114.18,0.4788
22861,39.4,0.4707
22862,120.66,0.3583
22863,143.55,0.2767
22864,15.2,0.2523
22865,26.55,0.2902
22866,13.18,0.3132
22867,161.36,0.4707
22868,168.19,0.5131
22869,184.42,0.5646
22870,72.15,0.4192
22871,68.48,0.2814
22872,5.22,0.1171
22873,20.13,0.1029
22874,7.8,0.0693
22875,56.88,0.0847
22876,32.48,0.0782
22877,21.72,0.2139
22878,13.13,0.2974
22879,153.66,0.3012
22880,146.61,0.3416
22881,36.53,0.5237
22882,65.08,0.5722
22883,208.84,0.4394
22884,205.78,0.4594
22885,3.91,0.4819
22886,58.05,0.4196
22887,89.26,0.4038
22888,141.85,0.6201
22889,188.84,0.7655
22890,236.24,0.8492
22891,214.32,0.7754
22892,179.17,0.6224
22893,62.57,0.4634
22894,24.43,0.2679
22895,65.47,0.2365
22896,4.18,0.3272
22897,145.51,0.3731
22898,159.94,0.3392
22899,73.73,0.3473
22900,29.06,0.2264
22901,12.89,0.2028
22902,15.62,0.2699
22903,134.66,0.2736
22904,145.78,0.3117
22905,33.05,0.4928
22906,53.77,0.5788
22907,210.28,0.5895
22908,227.03,0.7071
22909,157.29,0.7782
22910,159.35,0.627
22911,130.18,0.4249
22912,47.8,0.3373
22913,9.97,0.2137
22914,63.16,0.1407
22915,26.47,0.0998
22916,51.75,0.3032
22917,3.92,0.3696
22918,228.46,0.5405
22919,134.5,0.5908
22920,210.16,0.5991
22921,105.75,0.3905
22922,12.84,0.4103
22923,4.3,0.3829
22924,155.78,0.2951
22925,180.71,0.3362
22926,11.46,0.503
22927,57.03,0.5037
22928,183.48,0.5183
22929,156.57,0.692
22930,196.37,0.6442
22931,198.13,0.6528
22932,5.66,0.6289
22933,192.68,0.5731
22934,130.92,0.424
22935,136.33,0.4286
22936,38.02,0.2978
22937,10.54,0.1903
22938,52.13,0.1041
22939,15.42,0.0792
22940,43.77,0.0806
22941,11.25,0.0425
22942,12.01,0.1658
22943,11.2,0.2515
22944,147.96,0.2476
22945,135.79,0.2502
22946,7.1,0.3762
22947,14.81,0.4213
22948,146.6,0.4352
22949,196.41,0.5589
22950,150.74,0.556
22951,139.92,0.444
22952,11.7,0.2703
22953,26.32,0.1949
22954,9.72,0.2512
22955,69.75,0.3742
22956,200.43,0.3561
22957,143.82,0.4098
22958,6.89,0.5067
22959,67.39,0.5011
22960,173.93,0.4963
22961,194.42,0.4957
22962,138.6,0.5303
22963,6.22,0.5057
22964,104.6,0.3602
22965,147.51,0.2386
22966,38.13,0.2471
22967,7.95,0.3403
22968,15.32,0.3293
22969,204.7,0.4738
22970,135.76,0.6645
22971,193.34,0.781
22972,212.84,0.7287
22973,140.51,0.6151
22974,148.46,0.4689
22975,13.7,0.2822
22976,36.24,0.2961
22977,12.24,0.2889
22978,155.51,0.3831
22979,140.7,0.3868
22980,114.96,0.3784
22981,40.2,0.293
22982,3.2,0.3084
22983,63.73,0.3452
22984,157.24,0.4331
22985,154.52,0.4344
22986,134.66,0.4137
22987,4.58,0.4003
22988,41.55,0.4563
22989,142.76,0.461
22990,214.69,0.5796
22991,139.77,0.6839
22992,132.01,0.681
22993,153.57,0.5045
22994,139.7,0.4274
22995,25.01,0.3132
22996,56.87,0.2123
22997,9.4,0.2982
22998,45.08,0.4366
22999,232.02,0.5413
23000,173.77,0.6813
23001,169.33,0.6447
23002,159.84,0.4862
23003,5.76,0.4697
23004,61.72,0.4716
23005,156.03,0.4142
23006,171.38,0.4188
23007,98.16,0.3777
23008,10.65,0.2728
23009,17.63,0.24
23010,43.26,0.2704
23011,136.22,0.3924
23012,130.78,0.3782
23013,141.68,0.3919
23014,2.42,0.2822
23015,58.02,0.2102
23016,18.28,0.0829
23017,53.48,0.1333
23018,4.91,0.1142
23019,56.55,0.1095
23020,37.47,0.0827
23021,13.28,0.0924
23022,24.7,0.0676
23023,15.28,0.1303
23024,29.9,0.2449
23025,104.82,0.2315
23026,136.48,0.2697
23027,10.22,0.4413
23028,56.38,0.4842
23029,214.24,0.5582
23030,150.91,0.7425
23031,216.0,0.7749
23032,208.21,0.6071
23033,91.28,0.5098
23034,33.86,0.3132
23035,46.38,0.131
23036,4.79,0.0575
23037,12.42,0.0722
23038,12.29,0.0401
23039,49.74,0.1299
23040,11.9,0.2944
23041,101.2,0.4269
23042,189.22,0.3917
23043,154.68,0.4397
23044,11.86,0.4722
23045,63.52,0.4738
23046,136.07,0.3421
23047,190.99,0.3745
23048,13.12,0.4431
23049,46.72,0.4555
23050,137.18,0.4134
23051,149.45,0.5578
23052,145.72,0.5464
23053,168.3,0.4558
23054,34.48,0.442
23055,39.8,0.4643
23056,134.57,0.5024
23057,169.68,0.6283
23058,209.27,0.7699
23059,169.79,0.7971
23060,191.9,0.6913
23061,163.81,0.4993
23062,56.04,0.3966
23063,2.97,0.2491
23064,59.42,0.2367
23065,33.46,0.3092
23066,150.46,0.3195
23067,133.87,0.3035
23068,14.04,0.3909
23069,42.22,0.3913
23070,127.43,0.4053
23071,150.9,0.5186
23072,148.88,0.5088
23073,135.78,0.4132
23074,31.71,0.285
23075,24.72,0.1573
23076,13.12,0.1575
23077,11.7,0.2629
23078,135.98,0.2825
23079,144.98,0.2798
23080,45.8,0.286
23081,10.14,0.1713
23082,18.43,0.0786
23083,12.71,0.0465
23084,45.34,0.1789
23085,11.34,0.3568
23086,152.39,0.5398
23087,209.56,0.5282
23088,209.41,0.5768
23089,32.79,0.4428
23090,63.62,0.2902
23091,8.43,0.229
23092,45.6,0.3242
23093,143.62,0.2839
23094,135.07,0.2855
23095,20.35,0.258
23096,10.15,0.1383
23097,16.02,0.0539
23098,14.96,0.0722
23099,44.48,0.1239
23100,39.98,0.1178
23101,65.69,0.1421
23102,9.48,0.1091
23103,41.06,0.1336
23104,9.0,0.0827
23105,66.26,0.2018
23106,11.11,0.3069
23107,137.43,0.4186
23108,153.98,0.4496
23109,128.98,0.5594
23110,99.58,0.596
23111,129.09,0.6173
23112,176.74,0.6822
23113,176.84,0.7259
23114,198.75,0.7596
23115,146.57,0.6026
23116,165.24,0.4848
23117,8.05,0.3334
23118,50.27,0.2141
23119,36.08,0.2041
23120,18.41,0.3306
23121,154.52,0.4049
23122,143.96,0.495
23123,130.13,0.5363
23124,132.87,0.3961
23125,62.8,0.3484
23126,3.81,0.404
23127,92.78,0.3346
23128,189.83,0.2857
23129,58.31,0.4592
23130,10.2,0.5664
23131,190.25,0.6072
23132,207.94,0.7344
23133,233.71,0.8645
23134,194.96,0.8628
23135,149.99,0.7054
23136,188.46,0.502
23137,38.82,0.3652
23138,15.18,0.405
23139,47.98,0.3956
23140,192.72,0.3699
23141,178.4,0.3592
23142,11.14,0.3626
23143,3.73,0.2
23144,51.66,0.0786
23145,17.93,0.0787
23146,48.01,0.2027
23147,11.28,0.2713
23148,136.91,0.2926
23149,125.34,0.2609
23150,40.89,0.3749
23151,13.88,0.3875
23152,133.8,0.391
23153,150.43,0.5007
23154,129.15,0.6242
23155,158.67,0.6693
23156,146.61,0.5593
23157,182.22,0.4853
23158,32.27,0.5688
23159,49.61,0.5329
23160,248.42,0.3875
23161,108.06,0.4235
23162,25.98,0.5677
23163,70.99,0.4819
23164,204.5,0.3867
23165,156.24,0.3753
23166,5.8,0.5379
23167,13.72,0.4867
23168,245.7,0.3679
23169,149.51,0.3752
23170,28.57,0.5212
23171,13.58,0.4279
23172,170.64,0.4178
23173,145.5,0.5329
23174,138.59,0.5623
23175,152.27,0.4109
23176,45.12,0.3393
23177,7.97,0.2351
23178,68.67,0.252
23179,26.62,0.3427
23180,170.43,0.3457
23181,142.57,0.296
23182,11.16,0.2979
23183,15.24,0.1961
23184,28.73,0.0747
23185,61.02,0.0876
23186,12.12,0.1807
23187,25.0,0.3036
23188,115.32,0.4449
23189,160.74,0.4945
23190,212.88,0.4792
23191,65.41,0.535
23192,8.48,0.5151
23193,175.29,0.4489
23194,139.42,0.5765
23195,141.78,0.5715
23196,202.42,0.4694
23197,3.2,0.343
23198,65.53,0.3377
23199,3.66,0.3643
23200,136.0,0.4902
23201,231.02,0.4695
23202,138.52,0.5428
23203,43.24,0.5472
23204,82.4,0.3485
23205,140.76,0.2381
23206,17.55,0.2335
23207,19.89,0.3337
23208,38.24,0.3397
23209,190.08,0.3334
23210,147.22,0.3536
23211,10.83,0.4532
23212,41.53,0.401
23213,145.31,0.4434
23214,133.98,0.5634
23215,192.82,0.5599
23216,139.72,0.443
23217,37.79,0.4983
23218,19.73,0.4555
23219,193.38,0.496
23220,146.74,0.6273
23221,183.28,0.7415
23222,178.89,0.6995
23223,142.4,0.5914
23224,148.3,0.4256
23225,30.58,0.2634
23226,5.11,0.1603
23227,4.6,0.031
23228,31.64,0.2029
23229,9.43,0.2732
23230,215.27,0.2891
23231,80.61,0.4882
23232,21.63,0.6161
23233,245.56,0.5854
23234,146.9,0.7064
23235,182.33,0.8835
23236,210.56,0.8543
23237,211.92,0.8158
23238,214.15,0.6819
23239,105.53,0.4959
23240,38.54,0.4278
23241,10.62,0.2578
23242,138.84,0.1717
23243,31.45,0.16
23244,12.98,0.1545
23245,26.06,0.0878
23246,4.64,0.1016
23247,67.18,0.3174
23248,46.3,0.4217
23249,244.82,0.4277
23250,138.15,0.3755
23251,11.12,0.3524
23252,11.09,0.2598
23253,21.43,0.2705
23254,145.36,0.3913
23255,149.64,0.5175
23256,140.97,0.6384
23257,146.66,0.7331
23258,151.32,0.6407
23259,247.04,0.5117
23260,50.39,0.4271
23261,2.36,0.3194
23262,55.78,0.2539
23263,35.63,0.3367
23264,176.66,0.5141
23265,139.33,0.5992
23266,192.96,0.6081
23267,147.23,0.471
23268,45.18,0.4871
23269,29.42,0.426
23270,156.53,0.3
23271,127.39,0.2886
23272,11.77,0.2824
23273,32.99,0.1865
23274,22.76,0.1868
23275,53.44,0.3127
23276,127.73,0.2944
23277,147.04,0.3143
23278,13.33,0.2739
23279,44.13,0.1769
23280,10.08,0.0514
23281,23.49,0.0675
23282,12.15,0.0591
23283,30.62,0.0596
23284,35.14,0.0726
23285,10.62,0.0658
23286,37.46,0.0776
23287,4.83,0.054
23288,43.37,0.2382
23289,9.78,0.3526
23290,208.55,0.4112
23291,160.36,0.4139
23292,67.72,0.5929
23293,46.35,0.5739
23294,202.03,0.6392
23295,188.14,0.7157
23296,230.6,0.8098
23297,149.82,0.6776
23298,147.54,0.6951
23299,60.0,0.6632
23300,206.85,0.5272
23301,196.4,0.4473
23302,3.62,0.3997
23303,61.78,0.2622
23304,8.77,0.0848
23305,59.16,0.1439
23306,5.76,0.1082
23307,67.1,0.1561
23308,23.45,0.1082
23309,60.23,0.2908
23310,7.76,0.3647
23311,201.89,0.3813
23312,146.53,0.3529
23313,41.24,0.4729
23314,29.7,0.4747
23315,136.74,0.4819
23316,203.88,0.5836
23317,154.2,0.5762
23318,150.58,0.5106
23319,21.68,0.3232
23320,66.23,0.2203
23321,2.58,0.0898
23322,43.58,0.1385
23323,10.46,0.0869
23324,73.96,0.1149
23325,10.74,0.1981
23326,32.67,0.3231
23327,133.04,0.2777
23328,144.77,0.2817
23329,25.14,0.4473
23330,15.02,0.4502
23331,210.63,0.3689
23332,136.12,0.3483
23333,57.48,0.4796
23334,3.04,0.427
23335,156.08,0.4361
23336,154.04,0.505
23337,145.93,0.6571
23338,131.52,0.6379
23339,166.45,0.5068
23340,135.48,0.3982
23341,13.18,0.3666
23342,29.2,0.3847
23343,97.57,0.4545
23344,185.95,0.5723
23345,210.46,0.5498
23346,139.68,0.5177
23347,5.11,0.3484
23348,63.09,0.1919
23349,3.96,0.14
23350,42.4,0.2638
23351,83.88,0.2293
23352,138.06,0.2469
23353,26.04,0.2221
23354,22.88,0.2672
23355,15.78,0.2659
23356,132.35,0.3707
23357,136.65,0.4672
23358,138.66,0.4584
23359,126.54,0.3432
23360,6.37,0.2255
23361,8.54,0.1293
23362,10.16,0.1438
23363,35.28,0.2889
23364,142.11,0.2912
23365,162.31,0.3337
23366,11.0,0.4877
23367,55.89,0.4895
23368,200.69,0.3806
23369,144.06,0.4013
23370,45.26,0.5436
23371,33.28,0.5425
23372,208.8,0.4368
23373,199.45,0.3982
23374,30.48,0.4258
23375,3.8,0.3526
23376,62.96,0.3016
23377,130.11,0.4201
23378,144.71,0.4216
23379,157.8,0.3765
23380,5.38,0.2971
23381,14.51,0.2125
23382,44.85,0.0728
23383,53.76,0.0767
23384,7.76,0.0757
23385,9.57,0.0648
23386,13.4,0.0216
23387,33.16,0.0475
23388,7.34,0.0499
23389,35.54,0.0755
23390,12.19,0.1893
23391,40.93,0.382
23392,155.43,0.4475
23393,214.39,0.4634
23394,105.85,0.647
23395,29.31,0.6502
23396,238.25,0.5974
23397,158.83,0.672
23398,157.59,0.816
23399,186.0,0.6066
23400,184.13,0.4738
23401,13.17,0.3404
23402,16.18,0.2877
23403,14.31,0.2488
23404,129.3,0.3638
23405,142.37,0.3598
23406,136.72,0.3885
23407,11.92,0.2736
23408,45.14,0.1828
23409,5.86,0.0674
23410,44.79,0.093
23411,12.67,0.193
23412,39.49,0.3079
23413,152.59,0.279
23414,129.29,0.3929
23415,13.79,0.4758
23416,135.02,0.4895
23417,128.56,0.5396
23418,167.34,0.6011
23419,183.05,0.5234
23420,79.9,0.4241
23421,51.54,0.2955
23422,21.89,0.1366
23423,29.07,0.203
23424,12.39,0.2741
23425,151.25,0.2906
23426,127.88,0.3652
23427,39.68,0.4898
23428,109.14,0.4784
23429,146.34,0.372
23430,138.94,0.3693
23431,13.58,0.3958
23432,36.8,0.3995
23433,137.65,0.2814
23434,150.24,0.2961
23435,12.03,0.4931
23436,29.41,0.5214
23437,248.5,0.5158
23438,168.05,0.6559
23439,144.25,0.6441
23440,162.48,0.4796
23441,16.76,0.3727
23442,71.77,0.2658
23443,53.14,0.158
23444,29.41,0.3245
23445,46.74,0.3256
23446,195.62,0.3061
23447,72.89,0.3291
23448,32.21,0.296
23449,54.14,0.1403
23450,11.21,0.0831
23451,28.31,0.1477
23452,11.4,0.2898
23453,101.67,0.3617
23454,206.83,0.3443
23455,88.39,0.3819
23456,9.65,0.4689
23457,51.83,0.4057
23458,195.11,0.4499
23459,138.93,0.4534
23460,135.86,0.4438
23461,13.37,0.343
23462,41.6,0.3619
23463,86.79,0.2434
23464,159.2,0.2973
23465,8.54,0.3099
23466,71.32,0.269
23467,55.14,0.1253
23468,42.87,0.2436
23469,4.77,0.2932
23470,135.65,0.2768
23471,124.61,0.3645
23472,37.56,0.4935
23473,137.09,0.5292
23474,143.37,0.4256
23475,173.98,0.4484
23476,13.27,0.4976
23477,62.11,0.5084
23478,189.87,0.4889
23479,155.0,0.6405
23480,153.06,0.6133
23481,176.19,0.4936
23482,32.84,0.3516
23483,61.33,0.2291
23484,2.33,0.0764
23485,21.44,0.0988
23486,12.12,0.1741
23487,56.9,0.3068
23488,142.32,0.4249
23489,144.83,0.549
23490,148.38,0.5279
23491,145.49,0.4209
23492,34.16,0.5171
23493,27.35,0.5093
23494,248.21,0.546
23495,140.02,0.5184
23496,184.9,0.6929
23497,4.53,0.6291
23498,214.78,0.638
23499,179.72,0.605
23500,149.62,0.7362
23501,149.4,0.5631
23502,145.56,0.4453
23503,28.77,0.3164
23504,53.14,0.1883
23505,11.1,0.0981
23506,11.8,0.0811
23507,48.57,0.0401
23508,10.57,0.2065
23509,9.09,0.3661
23510,189.84,0.3679
23511,183.34,0.3871
23512,50.43,0.4493
23513,31.2,0.4234
23514,75.9,0.3097
23515,162.07,0.2824
23516,61.12,0.3939
23517,21.18,0.496
23518,150.96,0.4754
23519,185.57,0.5551
23520,139.91,0.6783
23521,146.76,0.6665
23522,153.61,0.5551
23523,138.29,0.4264
23524,65.82,0.3499
23525,1.63,0.3562
23526,64.57,0.4143
23527,160.37,0.3571
23528,200.72,0.3646
23529,4.42,0.3208
23530,9.62,0.2172
23531,17.6,0.0779
23532,49.02,0.0887
23533,51.04,0.2071
23534,16.06,0.3208
23535,136.8,0.32
23536,139.78,0.2951
23537,48.16,0.4857
23538,24.3,0.5045
23539,220.78,0.5275
23540,157.07,0.612
23541,164.51,0.609
23542,138.9,0.4139
23543,21.1,0.2909
23544,11.18,0.1519
23545,24.86,0.0585
23546,15.18,0.139
23547,38.54,0.1426
23548,107.61,0.1689
23549,15.02,0.3507
23550,53.18,0.4689
23551,210.47,0.3717
23552,165.5,0.3689
23553,3.17,0.5155
23554,12.08,0.5114
23555,210.7,0.3883
23556,206.0,0.3924
23557,33.3,0.5059
23558,7.6,0.4344
23559,133.95,0.3656
23560,133.9,0.474
23561,132.1,0.5109
23562,149.72,0.3967
23563,47.29,0.3023
23564,11.18,0.1842
23565,32.52,0.2674
23566,5.17,0.3585
23567,239.16,0.389
23568,145.21,0.3691
23569,43.95,0.4152
23570,11.1,0.2091
23571,54.66,0.101
23572,17.78,0.0703
23573,29.07,0.1401
23574,10.9,0.2664
23575,86.16,0.4253
23576,190.32,0.4345
23577,188.48,0.4345
23578,39.03,0.3578
23579,10.86,0.1913
23580,3.73,0.2076
23581,11.42,0.357
23582,206.04,0.3951
23583,199.49,0.4002
23584,51.86,0.4354
23585,9.19,0.2513
23586,49.2,0.1205
23587,8.24,0.0778
23588,59.03,0.0804
23589,5.9,0.0448
23590,12.06,0.0692
23591,10.94,0.0242
23592,34.38,0.0304
23593,10.72,0.0415
23594,12.57,0.2153
23595,24.0,0.3217
23596,197.7,0.3211
23597,148.67,0.3424
23598,10.07,0.4864
23599,35.45,0.5219
23600,178.74,0.5374
23601,235.85,0.6613
23602,165.34,0.8587
23603,143.14,0.8487
23604,247.6,0.6649
23605,167.95,0.523
23606,38.42,0.566
23607,12.8,0.484
23608,189.41,0.4145
23609,159.47,0.3882
23610,93.24,0.4273
23611,10.23,0.2603
23612,54.73,0.1371
23613,10.02,0.057
23614,27.08,0.0865
23615,7.2,0.1752
23616,41.88,0.2395
23617,150.06,0.229
23618,79.16,0.3417
23619,15.75,0.4425
23620,128.26,0.4371
23621,150.26,0.489
23622,144.2,0.6479
23623,134.96,0.5517
23624,186.48,0.4868
23625,24.85,0.5475
23626,80.6,0.567
23627,209.43,0.4476
23628,155.83,0.4291
23629,58.21,0.4103
23630,4.95,0.2315
23631,60.48,0.1423
23632,17.33,0.0917
23633,59.94,0.1137
23634,3.81,0.0671
23635,28.61,0.1614
23636,10.46,0.1215
23637,118.64,0.1277
23638,17.07,0.1442
23639,10.45,0.2696
23640,46.28,0.297
23641,145.21,0.4207
23642,148.1,0.4623
23643,149.97,0.447
23644,55.13,0.3489
23645,29.84,0.266
23646,39.88,0.1315
23647,59.02,0.236
23648,5.4,0.3756
23649,167.41,0.3853
23650,179.81,0.3339
23651,50.36,0.5214
23652,3.83,0.5397
23653,206.83,0.3912
23654,187.01,0.3653
23655,20.27,0.5165
23656,22.54,0.499
23657,166.35,0.3548
23658,187.96,0.3582
23659,32.06,0.5149
23660,23.98,0.5808
23661,190.86,0.6095
23662,237.14,0.7211
23663,218.84,0.7111
23664,151.92,0.5509
23665,13.29,0.3437
23666,18.75,0.2659
23667,14.44,0.2434
23668,135.35,0.3816
23669,127.72,0.3961
23670,161.73,0.4444
23671,34.34,0.3292
23672,66.39,0.4416
23673,11.57,0.4521
23674,248.45,0.4771
23675,173.0,0.4634
23676,61.19,0.5731
23677,51.69,0.4742
23678,129.43,0.3269
23679,142.18,0.3964
23680,14.72,0.4728
23681,135.85,0.4938
23682,133.79,0.5217
23683,152.01,0.6859
23684,172.19,0.7237
23685,191.12,0.6746
23686,176.49,0.5389
23687,81.07,0.3886
23688,6.15,0.2484
23689,10.74,0.1106
23690,40.42,0.1602
23691,28.51,0.2768
23692,134.31,0.3969
23693,131.43,0.4447
23694,139.81,0.4729
23695,91.71,0.3538
23696,58.82,0.4272
23697,6.4,0.4331
23698,210.29,0.4049
23699,146.15,0.3693
23700,61.36,0.5903
23701,20.56,0.5213
23702,243.94,0.5382
23703,136.09,0.6649
23704,164.35,0.6863
23705,197.47,0.4998
23706,43.49,0.3869
23707,43.62,0.2395
23708,14.72,0.1905
23709,6.06,0.2721
23710,144.78,0.3493
23711,131.13,0.3835
23712,126.62,0.4989
23713,51.52,0.4949
23714,129.96,0.387
23715,140.53,0.3076
23716,15.22,0.271
23717,41.28,0.2771
23718,12.19,0.2707
23719,136.5,0.301
23720,133.62,0.3869
23721,47.86,0.5005
23722,133.5,0.5189
23723,134.26,0.5759
23724,156.33,0.5661
23725,194.88,0.4523
23726,37.33,0.4705
23727,11.24,0.4908
23728,153.74,0.4629
23729,178.21,0.6084
23730,164.86,0.623
23731,193.68,0.4992
23732,26.89,0.3371
23733,20.77,0.2351
23734,4.04,0.0739
23735,55.22,0.0956
23736,20.49,0.1344
23737,50.18,0.2636
23738,62.53,0.2221
23739,142.79,0.2343
23740,10.64,0.2003
23741,33.6,0.2712
23742,13.64,0.3133
23743,138.74,0.4402
23744,188.06,0.5459
23745,146.93,0.7564
23746,147.14,0.8506
23747,239.82,0.6821
23748,239.94,0.5606
23749,7.08,0.589
23750,16.32,0.4888
23751,177.68,0.392
23752,132.21,0.5274
23753,135.88,0.5244
23754,152.57,0.4146
23755,13.07,0.3151
23756,59.8,0.2494
23757,25.2,0.2511
23758,65.31,0.3819
23759,154.47,0.3373
23760,153.5,0.3805
23761,11.9,0.3384
23762,71.61,0.3237
23763,20.13,0.3577
23764,138.63,0.5512
23765,190.06,0.5237
23766,219.83,0.54
23767,42.02,0.4162
23768,37.72,0.2613
23769,5.55,0.2614
23770,23.6,0.3742
23771,220.0,0.3599
23772,163.18,0.3943
23773,22.42,0.5935
23774,42.47,0.5121
23775,237.58,0.3763
23776,132.58,0.3693
23777,17.29,0.4549
23778,14.93,0.3557
23779,134.36,0.3308
23780,131.02,0.361
23781,105.82,0.578
23782,49.73,0.589
23783,248.1,0.6141
23784,146.14,0.6639
23785,158.04,0.7541
23786,159.33,0.7142
23787,146.66,0.6993
23788,205.22,0.6064
23789,130.12,0.4946
23790,58.2,0.396
23791,39.25,0.2108
23792,40.72,0.2729
23793,6.18,0.3501
23794,196.86,0.4634
23795,141.22,0.5866
23796,160.94,0.5911
23797,173.06,0.4141
23798,11.08,0.4643
23799,6.61,0.4574
23800,195.2,0.3064
23801,153.5,0.3478
23802,10.83,0.351
23803,55.52,0.2248
23804,10.07,0.2253
23805,59.58,0.344
23806,154.1,0.373
23807,138.36,0.3845
23808,86.64,0.3334
23809,22.46,0.2384
23810,4.72,0.1321
23811,51.99,0.0614
23812,24.14,0.0824
23813,10.69,0.1126
23814,45.05,0.1039
23815,37.15,0.0846
23816,42.65,0.081
23817,3.4,0.0625
23818,6.82,0.2194
23819,25.15,0.3859
23820,205.75,0.3918
23821,221.5,0.3923
23822,9.74,0.4957
23823,7.39,0.4588
23824,136.21,0.3857
23825,166.18,0.5243
23826,142.86,0.7161
23827,158.72,0.7777
23828,213.5,0.6334
23829,202.35,0.5608
23830,11.14,0.4497
23831,64.85,0.3866
23832,39.39,0.2644
23833,145.68,0.3157
23834,71.07,0.2891
23835,66.21,0.2852
23836,36.25,0.1536
23837,35.24,0.091
23838,4.28,0.1064
23839,3.77,0.2049
23840,82.74,0.2682
23841,142.16,0.2669
23842,103.24,0.2908
23843,2.92,0.4111
23844,29.37,0.4428
23845,212.04,0.5251
23846,176.24,0.7233
23847,191.67,0.7063
23848,215.78,0.551
23849,11.11,0.5154
23850,45.19,0.4916
23851,138.04,0.4373
23852,166.05,0.616
23853,157.46,0.6978
23854,203.12,0.7296
23855,133.12,0.7055
23856,172.16,0.667
23857,140.17,0.5285
23858,116.04,0.6246
23859,54.35,0.6106
23860,236.33,0.614
23861,157.18,0.5162
23862,143.83,0.4931
23863,10.88,0.305
23864,29.64,0.2177
23865,34.19,0.2121
23866,63.33,0.3317
23867,137.86,0.3166
23868,139.4,0.3258
23869,13.33,0.2769
23870,44.16,0.1754
23871,10.76,0.057
23872,28.84,0.0721
23873,12.19,0.0471
23874,29.52,0.0859
23875,17.29,0.0686
23876,52.47,0.0743
23877,10.22,0.0569
23878,18.39,0.0903
23879,10.82,0.2371
23880,53.14,0.3512
23881,210.22,0.4578
23882,132.8,0.4598
23883,132.96,0.5744
23884,12.93,0.5318
23885,176.26,0.5348
23886,164.42,0.5473
23887,136.0,0.7287
23888,146.46,0.5693
23889,207.8,0.4756
23890,5.03,0.3611
23891,63.74,0.3091
23892,13.0,0.2938
23893,90.5,0.4303
23894,191.44,0.3867
23895,151.64,0.41
23896,16.88,0.4679
23897,38.04,0.4168
23898,152.74,0.2898
23899,136.56,0.2987
23900,15.12,0.3963
23901,26.44,0.3006
23902,142.94,0.2333
23903,49.86,0.3969
23904,64.28,0.536
23905,190.91,0.5346
23906,175.93,0.6196
23907,141.44,0.6912
23908,141.16,0.6407
23909,141.18,0.6064
23910,136.72,0.6036
23911,139.04,0.6006
23912,138.46,0.4833
23913,137.91,0.4098
23914,15.18,0.2848
23915,57.78,0.2034
23916,4.69,0.0789
23917,50.98,0.1232
23918,4.14,0.1021
23919,62.73,0.1538
23920,35.18,0.2425
23921,60.24,0.3635
23922,146.28,0.3114
23923,134.1,0.3078
23924,6.76,0.3782
23925,31.29,0.3633
23926,135.89,0.4284
23927,130.3,0.555
23928,204.02,0.6776
23929,142.81,0.7214
23930,162.98,0.6513
23931,183.05,0.4633
23932,54.99,0.3725
23933,1.92,0.2254
23934,45.34,0.1101
23935,4.88,0.0636
23936,59.17,0.1006
23937,5.07,0.0675
23938,41.65,0.1267
23939,9.7,0.1077
23940,68.55,0.1302
23941,38.78,0.2302
23942,29.24,0.2314
23943,149.03,0.1906
23944,11.08,0.3458
23945,24.65,0.4546
23946,205.56,0.4442
23947,146.15,0.5624
23948,137.8,0.5924
23949,138.08,0.4148
23950,56.96,0.3142
23951,14.71,0.3537
23952,38.07,0.3846
23953,180.18,0.4651
23954,171.36,0.4938
23955,143.44,0.4696
23956,45.5,0.326
23957,12.08,0.1807
23958,25.88,0.0825
23959,15.22,0.0521
23960,37.91,0.211
23961,12.93,0.324
23962,182.76,0.4403
23963,147.31,0.4444
23964,140.12,0.4774
23965,42.35,0.5088
23966,48.37,0.5489
23967,216.57,0.5509
23968,190.36,0.6435
23969,142.22,0.6269
23970,141.93,0.4377
23971,30.48,0.3962
23972,13.29,0.4063
23973,145.75,0.414
23974,153.09,0.5072
23975,150.2,0.6469
23976,130.63,0.679
23977,163.44,0.7047
23978,180.17,0.787
23979,180.74,0.7287
23980,238.63,0.5867
23981,68.01,0.5464
23982,10.85,0.5064
23983,136.83,0.4132
23984,137.78,0.3787
23985,138.47,0.4002
23986,30.98,0.4059
23987,33.98,0.4099
23988,142.97,0.457
23989,142.0,0.5757
23990,189.1,0.7335
23991,158.51,0.6321
23992,203.5,0.5504
23993,34.01,0.4265
23994,54.22,0.2901
23995,56.01,0.2152
23996,11.97,0.326
23997,123.04,0.3259
23998,153.08,0.2853
23999,54.12,0.3286
24000,12.39,0.2166
24001,58.48,0.115
24002,2.62,0.2855
24003,43.96,0.3851
24004,237.32,0.3369
24005,119.34,0.4924
24006,6.7,0.6034
24007,169.68,0.6136
24008,163.24,0.7027
24009,248.3,0.9042
24010,215.13,0.7526
24011,223.15,0.6646
24012,6.86,0.5647
24013,68.61,0.4941
24014,140.95,0.3332
24015,139.38,0.3371
24016,50.2,0.2881
24017,11.06,0.1694
24018,15.92,0.1646
24019,13.45,0.2466
24020,134.26,0.2862
24021,138.29,0.2796
24022,53.54,0.4736
24023,8.86,0.491
24024,221.94,0.4201
24025,152.96,0.3744
24026,62.04,0.5073
24027,4.46,0.4425
24028,151.69,0.4269
24029,152.26,0.518
24030,136.21,0.5762
24031,159.93,0.4477
24032,67.07,0.4931
24033,13.57,0.559
24034,201.04,0.5761
24035,207.01,0.6937
24036,178.3,0.8199
24037,193.42,0.8314
24038,149.19,0.7023
24039,213.36,0.5443
24040,68.32,0.3824
24041,8.56,0.2559
24042,19.41,0.1854
24043,13.33,0.2577
24044,137.58,0.2836
24045,145.99,0.2781
24046,36.42,0.4338
24047,13.43,0.4882
24048,180.67,0.4773
24049,196.0,0.5683
24050,134.3,0.5814
24051,134.2,0.4335
24052,27.47,0.3133
24053,21.84,0.2307
24054,66.81,0.1568
24055,45.59,0.2512
24056,54.72,0.3506
24057,128.97,0.4193
24058,128.58,0.5232
24059,140.68,0.6027
24060,157.15,0.6481
24061,140.2,0.5566
24062,177.7,0.4614
24063,30.33,0.493
24064,38.39,0.5193
24065,191.14,0.3997
24066,168.42,0.3738
24067,49.15,0.3941
24068,2.59,0.2416
24069,60.11,0.2853
24070,27.3,0.4155
24071,215.35,0.4308
24072,189.11,0.3964
24073,18.98,0.4307
24074,23.13,0.2835
24075,64.17,0.1289
24076,57.18,0.1219
24077,23.05,0.1447
24078,11.51,0.1122
24079,47.55,0.0672
24080,29.31,0.0542
24081,8.83,0.0731
24082,9.04,0.0466
24083,31.82,0.2044
24084,19.1,0.3428
24085,198.81,0.3575
24086,157.58,0.3396
24087,24.76,0.5036
24088,12.62,0.4562
24089,195.34,0.49
24090,147.87,0.5914
24091,193.86,0.6269
24092,133.7,0.4632
24093,50.79,0.5565
24094,19.52,0.5229
24095,248.1,0.5952
24096,157.72,0.78
24097,211.44,0.9156
24098,249.3,0.861
24099,165.16,0.7595
24100,189.52,0.5715
24101,48.67,0.351
24102,9.44,0.2274
24103,12.36,0.0659
24104,32.31,0.1483
24105,16.03,0.2605
24106,137.17,0.2856
24107,130.02,0.3672
24108,39.34,0.5502
24109,119.98,0.6259
24110,212.65,0.7086
24111,218.48,0.8672
24112,218.93,0.8141
24113,209.76,0.6353
24114,62.94,0.4634
24115,20.54,0.2719
24116,33.8,0.2108
24117,13.14,0.2874
24118,144.14,0.276
24119,145.22,0.3743
24120,8.3,0.4984
24121,139.42,0.5523
24122,146.48,0.4695
24123,201.95,0.5893
24124,56.33,0.6498
24125,137.03,0.5198
24126,204.38,0.3602
24127,6.77,0.3201
24128,30.56,0.3159
24129,13.21,0.2622
24130,132.52,0.4277
24131,146.66,0.5247
24132,184.6,0.7422
24133,134.78,0.7583
24134,246.92,0.6564
24135,149.77,0.4871
24136,37.17,0.5557
24137,2.76,0.5259
24138,208.5,0.5485
24139,214.86,0.7106
24140,174.08,0.8462
24141,211.32,0.7892
24142,148.46,0.6602
24143,147.25,0.5429
24144,76.22,0.4718
24145,48.12,0.4626
24146,134.83,0.3361
24147,138.64,0.3104
24148,11.34,0.2783
24149,48.54,0.1983
24150,13.65,0.1667
24151,48.91,0.3008
24152,104.68,0.2594
24153,155.37,0.2916
24154,4.16,0.2555
24155,48.23,0.1777
24156,10.13,0.0432
24157,21.09,0.087
24158,10.86,0.0571
24159,51.2,0.0725
24160,16.1,0.0652
24161,26.68,0.0656
24162,13.26,0.03
24163,11.2,0.0334
24164,12.94,0.2029
24165,19.76,0.327
24166,208.88,0.4285
24167,146.6,0.4667
24168,120.2,0.5687
24169,53.99,0.5139
24170,129.41,0.5322
24171,149.94,0.6359
24172,166.33,0.7743
24173,231.54,0.7044
24174,202.71,0.574
24175,54.35,0.4589
24176,9.85,0.3577
24177,42.66,0.3048
24178,122.74,0.3847
24179,145.87,0.5158
24180,140.22,0.6333
24181,150.77,0.5765
24182,168.89,0.4822
24183,61.71,0.3927
24184,44.56,0.2558
24185,44.03,0.2325
24186,3.66,0.3074
24187,143.91,0.2916
24188,142.09,0.2845
24189,27.63,0.4058
24190,36.35,0.3899
24191,134.05,0.3965
24192,126.8,0.5185
24193,149.16,0.6387
24194,158.74,0.6418
24195,165.49,0.5288
24196,137.38,0.4426
24197,5.41,0.3091
24198,56.53,0.2086
24199,15.28,0.0932
24200,57.51,0.2156
24201,13.44,0.2603
24202,136.92,0.2754
24203,104.56,0.2407
24204,31.52,0.2413
24205,20.24,0.1296
24206,14.1,0.1714
24207,16.88,0.2644
24208,149.46,0.2745
24209,131.43,0.3866
24210,31.05,0.5001
24211,134.56,0.4861
24212,138.79,0.4948
24213,134.45,0.4721
24214,140.77,0.361
24215,6.64,0.3622
24216,15.24,0.3713
24217,140.04,0.368
24218,144.21,0.4982
24219,137.28,0.6108
24220,146.55,0.6192
24221,136.26,0.6179
24222,148.98,0.6396
24223,142.83,0.6735
24224,160.58,0.5716
24225,183.02,0.4557
24226,26.8,0.5248
24227,24.4,0.4789
24228,217.08,0.3519
24229,111.29,0.3363
24230,46.56,0.4974
24231,9.96,0.4594
24232,197.51,0.506
24233,176.32,0.5961
24234,161.37,0.5971
24235,143.3,0.4355
24236,11.01,0.396
24237,23.97,0.373
24238,133.79,0.3691
24239,136.7,0.5208
24240,139.09,0.6272
24241,173.98,0.6893
24242,138.38,0.5874
24243,200.49,0.518
24244,27.15,0.3604
24245,64.58,0.2458
24246,4.61,0.1739
24247,15.26,0.2744
24248,123.26,0.243
24249,135.1,0.2543
24250,30.88,0.2474
24251,16.72,0.2721
24252,7.89,0.292
24253,149.76,0.3812
24254,156.52,0.4955
24255,126.65,0.614
24256,139.61,0.5056
24257,135.15,0.4132
24258,33.28,0.4214
24259,57.24,0.423
24260,135.49,0.3095
24261,141.38,0.3293
24262,13.21,0.2818
24263,54.56,0.1856
24264,6.16,0.0668
24265,32.1,0.1059
24266,13.7,0.184
24267,55.28,0.3559
24268,138.48,0.4623
24269,190.89,0.468
24270,146.42,0.5996
24271,19.79,0.6695
24272,196.62,0.6899
24273,213.6,0.6941
24274,212.84,0.8154
24275,150.97,0.6461
24276,150.12,0.4677
24277,14.69,0.3947
24278,21.85,0.3676
24279,134.49,0.2381
24280,121.77,0.2489
24281,11.01,0.2407
24282,26.36,0.1591
24283,12.99,0.2388
24284,46.79,0.3977
24285,207.42,0.3847
24286,181.72,0.4118
24287,12.41,0.4998
24288,42.12,0.4316
24289,141.38,0.2898
24290,134.09,0.2877
24291,29.41,0.4558
24292,10.06,0.4663
24293,222.77,0.4841
24294,152.72,0.6303
24295,153.17,0.7456
24296,186.53,0.5786
24297,133.93,0.4496
24298,43.37,0.3154
24299,14.03,0.3193
24300,9.07,0.3165
24301,190.68,0.307
24302,130.87,0.3506
24303,33.18,0.4892
24304,60.94,0.4765
24305,157.92,0.3682
24306,177.05,0.3679
24307,14.53,0.4497
24308,32.9,0.4312
24309,148.82,0.2814
24310,138.05,0.299
24311,16.07,0.4455
24312,33.48,0.4891
24313,190.22,0.5402
24314,195.68,0.705
24315,192.95,0.8298
24316,193.22,0.8002
24317,167.52,0.6742
24318,158.46,0.506
24319,60.3,0.3335
24320,12.19,0.189
24321,7.87,0.1763
24322,12.22,0.2489
24323,144.86,0.2891
24324,138.28,0.2923
24325,55.39,0.3237
24326,11.32,0.192
24327,46.0,0.1208
24328,3.26,0.2776
24329,61.84,0.3895
24330,223.83,0.3505
24331,131.51,0.4123
24332,4.09,0.5263
24333,69.69,0.5214
24334,184.4,0.561
24335,218.54,0.6827
24336,174.08,0.8491
24337,134.79,0.8736
24338,248.54,0.7273
24339,210.68,0.5796
24340,61.33,0.4851
24341,15.45,0.4553
24342,33.24,0.4601
24343,216.49,0.6048
24344,215.78,0.7847
24345,216.83,0.9078
24346,208.78,0.7139
24347,165.55,0.5983
24348,8.12,0.5608
24349,91.55,0.4859
24350,176.58,0.3459
24351,128.31,0.3906
24352,15.11,0.3072
24353,56.16,0.1855
24354,1.91,0.2669
24355,45.77,0.4506
24356,215.84,0.4355
24357,212.5,0.4852
24358,39.88,0.4538
24359,55.34,0.2669
24360,12.03,0.1056
24361,15.07,0.1231
24362,39.2,0.1343
24363,58.61,0.1407
24364,67.41,0.1548
24365,18.92,0.1278
24366,30.23,0.1166
24367,10.09,0.0606
24368,46.64,0.1757
24369,7.18,0.3692
24370,142.62,0.4963
24371,238.18,0.4591
24372,146.68,0.5955
24373,6.58,0.5947
24374,153.8,0.5195
24375,141.76,0.5184
24376,157.32,0.5473
24377,145.52,0.4285
24378,37.7,0.308
24379,26.07,0.1716
24380,12.29,0.059
24381,10.78,0.0568
24382,24.55,0.0374
24383,35.38,0.2105
24384,5.23,0.3518
24385,198.28,0.3883
24386,162.51,0.369
24387,63.82,0.3707
24388,14.61,0.3674
24389,7.08,0.336
24390,194.78,0.2851
24391,128.71,0.4036
24392,9.17,0.5321
24393,141.89,0.4811
24394,145.15,0.5298
24395,139.96,0.6615
24396,181.12,0.5405
24397,150.64,0.4618
24398,11.92,0.4555
24399,60.5,0.5154
24400,133.24,0.5292
24401,245.5,0.7124
24402,165.47,0.7818
24403,208.76,0.8034
24404,135.08,0.6042
24405,156.43,0.4821
24406,31.42,0.333
24407,34.34,0.2116
24408,48.54,0.1951
24409,4.6,0.2943
24410,138.77,0.3132
24411,137.98,0.2719
24412,54.64,0.3942
24413,4.12,0.4343
24414,136.05,0.4695
24415,181.82,0.5843
24416,175.88,0.6662
24417,177.96,0.5509
24418,92.07,0.3898
24419,12.17,0.2402
24420,8.72,0.1129
24421,15.18,0.1701
24422,41.18,0.2779
24423,153.54,0.2836
24424,127.98,0.2777
24425,14.85,0.2761
24426,8.8,0.1653
24427,39.49,0.0548
24428,34.5,0.2467
24429,9.2,0.4677
24430,221.13,0.4711
24431,246.25,0.4482
24432,43.12,0.4478
24433,9.89,0.2534
24434,8.74,0.1559
24435,12.33,0.2523
24436,141.41,0.274
24437,146.73,0.2772
24438,33.15,0.298
24439,12.2,0.1722
24440,34.67,0.0708
24441,6.31,0.0504
24442,37.71,0.0439
24443,11.22,0.0214
24444,5.29,0.069
24445,10.41,0.0811
24446,57.54,0.0951
24447,50.66,0.0961
24448,26.27,0.1103
24449,6.39,0.2568
24450,25.65,0.3603
24451,214.99,0.3783
24452,161.88,0.3828
24453,45.56,0.5313
24454,11.22,0.5398
24455,185.23,0.5237
24456,224.09,0.6236
24457,144.6,0.7913
24458,152.88,0.8154
24459,191.43,0.7155
24460,211.06,0.6065
24461,116.78,0.6308
24462,27.54,0.6462
24463,178.97,0.4563
24464,207.97,0.3541
24465,6.97,0.3652
24466,7.06,0.2251
24467,39.44,0.0398
24468,28.44,0.0478
24469,8.81,0.1688
24470,15.67,0.3042
24471,137.06,0.4531
24472,184.89,0.4479
24473,188.44,0.6367
24474,3.22,0.6836
24475,218.54,0.711
24476,187.43,0.6921
24477,214.3,0.8312
24478,168.17,0.8049
24479,152.68,0.6807
24480,190.22,0.4912
24481,53.96,0.3668
24482,10.78,0.2372
24483,34.48,0.1112
24484,13.42,0.1972
24485,54.79,0.2577
24486,146.44,0.2277
24487,75.75,0.228
24488,2.29,0.1933
24489,13.73,0.0947
24490,17.5,0.1685
24491,40.49,0.2886
24492,154.99,0.2908
24493,131.41,0.3637
24494,16.06,0.5447
24495,95.78,0.5213
24496,235.04,0.5365
24497,129.79,0.6591
24498,147.77,0.6039
24499,147.79,0.3956
24500,36.49,0.3245
24501,11.25,0.1901
24502,53.35,0.0859
24503,3.42,0.0552
24504,35.82,0.098
24505,3.52,0.074
24506,57.24,0.2662
24507,27.56,0.3746
24508,209.86,0.378
24509,152.3,0.3436
24510,7.21,0.3954
24511,20.27,0.4015
24512,83.14,0.289
24513,216.45,0.3044
24514,31.5,0.4141
24515,23.66,0.5005
24516,138.22,0.4828
24517,175.97,0.5704
24518,197.38,0.5927
24519,125.66,0.4911
24520,47.57,0.5283
24521,29.04,0.5019
24522,215.94,0.5373
24523,169.11,0.6113
24524,163.65,0.7278
24525,127.11,0.6546
24526,154.16,0.5183
24527,137.28,0.3785
24528,22.65,0.2933
24529,13.54,0.1823
24530,35.56,0.2025
24531,34.87,0.3593
24532,158.95,0.3619
24533,191.16,0.3591
24534,16.36,0.3724
24535,32.47,0.3796
24536,49.14,0.3502
24537,166.75,0.4602
24538,159.6,0.5481
24539,134.52,0.6395
24540,126.9,0.6243
24541,147.32,0.4967
24542,150.44,0.3852
24543,22.46,0.3105
24544,14.78,0.2616
24545,46.64,0.2595
24546,94.78,0.4295
24547,148.18,0.5642
24548,205.1,0.7451
24549,159.48,0.7216
24550,241.05,0.6033
24551,69.55,0.5395
24552,21.1,0.5283
24553,136.46,0.3152
24554,147.5,0.2649
24555,12.1,0.3698
24556,15.47,0.4589
24557,133.85,0.4604
24558,232.1,0.5789
24559,149.1,0.6211
24560,139.43,0.525
24561,60.88,0.447
24562,30.6,0.4247
24563,148.29,0.4204
24564,125.12,0.507
24565,134.82,0.5047
24566,153.95,0.3818
24567,28.11,0.2881
24568,16.26,0.1791
24569,24.45,0.0804
24570,17.62,0.0655
24571,47.96,0.1977
24572,12.07,0.3214
24573,158.36,0.3547
24574,157.28,0.344
24575,53.48,0.4741
24576,36.42,0.4642
24577,151.89,0.4584
24578,147.7,0.5742
24579,151.07,0.635
24580,177.89,0.5509
24581,101.7,0.42
24582,61.59,0.3037
24583,7.04,0.1475
24584,26.06,0.1029
24585,10.1,0.0541
24586,53.8,0.0905
24587,9.11,0.131
24588,46.19,0.2487
24589,69.52,0.2377
24590,136.56,0.2821
24591,41.98,0.247
24592,56.81,0.3711
24593,8.5,0.4359
24594,202.84,0.451
24595,206.28,0.5211
24596,58.11,0.6627
24597,132.19,0.6885
24598,160.67,0.6479
24599,230.48,0.7657
24600,162.71,0.8001
24601,184.69,0.7731
24602,169.13,0.5691
24603,131.66,0.4444
24604,11.25,0.4415
24605,28.79,0.3528
24606,181.56,0.2638
24607,73.85,0.2586
24608,35.98,0.2938
24609,5.66,0.1353
24610,66.68,0.102
24611,11.18,0.0751
24612,38.04,0.2072
24613,7.12,0.2196
24614,147.62,0.2328
24615,79.96,0.2118
24616,25.38,0.3538
24617,15.45,0.4056
24618,159.74,0.4675
24619,203.24,0.6309
24620,146.5,0.6481
24621,200.9,0.5087
24622,33.99,0.4654
24623,9.91,0.452
24624,156.75,0.2929
24625,132.1,0.3127
24626,29.96,0.3146
24627,55.3,0.1889
24628,11.96,0.1845
24629,21.67,0.2854
24630,127.38,0.3439
24631,138.32,0.3738
24632,118.23,0.5825
24633,44.06,0.6231
24634,245.89,0.512
24635,171.01,0.4476
24636,18.94,0.4097
24637,49.02,0.3203
24638,3.39,0.3026
24639,149.77,0.4838
24640,152.01,0.5213
24641,213.67,0.5533
24642,89.25,0.437
24643,37.79,0.4434
24644,24.84,0.3921
24645,158.88,0.4681
24646,158.52,0.624
24647,170.94,0.7483
24648,205.29,0.684
24649,158.36,0.5999
24650,89.77,0.4488
24651,68.22,0.2854
24652,8.53,0.3346
24653,29.79,0.4497
24654,211.2,0.5487
24655,213.46,0.5766
24656,174.63,0.6247
24657,38.46,0.5867
24658,81.48,0.5445
24659,170.33,0.5387
24660,168.19,0.6875
24661,168.34,0.6148
24662,198.37,0.472
24663,3.4,0.3744
24664,16.86,0.3837
24665,63.32,0.3384
24666,178.36,0.4805
24667,149.65,0.6039
24668,156.1,0.6697
24669,149.44,0.6417
24670,134.06,0.6417
24671,148.28,0.5067
24672,149.6,0.3922
24673,11.09,0.4006
24674,26.36,0.39
24675,143.12,0.2893
24676,136.82,0.3195
24677,41.42,0.3015
24678,43.58,0.2328
24679,6.96,0.2322
24680,69.35,0.3383
24681,136.2,0.4338
24682,155.39,0.4364
24683,146.25,0.3846
24684,9.71,0.2972
24685,13.73,0.1843
24686,42.24,0.0546
24687,34.12,0.0578
24688,6.86,0.057
24689,13.14,0.0555
24690,12.84,0.0422
24691,40.67,0.0387
24692,19.88,0.0674
24693,3.0,0.1882
24694,44.04,0.3511
24695,142.65,0.3428
24696,215.62,0.3577
24697,11.0,0.4442
24698,18.99,0.4445
24699,137.0,0.3886
24700,142.93,0.4986
24701,155.6,0.611
24702,129.15,0.7142
24703,139.79,0.6002
24704,247.92,0.501
24705,20.39,0.3897
24706,49.08,0.4479
24707,9.56,0.3446
24708,202.24,0.376
24709,137.03,0.3798
24710,54.13,0.3831
24711,53.1,0.2046
24712,13.11,0.0886
24713,10.48,0.088
24714,12.36,0.1665
24715,53.53,0.2803
24716,137.38,0.2736
24717,135.45,0.2974
24718,3.25,0.3682
24719,37.97,0.4167
24720,129.57,0.4597
24721,189.5,0.5984
24722,181.63,0.5686
24723,152.24,0.5059
24724,6.03,0.5078
24725,62.17,0.4745
24726,191.54,0.4108
24727,145.85,0.4173
24728,83.75,0.3891
24729,13.02,0.2475
24730,31.92,0.1579
24731,39.43,0.0865
24732,49.56,0.0873
24733,7.02,0.0679
24734,13.92,0.1197
24735,11.04,0.2631
24736,95.1,0.2658
24737,203.58,0.2931
24738,9.99,0.4919
24739,43.17,0.6235
24740,224.66,0.6266
24741,236.56,0.7687
24742,206.84,0.7356
24743,162.73,0.5833
24744,7.57,0.3664
24745,61.07,0.2058
24746,3.47,0.1995
24747,34.32,0.3771
24748,155.95,0.3484
24749,198.4,0.3816
24750,30.18,0.3965
24751,39.22,0.4773
24752,50.29,0.3662
24753,242.78,0.3858
24754,79.03,0.5417
24755,51.17,0.6262
24756,206.79,0.5325
24757,141.04,0.4713
24758,142.12,0.4971
24759,13.26,0.4574
24760,78.92,0.4601
24761,164.16,0.456
24762,143.9,0.587
24763,137.67,0.5239
24764,154.1,0.4339
24765,11.06,0.4973
24766,67.47,0.5308
24767,211.99,0.5163
24768,173.71,0.6488
24769,138.54,0.785
24770,153.4,0.7243
24771,213.81,0.754
24772,146.78,0.8159
24773,205.58,0.7072
24774,205.09,0.5528
24775,36.57,0.5428
24776,47.9,0.4794
24777,136.06,0.4073
24778,137.42,0.5145
24779,127.63,0.6037
24780,151.74,0.6446
24781,143.79,0.6777
24782,179.97,0.6896
24783,173.04,0.676
24784,140.39,0.6674
24785,137.11,0.5112
24786,134.6,0.3885
24787,12.1,0.2639
24788,41.18,0.1846
24789,6.58,0.1893
24790,51.93,0.3105
24791,139.65,0.2774
24792,142.29,0.3196
24793,5.55,0.3008
24794,52.0,0.2001
24795,31.74,0.2075
24796,31.47,0.3468
24797,150.15,0.3169
24798,155.26,0.3101
24799,19.92,0.4226
24800,24.44,0.4027
24801,152.25,0.3896
24802,128.81,0.4949
24803,141.22,0.5648
24804,133.06,0.4329
24805,99.47,0.3455
24806,10.54,0.2262
24807,34.94,0.1431
24808,13.07,0.2192
24809,43.77,0.4266
24810,181.22,0.4033
24811,233.34,0.4702
24812,9.92,0.6085
24813,84.96,0.5912
24814,192.34,0.4244
24815,162.67,0.4393
24816,54.1,0.5513
24817,25.94,0.5264
24818,205.29,0.4144
24819,165.56,0.3882
24820,42.38,0.5412
24821,25.91,0.479
24822,190.36,0.5164
24823,138.41,0.6647
24824,205.82,0.7729
24825,201.68,0.8124
24826,142.17,0.6849
24827,232.79,0.6099
24828,1.46,0.556
24829,125.24,0.4831
24830,143.79,0.2787
24831,63.77,0.3136
24832,13.16,0.2084
24833,39.02,0.1046
24834,12.14,0.0572
24835,32.33,0.063
24836,12.8,0.2274
24837,19.36,0.3476
24838,215.7,0.3686
24839,141.29,0.3923
24840,54.93,0.5289
24841,38.19,0.4443
24842,166.14,0.4337
24843,124.82,0.5128
24844,129.95,0.5108
24845,139.91,0.3689
24846,36.06,0.4192
24847,13.65,0.4373
24848,178.86,0.3279
24849,149.37,0.3048
24850,22.37,0.322
24851,11.25,0.1661
24852,32.16,0.0696
24853,11.29,0.206
24854,45.69,0.3019
24855,168.99,0.2843
24856,114.21,0.3939
24857,13.31,0.4817
24858,128.99,0.4677
24859,140.05,0.3841
24860,153.97,0.3777
24861,24.42,0.3939
24862,6.36,0.4532
24863,146.48,0.49
24864,203.68,0.607
24865,193.54,0.6442
24866,150.15,0.5166
24867,46.32,0.3599
24868,9.32,0.2287
24869,35.38,0.0992
24870,52.58,0.1517
24871,10.96,0.2845
24872,102.7,0.3729
24873,152.07,0.4613
24874,130.35,0.4851
24875,147.57,0.4017
24876,36.51,0.3087
24877,13.07,0.3242
24878,52.22,0.3068
24879,146.92,0.2822
24880,128.9,0.3565
24881,10.11,0.5116
24882,92.93,0.5793
24883,218.82,0.691
24884,219.65,0.8728
24885,248.99,0.8052
24886,205.44,0.6069
24887,20.32,0.4551
24888,5.67,0.2405
24889,56.62,0.0986
24890,18.4,0.0902
24891,52.89,0.1104
24892,11.32,0.0702
24893,27.35,0.18
24894,13.5,0.2517
24895,136.39,0.2769
24896,129.92,0.2609
24897,38.34,0.3219
24898,10.2,0.3816
24899,79.02,0.3022
24900,200.59,0.2698
24901,44.54,0.4034
24902,3.58,0.5161
24903,153.71,0.4926
24904,200.12,0.5727
24905,175.34,0.69
24906,130.62,0.5577
24907,129.61,0.4817
24908,11.54,0.5251
24909,118.4,0.5942
24910,222.06,0.6886
24911,204.8,0.7287
24912,231.11,0.651
24913,54.58,0.5105
24914,34.9,0.3225
24915,71.1,0.1437
24916,2.88,0.1056
24917,38.93,0.2227
24918,13.7,0.3126
24919,160.67,0.3336
24920,167.65,0.3095
24921,25.49,0.3552
24922,13.06,0.2368
24923,62.72,0.1725
24924,33.49,0.3801
24925,98.53,0.3796
24926,248.63,0.3465
24927,12.46,0.3678
24928,27.2,0.3281
24929,56.36,0.1048
24930,55.84,0.107
24931,8.74,0.0909
24932,14.87,0.0876
24933,9.91,0.0509
24934,52.78,0.0896
24935,16.44,0.0852
24936,50.32,0.1199
24937,10.05,0.0812
24938,47.26,0.2008
24939,11.22,0.2837
24940,144.87,0.2912
24941,139.41,0.2535
24942,18.11,0.3718
24943,6.74,0.437
24944,138.32,0.4287
24945,214.96,0.6222
24946,130.53,0.6219
24947,226.02,0.5293
24948,6.36,0.3604
24949,38.82,0.4405
24950,33.51,0.283
24951,216.6,0.2912
24952,56.8,0.3734
24953,15.11,0.5009
24954,127.16,0.4292
24955,170.52,0.5265
24956,139.52,0.5638
24957,161.42,0.4599
24958,55.1,0.4918
24959,15.55,0.4998
24960,204.86,0.3789
24961,148.11,0.34
24962,31.46,0.4994
24963,13.34,0.4321
24964,186.84,0.4234
24965,132.52,0.522
24966,138.71,0.6144
24967,137.42,0.4729
24968,112.7,0.5445
24969,34.74,0.5981
24970,209.51,0.6608
24971,196.25,0.6867
24972,204.78,0.7833
24973,140.51,0.7332
24974,138.62,0.6531
24975,155.65,0.4817
24976,110.14,0.3634
24977,20.66,0.2792
24978,13.44,0.1402
24979,48.14,0.1853
24980,6.22,0.2876
24981,158.64,0.3257
24982,130.59,0.3319
24983,54.4,0.4914
24984,54.77,0.4995
24985,177.61,0.5249
24986,167.28,0.6659
24987,157.93,0.6766
24988,205.86,0.5408
24989,66.3,0.5082
24990,31.72,0.4932
24991,132.26,0.4219
24992,141.84,0.4799
24993,129.19,0.5775
24994,128.58,0.6655
24995,136.62,0.7036
24996,226.86,0.7237
24997,182.72,0.6059
24998,150.81,0.5366
24999,2.05,0.3302
25000,62.06,0.2356
25001,5.18,0.1229
25002,81.03,0.1274
25003,29.72,0.2063
25004,6.87,0.3272
25005,146.91,0.3785
25006,135.05,0.496
25007,136.14,0.647
25008,155.98,0.6689
25009,169.11,0.5689
25010,170.38,0.454
25011,27.65,0.5299
25012,12.68,0.5327
25013,237.49,0.5349
25014,172.14,0.6875
25015,172.75,0.8585
25016,191.66,0.787
25017,196.43,0.7477
25018,160.67,0.6507
25019,129.84,0.6896
25020,68.55,0.6475
25021,233.46,0.5011
25022,151.21,0.4316
25023,3.34,0.3781
25024,55.14,0.3516
25025,11.08,0.3368
25026,204.99,0.4603
25027,135.33,0.4897
25028,136.04,0.5328
25029,86.74,0.3461
25030,57.39,0.3695
25031,4.34,0.38
25032,160.45,0.4369
25033,147.42,0.5639
25034,147.82,0.5739
25035,193.84,0.4293
25036,15.07,0.3035
25037,5.14,0.1885
25038,12.23,0.0227
25039,24.26,0.0439
25040,15.72,0.169
25041,37.84,0.3002
25042,139.49,0.3345
25043,153.25,0.3901
25044,61.09,0.5525
25045,75.46,0.6077
25046,212.3,0.6797
25047,198.8,0.7987
25048,230.66,0.7748
25049,188.97,0.5872
25050,49.8,0.4529
25051,10.7,0.3697
25052,54.46,0.322
25053,141.28,0.406
25054,137.68,0.4118
25055,140.16,0.3766
25056,16.92,0.3705
25057,16.6,0.4331
25058,134.74,0.3316
25059,204.92,0.3321
25060,31.12,0.442
25061,17.43,0.4744
25062,134.65,0.3338
25063,169.58,0.3437
25064,53.9,0.4449
25065,41.71,0.4528
25066,126.2,0.426
25067,143.15,0.5376
25068,140.81,0.6512
25069,173.75,0.5741
25070,163.75,0.4439
25071,43.34,0.3722
25072,3.34,0.3851
25073,63.77,0.3705
25074,187.57,0.5301
25075,148.04,0.5338
25076,214.84,0.4861
25077,7.28,0.3512
25078,12.58,0.2516
25079,42.59,0.0602
25080,41.04,0.0603
25081,9.18,0.2246
25082,7.38,0.3084
25083,189.18,0.2819
25084,132.61,0.3207
25085,12.51,0.4909
25086,50.87,0.4798
25087,190.23,0.5176
25088,177.34,0.5234
25089,173.16,0.5049
25090,18.75,0.3354
25091,30.98,0.2252
25092,8.12,0.0704
25093,58.98,0.1852
25094,6.87,0.2926
25095,142.0,0.4102
25096,146.42,0.5446
25097,134.44,0.7067
25098,203.45,0.7139
25099,181.0,0.5875
25100,149.76,0.4924
25101,10.62,0.4889
25102,32.22,0.347
25103,199.73,0.2278
25104,28.47,0.4186
25105,21.74,0.5627
25106,215.64,0.5143
25107,186.97,0.6306
25108,147.82,0.623
25109,153.4,0.4462
25110,13.61,0.2879
25111,25.65,0.1819
25112,16.89,0.116
25113,33.89,0.2396
25114,82.6,0.2183
25115,146.39,0.259
25116,2.8,0.3541
25117,60.66,0.4591
25118,136.02,0.454
25119,195.43,0.4548
25120,140.95,0.4836
25121,3.59,0.4911
25122,91.59,0.3468
25123,144.12,0.2203
25124,40.4,0.2235
25125,5.0,0.1506
25126,7.08,0.0601
25127,13.21,0.1624
25128,46.91,0.2792
25129,150.26,0.2821
25130,130.49,0.3164
25131,10.19,0.3249
25132,50.1,0.1976
25133,56.06,0.0952
25134,13.48,0.1018
25135,20.49,0.0808
25136,17.21,0.0418
25137,27.53,0.0392
25138,14.15,0.0349
25139,10.7,0.0681
25140,15.93,0.1862
25141,52.87,0.3967
25142,154.42,0.5717
25143,240.29,0.5644
25144,198.79,0.5474
25145,8.08,0.5923
25146,34.6,0.5118
25147,202.66,0.5379
25148,153.74,0.6678
25149,226.94,0.6468
25150,147.56,0.4978
25151,12.06,0.4826
25152,42.54,0.3936
25153,137.4,0.2676
25154,131.32,0.2905
25155,12.21,0.2634
25156,36.7,0.1755
25157,13.42,0.1735
25158,42.89,0.2898
25159,129.19,0.2593
25160,137.21,0.3009
25161,3.9,0.4615
25162,58.12,0.5367
25163,215.41,0.5143
25164,209.99,0.5139
25165,113.22,0.6586
25166,3.4,0.59
25167,213.64,0.5198
25168,141.65,0.5353
25169,134.6,0.6559
25170,129.89,0.4685
25171,132.99,0.4466
25172,12.27,0.4513
25173,118.05,0.4798
25174,139.71,0.494
25175,160.49,0.6777
25176,148.22,0.7514
25177,209.67,0.6254
25178,197.26,0.5324
25179,4.28,0.4054
25180,60.57,0.2562
25181,11.82,0.2335
25182,49.32,0.4042
25183,172.95,0.3617
25184,187.63,0.398
25185,14.96,0.5601
25186,50.8,0.5538
25187,223.48,0.5283
25188,166.17,0.7113
25189,160.2,0.8579
25190,211.63,0.8113
25191,208.26,0.69
25192,173.46,0.5466
25193,35.78,0.3769
25194,6.17,0.3735
25195,29.33,0.4013
25196,204.6,0.3741
25197,203.28,0.4077
25198,6.53,0.393
25199,42.34,0.2572
25200,13.46,0.0826
25201,58.73,0.1285
25202,15.69,0.2804
25203,55.81,0.4099
25204,205.57,0.3641
25205,152.66,0.4026
25206,9.45,0.5551
25207,57.04,0.5052
25208,219.71,0.5211
25209,151.99,0.712
25210,169.66,0.6983
25211,214.66,0.5317
25212,42.25,0.6022
25213,40.74,0.6096
25214,227.76,0.6023
25215,177.63,0.6844
25216,206.74,0.7749
25217,130.5,0.7391
25218,137.94,0.7288
25219,189.34,0.6667
25220,166.5,0.5583
25221,140.03,0.4538
25222,14.04,0.4244
25223,25.64,0.4024
25224,157.78,0.2896
25225,142.92,0.328
25226,18.82,0.3141
25227,55.28,0.1875
25228,10.67,0.1834
25229,21.77,0.2926
25230,138.54,0.2917
25231,136.11,0.3124
25232,54.28,0.3032
25233,32.97,0.1793
25234,11.87,0.0952
25235,5.42,0.0799
25236,45.8,0.1114
25237,37.76,0.1078
25238,66.82,0.1448
25239,8.06,0.1113
25240,45.14,0.1257
25241,9.84,0.0739
25242,53.22,0.1833
25243,11.18,0.273
25244,125.6,0.4201
25245,141.47,0.3905
25246,167.92,0.4234
25247,21.4,0.5017
25248,46.52,0.4986
25249,209.76,0.536
25250,138.18,0.7141
25251,208.05,0.821
25252,212.77,0.7616
25253,161.33,0.6419
25254,145.95,0.4603
25255,9.61,0.2923
25256,12.92,0.1585
25257,32.28,0.0688
25258,17.51,0.0711
25259,49.56,0.0973
25260,12.15,0.072
25261,41.0,0.1146
25262,5.2,0.0716
25263,63.24,0.2107
25264,3.33,0.3641
25265,161.58,0.3696
25266,205.9,0.3921
25267,11.04,0.511
25268,87.47,0.4828
25269,131.04,0.4124
25270,131.28,0.5234
25271,130.26,0.5673
25272,130.28,0.5876
25273,134.72,0.4802
25274,152.85,0.413
25275,15.84,0.3475
25276,58.04,0.246
25277,59.91,0.3315
25278,25.7,0.4499
25279,244.7,0.4299
25280,142.99,0.3875
25281,36.56,0.405
25282,14.39,0.1886
25283,44.5,0.1158
25284,12.22,0.2001
25285,64.74,0.2485
25286,127.1,0.2165
25287,66.39,0.3382
25288,10.18,0.4186
25289,142.94,0.4614
25290,151.12,0.5857
25291,173.12,0.7154
25292,199.93,0.5853
25293,149.52,0.4519
25294,3.14,0.3127
25295,7.84,0.1678
25296,23.52,0.0824
25297,44.28,0.0882
25298,57.8,0.0905
25299,9.38,0.0777
25300,10.26,0.1652
25301,9.76,0.2707
25302,138.25,0.3022
25303,171.23,0.3022
25304,43.21,0.4368
25305,10.3,0.3525
25306,154.37,0.2035
25307,47.6,0.173
25308,11.16,0.2907
25309,10.5,0.2756
25310,136.73,0.3576
25311,138.16,0.3634
25312,135.72,0.3651
25313,17.38,0.2953
25314,12.27,0.194
25315,61.77,0.1018
25316,29.33,0.0879
25317,36.66,0.1343
25318,2.4,0.196
25319,62.1,0.3587
25320,128.14,0.5059
25321,204.07,0.6859
25322,194.84,0.6485
25323,195.79,0.539
25324,21.92,0.5256
25325,10.48,0.4792
25326,189.68,0.342
25327,145.01,0.3338
25328,48.36,0.4449
25329,13.11,0.399
25330,129.87,0.3935
25331,140.35,0.4877
25332,139.07,0.6414
25333,149.64,0.6501
25334,178.21,0.651
25335,139.22,0.5648
25336,141.34,0.6293
25337,46.45,0.5896
25338,218.89,0.4719
25339,135.58,0.3547
25340,12.8,0.3342
25341,15.38,0.1623
25342,24.44,0.0495
25343,34.22,0.0537
25344,14.39,0.1523
25345,17.25,0.3296
25346,121.38,0.4244
25347,214.9,0.4619
25348,136.12,0.4481
25349,54.66,0.5324
25350,2.41,0.5285
25351,211.92,0.5393
25352,210.76,0.6067
25353,147.67,0.6174
25354,127.15,0.5491
25355,13.89,0.4741
25356,138.57,0.3523
25357,130.09,0.2466
25358,16.89,0.2947
25359,13.5,0.2023
25360,65.64,0.1394
25361,39.3,0.3015
25362,62.49,0.3249
25363,191.06,0.2985
25364,38.62,0.3054
25365,37.23,0.4398
25366,46.79,0.4402
25367,206.9,0.4335
25368,191.46,0.4785
25369,31.35,0.6224
25370,85.63,0.5794
25371,201.37,0.632
25372,160.68,0.7967
25373,248.0,0.7648
25374,208.38,0.5871
25375,51.32,0.4816
25376,10.39,0.2603
25377,47.39,0.0836
25378,10.18,0.0427
25379,18.58,0.142
25380,7.3,0.3028
25381,117.13,0.4429
25382,220.16,0.5741
25383,160.72,0.5697
25384,159.52,0.4934
25385,2.54,0.3156
25386,35.2,0.2956
25387,29.1,0.2268
25388,139.29,0.2434
25389,85.52,0.3331
25390,20.44,0.4358
25391,131.5,0.4277
25392,139.5,0.4778
25393,130.56,0.5874
25394,139.38,0.5135
25395,138.23,0.4321
25396,52.06,0.3195
25397,52.0,0.2391
25398,9.59,0.1164
25399,53.07,0.1029
25400,6.32,0.0674
25401,37.63,0.1872
25402,13.84,0.279
25403,138.29,0.3923
25404,151.72,0.3979
25405,128.0,0.5334
25406,43.63,0.6107
25407,159.45,0.4722
25408,221.39,0.3887
25409,2.88,0.3789
25410,38.25,0.4302
25411,33.2,0.3783
25412,214.5,0.4969
25413,165.65,0.5101
25414,130.31,0.5037
25415,52.38,0.3186
25416,26.4,0.2931
25417,15.56,0.2941
25418,138.33,0.3907
25419,131.3,0.5019
25420,156.21,0.5378
25421,145.9,0.4181
25422,54.11,0.3089
25423,9.67,0.1782
25424,14.06,0.0992
25425,15.68,0.0858
25426,61.12,0.2085
25427,39.7,0.3182
25428,141.48,0.3151
25429,131.96,0.2882
25430,12.32,0.2699
25431,32.26,0.1887
25432,20.03,0.2823
25433,54.2,0.3978
25434,232.49,0.3781
25435,136.47,0.4147
25436,11.02,0.3689
25437,59.36,0.1928
25438,5.01,0.0795
25439,43.27,0.1039
25440,14.8,0.0731
25441,37.15,0.0829
25442,26.33,0.0704
25443,15.54,0.0735
25444,29.78,0.0677
25445,18.2,0.0546
25446,30.93,0.2163
25447,12.2,0.3336
25448,189.26,0.3847
25449,155.9,0.3914
25450,73.06,0.5123
25451,38.08,0.4734
25452,142.16,0.5239
25453,147.5,0.659
25454,210.14,0.7644
25455,218.22,0.6903
25456,151.32,0.5553
25457,62.51,0.3966
25458,2.49,0.2048
25459,39.56,0.1155
25460,12.14,0.0674
25461,55.38,0.0915
25462,10.85,0.0584
25463,28.37,0.1763
25464,4.05,0.2274
25465,138.8,0.2606
25466,110.28,0.2436
25467,46.46,0.3708
25468,10.18,0.3739
25469,140.66,0.3182
25470,142.21,0.3245
25471,50.42,0.4455
25472,53.2,0.453
25473,140.14,0.4443
25474,148.78,0.5292
25475,132.81,0.6141
25476,141.64,0.6092
25477,144.43,0.4812
25478,134.95,0.4075
25479,11.2,0.2868
25480,53.68,0.2147
25481,11.87,0.0966
25482,67.03,0.0937
25483,8.02,0.1113
25484,8.08,0.1107
25485,72.64,0.0663
25486,11.16,0.0729
25487,19.35,0.1899
25488,15.13,0.2433
25489,133.72,0.2424
25490,130.09,0.2383
25491,10.18,0.3541
25492,14.93,0.3871
25493,139.57,0.4172
25494,169.18,0.6058
25495,162.37,0.7473
25496,212.81,0.7909
25497,167.02,0.6438
25498,186.38,0.5365
25499,11.13,0.3602
25500,47.13,0.254
25501,23.34,0.0907
25502,52.98,0.122
25503,10.92,0.0866
25504,44.7,0.1137
25505,9.15,0.0739
25506,52.45,0.0895
25507,10.17,0.1219
25508,27.66,0.2967
25509,79.55,0.2895
25510,196.92,0.3001
25511,44.74,0.2794
25512,21.57,0.3503
25513,5.42,0.3266
25514,155.74,0.4421
25515,171.43,0.5553
25516,168.88,0.5632
25517,143.15,0.4438
25518,13.9,0.4357
25519,27.52,0.4857
25520,162.73,0.5315
25521,222.58,0.6941
25522,192.34,0.6769
25523,188.56,0.5728
25524,9.06,0.3814
25525,50.92,0.263
25526,16.94,0.0934
25527,65.07,0.2143
25528,6.39,0.3359
25529,138.92,0.4601
25530,181.57,0.419
25531,150.39,0.4246
25532,20.91,0.4387
25533,12.38,0.3985
25534,154.11,0.3807
25535,138.36,0.5266
25536,131.28,0.5273
25537,177.72,0.4121
25538,13.14,0.4358
25539,30.26,0.4549
25540,163.8,0.307
25541,151.87,0.3246
25542,18.73,0.3015
25543,32.11,0.2086
25544,5.42,0.1882
25545,63.99,0.2949
25546,129.96,0.2792
25547,133.34,0.3004
25548,15.23,0.3782
25549,28.26,0.3843
25550,147.55,0.3508
25551,136.56,0.3658
25552,97.36,0.4602
25553,31.34,0.4681
25554,129.69,0.568
25555,156.0,0.6555
25556,243.85,0.8436
25557,191.4,0.7333
25558,233.49,0.6123
25559,11.19,0.4137
25560,25.95,0.2695
25561,30.51,0.0639
25562,36.43,0.0673
25563,12.58,0.1674
25564,14.84,0.345
25565,133.48,0.4439
25566,221.37,0.5747
25567,142.72,0.5704
25568,153.12,0.4945
25569,10.22,0.4826
25570,51.91,0.5432
25571,208.51,0.4132
25572,207.86,0.5285
25573,13.44,0.6058
25574,134.08,0.5558
25575,135.05,0.4827
25576,154.77,0.5507
25577,129.28,0.4715
25578,86.51,0.378
25579,49.04,0.2644
25580,34.56,0.147
25581,32.67,0.0754
25582,3.19,0.0542
25583,9.58,0.0547
25584,26.2,0.1608
25585,35.1,0.2873
25586,146.74,0.4091
25587,139.07,0.3962
25588,140.41,0.3932
25589,12.4,0.4489
25590,31.81,0.4568
25591,206.6,0.3374
25592,147.6,0.3619
25593,12.07,0.4623
25594,38.79,0.4006
25595,139.63,0.3835
25596,140.32,0.4925
25597,129.28,0.6016
25598,129.16,0.6747
25599,156.02,0.5924
25600,218.18,0.5036
25601,51.84,0.4326
25602,33.93,0.5006
25603,52.85,0.389
25604,229.02,0.3622
25605,98.29,0.3841
25606,23.06,0.3453
25607,57.43,0.1569
25608,11.26,0.0784
25609,26.56,0.0749
25610,13.92,0.1394
25611,19.35,0.2164
25612,126.71,0.2011
25613,94.03,0.2438
25614,10.11,0.4084
25615,59.8,0.4815
25616,196.2,0.598
25617,205.18,0.5999
25618,219.2,0.5863
25619,12.2,0.4706
25620,45.13,0.5025
25621,71.93,0.3186
25622,239.47,0.3527
25623,21.61,0.359
25624,48.76,0.3156
25625,51.99,0.1016
25626,25.26,0.2772
25627,9.52,0.4558
25628,210.34,0.4393
25629,240.62,0.5769
25630,34.23,0.7144
25631,173.12,0.6673
25632,157.26,0.4574
25633,159.77,0.4655
25634,15.07,0.4291
25635,42.97,0.41
25636,133.94,0.3823
25637,136.8,0.5195
25638,130.02,0.4973
25639,162.45,0.4203
25640,19.11,0.5238
25641,51.19,0.5894
25642,248.05,0.6322
25643,200.46,0.7747
25644,208.44,0.8955
25645,172.22,0.833
25646,181.04,0.8336
25647,180.84,0.7942
25648,201.12,0.6913
25649,166.09,0.5541
25650,61.66,0.5465
25651,33.62,0.5424
25652,172.65,0.5701
25653,196.72,0.5239
25654,195.92,0.6838
25655,12.04,0.659
25656,205.42,0.615
25657,145.98,0.6307
25658,149.46,0.7643
25659,212.76,0.6159
25660,155.62,0.6133
25661,45.92,0.61
25662,143.16,0.5933
25663,146.0,0.6289
25664,194.79,0.7437
25665,193.82,0.7679
25666,169.29,0.6466
25667,169.15,0.5105
25668,15.74,0.3751
25669,48.51,0.2279
25670,48.33,0.1255
25671,11.17,0.2648
25672,59.11,0.2839
25673,165.41,0.2505
25674,68.97,0.3653
25675,12.48,0.4386
25676,134.48,0.4101
25677,137.91,0.5034
25678,134.78,0.6324
25679,169.18,0.6413
25680,151.13,0.576
25681,144.0,0.463
25682,67.84,0.3505
25683,13.3,0.2441
25684,48.36,0.157
25685,36.78,0.2793
25686,50.41,0.4472
25687,199.28,0.5916
25688,193.62,0.6893
25689,203.55,0.703
25690,141.81,0.5247
25691,65.09,0.4811
25692,7.66,0.4385
25693,146.86,0.3432
25694,157.76,0.2909
25695,39.33,0.3199
25696,8.9,0.1949
25697,38.88,0.2147
25698,12.58,0.3006
25699,179.01,0.3302
25700,131.58,0.3038
25701,40.73,0.3133
25702,10.51,0.1578
25703,22.77,0.0827
25704,11.94,0.0598
25705,50.9,0.0647
25706,16.16,0.0737
25707,15.77,0.075
25708,32.44,0.0487
25709,13.36,0.0488
25710,22.61,0.037
25711,16.2,0.1431
25712,3.17,0.3132
25713,146.38,0.341
25714,196.18,0.3315
25715,52.51,0.5228
25716,5.91,0.5108
25717,208.74,0.5298
25718,133.55,0.6669
25719,216.57,0.7931
25720,199.8,0.7372
25721,141.51,0.742
25722,148.71,0.5528
25723,138.65,0.5635
25724,13.34,0.5652
25725,211.22,0.4574
25726,143.4,0.3304
25727,32.88,0.3689
25728,2.13,0.2122
25729,54.73,0.1069
25730,42.84,0.0801
25731,30.22,0.1572
25732,4.11,0.2381
25733,85.04,0.3278
25734,141.6,0.3511
25735,139.23,0.3526
25736,55.29,0.4025
25737,5.66,0.4247
25738,138.64,0.4295
25739,165.47,0.5628
25740,144.44,0.5939
25741,198.45,0.4762
25742,39.16,0.452
25743,12.11,0.4653
25744,139.48,0.3356
25745,158.76,0.3096
25746,59.12,0.3113
25747,11.22,0.2338
25748,13.94,0.0888
25749,56.16,0.0533
25750,2.93,0.0556
25751,21.05,0.0853
25752,13.63,0.1745
25753,45.85,0.3108
25754,152.07,0.305
25755,149.3,0.3021
25756,14.91,0.3971
25757,10.46,0.4142
25758,147.94,0.4387
25759,170.46,0.5715
25760,175.58,0.5904
25761,157.65,0.4561
25762,30.67,0.3579
25763,3.68,0.201
25764,64.95,0.1007
25765,7.0,0.0832
25766,49.86,0.1171
25767,11.9,0.0626
25768,40.16,0.1814
25769,6.36,0.2628
25770,134.59,0.2699
25771,137.36,0.2384
25772,19.55,0.2822
25773,6.24,0.3096
25774,53.5,0.2856
25775,164.01,0.2737
25776,111.58,0.3865
25777,6.78,0.5564
25778,127.46,0.5387
25779,236.03,0.5648
25780,145.02,0.7213
25781,139.62,0.742
25782,174.88,0.6312
25783,149.68,0.5555
25784,117.03,0.4351
25785,63.64,0.4088
25786,10.28,0.4361
25787,146.58,0.3874
25788,179.1,0.358
25789,64.64,0.4083
25790,32.06,0.2822
25791,64.31,0.1214
25792,11.16,0.2093
25793,6.3,0.3129
25794,159.05,0.2615
25795,143.42,0.2648
25796,9.04,0.3122
25797,14.69,0.1999
25798,57.28,0.0819
25799,38.32,0.2667
25800,16.66,0.3189
25801,207.55,0.3094
25802,70.86,0.3106
25803,47.1,0.3602
25804,39.6,0.1727
25805,69.96,0.1473
25806,6.07,0.1083
25807,43.58,0.1349
25808,5.16,0.078
25809,68.14,0.1028
25810,8.83,0.0714
25811,32.75,0.1024
25812,9.81,0.0446
25813,38.45,0.1608
25814,6.1,0.3403
25815,133.68,0.3413
25816,225.6,0.3185
25817,10.9,0.3824
25818,13.96,0.4485
25819,74.71,0.4365
25820,204.68,0.6106
25821,212.79,0.6073
25822,197.94,0.5808
25823,10.4,0.4118
25824,46.28,0.3432
25825,23.01,0.2673
25826,139.09,0.2777
25827,116.42,0.2488
25828,21.56,0.2691
25829,15.22,0.1511
25830,44.84,0.0773
25831,12.27,0.0616
25832,37.21,0.1086
25833,4.61,0.1572
25834,65.78,0.333
25835,97.05,0.4993
25836,201.11,0.5025
25837,215.93,0.5785
25838,8.03,0.6184
25839,147.4,0.5632
25840,139.96,0.4837
25841,141.8,0.5982
25842,130.48,0.5075
25843,131.15,0.3927
25844,49.94,0.2669
25845,16.62,0.1487
25846,6.63,0.0762
25847,3.46,0.0538
25848,53.19,0.0961
25849,25.9,0.1004
25850,62.1,0.2229
25851,11.17,0.2502
25852,135.16,0.2483
25853,82.52,0.2032
25854,23.8,0.3343
25855,13.64,0.3328
25856,152.1,0.3035
25857,133.51,0.2968
25858,51.06,0.4744
25859,16.61,0.4856
25860,204.42,0.5149
25861,164.19,0.5996
25862,164.9,0.714
25863,142.16,0.6448
25864,139.46,0.5035
25865,130.07,0.3584
25866,12.41,0.3534
25867,8.95,0.3581
25868,136.8,0.3778
25869,144.5,0.5153
25870,151.24,0.5556
25871,160.22,0.469
25872,52.23,0.341
25873,43.71,0.2534
25874,6.94,0.1067
25875,57.2,0.2314
25876,2.6,0.3153
25877,186.2,0.3597
25878,133.83,0.4436
25879,54.61,0.6118
25880,147.35,0.582
25881,183.33,0.6328
25882,154.26,0.6161
25883,188.35,0.4885
25884,36.7,0.3207
25885,10.21,0.1887
25886,3.1,0.1014
25887,12.45,0.206
25888,94.49,0.2017
25889,149.14,0.2147
25890,5.52,0.3933
25891,17.04,0.4658
25892,204.44,0.5235
25893,172.34,0.574
25894,211.16,0.6221
25895,59.76,0.5575
25896,68.7,0.4198
25897,134.99,0.2642
25898,24.5,0.2199
25899,43.94,0.1651
25900,12.18,0.0527
25901,9.75,0.2226
25902,14.31,0.375
25903,206.96,0.3995
25904,207.75,0.4
25905,38.46,0.3945
25906,10.29,0.2321
25907,8.45,0.085
25908,32.39,0.1036
25909,49.79,0.1044
25910,58.36,0.1038
25911,11.22,0.0859
25912,7.76,0.0635
25913,13.16,0.0211
25914,25.76,0.0285
25915,12.8,0.1579
25916,19.11,0.3358
25917,146.87,0.3157
25918,204.23,0.3555
25919,4.17,0.3442
25920,55.64,0.3769
25921,6.9,0.3174
25922,182.0,0.464
25923,140.37,0.6065
25924,161.68,0.765
25925,208.68,0.6513
25926,177.26,0.5269
25927,59.81,0.5682
25928,6.72,0.5505
25929,206.08,0.3879
25930,189.64,0.352
25931,2.56,0.3829
25932,21.25,0.2377
25933,39.88,0.0653
25934,50.09,0.074
25935,4.33,0.1985
25936,11.91,0.3068
25937,155.02,0.3611
25938,156.3,0.3828
25939,108.38,0.5493
25940,27.71,0.5967
25941,190.77,0.5757
25942,206.01,0.6081
25943,133.68,0.7313
25944,143.21,0.5702
25945,160.04,0.4569
25946,17.77,0.512
25947,84.26,0.4592
25948,192.84,0.3366
25949,86.46,0.3287
25950,28.33,0.2541
25951,9.24,0.1149
25952,4.17,0.0774
25953,43.22,0.1075
25954,46.2,0.1091
25955,60.63,0.1438
25956,11.02,0.316
25957,41.44,0.4649
25958,228.21,0.4189
25959,206.2,0.4361
25960,11.22,0.5379
25961,29.46,0.4981
25962,150.83,0.4335
25963,185.5,0.5898
25964,136.78,0.6485
25965,179.14,0.5288
25966,92.55,0.373
25967,22.18,0.3027
25968,18.13,0.2657
25969,61.23,0.307
25970,139.42,0.3344
25971,136.94,0.3877
25972,51.6,0.4646
25973,75.35,0.4607
25974,143.89,0.3443
25975,135.2,0.3292
25976,11.85,0.4505
25977,35.47,0.5045
25978,205.61,0.3885
25979,201.9,0.4094
25980,10.58,0.383
25981,34.33,0.255
25982,7.12,0.1827
25983,68.08,0.3039
25984,124.24,0.2867
25985,140.72,0.3059
25986,15.84,0.2586
25987,27.78,0.165
25988,17.25,0.0486
25989,23.65,0.047
25990,15.74,0.0295
25991,14.06,0.0711
25992,8.98,0.0969
25993,62.03,0.1093
25994,51.27,0.1059
25995,29.08,0.1079
25996,10.42,0.0646
25997,11.12,0.1614
25998,15.58,0.2204
25999,155.18,0.2234
26000,92.52,0.2242
26001,13.62,0.3364
26002,11.99,0.3427
26003,136.15,0.3871
26004,161.94,0.5635
26005,140.19,0.687
26006,203.22,0.7174
26007,144.68,0.5865
26008,168.81,0.498
26009,21.23,0.3204
26010,45.12,0.2018
26011,12.44,0.0951
26012,17.26,0.0868
26013,54.15,0.059
26014,12.28,0.0612
26015,15.32,0.0929
26016,14.77,0.2678
26017,51.31,0.3874
26018,242.06,0.5046
26019,140.77,0.4992
26020,141.21,0.4849
26021,9.06,0.4368
26022,35.86,0.4651
26023,190.38,0.4915
26024,171.2,0.6418
26025,169.62,0.6134
26026,170.49,0.4878
26027,5.42,0.498
26028,55.34,0.4765
26029,182.25,0.4641
26030,146.43,0.6077
26031,157.26,0.6907
26032,159.69,0.6499
26033,144.48,0.6383
26034,138.39,0.6167
26035,133.97,0.4802
26036,134.13,0.403
26037,13.02,0.4618
26038,61.46,0.5227
26039,201.55,0.5763
26040,199.46,0.57
26041,191.78,0.7072
26042,6.17,0.6537
26043,208.88,0.6039
26044,144.05,0.5645
26045,145.94,0.6869
26046,149.48,0.6585
26047,137.68,0.6614
26048,178.37,0.5358
26049,147.17,0.4605
26050,11.05,0.4681
26051,68.56,0.534
26052,145.77,0.4383
26053,249.22,0.4841
26054,44.3,0.4256
26055,60.31,0.3015
26056,5.66,0.0996
26057,12.45,0.108
26058,32.32,0.1752
26059,53.32,0.2117
26060,132.53,0.2188
26061,44.81,0.3155
26062,20.14,0.3928
26063,136.16,0.3975
26064,136.37,0.5414
26065,137.64,0.6699
26066,199.39,0.5728
26067,158.24,0.5098
26068,31.79,0.3921
26069,68.66,0.2499
26070,11.2,0.2263
26071,46.62,0.3199
26072,132.93,0.2657
26073,132.3,0.2628
26074,10.43,0.3464
26075,8.07,0.4055
26076,136.46,0.3085
26077,196.42,0.3347
26078,28.06,0.4584
26079,38.63,0.547
26080,140.99,0.381
26081,231.6,0.3958
26082,18.08,0.5437
26083,43.97,0.5509
26084,197.54,0.4912
26085,148.73,0.6688
26086,167.51,0.6844
26087,208.83,0.5212
26088,60.7,0.562
26089,22.28,0.5444
26090,192.5,0.5161
26091,148.6,0.5806
26092,178.42,0.7291
26093,129.99,0.744
26094,181.87,0.65
26095,208.5,0.4977
26096,47.65,0.4379
26097,14.78,0.3134
26098,65.7,0.1641
26099,48.14,0.2698
26100,48.02,0.2963
26101,161.22,0.2672
26102,43.32,0.4214
26103,34.42,0.5847
26104,213.84,0.5667
26105,223.44,0.676
26106,141.85,0.7911
26107,160.78,0.73
26108,158.05,0.6732
26109,148.28,0.5427
26110,162.34,0.6031
26111,1.71,0.6525
26112,225.58,0.5832
26113,211.17,0.4364
26114,73.79,0.4942
26115,4.65,0.2904
26116,63.83,0.1467
26117,6.6,0.0884
26118,56.81,0.1564
26119,11.07,0.2308
26120,77.79,0.353
26121,143.69,0.3406
26122,137.93,0.3591
26123,43.45,0.4154
26124,31.03,0.4557
26125,138.2,0.5086
26126,187.0,0.613
26127,194.74,0.6458
26128,155.72,0.5211
26129,66.22,0.4721
26130,4.28,0.4769
26131,134.29,0.3647
26132,199.95,0.3078
26133,35.12,0.3356
26134,5.07,0.223
26135,34.18,0.0915
26136,13.31,0.1866
26137,58.67,0.2525
26138,137.25,0.2296
26139,75.84,0.4255
26140,9.67,0.5545
26141,223.79,0.5794
26142,197.2,0.5214
26143,164.06,0.6509
26144,13.5,0.5929
26145,148.82,0.5385
26146,161.44,0.5088
26147,138.76,0.5012
26148,132.2,0.3655
26149,5.33,0.2353
26150,2.98,0.1342
26151,21.56,0.0666
26152,30.19,0.0652
26153,59.56,0.0798
26154,3.8,0.0712
26155,18.61,0.1877
26156,12.39,0.296
26157,155.35,0.322
26158,175.86,0.3163
26159,31.74,0.3346
26160,12.49,0.3299
26161,32.08,0.2699
26162,150.33,0.2522
26163,111.41,0.3536
26164,12.67,0.4442
26165,121.45,0.4322
26166,129.47,0.4609
26167,137.38,0.5837
26168,142.28,0.4791
26169,144.63,0.4063
26170,8.99,0.436
26171,51.29,0.4254
26172,169.25,0.4603
26173,130.95,0.6794
26174,182.04,0.6681
26175,244.46,0.5226
26176,39.16,0.4493
26177,12.93,0.2899
26178,52.16,0.0969
26179,10.8,0.0728
26180,37.1,0.2862
26181,13.23,0.3645
26182,242.26,0.3965
26183,136.29,0.3698
26184,45.16,0.3719
26185,8.42,0.1693
26186,15.46,0.0612
26187,24.62,0.0887
26188,20.07,0.093
26189,74.71,0.1182
26190,13.11,0.1225
26191,42.54,0.1173
26192,29.19,0.0612
26193,14.46,0.0599
26194,14.5,0.0503
26195,11.71,0.0496
26196,32.18,0.0921
26197,28.47,0.0847
26198,60.15,0.1053
26199,6.46,0.0789
26200,33.86,0.2522
26201,3.78,0.3926
26202,214.74,0.4127
26203,211.0,0.3951
26204,28.07,0.5097
26205,14.96,0.5024
26206,126.91,0.447
26207,206.84,0.5498
26208,151.51,0.7644
26209,138.5,0.8125
26210,245.56,0.76
26211,178.63,0.6713
26212,150.43,0.5832
26213,56.2,0.5513
26214,43.83,0.4239
26215,211.2,0.3117
26216,41.8,0.2763
26217,29.9,0.2654
26218,18.11,0.0828
26219,32.1,0.0629
26220,15.03,0.0502
26221,20.42,0.1581
26222,16.24,0.2529
26223,134.12,0.2742
26224,133.98,0.2649
26225,37.83,0.3796
26226,10.51,0.4088
26227,139.38,0.4828
26228,165.5,0.6419
26229,213.48,0.6404
26230,208.85,0.5283
26231,8.9,0.5482
26232,18.89,0.4833
26233,186.88,0.4258
26234,143.76,0.5521
26235,147.03,0.7426
26236,144.63,0.7592
26237,223.52,0.8158
26238,204.8,0.7801
26239,204.52,0.6958
26240,108.72,0.523
26241,54.0,0.5461
26242,37.95,0.5034
26243,229.59,0.4507
26244,158.66,0.411
26245,52.02,0.4457
26246,11.44,0.2409
26247,75.17,0.2408
26248,9.59,0.3146
26249,158.53,0.3713
26250,131.33,0.3155
26251,72.33,0.3355
26252,15.22,0.1995
26253,31.11,0.0819
26254,12.33,0.0406
26255,5.04,0.0803
26256,27.92,0.1041
26257,57.88,0.1076
26258,56.63,0.1222
26259,16.16,0.102
26260,20.74,0.1095
26261,6.22,0.0619
26262,65.86,0.1726
26263,5.48,0.2694
26264,135.16,0.2832
26265,124.76,0.3034
26266,21.06,0.4303
26267,87.5,0.4386
26268,141.88,0.4747
26269,144.06,0.5925
26270,163.57,0.6659
26271,147.65,0.6615
26272,166.28,0.5672
26273,137.22,0.4194
26274,42.75,0.3089
26275,4.78,0.2942
26276,28.86,0.3435
26277,150.5,0.312
26278,190.21,0.3236
26279,8.93,0.334
26280,17.2,0.2464
26281,40.08,0.1261
26282,56.3,0.2757
26283,60.94,0.2911
26284,169.68,0.303
26285,33.76,0.2745
26286,52.91,0.4021
26287,25.7,0.374
26288,197.96,0.4788
26289,139.56,0.5385
26290,146.36,0.5472
26291,116.97,0.3766
26292,35.06,0.2588
26293,14.72,0.1394
26294,12.98,0.1591
26295,18.1,0.2795
26296,138.07,0.2929
26297,164.4,0.2924
26298,29.19,0.4046
26299,12.39,0.4581
26300,138.66,0.3827
26301,195.53,0.4043
26302,83.47,0.5359
26303,52.34,0.5498
26304,153.76,0.3795
26305,153.59,0.3486
26306,12.62,0.3035
26307,50.26,0.3553
26308,3.88,0.3447
26309,209.38,0.5138
26310,142.28,0.6596
26311,194.29,0.8103
26312,206.9,0.8046
26313,165.76,0.688
26314,203.25,0.5225
26315,17.06,0.3884
26316,16.48,0.3279
26317,62.72,0.3006
26318,100.8,0.4404
26319,173.91,0.5546
26320,167.26,0.5315
26321,139.21,0.4397
26322,37.93,0.4039
26323,2.13,0.3898
26324,135.49,0.3812
26325,152.02,0.3829
26326,130.04,0.4973
26327,39.76,0.5309
26328,124.98,0.584
26329,171.68,0.6185
26330,208.99,0.8084
26331,167.14,0.7425
26332,243.86,0.6422
26333,54.13,0.6525
26334,63.9,0.5689
26335,220.06,0.3915
26336,77.29,0.3531
26337,53.22,0.3116
26338,12.89,0.1195
26339,19.3,0.09
26340,13.66,0.0803
26341,45.63,0.0932
26342,42.8,0.0845
26343,26.74,0.2646
26344,9.92,0.4134
26345,207.19,0.4149
26346,205.49,0.4523
26347,44.46,0.627
26348,66.96,0.5691
26349,197.56,0.5713
26350,144.95,0.6888
26351,207.86,0.7148
26352,170.74,0.5708
26353,94.94,0.4462
26354,42.84,0.3134
26355,11.08,0.1765
26356,65.13,0.1512
26357,23.6,0.1164
26358,67.86,0.1376
26359,5.34,0.1542
26360,33.87,0.3255
26361,82.95,0.3177
26362,207.76,0.3252
26363,59.41,0.3082
26364,13.42,0.3563
26365,15.62,0.1732
26366,134.66,0.1329
26367,10.98,0.3055
26368,16.08,0.44
26369,198.87,0.4635
26370,160.23,0.6039
26371,159.84,0.7643
26372,161.81,0.8103
26373,188.43,0.6656
26374,248.3,0.5735
26375,4.83,0.4328
26376,60.85,0.2986
26377,10.62,0.0791
26378,44.26,0.128
26379,12.44,0.0885
26380,57.32,0.1235
26381,18.42,0.0922
26382,48.22,0.0868
26383,10.65,0.0396
26384,6.65,0.2134
26385,6.58,0.272
26386,205.16,0.2739
26387,111.17,0.2748
26388,12.75,0.4002
26389,7.56,0.3512
26390,141.34,0.3832
26391,152.49,0.595
26392,145.58,0.5917
26393,240.34,0.4998
26394,4.02,0.3681
26395,42.53,0.2833
26396,11.06,0.1769
26397,54.47,0.2988
26398,126.0,0.2705
26399,134.95,0.3051
26400,12.17,0.4321
26401,48.2,0.494
26402,191.0,0.4859
26403,192.46,0.4897
26404,126.23,0.6644
26405,16.26,0.6803
26406,235.95,0.5088
26407,208.04,0.3953
26408,8.2,0.4222
26409,4.26,0.2383
26410,45.22,0.1868
26411,38.28,0.3084
26412,152.72,0.3161
26413,138.91,0.3206
26414,12.56,0.3121
26415,50.06,0.2325
26416,29.06,0.1102
26417,67.28,0.1429
26418,7.46,0.1026
26419,47.7,0.132
26420,6.7,0.0798
26421,60.73,0.0976
26422,11.12,0.0668
26423,26.66,0.0914
26424,14.55,0.1786
26425,33.16,0.292
26426,154.43,0.3965
26427,132.96,0.3873
26428,138.96,0.5112
26429,4.61,0.5639
26430,166.29,0.6158
26431,211.03,0.6881
26432,188.74,0.8144
26433,216.72,0.6689
26434,140.21,0.5035
26435,9.98,0.4681
26436,33.36,0.3853
26437,150.66,0.266
26438,127.74,0.2779
26439,12.05,0.2609
26440,22.77,0.1705
26441,15.09,0.1779
26442,53.49,0.304
26443,135.72,0.2922
26444,147.6,0.3299
26445,10.0,0.4811
26446,55.62,0.5806
26447,216.0,0.4907
26448,242.6,0.4922
26449,51.04,0.5808
26450,11.62,0.5063
26451,150.73,0.4593
26452,135.96,0.595
26453,192.14,0.6277
26454,196.82,0.6389
26455,46.74,0.6575
26456,162.82,0.6302
26457,155.89,0.6354
26458,162.84,0.7461
26459,202.45,0.7268
26460,165.64,0.7162
26461,142.07,0.5666
26462,144.48,0.4289
26463,2.12,0.2861
26464,54.5,0.2189
26465,12.29,0.2102
26466,69.81,0.3452
26467,135.2,0.3066
26468,147.12,0.3472
26469,13.03,0.4077
26470,55.91,0.4052
26471,134.8,0.3891
26472,132.47,0.4978
26473,129.91,0.488
26474,129.83,0.4054
26475,45.34,0.3408
26476,46.0,0.238
26477,63.07,0.1381
26478,19.48,0.2804
26479,22.48,0.3631
26480,198.23,0.3082
26481,134.89,0.323
26482,4.1,0.3138
26483,35.37,0.147
26484,12.55,0.0354
26485,19.03,0.0512
26486,15.04,0.1548
26487,21.06,0.2624
26488,146.6,0.2467
26489,128.23,0.2903
26490,2.11,0.3963
26491,61.96,0.4182
26492,134.94,0.436
26493,170.08,0.6372
26494,147.38,0.7636
26495,218.3,0.7688
26496,197.71,0.6146
26497,140.53,0.5805
26498,4.45,0.5501
26499,110.69,0.3943
26500,185.69,0.2687
26501,30.26,0.2866
26502,5.6,0.3296
26503,23.76,0.2845
26504,156.82,0.2723
26505,137.24,0.4253
26506,17.2,0.5306
26507,169.95,0.5124
26508,136.85,0.3907
26509,137.28,0.4111
26510,6.48,0.385
26511,39.16,0.396
26512,141.88,0.4128
26513,148.69,0.6021
26514,155.32,0.755
26515,209.92,0.7901
26516,203.46,0.6945
26517,179.52,0.5524
26518,46.04,0.385
26519,2.56,0.2436
26520,30.13,0.2204
26521,51.53,0.3101
26522,154.56,0.4715
26523,142.42,0.5647
26524,175.96,0.5952
26525,130.27,0.4575
26526,84.32,0.5198
26527,6.63,0.4736
26528,209.29,0.5024
26529,126.31,0.4328
26530,161.27,0.4544
26531,9.49,0.398
26532,29.84,0.4925
26533,148.77,0.5563
26534,227.75,0.6788
26535,229.92,0.7734
26536,141.02,0.8128
26537,131.57,0.6103
26538,191.1,0.6045
26539,10.18,0.6673
26540,223.66,0.6389
26541,208.52,0.4724
26542,101.02,0.4857
26543,12.17,0.3109
26544,24.49,0.16
26545,35.86,0.0773
26546,46.35,0.0964
26547,12.24,0.2645
26548,32.66,0.3644
26549,205.14,0.333
26550,143.16,0.544
26551,12.65,0.6597
26552,238.87,0.6113
26553,156.98,0.6061
26554,153.14,0.7127
26555,137.61,0.6127
26556,127.21,0.5807
26557,131.36,0.4529
26558,122.61,0.3559
26559,15.88,0.2872
26560,33.29,0.189
26561,53.46,0.2031
26562,25.84,0.3257
26563,137.8,0.3462
26564,147.55,0.3403
26565,55.29,0.3797
26566,47.18,0.2621
26567,68.15,0.2462
26568,11.43,0.3358
26569,130.46,0.3213
26570,151.57,0.269
26571,31.6,0.397
26572,11.94,0.4138
26573,148.95,0.4585
26574,148.54,0.553
26575,199.6,0.6355
26576,133.18,0.5072
26577,100.52,0.4938
26578,11.16,0.5087
26579,134.08,0.5134
26580,215.68,0.4468
26581,138.18,0.4456
26582,28.94,0.3355
26583,9.91,0.2609
26584,15.74,0.2605
26585,135.51,0.2484
26586,137.83,0.2483
26587,15.9,0.3574
26588,9.79,0.3588
26589,133.04,0.2862
26590,137.01,0.2757
26591,59.75,0.3364
26592,4.6,0.3465
26593,75.1,0.364
26594,143.87,0.4607
26595,155.8,0.493
26596,163.62,0.4347
26597,39.36,0.3363
26598,12.46,0.2008
26599,38.1,0.0824
26600,10.2,0.1619
26601,36.39,0.2005
26602,124.76,0.1741
26603,53.93,0.2029
26604,9.74,0.298
26605,41.22,0.3031
26606,138.58,0.2597
26607,130.21,0.2623
26608,7.32,0.4253
26609,12.54,0.4333
26610,216.32,0.364
26611,147.18,0.3666
26612,55.8,0.4788
26613,10.02,0.4212
26614,133.12,0.4221
26615,154.48,0.5102
26616,148.14,0.624
26617,150.45,0.6441
26618,132.32,0.6078
26619,154.72,0.5041
26620,115.46,0.4148
26621,36.73,0.2938
26622,54.46,0.3464
26623,2.28,0.4706
26624,211.26,0.6148
26625,248.94,0.7111
26626,191.6,0.817
26627,158.0,0.6368
26628,116.03,0.6211
26629,17.65,0.6335
26630,232.04,0.5017
26631,204.98,0.3969
26632,16.35,0.4316
26633,3.38,0.2476
26634,55.0,0.2538
26635,34.28,0.3917
26636,211.73,0.4666
26637,164.5,0.4258
26638,83.84,0.4581
26639,11.14,0.2705
26640,69.04,0.1519
26641,10.1,0.0867
26642,37.05,0.1246
26643,13.82,0.079
26644,51.86,0.1029
26645,20.1,0.0809
26646,35.72,0.0718
26647,13.46,0.0399
26648,4.07,0.0663
26649,17.49,0.2328
26650,48.54,0.3578
26651,214.63,0.3691
26652,147.7,0.4427
26653,16.19,0.5645
26654,96.58,0.5226
26655,179.48,0.5266
26656,169.55,0.7045
26657,151.98,0.6658
26658,207.4,0.5099
26659,55.01,0.4123
26660,11.94,0.2755
26661,64.63,0.1185
26662,5.04,0.0713
26663,38.72,0.1243
26664,4.28,0.1063
26665,68.92,0.2788
26666,45.22,0.4085
26667,190.44,0.4073
26668,178.02,0.3556
26669,2.98,0.3579
26670,13.45,0.2079
26671,47.7,0.0506
26672,29.24,0.0918
26673,9.03,0.2286
26674,47.2,0.3872
26675,160.45,0.5274
26676,218.06,0.6412
26677,179.91,0.6451
26678,131.36,0.506
26679,51.4,0.5049
26680,10.96,0.4953
26681,216.85,0.5373
26682,169.62,0.6868
26683,176.52,0.8406
26684,212.0,0.8147
26685,176.19,0.6796
26686,189.08,0.5201
26687,24.39,0.3724
26688,5.2,0.2295
26689,53.23,0.1816
26690,22.65,0.2855
26691,137.61,0.2907
26692,136.01,0.2648
26693,10.87,0.2831
26694,25.42,0.3464
26695,42.28,0.399
26696,205.62,0.5657
26697,192.48,0.5498
26698,190.06,0.5621
26699,8.32,0.3754
26700,55.5,0.2358
26701,5.03,0.071
26702,42.46,0.2081
26703,13.02,0.2622
26704,155.64,0.292
26705,113.56,0.2639
26706,37.12,0.2736
26707,12.18,0.1344
26708,23.53,0.0819
26709,5.98,0.0886
26710,57.21,0.2712
26711,44.28,0.4008
26712,208.4,0.4057
26713,162.79,0.3657
26714,11.22,0.3456
26715,14.28,0.2774
26716,22.62,0.2573
26717,135.1,0.3631
26718,141.21,0.4021
26719,124.9,0.3872
26720,56.24,0.2834
26721,6.62,0.1549
26722,23.48,0.0914
26723,3.24,0.0562
26724,56.66,0.1008
26725,18.41,0.0901
26726,54.48,0.1144
26727,12.07,0.0755
26728,29.26,0.0828
26729,14.86,0.0444
26730,26.25,0.1958
26731,13.22,0.3002
26732,174.74,0.3055
26733,141.5,0.2992
26734,20.6,0.4804
26735,19.38,0.4493
26736,207.94,0.5413
26737,141.35,0.6676
26738,240.32,0.7487
26739,156.26,0.6039
26740,106.52,0.6669
26741,52.36,0.5908
26742,209.05,0.4556
26743,158.57,0.4086
26744,11.05,0.3644
26745,55.95,0.2062
26746,4.88,0.1048
26747,39.06,0.233
26748,49.69,0.2282
26749,148.79,0.2596
26750,50.79,0.2349
26751,38.58,0.3729
26752,12.53,0.3681
26753,197.94,0.3612
26754,143.63,0.4154
26755,43.4,0.5399
26756,96.84,0.4995
26757,146.25,0.5083
26758,154.58,0.5981
26759,153.08,0.5223
26760,139.88,0.5296
26761,15.38,0.5328
26762,154.08,0.5375
26763,158.1,0.5576
26764,158.07,0.606
26765,161.54,0.5001
26766,67.32,0.4997
26767,40.27,0.5665
26768,157.76,0.5444
26769,229.85,0.5328
26770,137.7,0.5008
26771,54.89,0.4936
26772,5.87,0.3762
26773,149.99,0.2927
26774,103.78,0.2534
26775,47.93,0.3669
26776,12.67,0.3452
26777,127.88,0.3669
26778,126.68,0.5147
26779,127.02,0.6422
26780,206.83,0.652
26781,149.64,0.5401
26782,138.34,0.4729
26783,6.51,0.3158
26784,54.76,0.2399
26785,38.06,0.1236
26786,68.1,0.1407
26787,13.4,0.1046
26788,24.82,0.0974
26789,16.0,0.0473
26790,30.32,0.0504
26791,14.24,0.1305
26792,16.79,0.3086
26793,110.85,0.2942
26794,207.41,0.3227
26795,14.86,0.3152
26796,44.82,0.4333
26797,8.74,0.4212
26798,237.72,0.5529
26799,194.44,0.6624
26800,156.39,0.8055
26801,162.45,0.7133
26802,162.51,0.5723
26803,138.57,0.4419
26804,42.96,0.2962
26805,16.34,0.2694
26806,5.9,0.2619
26807,133.63,0.3074
26808,130.6,0.3371
26809,91.79,0.3411
26810,48.23,0.2416
26811,10.21,0.2471
26812,26.77,0.2887
26813,136.48,0.3914
26814,136.52,0.4055
26815,158.57,0.5015
26816,25.31,0.5049
26817,130.01,0.5099
26818,140.1,0.4937
26819,141.9,0.6028
26820,141.18,0.4865
26821,142.48,0.3658
26822,5.06,0.3644
26823,10.43,0.3593
26824,140.35,0.3665
26825,135.7,0.4832
26826,150.22,0.6494
26827,130.42,0.6662
26828,189.04,0.7091
26829,158.43,0.7627
26830,181.76,0.6476
26831,207.88,0.5252
26832,6.7,0.5155
26833,57.52,0.4862
26834,148.02,0.3444
26835,150.26,0.3644
26836,55.57,0.4298
26837,28.16,0.4293
26838,127.78,0.4483
26839,147.47,0.5377
26840,170.7,0.7234
26841,151.64,0.8241
26842,227.63,0.7845
26843,236.07,0.6788
26844,104.86,0.7313
26845,57.14,0.653
26846,208.09,0.5594
26847,143.42,0.6268
26848,135.52,0.5829
26849,177.3,0.3982
26850,10.02,0.2762
26851,9.59,0.1949
26852,12.36,0.1702
26853,48.18,0.3005
26854,150.7,0.2957
26855,150.0,0.3279
26856,4.5,0.4128
26857,46.89,0.4508
26858,139.44,0.4306
26859,191.56,0.5481
26860,128.26,0.5213
26861,130.73,0.4203
26862,18.17,0.2598
26863,30.9,0.1549
26864,19.11,0.0497
26865,15.53,0.1682
26866,17.66,0.2671
26867,145.49,0.2945
26868,137.24,0.5004
26869,48.48,0.6414
26870,236.76,0.6453
26871,169.2,0.5288
26872,149.71,0.5216
26873,12.06,0.4258
26874,40.7,0.3974
26875,133.84,0.2702
26876,138.68,0.288
26877,13.02,0.2627
26878,31.15,0.184
26879,13.53,0.1841
26880,49.36,0.3055
26881,138.71,0.2874
26882,143.44,0.325
26883,11.78,0.3134
26884,53.86,0.2131
26885,36.9,0.0936
26886,30.96,0.0947
26887,15.11,0.0554
26888,12.9,0.0392
26889,11.62,0.0424
26890,19.48,0.0407
26891,34.4,0.0433
26892,13.3,0.1112
26893,15.75,0.2335
26894,84.51,0.338
26895,150.9,0.3371
26896,146.74,0.3591
26897,12.3,0.4007
26898,39.41,0.4001
26899,129.2,0.414
26900,150.2,0.5806
26901,161.7,0.5613
26902,191.35,0.5028
26903,18.61,0.5814
26904,66.4,0.5677
26905,234.64,0.5128
26906,146.94,0.6185
26907,132.4,0.5778
26908,132.22,0.3799
26909,22.62,0.2572
26910,21.97,0.1458
26911,15.13,0.0445
26912,12.68,0.0553
26913,23.35,0.1721
26914,34.33,0.2943
26915,147.46,0.4093
26916,146.34,0.3981
26917,136.28,0.3947
26918,11.36,0.4476
26919,30.62,0.4521
26920,204.28,0.455
26921,151.27,0.5723
26922,139.39,0.5497
26923,137.4,0.3934
26924,6.26,0.382
26925,36.41,0.3825
26926,138.99,0.2699
26927,139.9,0.3278
26928,16.4,0.3491
26929,68.52,0.2595
26930,59.25,0.3344
26931,42.77,0.4386
26932,220.32,0.4058
26933,128.44,0.379
26934,33.26,0.4595
26935,30.46,0.3813
26936,129.25,0.3687
26937,136.3,0.4599
26938,114.91,0.5973
26939,131.19,0.6431
26940,178.07,0.6816
26941,178.55,0.7401
26942,177.6,0.8365
26943,177.84,0.7953
26944,234.74,0.639
26945,133.75,0.5295
26946,10.66,0.4942
26947,59.96,0.4065
26948,139.83,0.4301
26949,140.56,0.5509
26950,159.14,0.507
26951,140.43,0.4305
26952,12.82,0.3428
26953,57.64,0.2215
26954,46.34,0.2905
26955,28.76,0.4713
26956,214.55,0.4587
26957,207.04,0.4529
26958,44.16,0.6123
26959,40.09,0.5759
26960,200.03,0.5484
26961,175.51,0.632
26962,177.48,0.7158
26963,133.98,0.5419
26964,130.14,0.4222
26965,13.11,0.2673
26966,46.99,0.1888
26967,11.02,0.2433
26968,49.61,0.3685
26969,188.68,0.3351
26970,147.61,0.3843
26971,11.11,0.5367
26972,63.93,0.514
26973,213.29,0.4376
26974,164.38,0.4537
26975,65.43,0.5891
26976,28.46,0.5775
26977,209.4,0.4806
26978,200.83,0.4376
26979,60.3,0.5393
26980,19.23,0.4784
26981,137.71,0.4269
26982,143.94,0.5129
26983,145.53,0.6823
26984,152.64,0.6856
26985,201.29,0.5542
26986,141.22,0.4841
26987,2.81,0.351
26988,70.17,0.3769
26989,9.62,0.4471
26990,229.14,0.6053
26991,216.68,0.6883
26992,172.73,0.8091
26993,159.37,0.6082
26994,139.43,0.4122
26995,13.31,0.3694
26996,6.08,0.3475
26997,126.72,0.2613
26998,135.87,0.2646
26999,46.82,0.2652
27000,16.86,0.1494
27001,6.71,0.2198
27002,2.26,0.3345
27003,211.46,0.3758
27004,170.08,0.3801
27005,61.26,0.4603
27006,11.3,0.3953
27007,88.48,0.3583
27008,141.57,0.435
27009,130.37,0.5477
27010,143.68,0.5958
27011,132.39,0.6105
27012,140.13,0.5108
27013,157.34,0.414
27014,23.26,0.2936
27015,39.66,0.3873
27016,3.07,0.4238
27017,240.84,0.53
27018,196.54,0.5255
27019,137.34,0.5267
27020,34.85,0.3165
27021,4.29,0.1459
27022,15.02,0.0351
27023,13.22,0.0133
27024,18.29,0.0201
27025,11.48,0.134
27026,11.6,0.2667
27027,137.34,0.2949
27028,155.88,0.2933
27029,48.54,0.3135
27030,9.79,0.399
27031,33.24,0.3519
27032,229.24,0.3099
27033,105.31,0.3359
27034,3.36,0.3155
27035,37.8,0.1562
27036,11.3,0.2592
27037,58.07,0.4337
27038,215.98,0.4108
27039,190.85,0.4694
27040,13.17,0.5453
27041,74.3,0.4716
27042,139.6,0.3267
27043,136.77,0.3257
27044,35.22,0.3985
27045,12.05,0.4556
27046,152.54,0.3818
27047,200.95,0.375
27048,57.45,0.571
27049,27.95,0.5701
27050,222.59,0.445
27051,151.63,0.3962
27052,66.47,0.4114
27053,5.06,0.2159
27054,44.29,0.0912
27055,12.53,0.0431
27056,17.61,0.1369
27057,14.83,0.2421
27058,105.81,0.2797
27059,157.31,0.2734
27060,52.94,0.4612
27061,10.89,0.505
27062,216.6,0.5432
27063,152.91,0.6312
27064,198.35,0.7441
27065,147.46,0.5655
27066,132.21,0.5948
27067,24.67,0.5377
27068,184.42,0.601
27069,137.02,0.4875
27070,215.4,0.52
27071,10.28,0.3735
27072,59.56,0.3011
27073,27.06,0.1033
27074,59.2,0.1323
27075,2.84,0.0917
27076,41.48,0.2489
27077,15.91,0.3773
27078,196.05,0.3915
27079,197.16,0.3665
27080,18.0,0.383
27081,14.66,0.3259
27082,33.65,0.268
27083,134.73,0.3994
27084,134.94,0.3931
27085,159.17,0.3852
27086,7.84,0.3068
27087,25.23,0.2375
27088,50.42,0.1013
27089,60.49,0.1224
27090,12.84,0.1103
27091,30.6,0.105
27092,12.22,0.0543
27093,44.62,0.1695
27094,6.08,0.2601
27095,136.6,0.2783
27096,127.93,0.2422
27097,31.76,0.3836
27098,5.85,0.4096
27099,157.99,0.3117
27100,164.54,0.2877
27101,22.78,0.5092
27102,5.92,0.5354
27103,243.86,0.5033
27104,186.11,0.6496
27105,130.08,0.6472
27106,179.96,0.4566
27107,3.34,0.3297
27108,39.12,0.3572
27109,49.72,0.3267
27110,159.63,0.5164
27111,147.16,0.6727
27112,207.21,0.799
27113,207.03,0.6698
27114,185.45,0.5432
27115,20.85,0.3973
27116,11.13,0.2098
27117,50.39,0.1642
27118,5.63,0.3105
27119,136.38,0.335
27120,178.11,0.2951
27121,37.47,0.4799
27122,7.51,0.4787
27123,204.19,0.4568
27124,135.06,0.5462
27125,154.6,0.6513
27126,133.52,0.4818
27127,120.4,0.5825
27128,22.1,0.5779
27129,243.3,0.4655
27130,149.63,0.3938
27131,12.72,0.4104
27132,43.37,0.3646
27133,39.92,0.425
27134,194.1,0.618
27135,214.52,0.6264
27136,220.08,0.65
27137,52.44,0.4753
27138,65.32,0.4049
27139,6.36,0.3257
27140,138.92,0.324
27141,134.94,0.2727
27142,50.6,0.3052
27143,10.22,0.1885
27144,41.29,0.2423
27145,13.45,0.3246
27146,192.8,0.3602
27147,139.02,0.3633
27148,48.5,0.3676
27149,44.6,0.196
27150,18.1,0.0784
27151,8.36,0.0562
27152,12.65,0.0297
27153,24.66,0.0472
27154,16.12,0.0518
27155,36.92,0.0561
27156,13.29,0.0779
27157,17.23,0.0732
27158,48.13,0.2292
27159,11.07,0.309
27160,204.58,0.3378
27161,98.95,0.3023
27162,48.21,0.4324
27163,10.03,0.3807
27164,150.85,0.427
27165,149.0,0.5238
27166,148.68,0.6391
27167,152.24,0.648
27168,133.86,0.6253
27169,160.49,0.6116
27170,124.55,0.5287
27171,134.02,0.4426
27172,63.19,0.314
27173,41.32,0.2076
27174,22.27,0.2288
27175,10.28,0.3361
27176,156.78,0.5226
27177,178.5,0.5521
27178,241.73,0.7369
27179,53.91,0.7235
27180,208.84,0.559
27181,142.4,0.3842
27182,1.73,0.3434
27183,53.88,0.2886
27184,10.17,0.2944
27185,149.92,0.433
27186,148.62,0.4638
27187,150.68,0.4866
27188,86.93,0.3583
27189,34.66,0.3596
27190,12.09,0.4041
27191,150.02,0.4524
27192,198.49,0.5818
27193,138.83,0.7363
27194,173.72,0.7253
27195,178.06,0.677
27196,138.17,0.714
27197,146.64,0.5606
27198,178.56,0.4461
27199,8.86,0.445
27200,55.06,0.4417
27201,137.01,0.3221
27202,143.14,0.3717
27203,50.06,0.4596
27204,62.06,0.4909
27205,149.56,0.5704
27206,170.68,0.6584
27207,228.54,0.7363
27208,144.58,0.7851
27209,145.76,0.688
27210,202.01,0.5397
27211,66.31,0.5519
27212,69.26,0.5617
27213,157.65,0.3823
27214,156.3,0.3295
27215,9.24,0.3903
27216,9.6,0.38
27217,134.57,0.2477
27218,146.56,0.2533
27219,14.13,0.4348
27220,15.3,0.4984
27221,204.6,0.4293
27222,202.92,0.4746
27223,72.3,0.4708
27224,62.83,0.3168
27225,11.18,0.2555
27226,39.15,0.3239
27227,137.07,0.3866
27228,145.74,0.4066
27229,130.26,0.3815
27230,32.63,0.3105
27231,12.22,0.2009
27232,60.79,0.1172
27233,27.91,0.0902
27234,40.34,0.0842
27235,3.65,0.0525
27236,5.76,0.0706
27237,26.78,0.0716
27238,47.32,0.0774
27239,41.45,0.0784
27240,9.9,0.1806
27241,6.78,0.2693
27242,136.63,0.2361
27243,142.56,0.4098
27244,5.86,0.5976
27245,196.52,0.6195
27246,208.49,0.6779
27247,160.23,0.7057
27248,205.27,0.5636
27249,35.78,0.3826
27250,43.83,0.2989
27251,13.98,0.1155
27252,70.29,0.2685
27253,8.26,0.3539
27254,200.1,0.5023
27255,135.65,0.5257
27256,173.42,0.5517
27257,95.44,0.3772
27258,36.16,0.2613
27259,12.66,0.1141
27260,11.08,0.1729
27261,15.29,0.2754
27262,158.58,0.2734
27263,146.26,0.2846
27264,10.5,0.3982
27265,23.14,0.4537
27266,137.39,0.4775
27267,218.13,0.6416
27268,171.91,0.6295
27269,186.79,0.5537
27270,10.17,0.4906
27271,55.9,0.4564
27272,150.35,0.4066
27273,135.14,0.5482
27274,133.36,0.634
27275,162.29,0.6366
27276,148.07,0.6681
27277,153.1,0.7033
27278,169.06,0.708
27279,171.1,0.5846
27280,167.34,0.5362
27281,15.51,0.5288
27282,101.11,0.4367
27283,161.14,0.2884
27284,72.11,0.2984
27285,7.98,0.3252
27286,26.25,0.3217
27287,129.9,0.3764
27288,157.37,0.5024
27289,130.9,0.6576
27290,143.35,0.582
27291,193.01,0.493
27292,48.72,0.3806
27293,61.76,0.2992
27294,10.06,0.32
27295,55.91,0.4745
27296,215.4,0.5369
27297,214.72,0.5397
27298,128.84,0.5014
27299,13.04,0.3329
27300,14.78,0.2623
27301,34.35,0.2857
27302,138.79,0.3933
27303,154.0,0.3886
27304,128.72,0.3794
27305,9.67,0.2862
27306,24.46,0.3272
27307,38.63,0.3997
27308,198.05,0.533
27309,206.65,0.5216
27310,152.86,0.528
27311,12.22,0.3483
27312,45.51,0.1876
27313,5.0,0.0574
27314,33.97,0.0692
27315,13.0,0.0407
27316,24.86,0.0654
27317,14.96,0.0436
27318,31.52,0.0392
27319,10.5,0.0275
27320,8.28,0.0458
27321,12.3,0.2075
27322,34.66,0.3678
27323,205.26,0.473
27324,182.66,0.471
27325,121.29,0.5639
27326,10.21,0.5037
27327,134.46,0.4689
27328,140.6,0.5526
27329,145.21,0.6906
27330,211.27,0.5758
27331,158.42,0.5412
27332,11.13,0.5393
27333,103.41,0.3528
27334,143.24,0.2482
27335,10.87,0.4555
27336,46.04,0.4976
27337,233.88,0.3666
27338,148.62,0.4162
27339,2.49,0.3969
27340,64.19,0.239
27341,25.32,0.1999
27342,64.19,0.328
27343,106.58,0.2719
27344,140.12,0.2889
27345,3.98,0.3717
27346,43.56,0.3982
27347,153.17,0.4042
27348,135.07,0.52
27349,146.52,0.5912
27350,128.44,0.4788
27351,120.03,0.5477
27352,32.39,0.5821
27353,209.15,0.636
27354,183.42,0.7066
27355,186.33,0.8498
27356,195.92,0.7805
27357,186.22,0.7297
27358,134.76,0.6866
27359,128.78,0.6321
27360,140.0,0.4694
27361,137.37,0.3801
27362,11.41,0.3762
27363,38.84,0.4317
27364,124.61,0.3282
27365,199.57,0.3787
27366,26.18,0.5263
27367,65.68,0.5378
27368,197.43,0.4812
27369,137.0,0.6313
27370,138.73,0.6125
27371,187.43,0.4466
27372,45.52,0.464
27373,19.17,0.4671
27374,155.72,0.4214
27375,142.05,0.4368
27376,138.34,0.4229
27377,62.02,0.3175
27378,4.3,0.3616
27379,42.4,0.4595
27380,189.47,0.41
27381,243.57,0.4155
27382,8.8,0.559
27383,10.17,0.5381
27384,196.62,0.332
27385,167.02,0.3691
27386,22.08,0.5394
27387,48.7,0.5458
27388,193.14,0.5176
27389,203.48,0.6226
27390,136.71,0.6248
27391,134.88,0.4617
27392,51.08,0.3552
27393,17.86,0.3551
27394,89.06,0.4001
27395,136.67,0.4796
27396,183.18,0.6091
27397,136.52,0.7354
27398,157.02,0.7505
27399,224.73,0.5933
27400,152.89,0.5339
27401,14.26,0.3969
27402,72.72,0.3406
27403,9.82,0.3397
27404,164.26,0.4521
27405,151.97,0.3964
27406,134.96,0.407
27407,12.88,0.3802
27408,21.22,0.3762
27409,135.51,0.4115
27410,147.67,0.5774
27411,172.86,0.6174
27412,191.14,0.5128
27413,64.15,0.5579
27414,23.1,0.5168
27415,196.19,0.4002
27416,128.71,0.3523
27417,65.88,0.3766
27418,12.62,0.2049
27419,49.2,0.1943
27420,11.8,0.1715
27421,117.22,0.171
27422,41.43,0.1691
27423,12.1,0.336
27424,47.11,0.4254
27425,191.1,0.3946
27426,213.28,0.4667
27427,8.38,0.6059
27428,89.6,0.612
27429,196.6,0.5425
27430,197.68,0.6739
27431,138.66,0.6051
27432,149.49,0.4358
27433,15.77,0.388
27434,14.66,0.3877
27435,146.28,0.3763
27436,138.42,0.5294
27437,137.14,0.6707
27438,180.29,0.6739
27439,166.49,0.6001
27440,149.69,0.4949
27441,59.12,0.3873
27442,24.13,0.2364
27443,64.71,0.1579
27444,4.34,0.2386
27445,65.33,0.2863
27446,145.81,0.2359
27447,75.37,0.3696
27448,10.66,0.4322
27449,147.94,0.4175
27450,132.54,0.4681
27451,130.1,0.5929
27452,129.69,0.4657
27453,144.74,0.3442
27454,11.26,0.2484
27455,2.01,0.1628
27456,27.18,0.1507
27457,37.77,0.259
27458,131.69,0.3878
27459,127.63,0.4826
27460,140.41,0.5726
27461,129.06,0.5782
27462,134.46,0.5015
27463,137.67,0.3833
27464,45.23,0.3863
27465,13.39,0.3089
27466,132.33,0.1905
27467,51.31,0.1862
27468,10.41,0.1882
27469,40.65,0.1484
27470,15.46,0.2602
27471,89.59,0.2777
27472,171.47,0.251
27473,29.25,0.3009
27474,11.86,0.2548
27475,69.14,0.1135
27476,39.99,0.1001
27477,19.73,0.1017
27478,14.81,0.0479
27479,13.62,0.03
27480,11.29,0.0404
27481,20.84,0.0392
27482,30.88,0.0484
27483,13.52,0.0473
27484,23.51,0.2572
27485,10.1,0.3443
27486,246.34,0.3801
27487,124.45,0.3614
27488,52.04,0.5669
27489,3.37,0.4726
27490,230.88,0.4934
27491,145.03,0.6376
27492,146.8,0.7552
27493,207.03,0.6613
27494,129.74,0.6528
27495,129.95,0.561
27496,135.85,0.5439
27497,48.15,0.5607
27498,188.73,0.4492
27499,147.79,0.3627
27500,10.14,0.3588
27501,42.89,0.368
27502,43.92,0.3671
27503,198.69,0.3715
27504,146.82,0.3931
27505,14.86,0.5086
27506,66.12,0.4595
27507,167.94,0.3378
27508,145.98,0.521
27509,16.01,0.5858
27510,211.72,0.5681
27511,135.8,0.625
27512,148.86,0.8042
27513,207.09,0.802
27514,208.57,0.7311
27515,209.34,0.5954
27516,59.64,0.4312
27517,3.09,0.2425
27518,30.68,0.0983
27519,5.86,0.173
27520,54.38,0.317
27521,139.93,0.4122
27522,157.78,0.4556
27523,132.94,0.4445
27524,52.45,0.3514
27525,42.52,0.3429
27526,39.92,0.4324
27527,148.64,0.4213
27528,229.07,0.3918
27529,40.49,0.4189
27530,10.87,0.2964
27531,68.98,0.2994
27532,17.11,0.4356
27533,232.22,0.4879
27534,186.88,0.4479
27535,67.0,0.4823
27536,26.01,0.268
27537,54.09,0.1079
27538,1.98,0.0587
27539,14.89,0.0856
27540,14.12,0.0761
27541,54.88,0.0915
27542,43.88,0.0896
27543,18.58,0.0852
27544,12.76,0.0709
27545,9.4,0.0532
27546,39.56,0.2573
27547,24.82,0.3413
27548,237.9,0.3665
27549,103.02,0.5535
27550,36.46,0.7274
27551,240.49,0.6617
27552,211.68,0.7725
27553,167.3,0.7704
27554,222.08,0.5554
27555,34.2,0.4858
27556,9.51,0.5343
27557,136.84,0.502
27558,219.47,0.6684
27559,187.34,0.8198
27560,213.02,0.8507
27561,172.12,0.8039
27562,170.05,0.819
27563,169.2,0.7909
27564,203.58,0.6647
27565,182.82,0.6135
27566,36.49,0.5888
27567,115.1,0.4108
27568,142.7,0.2877
27569,12.3,0.2863
27570,50.56,0.386
27571,34.95,0.4433
27572,222.18,0.6108
27573,204.36,0.6507
27574,192.18,0.6772
27575,93.5,0.4799
27576,63.37,0.417
27577,10.21,0.3706
27578,136.82,0.43
27579,142.3,0.5127
27580,157.34,0.6302
27581,152.17,0.6218
27582,136.49,0.5025
27583,127.75,0.3805
27584,14.19,0.2928
27585,26.25,0.2268
27586,57.89,0.2456
27587,65.61,0.4213
27588,147.97,0.4071
27589,203.0,0.3879
27590,10.89,0.3363
27591,37.32,0.2277
27592,10.2,0.1599
27593,31.28,0.2817
27594,130.11,0.261
27595,141.74,0.2857
27596,15.08,0.2662
27597,36.81,0.1548
27598,10.25,0.0689
27599,10.4,0.0643
27600,49.48,0.0599
27601,10.2,0.0607
27602,31.99,0.0846
27603,11.19,0.0456
27604,36.06,0.0572
27605,7.52,0.0387
27606,22.71,0.1599
27607,12.06,0.3172
27608,141.41,0.3825
27609,205.09,0.388
27610,77.66,0.5691
27611,28.66,0.5805
27612,206.64,0.5156
27613,153.66,0.5804
27614,135.39,0.6916
27615,147.22,0.6935
27616,148.16,0.6353
27617,208.66,0.5622
27618,91.19,0.5795
27619,56.8,0.6405
27620,165.8,0.6247
27621,213.76,0.5619
27622,191.64,0.5204
27623,23.78,0.4118
27624,12.16,0.2272
27625,49.15,0.072
27626,15.36,0.0625
27627,24.96,0.2396
27628,13.57,0.3843
27629,202.41,0.4112
27630,204.6,0.4445
27631,44.25,0.6315
27632,60.73,0.5838
27633,214.52,0.5689
27634,151.12,0.6565
27635,188.64,0.6416
27636,138.34,0.4975
27637,44.77,0.4769
27638,59.65,0.4904
27639,129.06,0.4153
27640,203.09,0.3828
27641,57.62,0.3772
27642,9.86,0.2671
27643,53.68,0.1465
27644,10.7,0.0966
27645,73.53,0.1261
27646,3.97,0.0848
27647,41.56,0.2719
27648,9.39,0.3234
27649,211.69,0.3468
27650,128.9,0.3221
27651,29.06,0.4595
27652,15.01,0.3887
27653,157.03,0.4158
27654,135.69,0.5387
27655,157.96,0.5307
27656,161.09,0.4011
27657,6.42,0.4634
27658,17.8,0.5082
27659,202.6,0.4548
27660,206.08,0.5036
27661,103.76,0.489
27662,58.9,0.3489
27663,2.11,0.3414
27664,52.04,0.3729
27665,197.98,0.4813
27666,137.7,0.5067
27667,175.36,0.5246
27668,29.31,0.541
27669,71.31,0.4761
27670,215.57,0.3464
27671,68.02,0.3229
27672,35.96,0.438
27673,4.14,0.3947
27674,194.92,0.4663
27675,169.06,0.5987
27676,144.97,0.7154
27677,178.25,0.6937
27678,129.46,0.5391
27679,171.61,0.4574
27680,3.0,0.2991
27681,57.1,0.2183
27682,8.24,0.184
27683,42.59,0.312
27684,134.76,0.3847
27685,140.53,0.4404
27686,135.24,0.4305
27687,68.03,0.4825
27688,31.97,0.5305
27689,190.68,0.5631
27690,192.04,0.5331
27691,170.3,0.5186
27692,35.82,0.4086
27693,16.36,0.4219
27694,72.57,0.4242
27695,206.24,0.5895
27696,172.78,0.5847
27697,213.46,0.5401
27698,11.2,0.3734
27699,24.61,0.2507
27700,27.15,0.0621
27701,40.95,0.0828
27702,10.8,0.0691
27703,33.5,0.1057
27704,9.8,0.084
27705,66.58,0.1296
27706,17.6,0.1038
27707,59.72,0.1563
27708,5.82,0.2673
27709,66.26,0.3976
27710,185.78,0.4432
27711,157.62,0.4473
27712,108.67,0.5794
27713,10.28,0.5259
27714,208.21,0.5143
27715,128.27,0.6055
27716,145.17,0.7868
27717,206.65,0.595
27718,205.11,0.5174
27719,2.11,0.4157
27720,44.91,0.4445
27721,35.88,0.3788
27722,237.57,0.5061
27723,134.54,0.4769
27724,138.9,0.4856
27725,13.58,0.4034
27726,45.16,0.4198
27727,149.3,0.3046
27728,152.16,0.3444
27729,15.06,0.4776
27730,56.36,0.3428
27731,188.29,0.2585
27732,4.5,0.4508
27733,61.48,0.6045
27734,221.7,0.5565
27735,221.55,0.6816
27736,136.73,0.7472
27737,138.84,0.6636
27738,132.05,0.5805
27739,131.84,0.5767
27740,132.21,0.5729
27741,132.65,0.4592
27742,134.78,0.374
27743,9.89,0.2836
27744,40.28,0.219
27745,35.16,0.0963
27746,63.24,0.1226
27747,2.94,0.0955
27748,38.13,0.1105
27749,11.21,0.1788
27750,51.27,0.3044
27751,136.62,0.2789
27752,137.79,0.3097
27753,10.75,0.4524
27754,44.34,0.4704
27755,204.6,0.4903
27756,155.93,0.6683
27757,159.22,0.6333
27758,201.97,0.4799
27759,6.71,0.3721
27760,39.82,0.2338
27761,40.08,0.0527
27762,10.64,0.0573
27763,7.33,0.218
27764,11.7,0.3287
27765,212.51,0.445
27766,158.96,0.5599
27767,135.65,0.6683
27768,130.76,0.483
27769,128.24,0.3827
27770,13.38,0.389
27771,51.14,0.2786
27772,142.45,0.1984
27773,12.17,0.3032
27774,42.0,0.392
27775,126.06,0.3919
27776,146.5,0.5977
27777,142.34,0.5882
27778,233.32,0.529
27779,31.73,0.4688
27780,62.52,0.5065
27781,81.76,0.3288
27782,182.88,0.3442
27783,42.4,0.3234
27784,48.22,0.2553
27785,40.23,0.0928
27786,8.59,0.1825
27787,8.24,0.2655
27788,138.82,0.2494
27789,137.43,0.452
27790,22.91,0.6712
27791,226.2,0.7453
27792,243.85,0.624
27793,218.42,0.6637
27794,7.04,0.5781
27795,65.61,0.4785
27796,134.25,0.3978
27797,136.83,0.5346
27798,131.69,0.6111
27799,153.99,0.6205
27800,147.82,0.5056
27801,144.36,0.3982
27802,13.35,0.4188
27803,16.37,0.479
27804,176.11,0.3996
27805,212.5,0.4084
27806,59.0,0.41
27807,22.87,0.2578
27808,18.0,0.0978
27809,12.62,0.0529
27810,40.58,0.1762
27811,10.76,0.3033
27812,155.31,0.4192
27813,154.57,0.3953
27814,137.24,0.4742
27815,14.88,0.4973
27816,95.53,0.5328
27817,180.13,0.5738
27818,192.73,0.5643
27819,181.24,0.523
27820,4.65,0.5416
27821,51.18,0.4976
27822,200.16,0.3613
27823,145.42,0.4064
27824,34.76,0.362
27825,53.12,0.1844
27826,3.48,0.1767
27827,9.34,0.2649
27828,137.14,0.267
27829,129.52,0.2699
27830,55.41,0.3564
27831,6.6,0.3638
27832,102.25,0.3254
27833,145.14,0.2874
27834,88.27,0.4717
27835,14.53,0.5507
27836,204.62,0.6476
27837,187.12,0.719
27838,249.26,0.8866
27839,165.02,0.7023
27840,194.56,0.621
27841,6.65,0.5248
27842,99.76,0.5101
27843,145.87,0.4676
27844,149.19,0.5988
27845,149.0,0.6283
27846,147.61,0.6079
27847,131.42,0.5078
27848,123.94,0.4108
27849,41.61,0.3349
27850,44.75,0.2307
27851,66.13,0.3106
27852,19.48,0.3981
27853,209.75,0.4176
27854,135.61,0.3609
27855,65.75,0.4737
27856,5.22,0.3986
27857,140.6,0.396
27858,129.12,0.5073
27859,132.76,0.5355
27860,185.38,0.418
27861,35.55,0.305
27862,14.32,0.2415
27863,7.71,0.2648
27864,64.54,0.4148
27865,210.35,0.5893
27866,196.74,0.7616
27867,201.8,0.8468
27868,192.82,0.8147
27869,156.1,0.642
27870,175.91,0.4577
27871,11.12,0.4703
27872,3.8,0.5159
27873,206.42,0.4076
27874,205.03,0.404
27875,59.54,0.429
27876,7.25,0.2392
27877,30.71,0.2427
27878,2.49,0.3403
27879,208.74,0.385
27880,164.46,0.3685
27881,55.28,0.4004
27882,12.98,0.2203
27883,36.81,0.0911
27884,15.17,0.0524
27885,25.62,0.0526
27886,13.78,0.0335
27887,13.19,0.0528
27888,16.21,0.0563
27889,35.98,0.0644
27890,29.28,0.0624
27891,22.54,0.1079
27892,11.08,0.2221
27893,65.08,0.3465
27894,158.68,0.3709
27895,162.98,0.37
27896,48.71,0.5086
27897,10.06,0.5476
27898,214.04,0.5283
27899,200.57,0.6546
27900,142.23,0.6755
27901,184.39,0.4863
27902,32.52,0.4194
27903,10.76,0.3212
27904,128.68,0.16
27905,36.71,0.1625
27906,11.2,0.335
27907,35.22,0.4445
27908,196.1,0.4187
27909,246.36,0.4302
27910,9.05,0.4127
27911,23.46,0.2973
27912,16.47,0.2603
27913,72.13,0.4173
27914,206.62,0.4055
27915,177.66,0.3957
27916,10.86,0.4743
27917,5.86,0.4693
27918,156.66,0.4272
27919,201.18,0.5578
27920,132.49,0.5642
27921,151.12,0.4276
27922,12.72,0.4071
27923,9.88,0.458
27924,179.18,0.548
27925,187.19,0.6819
27926,247.87,0.82
27927,156.53,0.7909
27928,158.28,0.814
27929,147.95,0.7783
27930,211.98,0.6394
27931,209.47,0.4994
27932,7.33,0.4038
27933,7.9,0.3657
27934,45.19,0.2839
27935,171.01,0.2877
27936,121.6,0.4874
27937,11.48,0.6526
27938,222.46,0.7137
27939,222.68,0.7809
27940,236.62,0.9164
27941,193.79,0.8853
27942,157.06,0.8154
27943,189.11,0.6508
27944,147.53,0.4756
27945,59.74,0.5253
27946,5.58,0.5058
27947,210.44,0.4227
27948,168.12,0.5013
27949,58.32,0.652
27950,144.18,0.5891
27951,167.48,0.4403
27952,142.84,0.5818
27953,8.27,0.5822
27954,210.32,0.441
27955,144.66,0.3165
27956,15.72,0.3521
27957,9.06,0.3002
27958,46.51,0.2937
27959,154.66,0.3982
27960,137.62,0.5308
27961,127.98,0.6568
27962,151.6,0.6807
27963,181.8,0.6039
27964,180.42,0.4933
27965,55.06,0.3885
27966,9.18,0.2229
27967,39.01,0.2007
27968,3.88,0.2936
27969,156.5,0.3091
27970,154.94,0.2869
27971,25.74,0.3229
27972,15.25,0.1878
27973,42.48,0.1734
27974,11.41,0.2747
27975,139.41,0.2721
27976,134.59,0.2397
27977,12.44,0.2715
27978,7.7,0.2703
27979,45.56,0.2954
27980,138.12,0.4173
27981,161.6,0.4179
27982,143.34,0.4305
27983,8.39,0.332
27984,59.07,0.3979
27985,32.27,0.4493
27986,232.45,0.5684
27987,198.59,0.6539
27988,136.39,0.7653
27989,150.89,0.688
27990,151.99,0.5226
27991,149.4,0.4082
27992,20.84,0.3116
27993,13.53,0.3516
27994,47.09,0.356
27995,194.93,0.4376
27996,154.06,0.4559
27997,108.6,0.6062
27998,33.21,0.5727
27999,208.57,0.5587
28000,158.86,0.581
28001,139.08,0.6758
28002,132.51,0.5041
28003,135.14,0.369
28004,24.0,0.2554
28005,13.74,0.2568
28006,16.98,0.2938
28007,134.04,0.4091
28008,174.96,0.4567
28009,147.81,0.4437
28010,64.88,0.521
28011,3.02,0.4864
28012,217.14,0.401
28013,137.82,0.3509
28014,55.97,0.5018
28015,11.12,0.4424
28016,165.15,0.3613
28017,153.24,0.3361
28018,50.68,0.453
28019,28.91,0.4259
28020,136.8,0.4292
28021,136.03,0.5023
28022,156.78,0.6433
28023,129.18,0.6428
28024,180.38,0.6868
28025,136.3,0.6763
28026,183.28,0.5664
28027,145.5,0.4389
28028,11.08,0.3189
28029,43.42,0.1921
28030,7.37,0.1542
28031,46.98,0.27
28032,104.82,0.2357
28033,135.48,0.2725
28034,6.55,0.2382
28035,46.92,0.2776
28036,10.19,0.1974
28037,147.16,0.2007
28038,49.27,0.1852
28039,10.07,0.1804
28040,30.33,0.1651
28041,5.0,0.2684
28042,130.75,0.29
28043,160.26,0.2741
28044,33.25,0.4017
28045,13.27,0.4213
28046,142.06,0.3946
28047,151.87,0.4895
28048,131.58,0.6029
28049,135.17,0.615
28050,135.15,0.4875
28051,155.04,0.393
28052,14.88,0.2795
28053,30.06,0.2044
28054,13.14,0.1087
28055,54.46,0.2383
28056,52.27,0.2633
28057,154.12,0.3193
28058,56.87,0.2742
28059,73.33,0.2417
28060,6.04,0.1102
28061,17.34,0.1024
28062,12.8,0.0576
28063,48.5,0.0687
28064,25.16,0.0654
28065,17.98,0.1768
28066,13.83,0.2678
28067,132.46,0.2771
28068,146.33,0.3127
28069,35.13,0.4807
28070,56.23,0.546
28071,194.34,0.4129
28072,202.66,0.4275
28073,3.33,0.3785
28074,50.76,0.2466
28075,3.63,0.0674
28076,52.56,0.1163
28077,10.15,0.0828
28078,55.86,0.1303
28079,14.78,0.0918
28080,54.61,0.1003
28081,11.22,0.1087
28082,19.25,0.1019
28083,64.91,0.0819
28084,7.5,0.0818
28085,33.17,0.1255
28086,11.02,0.0847
28087,66.22,0.0941
28088,21.11,0.078
28089,17.55,0.0803
28090,15.94,0.028
28091,13.46,0.0213
28092,10.02,0.0534
28093,13.94,0.0471
28094,52.02,0.056
28095,9.16,0.0553
28096,23.0,0.0886
28097,9.3,0.0473
28098,49.7,0.083
28099,7.68,0.073
28100,47.54,0.0971
28101,12.21,0.0629
28102,35.18,0.0771
28103,12.99,0.0447
28104,22.92,0.0437
28105,12.75,0.0244
28106,11.16,0.0518
28107,14.38,0.0578
28108,42.4,0.063
28109,29.44,0.0631
28110,18.31,0.059
28111,11.28,0.0531
28112,9.94,0.0554
28113,36.06,0.0819
28114,31.96,0.0811
28115,46.7,0.1121
28116,10.44,0.088
28117,43.24,0.0758
28118,10.22,0.0437
28119,18.82,0.0724
28120,12.26,0.0383
28121,41.19,0.0508
28122,6.66,0.0433
28123,23.6,0.047
28124,10.83,0.056
28125,16.25,0.0594
28126,50.87,0.0545
28127,10.22,0.0567
28128,18.41,0.0978
28129,13.12,0.0966
28130,60.44,0.0946
28131,49.62,0.0887
28132,8.0,0.0882
28133,12.1,0.0494
28134,12.62,0.0135
28135,18.77,0.0242
28136,10.96,0.0251
28137,19.59,0.042
28138,13.02,0.0342
28139,30.82,0.0824
28140,10.35,0.0742
28141,62.75,0.1084
28142,10.77,0.0872
28143,49.76,0.1366
28144,8.12,0.0881
28145,63.4,0.1048
28146,10.66,0.0716
28147,28.69,0.0757
28148,14.02,0.0302
28149,12.58,0.0406
28150,14.53,0.0618
28151,21.77,0.0574
28152,51.5,0.051
28153,9.27,0.0467
28154,5.76,0.07
28155,9.93,0.0395
28156,46.72,0.086
28157,18.8,0.0911
28158,59.18,0.1037
28159,11.25,0.0742
28160,23.48,0.0857
28161,14.97,0.0417
28162,31.19,0.0462
28163,11.86,0.0386
28164,16.13,0.0709
28165,15.3,0.0764
28166,49.65,0.0747
28167,37.18,0.1067
28168,10.04,0.1146
28169,50.46,0.1091
28170,23.85,0.0847
28171,43.69,0.0822
28172,10.93,0.042
28173,7.39,0.0569
28174,7.25,0.0436
28175,39.9,0.0395
28176,29.41,0.0468
28177,6.47,0.0506
28178,15.22,0.0499
28179,11.35,0.0356
28180,39.16,0.0724
28181,14.05,0.0675
28182,46.05,0.0872
28183,9.9,0.0533
28184,32.5,0.0876
28185,2.74,0.054
28186,50.92,0.0711
28187,9.99,0.0511
28188,28.24,0.0954
28189,11.01,0.0721
28190,50.36,0.088
28191,25.83,0.0739
28192,27.13,0.0739
28193,13.07,0.0345
28194,11.03,0.0311
28195,8.0,0.0314
28196,22.2,0.029
28197,27.44,0.0344
28198,10.45,0.0356
28199,16.87,0.0638
28200,9.33,0.0582
28201,52.48,0.1006
28202,21.4,0.0877
28203,56.03,0.1233
28204,2.95,0.0855
28205,47.59,0.0967
28206,11.94,0.0559
28207,33.44,0.0607
28208,12.18,0.0305
28209,8.11,0.0461
28210,15.15,0.0447
28211,28.69,0.0349
28212,31.85,0.0879
28213,1.75,0.1029
28214,64.98,0.12
28215,31.34,0.0935
28216,47.06,0.1021
28217,3.32,0.048
28218,11.04,0.0423
28219,6.86,0.0223
28220,25.23,0.0306
28221,25.49,0.0354
28222,12.29,0.0428
28223,16.14,0.0602
28224,14.88,0.0455
28225,43.91,0.0818
28226,9.67,0.0755
28227,51.33,0.1079
28228,9.39,0.0758
28229,49.62,0.1222
28230,9.39,0.0849
28231,59.6,0.0897
28232,11.19,0.0573
28233,14.63,0.0784
28234,14.71,0.0368
28235,32.15,0.0353
28236,14.82,0.0366
28237,9.61,0.0315
28238,16.02,0.0243
28239,9.21,0.0446
28240,24.5,0.0821
28241,36.6,0.0708
28242,49.86,0.0781
28243,3.89,0.0666
28244,17.03,0.0693
28245,12.16,0.0273
28246,39.48,0.0554
28247,4.74,0.0518
28248,34.12,0.0714
28249,13.11,0.0479
28250,33.25,0.0873
28251,14.24,0.0657
28252,47.11,0.0651
28253,10.83,0.0381
28254,12.5,0.0717
28255,4.28,0.0495
28256,50.34,0.0497
28257,23.21,0.0847
28258,11.1,0.107
28259,50.09,0.0867
28260,28.28,0.0746
28261,28.51,0.0735
28262,10.15,0.0421
28263,9.89,0.0363
28264,16.35,0.046
28265,22.08,0.0467
28266,38.93,0.045
28267,10.97,0.0415
28268,8.05,0.045
28269,12.57,0.0189
28270,25.8,0.0568
28271,10.96,0.0567
28272,51.67,0.1011
28273,7.94,0.0947
28274,60.33,0.1388
28275,18.82,0.1001
28276,58.43,0.1029
28277,10.09,0.0581
28278,10.88,0.0714
28279,12.18,0.0338
28280,33.09,0.0315
28281,18.03,0.0342
28282,7.63,0.0346
28283,13.83,0.0326
28284,12.62,0.0452
28285,30.9,0.0894
28286,31.61,0.081
28287,55.07,0.1055
28288,4.88,0.086
28289,38.88,0.1183
28290,9.97,0.0774
28291,66.32,0.1013
28292,11.07,0.0791
28293,30.63,0.0958
28294,14.98,0.0491
28295,27.9,0.0594
28296,16.22,0.0441
28297,22.11,0.0399
28298,14.19,0.0231
28299,10.45,0.065
28300,9.84,0.0614
28301,61.21,0.0588
28302,18.27,0.106
28303,11.36,0.1208
28304,61.23,0.0746
28305,25.78,0.0702
28306,11.55,0.0716
28307,13.53,0.0265
28308,12.85,0.0115
28309,12.77,0.0516
28310,9.63,0.0481
28311,54.71,0.057
28312,9.68,0.0544
28313,22.42,0.0971
28314,10.01,0.05
28315,55.49,0.0715
28316,4.13,0.0625
28317,32.74,0.0984
28318,12.8,0.0538
28319,48.59,0.0796
28320,7.52,0.0607
28321,31.84,0.0548
28322,12.45,0.0235
28323,6.47,0.0454
28324,14.96,0.0457
28325,31.1,0.04
28326,32.14,0.0453
28327,6.31,0.0412
28328,12.18,0.0392
28329,10.6,0.0189
28330,28.92,0.0616
28331,10.31,0.0593
28332,52.22,0.0818
28333,9.72,0.065
28334,34.72,0.1109
28335,10.86,0.0667
28336,59.6,0.0862
28337,4.78,0.0642
28338,30.61,0.0923
28339,11.13,0.0441
28340,41.03,0.0602
28341,7.86,0.0427
28342,22.09,0.0471
28343,11.74,0.0574
28344,15.92,0.0594
28345,52.03,0.055
28346,10.0,0.0625
28347,17.36,0.1018
28348,19.82,0.0986
28349,58.15,0.0957
28350,48.6,0.091
28351,6.87,0.0841
28352,12.3,0.0461
28353,12.49,0.0077
28354,17.28,0.0254
28355,7.3,0.0265
28356,25.97,0.0423
28357,13.44,0.0289
28358,29.49,0.0819
28359,2.91,0.0643
28360,64.25,0.0973
28361,7.03,0.0799
28362,48.84,0.1352
28363,10.87,0.0868
28364,62.3,0.1054
28365,12.28,0.0741
28366,26.98,0.0763
28367,15.16,0.033
28368,13.22,0.0446
28369,15.86,0.0606
28370,24.76,0.0524
28371,44.14,0.0483
28372,6.31,0.0421
28373,8.85,0.0688
28374,9.22,0.0506
28375,53.36,0.0976
28376,24.61,0.0997
28377,56.89,0.1207
28378,11.03,0.0843
28379,31.84,0.0872
28380,14.25,0.0467
28381,27.64,0.0473
28382,13.38,0.0315
28383,11.68,0.0584
28384,14.86,0.0509
28385,43.2,0.065
28386,19.59,0.0646
28387,28.49,0.0643
28388,11.22,0.0559
28389,14.56,0.048
28390,34.15,0.031
28391,11.16,0.0243
28392,10.26,0.0329
28393,3.99,0.0272
28394,23.8,0.0262
28395,27.97,0.0294
28396,10.18,0.0355
28397,13.68,0.0474
28398,10.51,0.0323
28399,36.55,0.0679
28400,11.76,0.065
28401,48.51,0.0928
28402,10.5,0.0686
28403,40.45,0.1095
28404,10.5,0.0734
28405,55.74,0.0853
28406,9.73,0.0578
28407,23.21,0.0924
28408,10.9,0.057
28409,47.69,0.065
28410,17.74,0.0545
28411,18.3,0.0544
28412,11.9,0.0166
28413,10.8,0.0191
28414,7.1,0.0338
28415,20.4,0.0331
28416,34.17,0.0397
28417,11.14,0.0424
28418,17.81,0.0711
28419,10.05,0.0491
28420,51.18,0.0876
28421,10.59,0.0804
28422,52.45,0.1203
28423,10.14,0.0839
28424,52.9,0.1097
28425,12.07,0.0731
28426,38.32,0.0709
28427,13.07,0.0343
28428,7.86,0.0485
28429,13.5,0.0374
28430,27.41,0.0452
28431,26.33,0.0482
28432,21.48,0.0594
28433,11.08,0.0656
28434,25.56,0.0507
28435,34.07,0.0407
28436,10.28,0.0409
28437,10.76,0.0399
28438,11.26,0.0379
28439,24.49,0.041
28440,31.96,0.0461
28441,13.62,0.0485
28442,16.22,0.0685
28443,13.84,0.0429
28444,45.92,0.0707
28445,4.46,0.0654
28446,43.55,0.0985
28447,10.5,0.0653
28448,49.41,0.1127
28449,10.19,0.0827
28450,55.4,0.0855
28451,11.3,0.0534
28452,13.6,0.0702
28453,14.84,0.0326
28454,28.24,0.0314
28455,15.02,0.0337
28456,10.09,0.0293
28457,16.01,0.0288
28458,10.11,0.0451
28459,27.67,0.0892
28460,32.54,0.0786
28461,57.5,0.0936
28462,4.61,0.0781
28463,26.22,0.0879
28464,11.0,0.0439
28465,43.1,0.064
28466,10.29,0.0507
28467,26.16,0.0701
28468,11.89,0.0423
28469,31.93,0.0695
28470,13.16,0.0554
28471,39.54,0.0488
28472,11.04,0.0307
28473,4.71,0.0535
28474,12.49,0.0285
28475,37.73,0.0277
28476,12.6,0.0636
28477,10.21,0.0739
28478,43.32,0.0588
28479,23.58,0.0575
28480,21.52,0.0573
28481,11.18,0.0384
28482,9.99,0.0335
28483,22.98,0.0453
28484,18.29,0.0456
28485,34.24,0.0439
28486,11.49,0.0341
28487,8.16,0.0454
28488,12.44,0.0232
28489,30.41,0.0566
28490,10.46,0.0571
28491,47.34,0.0993
28492,8.74,0.0871
28493,57.69,0.1249
28494,17.39,0.09
28495,51.07,0.0878
28496,9.8,0.047
28497,6.42,0.0667
28498,13.83,0.0366
28499,38.56,0.0381
28500,18.7,0.0461
28501,11.44,0.0454
28502,14.96,0.0459
28503,13.13,0.0512
28504,39.1,0.0958
28505,24.41,0.0907
28506,59.3,0.1079
28507,9.5,0.075
28508,31.6,0.1102
28509,3.76,0.0656
28510,62.23,0.0774
28511,11.36,0.0621
28512,22.18,0.0881
28513,15.21,0.0383
28514,31.66,0.0496
28515,8.8,0.0425
28516,23.41,0.0346
28517,14.56,0.0144
28518,6.72,0.0543
28519,9.94,0.0509
28520,51.72,0.0487
28521,19.71,0.0909
28522,12.28,0.1082
28523,51.99,0.0701
28524,28.6,0.0657
28525,10.7,0.0655
28526,15.02,0.0342
28527,12.1,0.0165
28528,18.3,0.0402
28529,9.59,0.0357
28530,36.19,0.0468
28531,10.2,0.0402
28532,24.0,0.0672
28533,11.18,0.043
28534,38.61,0.0642
28535,10.25,0.0523
28536,32.95,0.0775
28537,11.18,0.0459
28538,38.23,0.0581
28539,4.7,0.0387
28540,23.32,0.0327
28541,12.18,0.0093
28542,4.71,0.0338
28543,13.04,0.0429
28544,31.11,0.0371
28545,33.01,0.0426
28546,6.0,0.0401
28547,10.61,0.0388
28548,10.4,0.0146
28549,29.63,0.0618
28550,7.05,0.0614
28551,56.74,0.0855
28552,10.18,0.0618
28553,36.27,0.1085
28554,4.2,0.0641
28555,57.24,0.0781
28556,8.96,0.0563
28557,25.29,0.0879
28558,12.79,0.0484
28559,38.16,0.0632
28560,14.78,0.0521
28561,24.86,0.0511
28562,13.38,0.0399
28563,11.78,0.0723
28564,26.1,0.0646
28565,49.57,0.0696
28566,16.59,0.1103
28567,18.69,0.1323
28568,55.59,0.0913
28569,49.73,0.0885
28570,5.46,0.0822
28571,13.68,0.0521
28572,11.89,0.0123
28573,23.28,0.028
28574,6.94,0.0278
28575,22.28,0.0511
28576,13.44,0.0389
28577,36.94,0.0859
28578,10.22,0.0747
28579,57.36,0.0946
28580,10.3,0.064
28581,34.84,0.1103
28582,4.04,0.0651
28583,59.98,0.0709
28584,8.78,0.0511
28585,16.52,0.059
28586,13.55,0.0173
28587,12.5,0.0199
28588,15.21,0.0487
28589,11.58,0.0415
28590,47.48,0.0371
28591,5.82,0.0311
28592,7.75,0.0704
28593,8.81,0.042
28594,53.8,0.0892
28595,16.95,0.0933
28596,56.48,0.1111
28597,12.18,0.0761
28598,27.96,0.0873
28599,16.21,0.0473
28600,28.96,0.0444
28601,13.51,0.0334
28602,9.03,0.0564
28603,16.17,0.0521
28604,40.95,0.0632
28605,24.3,0.0645
28606,25.49,0.0653
28607,10.45,0.0524
28608,16.97,0.0398
28609,27.1,0.019
28610,10.78,0.0197
28611,3.15,0.0406
28612,11.16,0.0532
28613,39.49,0.0536
28614,40.62,0.0581
28615,11.21,0.0586
28616,7.98,0.0578
28617,11.71,0.0239
28618,38.56,0.0568
28619,4.24,0.059
28620,46.56,0.0743
28621,10.33,0.0442
28622,28.18,0.0937
28623,6.2,0.0588
28624,57.4,0.073
28625,9.04,0.0515
28626,25.6,0.1015
28627,5.07,0.0863
28628,59.92,0.091
28629,41.16,0.0785
28630,14.08,0.0838
28631,12.14,0.0369
28632,10.7,0.0081
28633,9.62,0.0157
28634,10.14,0.0146
28635,22.3,0.0232
28636,10.94,0.0236
28637,19.95,0.0671
28638,10.02,0.0541
28639,56.84,0.0871
28640,8.39,0.0776
28641,46.38,0.1186
28642,9.77,0.0783
28643,54.11,0.1046
28644,13.44,0.0734
28645,36.73,0.0721
28646,12.85,0.0367
28647,8.37,0.0465
28648,15.99,0.0476
28649,23.98,0.0542
28650,38.0,0.0558
28651,19.93,0.0701
28652,10.03,0.0723
28653,31.42,0.0414
28654,26.37,0.0333
28655,4.7,0.0391
28656,11.28,0.0312
28657,16.3,0.0359
28658,22.92,0.0439
28659,31.4,0.0414
28660,13.23,0.0402
28661,8.65,0.066
28662,15.01,0.0412
28663,50.67,0.0771
28664,4.74,0.072
28665,51.8,0.1088
28666,3.12,0.0796
28667,54.6,0.133
28668,19.29,0.0961
28669,62.14,0.1014
28670,12.17,0.0655
28671,8.78,0.0771
28672,16.01,0.0339
28673,31.77,0.0311
28674,15.67,0.0378
28675,9.16,0.0323
28676,15.99,0.0224
28677,10.12,0.0268
28678,21.16,0.0599
28679,20.42,0.0546
28680,44.63,0.063
28681,10.33,0.0546
28682,19.12,0.078
28683,12.17,0.0394
28684,45.55,0.0591
28685,3.21,0.0517
28686,31.42,0.0811
28687,11.18,0.0465
28688,43.76,0.0778
28689,8.39,0.0586
28690,36.84,0.052
28691,10.75,0.0148
28692,4.13,0.0404
28693,3.79,0.0371
28694,35.88,0.0339
28695,33.34,0.0346
28696,7.32,0.0754
28697,4.87,0.0601
28698,47.64,0.0328
28699,19.41,0.0339
28700,3.98,0.068
28701,8.58,0.0454
28702,41.44,0.0672
28703,23.39,0.0742
28704,42.84,0.0769
28705,11.45,0.0508
28706,11.44,0.0578
28707,13.41,0.0291
28708,31.0,0.0553
28709,11.98,0.0538
28710,39.56,0.1011
28711,9.9,0.091
28712,64.24,0.1298
28713,20.05,0.1004
28714,53.72,0.0966
28715,8.0,0.0427
28716,5.81,0.0559
28717,6.3,0.0284
28718,34.27,0.0327
28719,24.16,0.0413
28720,12.58,0.0494
28721,15.05,0.0557
28722,14.99,0.0511
28723,41.12,0.0961
28724,19.18,0.0914
28725,60.91,0.1204
28726,10.0,0.0853
28727,46.14,0.1277
28728,3.39,0.0814
28729,64.82,0.0861
28730,11.16,0.0574
28731,15.06,0.0758
28732,15.22,0.0295
28733,23.2,0.0284
28734,15.01,0.0276
28735,10.04,0.0176
28736,14.15,0.0088
28737,4.54,0.0472
28738,13.75,0.0541
28739,56.2,0.055
28740,17.49,0.1034
28741,15.14,0.1236
28742,56.48,0.0802
28743,35.49,0.0779
28744,9.55,0.0748
28745,15.02,0.035
28746,11.79,0.0129
28747,13.8,0.0427
28748,11.75,0.0379
28749,41.52,0.0533
28750,9.88,0.0505
28751,28.35,0.0853
28752,10.8,0.0557
28753,49.06,0.0693
28754,9.76,0.0532
28755,24.46,0.0841
28756,11.11,0.0501
28757,44.02,0.0691
28758,12.46,0.0567
28759,30.24,0.0558
28760,11.09,0.0241
28761,10.18,0.0387
28762,9.9,0.0491
28763,28.2,0.044
28764,41.42,0.0407
28765,5.58,0.0416
28766,6.64,0.0484
28767,10.9,0.0152
28768,35.44,0.0596
28769,5.79,0.0558
28770,53.27,0.0948
28771,2.54,0.0688
28772,52.8,0.1209
28773,7.5,0.0764
28774,61.82,0.097
28775,5.42,0.0581
28776,24.72,0.0927
28777,10.99,0.0495
28778,44.62,0.0673
28779,15.43,0.0568
28780,24.59,0.0575
28781,13.44,0.0356
28782,11.68,0.0535
28783,21.11,0.0382
28784,34.7,0.042
28785,8.11,0.0771
28786,17.53,0.1093
28787,49.4,0.0826
28788,55.69,0.0801
28789,5.99,0.0759
28790,5.46,0.0533
28791,13.04,0.0083
28792,25.08,0.03
28793,7.39,0.0388
28794,29.28,0.063
28795,14.9,0.0491
28796,39.08,0.1002
28797,10.09,0.082
28798,62.32,0.0989
28799,9.74,0.0689
28800,33.03,0.1176
28801,6.84,0.0794
28802,62.45,0.0861
28803,21.25,0.0691
28804,16.96,0.0743
28805,14.73,0.026
28806,12.44,0.0231
28807,10.55,0.0511
28808,18.15,0.0458
28809,47.08,0.0462
28810,9.04,0.0459
28811,12.82,0.0764
28812,10.22,0.0447
28813,50.96,0.0839
28814,13.02,0.0833
28815,51.12,0.1022
28816,12.22,0.0689
28817,30.48,0.0818
28818,15.2,0.0457
28819,26.9,0.0408
28820,12.34,0.0264
28821,6.9,0.0504
28822,15.02,0.0524
28823,40.96,0.0628
28824,29.06,0.0667
28825,23.52,0.0622
28826,11.11,0.0473
28827,10.15,0.0485
28828,24.95,0.0356
28829,30.41,0.0432
28830,9.67,0.0615
28831,19.25,0.0819
28832,29.75,0.0624
28833,46.96,0.0609
28834,9.44,0.0534
28835,8.06,0.0648
28836,11.21,0.0259
28837,41.93,0.049
28838,5.25,0.0518
28839,34.16,0.0739
28840,11.12,0.0408
28841,34.91,0.0818
28842,6.39,0.059
28843,49.3,0.0723
28844,9.64,0.0449
28845,25.48,0.0938
28846,5.46,0.0812
28847,58.94,0.0834
28848,35.77,0.0718
28849,11.91,0.0769
28850,13.11,0.0314
28851,10.86,0.0067
28852,10.11,0.0168
28853,9.24,0.0158
28854,22.72,0.0244
28855,12.02,0.0244
28856,20.1,0.0717
28857,10.15,0.0573
28858,60.01,0.0953
28859,7.27,0.0793
28860,52.88,0.1251
28861,2.85,0.0741
28862,59.44,0.0987
28863,5.15,0.0615
28864,33.73,0.0692
28865,12.93,0.0276
28866,11.12,0.0455
28867,14.69,0.0489
28868,24.47,0.0568
28869,37.37,0.0506
28870,21.37,0.0811
28871,4.42,0.0901
28872,47.48,0.064
28873,34.2,0.054
28874,9.24,0.0619
28875,10.67,0.0298
28876,12.88,0.0175
28877,13.02,0.0218
28878,21.01,0.0261
28879,13.83,0.0278
28880,15.27,0.0569
28881,14.72,0.0468
28882,44.36,0.0736
28883,10.08,0.0689
28884,42.64,0.0982
28885,10.2,0.0704
28886,46.25,0.1059
28887,14.5,0.0775
28888,48.21,0.0724
28889,12.06,0.0436
28890,4.81,0.0511
28891,15.22,0.0216
28892,22.57,0.0218
28893,16.55,0.031
28894,12.25,0.0267
28895,14.77,0.0309
28896,10.56,0.0362
28897,27.08,0.0728
28898,22.22,0.0673
28899,51.65,0.0875
28900,8.82,0.073
28901,32.22,0.0927
28902,11.55,0.0544
28903,43.39,0.0649
28904,10.45,0.0463
28905,20.16,0.0667
28906,12.18,0.0327
28907,33.53,0.0563
28908,6.82,0.0487
28909,35.8,0.0409
28910,11.95,0.0151
28911,3.88,0.0382
28912,5.74,0.0428
28913,31.72,0.0373
28914,40.67,0.0437
28915,6.09,0.0848
28916,10.78,0.0823
28917,49.87,0.0554
28918,29.06,0.0547
28919,11.76,0.0917
28920,5.35,0.0625
28921,50.53,0.0784
28922,18.5,0.0774
28923,46.16,0.0915
28924,10.66,0.057
28925,20.46,0.0718
28926,13.48,0.0406
28927,34.44,0.0706
28928,12.58,0.0611
28929,42.92,0.1032
28930,10.22,0.0882
28931,58.76,0.1244
28932,18.28,0.0938
28933,51.52,0.0938
28934,10.04,0.045
28935,10.15,0.058
28936,6.35,0.0291
28937,32.28,0.0317
28938,20.44,0.037
28939,12.88,0.0452
28940,15.84,0.0502
28941,15.07,0.044
28942,37.71,0.0818
28943,13.76,0.0763
28944,53.56,0.0992
28945,9.9,0.0702
28946,39.66,0.1158
28947,6.52,0.0764
28948,62.8,0.0872
28949,11.23,0.0643
28950,21.48,0.0904
28951,15.01,0.042
28952,34.64,0.0439
28953,10.8,0.0379
28954,13.24,0.0276
28955,15.04,0.011
28956,3.91,0.0412
28957,16.85,0.0795
28958,43.22,0.0732
28959,54.41,0.0834
28960,8.32,0.1009
28961,14.78,0.0702
28962,35.65,0.0333
28963,10.31,0.0382
28964,14.73,0.038
28965,13.56,0.0158
28966,14.63,0.0441
28967,11.77,0.0401
28968,40.74,0.0517
28969,10.36,0.0484
28970,26.06,0.0825
28971,11.1,0.054
28972,48.34,0.0633
28973,10.15,0.0495
28974,20.39,0.0808
28975,11.24,0.0562
28976,44.74,0.0791
28977,21.88,0.0703
28978,34.73,0.0694
28979,10.97,0.0416
28980,10.22,0.0443
28981,14.88,0.0392
28982,24.83,0.0392
28983,29.2,0.0424
28984,11.0,0.0401
28985,13.64,0.0419
28986,12.42,0.0249
28987,26.76,0.0638
28988,10.88,0.0595
28989,52.89,0.1011
28990,9.02,0.0892
28991,57.11,0.1366
28992,14.0,0.0903
28993,61.73,0.0963
28994,3.13,0.056
28995,15.48,0.0801
28996,13.86,0.0387
28997,39.85,0.0501
28998,17.28,0.0497
28999,15.41,0.0489
29000,14.98,0.0278
29001,13.01,0.046
29002,17.2,0.0392
29003,36.79,0.0527
29004,8.12,0.0933
29005,29.54,0.1322
29006,56.64,0.1082
29007,58.9,0.1083
29008,11.06,0.093
29009,8.27,0.0668
29010,13.03,0.0238
29011,28.48,0.0356
29012,12.77,0.0417
29013,23.67,0.0723
29014,14.91,0.0501
29015,45.84,0.0958
29016,4.62,0.0823
29017,61.88,0.1
29018,9.22,0.0648
29019,33.89,0.1156
29020,7.99,0.0756
29021,59.25,0.0854
29022,18.9,0.0672
29023,19.71,0.0718
29024,14.39,0.0267
29025,12.95,0.0224
29026,10.78,0.0558
29027,14.3,0.0519
29028,55.6,0.059
29029,10.18,0.0584
29030,20.58,0.0969
29031,10.07,0.0546
29032,55.7,0.0892
29033,10.1,0.0812
29034,47.38,0.1032
29035,11.99,0.0652
29036,33.77,0.0777
29037,14.83,0.0456
29038,23.57,0.0457
29039,12.85,0.0283
29040,12.07,0.0551
29041,15.09,0.0581
29042,43.6,0.0658
29043,26.85,0.0566
29044,21.12,0.0511
29045,2.12,0.0388
29046,9.25,0.0394
29047,30.31,0.03
29048,27.51,0.0458
29049,10.99,0.0604
29050,19.1,0.0743
29051,24.97,0.0579
29052,45.25,0.0606
29053,9.94,0.0533
29054,13.82,0.066
29055,11.26,0.0343
29056,38.6,0.0492
29057,11.22,0.0467
29058,25.94,0.0633
29059,11.14,0.0357
29060,29.1,0.0739
29061,8.96,0.0581
29062,52.24,0.0629
29063,8.95,0.043
29064,16.38,0.0897
29065,7.64,0.0874
29066,59.22,0.0877
29067,49.67,0.0838
29068,9.36,0.088
29069,12.17,0.0457
29070,12.12,0.0103
29071,13.82,0.0248
29072,11.65,0.0248
29073,24.89,0.0375
29074,12.2,0.0349
29075,25.76,0.0768
29076,11.01,0.0591
29077,56.64,0.0873
29078,5.93,0.072
29079,42.44,0.1189
29080,9.35,0.0716
29081,61.36,0.0909
29082,5.86,0.0636
29083,26.71,0.0653
29084,13.11,0.0214
29085,11.14,0.0399
29086,14.17,0.0601
29087,25.76,0.0619
29088,48.34,0.0588
29089,15.13,0.0484
29090,7.8,0.0683
29091,2.96,0.0494
29092,47.14,0.0458
29093,28.08,0.0569
29094,11.21,0.0732
29095,19.74,0.0621
29096,20.43,0.0479
29097,35.22,0.0485
29098,12.88,0.045
29099,11.87,0.073
29100,15.91,0.0428
29101,50.51,0.0651
29102,2.86,0.0624
29103,36.82,0.0978
29104,9.0,0.0645
29105,53.87,0.1009
29106,14.7,0.078
29107,42.06,0.0796
29108,12.22,0.0436
29109,10.65,0.0514
29110,15.2,0.031
29111,23.12,0.03
29112,20.08,0.0334
29113,11.19,0.0284
29114,14.32,0.0358
29115,9.8,0.0335
29116,31.08,0.0611
29117,17.58,0.0573
29118,40.86,0.076
29119,10.2,0.0566
29120,29.97,0.0795
29121,10.18,0.0509
29122,42.24,0.0615
29123,10.15,0.0437
29124,21.52,0.0757
29125,10.82,0.0471
29126,44.66,0.0613
29127,11.49,0.0521
29128,25.38,0.0523
29129,11.67,0.0232
29130,11.02,0.037
29131,13.42,0.0382
29132,26.3,0.0375
29133,26.65,0.039
29134,10.88,0.0705
29135,12.7,0.059
29136,47.19,0.0408
29137,13.94,0.0389
29138,7.11,0.0707
29139,8.82,0.0365
29140,46.86,0.0585
29141,10.5,0.0621
29142,37.61,0.0643
29143,10.98,0.0326
29144,11.17,0.0461
29145,12.82,0.0224
29146,24.92,0.0393
29147,12.12,0.0385
29148,29.24,0.0813
29149,10.25,0.0816
29150,58.8,0.1129
29151,25.22,0.0945
29152,45.83,0.0947
29153,9.47,0.0531
29154,10.45,0.0501
29155,14.14,0.0254
29156,21.94,0.0285
29157,19.28,0.0318
29158,12.84,0.0323
29159,13.94,0.048
29160,14.71,0.0413
29161,38.85,0.0763
29162,12.02,0.0726
29163,50.41,0.0931
29164,10.02,0.0623
29165,36.7,0.1016
29166,5.8,0.0653
29167,54.26,0.0723
29168,11.36,0.0522
29169,17.57,0.0716
29170,15.1,0.0331
29171,26.65,0.0351
29172,12.93,0.0325
29173,13.51,0.0218
29174,14.72,0.009
29175,3.57,0.0386
29176,12.91,0.0807
29177,44.74,0.0744
29178,58.81,0.0938
29179,7.96,0.1235
29180,24.34,0.0873
29181,44.89,0.0381
29182,5.82,0.0425
29183,5.94,0.0444
29184,12.68,0.0107
29185,26.43,0.0379
29186,8.68,0.0419
29187,35.06,0.054
29188,10.21,0.0397
29189,25.68,0.0733
29190,11.04,0.0503
29191,44.8,0.059
29192,10.34,0.0379
29193,19.54,0.0759
29194,3.02,0.0597
29195,51.87,0.0758
29196,27.38,0.0666
29197,27.67,0.0725
29198,9.66,0.0429
29199,9.29,0.042
29200,20.05,0.0552
29201,26.45,0.0563
29202,41.83,0.0537
29203,10.82,0.0464
29204,6.6,0.0486
29205,12.2,0.0197
29206,28.8,0.061
29207,10.8,0.0628
29208,55.15,0.101
29209,8.5,0.0866
29210,53.23,0.1335
29211,13.33,0.085
29212,61.25,0.0877
29213,3.0,0.0504
29214,11.46,0.0766
29215,13.11,0.0339
29216,41.5,0.0399
29217,15.35,0.0431
29218,9.44,0.0422
29219,14.96,0.0336
29220,12.12,0.0544
29221,32.29,0.1091
29222,37.67,0.1015
29223,68.21,0.1224
29224,6.79,0.1516
29225,34.5,0.1269
29226,63.72,0.0753
29227,11.15,0.0808
29228,12.74,0.0758
29229,12.72,0.0282
29230,29.06,0.0366
29231,12.65,0.0381
29232,20.13,0.0708
29233,14.37,0.0478
29234,47.91,0.0879
29235,4.33,0.0782
29236,55.71,0.0911
29237,9.66,0.0548
29238,28.26,0.1076
29239,8.91,0.0781
29240,61.08,0.0845
29241,24.03,0.0721
29242,16.57,0.0766
29243,14.9,0.0301
29244,13.74,0.0198
29245,11.13,0.0499
29246,12.94,0.0456
29247,48.92,0.0483
29248,10.22,0.0473
29249,16.73,0.0852
29250,10.05,0.0465
29251,53.66,0.0752
29252,7.27,0.07
29253,41.06,0.0993
29254,11.2,0.0559
29255,41.48,0.0817
29256,7.09,0.0552
29257,34.91,0.0556
29258,12.67,0.0302
29259,11.58,0.0597
29260,14.16,0.0614
29261,38.8,0.0651
29262,36.79,0.0571
29263,16.66,0.0533
29264,2.98,0.0432
29265,10.0,0.0285
29266,27.98,0.0223
29267,20.99,0.0499
29268,9.99,0.0674
29269,32.7,0.0883
29270,28.8,0.0779
29271,50.4,0.0886
29272,9.77,0.0696
29273,21.56,0.082
29274,12.31,0.0455
29275,42.12,0.0598
29276,11.15,0.0515
29277,25.14,0.0715
29278,12.58,0.0446
29279,33.83,0.0751
29280,13.24,0.0612
29281,43.96,0.0655
29282,10.18,0.0472
29283,17.18,0.086
29284,14.17,0.0896
29285,54.97,0.0889
29286,47.74,0.085
29287,9.46,0.0839
29288,13.0,0.0441
29289,12.96,0.0082
29290,12.23,0.0211
29291,9.16,0.0214
29292,23.37,0.0358
29293,13.31,0.0338
29294,28.38,0.0787
29295,10.09,0.0608
29296,57.38,0.0869
29297,4.22,0.0637
29298,41.32,0.1061
29299,3.48,0.0632
29300,55.61,0.0838
29301,11.34,0.0581
29302,26.32,0.0669
29303,13.68,0.0301
29304,12.98,0.0404
29305,16.04,0.0655
29306,22.44,0.0692
29307,53.2,0.0684
29308,17.67,0.0553
29309,12.19,0.0785
29310,1.9,0.0547
29311,47.34,0.0486
29312,27.72,0.0613
29313,11.04,0.0737
29314,25.89,0.0603
29315,15.2,0.0468
29316,32.95,0.0503
29317,13.26,0.0414
29318,14.8,0.0717
29319,16.28,0.0511
29320,47.73,0.0776
29321,10.82,0.0731
29322,41.69,0.1077
29323,10.06,0.0846
29324,53.44,0.1219
29325,22.92,0.0944
29326,50.83,0.0947
29327,12.19,0.0589
29328,10.38,0.0603
29329,14.98,0.031
29330,24.44,0.0307
29331,19.27,0.0351
29332,11.92,0.0318
29333,15.14,0.0462
29334,11.4,0.0398
29335,39.92,0.0678
29336,12.39,0.0632
29337,42.01,0.0857
29338,10.18,0.0511
29339,35.53,0.0918
29340,2.77,0.0619
29341,56.14,0.0823
29342,9.94,0.0512
29343,32.02,0.0959
29344,2.15,0.0643
29345,50.84,0.0767
29346,22.12,0.0593
29347,23.24,0.0683
29348,13.37,0.0295
29349,11.82,0.0335
29350,9.16,0.0438
29351,26.45,0.0414
29352,34.28,0.0486
29353,10.75,0.0416
29354,19.55,0.0757
29355,1.65,0.0583
29356,63.1,0.0559
29357,15.59,0.0881
29358,8.14,0.0958
29359,54.19,0.067
29360,9.94,0.0639
29361,32.16,0.0712
29362,12.2,0.0347
29363,16.01,0.0504
29364,14.96,0.0326
29365,26.78,0.0412
29366,13.13,0.0359
29367,21.41,0.0688
29368,10.29,0.0745
29369,50.26,0.1016
29370,32.96,0.0912
29371,42.24,0.0909
29372,10.22,0.0549
29373,9.98,0.056
29374,11.64,0.0453
29375,34.12,0.048
29376,30.67,0.0527
29377,13.13,0.0551
29378,15.06,0.0711
29379,14.25,0.0556
29380,51.32,0.092
29381,13.94,0.0867
29382,52.32,0.1234
29383,9.3,0.0892
29384,53.74,0.1302
29385,14.55,0.0921
29386,58.02,0.0954
29387,11.29,0.0593
29388,12.86,0.0717
29389,14.94,0.0313
29390,27.92,0.0315
29391,14.56,0.0332
29392,11.52,0.0285
29393,14.71,0.0184
29394,9.9,0.0405
29395,17.1,0.0849
29396,38.3,0.0777
29397,59.26,0.0879
29398,6.95,0.1072
29399,20.83,0.0809
29400,37.8,0.0296
29401,10.11,0.0343
29402,4.16,0.0421
29403,11.94,0.0165
29404,29.18,0.0447
29405,10.37,0.0513
29406,40.42,0.0678
29407,11.22,0.0511
29408,29.65,0.0757
29409,11.23,0.0485
29410,36.85,0.0484
29411,11.18,0.0312
29412,11.1,0.0662
29413,11.21,0.0584
29414,48.8,0.0719
29415,28.41,0.0719
29416,25.77,0.0701
29417,11.06,0.0482
29418,9.3,0.0454
29419,25.29,0.06
29420,25.39,0.0599
29421,41.39,0.0635
29422,11.04,0.0529
29423,13.12,0.0599
29424,13.88,0.0325
29425,32.87,0.0653
29426,12.02,0.0625
29427,46.24,0.0988
29428,10.18,0.082
29429,52.88,0.1204
29430,14.76,0.0868
29431,53.3,0.0832
29432,10.13,0.0461
29433,6.3,0.0668
29434,13.03,0.0305
29435,37.05,0.0285
29436,14.23,0.0367
29437,7.98,0.0369
29438,15.11,0.0325
29439,13.32,0.0398
29440,32.28,0.0807
29441,22.04,0.0699
29442,51.94,0.0889
29443,3.52,0.1119
29444,33.72,0.1019
29445,57.02,0.0656
29446,11.29,0.0764
29447,12.96,0.0762
29448,15.09,0.0343
29449,33.53,0.0468
29450,11.99,0.0482
29451,24.73,0.0812
29452,14.45,0.0594
29453,50.54,0.0955
29454,10.13,0.0813
29455,50.7,0.0872
29456,9.5,0.0524
29457,20.79,0.1001
29458,13.18,0.0708
29459,61.34,0.0691
29460,19.25,0.0638
29461,7.65,0.0638
29462,15.1,0.0148
29463,13.26,0.0096
29464,8.59,0.0434
29465,13.68,0.0394
29466,44.0,0.0453
29467,10.75,0.0474
29468,19.66,0.0843
29469,10.85,0.0474
29470,53.28,0.0813
29471,4.39,0.0731
29472,47.22,0.1013
29473,10.85,0.0572
29474,41.06,0.0866
29475,5.97,0.0544
29476,35.92,0.0495
29477,12.64,0.025
29478,5.62,0.0481
29479,14.71,0.0448
29480,30.76,0.0374
29481,32.37,0.0434
29482,4.71,0.0399
29483,12.06,0.0365
29484,11.01,0.0198
29485,27.04,0.062
29486,14.44,0.0604
29487,50.08,0.0813
29488,10.38,0.101
29489,33.38,0.0972
29490,48.29,0.0768
29491,10.35,0.0795
29492,28.1,0.0866
29493,13.33,0.0513
29494,41.02,0.0683
29495,10.32,0.0546
29496,28.59,0.0748
29497,13.4,0.0473
29498,34.99,0.0752
29499,11.52,0.058
29500,40.28,0.0601
29501,10.1,0.0459
29502,15.64,0.0898
29503,19.74,0.0975
29504,58.72,0.0935
29505,48.57,0.0913
29506,5.78,0.0848
29507,13.26,0.0445
29508,12.75,0.0102
29509,15.44,0.0324
29510,11.71,0.0314
29511,29.7,0.0489
29512,12.09,0.044
29513,31.62,0.0837
29514,10.13,0.0659
29515,54.41,0.0862
29516,10.56,0.0668
29517,33.86,0.1146
29518,10.86,0.0799
29519,61.44,0.0983
29520,17.08,0.0809
29521,30.35,0.0821
29522,15.16,0.0326
29523,12.15,0.0381
29524,8.24,0.0563
29525,23.06,0.0523
29526,49.89,0.0543
29527,10.89,0.0553
29528,14.27,0.0887
29529,9.3,0.0658
29530,58.92,0.0658
29531,25.34,0.0799
29532,10.87,0.0809
29533,29.38,0.0572
29534,10.43,0.0461
29535,33.45,0.0499
29536,13.41,0.0366
29537,15.0,0.0768
29538,14.99,0.0552
29539,53.68,0.0752
29540,10.26,0.0706
29541,34.86,0.1093
29542,10.06,0.0848
29543,56.61,0.1177
29544,27.32,0.0957
29545,45.55,0.0955
29546,11.3,0.0477
29547,9.85,0.0428
29548,5.26,0.0288
29549,22.08,0.028
29550,30.41,0.0315
29551,10.5,0.0371
29552,13.61,0.0438
29553,11.22,0.0198
29554,29.29,0.0419
29555,4.66,0.0394
29556,34.28,0.0593
29557,10.86,0.0352
29558,32.61,0.0706
29559,3.37,0.0484
29560,42.74,0.0593
29561,10.44,0.0385
29562,22.57,0.0848
29563,10.25,0.0652
29564,53.16,0.0693
29565,21.66,0.0601
29566,14.78,0.0598
29567,12.75,0.0225
29568,9.91,0.0268
29569,13.13,0.0468
29570,26.21,0.0462
29571,36.31,0.0474
29572,12.04,0.0445
29573,11.23,0.0678
29574,10.04,0.0428
29575,51.18,0.0411
29576,9.52,0.0794
29577,10.22,0.0773
29578,52.38,0.0587
29579,7.78,0.0621
29580,31.22,0.0745
29581,13.15,0.0398
29582,23.52,0.0577
29583,15.14,0.0427
29584,27.02,0.0583
29585,15.04,0.0399
29586,29.92,0.08
29587,3.74,0.0878
29588,58.25,0.1096
29589,35.43,0.0845
29590,38.48,0.0905
29591,2.87,0.0482
29592,10.26,0.034
29593,12.78,0.0243
29594,20.16,0.032
29595,28.01,0.0363
29596,11.18,0.0367
29597,14.83,0.0659
29598,13.3,0.0502
29599,51.5,0.0912
29600,11.17,0.0865
29601,55.2,0.1215
29602,9.76,0.0879
29603,50.92,0.1371
29604,15.42,0.097
29605,64.01,0.097
29606,12.17,0.0636
29607,9.72,0.0779
29608,15.02,0.033
29609,30.83,0.031
29610,15.76,0.037
29611,9.97,0.0325
29612,16.22,0.0231
29613,10.14,0.0309
29614,20.76,0.0626
29615,24.07,0.056
29616,44.08,0.0667
29617,9.07,0.0591
29618,21.67,0.0691
29619,12.61,0.038
29620,34.77,0.0407
29621,10.7,0.0485
29622,12.0,0.047
29623,30.03,0.0504
29624,11.02,0.0507
29625,38.4,0.074
29626,11.04,0.0493
29627,36.99,0.0804
29628,3.52,0.055
29629,44.44,0.0513
29630,11.08,0.0208
29631,7.14,0.0624
29632,4.22,0.0609
29633,48.19,0.0791
29634,42.82,0.0763
29635,30.67,0.0748
29636,4.05,0.0647
29637,2.67,0.0453
29638,37.36,0.0544
29639,21.89,0.0612
29640,40.53,0.0744
29641,11.36,0.0524
29642,16.84,0.0622
29643,13.72,0.036
29644,32.42,0.0663
29645,12.38,0.0596
29646,43.85,0.1037
29647,9.66,0.0969
29648,61.14,0.1424
29649,25.12,0.1095
29650,61.29,0.106
29651,8.44,0.0604
29652,5.87,0.0734
29653,12.21,0.0394
29654,39.1,0.0388
29655,24.71,0.0458
29656,7.76,0.0646
29657,13.44,0.0559
29658,32.38,0.086
29659,29.78,0.0887
29660,57.04,0.1084
29661,10.66,0.1273
29662,34.63,0.1096
29663,52.66,0.0654
29664,10.81,0.0696
29665,9.52,0.0578
29666,15.13,0.0138
29667,22.0,0.0158
29668,5.32,0.0209
29669,13.06,0.0501
29670,14.93,0.0377
29671,46.53,0.0824
29672,8.62,0.0785
29673,53.39,0.0772
29674,8.92,0.0438
29675,13.49,0.0905
29676,10.69,0.0652
29677,58.71,0.0695
29678,26.28,0.0776
29679,13.55,0.0775
29680,22.18,0.0627
29681,10.59,0.0478
29682,42.76,0.0576
29683,10.24,0.0464
29684,24.14,0.0809
29685,10.12,0.0506
29686,47.66,0.07
29687,10.25,0.0577
29688,31.07,0.0855
29689,10.85,0.0469
29690,40.0,0.0609
29691,6.24,0.0421
29692,25.32,0.0419
29693,10.86,0.0174
29694,10.62,0.0416
29695,13.7,0.0523
29696,32.17,0.0456
29697,36.83,0.0473
29698,3.7,0.0448
29699,12.4,0.045
29700,11.0,0.0151
29701,32.41,0.0624
29702,4.7,0.0592
29703,54.56,0.0922
29704,8.94,0.1202
29705,46.47,0.1177
29706,62.48,0.1031
29707,2.0,0.1062
29708,38.94,0.0979
29709,12.18,0.0497
29710,37.61,0.0597
29711,10.72,0.0352
29712,12.65,0.0461
29713,12.67,0.0277
29714,23.89,0.0563
29715,17.84,0.0541
29716,41.47,0.053
29717,10.3,0.0517
29718,11.45,0.0857
29719,22.52,0.095
29720,54.29,0.0903
29721,51.52,0.0923
29722,5.2,0.0833
29723,13.62,0.0534
29724,12.84,0.0167
29725,22.16,0.0373
29726,12.1,0.0365
29727,27.36,0.0581
29728,12.73,0.0453
29729,36.06,0.076
29730,8.44,0.0606
29731,45.03,0.0742
29732,10.81,0.0505
29733,27.34,0.0949
29734,10.6,0.0616
29735,56.22,0.0669
29736,9.18,0.0519
29737,16.54,0.0511
29738,11.22,0.0109
29739,9.77,0.0161
29740,13.06,0.0328
29741,14.75,0.0298
29742,34.48,0.0243
29743,7.97,0.0195
29744,3.81,0.0404
29745,7.98,0.0111
29746,37.22,0.041
29747,2.98,0.0427
29748,40.1,0.0534
29749,5.6,0.042
29750,19.45,0.0432
29751,25.0,0.0207
29752,4.23,0.0228
29753,15.96,0.0401
29754,7.9,0.0229
29755,38.0,0.0329
29756,6.54,0.0263
29757,14.95,0.0584
29758,8.87,0.0328
29759,42.38,0.0502
29760,10.47,0.0446
29761,25.29,0.0392
29762,8.87,0.0129
29763,3.14,0.0326
29764,14.06,0.0472
29765,31.71,0.0477
29766,40.99,0.0507
29767,9.4,0.049
29768,6.36,0.0477
29769,12.18,0.0194
29770,30.32,0.0371
29771,10.56,0.0425
29772,28.48,0.0514
29773,12.12,0.0296
29774,21.7,0.0716
29775,6.94,0.0534
29776,55.72,0.0701
29777,8.91,0.0591
29778,30.08,0.1053
29779,9.86,0.0905
29780,56.56,0.095
29781,39.84,0.0773
29782,13.74,0.0774
29783,11.07,0.0322
29784,9.94,0.0094
29785,8.02,0.0217
29786,15.36,0.0209
29787,26.9,0.0264
29788,10.2,0.0272
29789,15.86,0.0624
29790,8.91,0.0449
29791,53.23,0.0794
29792,8.07,0.07
29793,47.29,0.1147
29794,5.76,0.1016
29795,56.94,0.1021
29796,39.15,0.0803
29797,8.6,0.0836
29798,23.88,0.0522
29799,9.29,0.0188
29800,23.2,0.0639
29801,3.22,0.0755
29802,57.06,0.0998
29803,36.41,0.0817
29804,35.38,0.0858
29805,3.68,0.0487
29806,7.7,0.0388
29807,17.1,0.0299
29808,25.83,0.035
29809,25.86,0.033
29810,9.07,0.0255
29811,5.64,0.0506
29812,8.95,0.0322
29813,52.9,0.0678
29814,6.02,0.0721
29815,47.29,0.1157
29816,10.36,0.0802
29817,55.77,0.1273
29818,14.68,0.0906
29819,56.64,0.0882
29820,7.85,0.0456
29821,7.86,0.062
29822,9.96,0.0282
29823,32.32,0.0291
29824,20.35,0.0312
29825,8.78,0.0289
29826,10.12,0.0234
29827,7.47,0.0227
29828,26.41,0.0602
29829,19.64,0.0531
29830,49.08,0.0733
29831,2.47,0.0565
29832,29.1,0.0793
29833,8.44,0.0421
29834,44.17,0.0493
29835,9.06,0.061
29836,10.16,0.0613
29837,41.67,0.0506
29838,8.82,0.0517
29839,32.67,0.0783
29840,10.2,0.0444
29841,38.75,0.0679
29842,5.28,0.047
29843,34.04,0.042
29844,10.25,0.0094
29845,4.84,0.0495
29846,3.71,0.0498
29847,48.35,0.0559
29848,34.41,0.0615
29849,16.74,0.0673
29850,10.89,0.0486
29851,9.96,0.0367
29852,28.26,0.0656
29853,21.57,0.0654
29854,47.78,0.0757
29855,10.69,0.0621
29856,21.02,0.0778
29857,13.72,0.0445
29858,38.33,0.0726
29859,12.06,0.0626
29860,40.93,0.104
29861,10.26,0.0842
29862,58.21,0.1141
29863,17.02,0.0849
29864,44.23,0.0845
29865,9.48,0.0425
29866,9.9,0.0583
29867,13.04,0.0369
29868,33.99,0.0392
29869,21.27,0.044
29870,11.9,0.0445
29871,15.04,0.0477
29872,13.66,0.0508
29873,37.4,0.0963
29874,24.63,0.0862
29875,60.71,0.1206
29876,4.22,0.0943
29877,50.63,0.1333
29878,9.14,0.0872
29879,66.54,0.0969
29880,11.12,0.0701
29881,14.69,0.0743
29882,21.87,0.0235
29883,13.62,0.0269
29884,11.92,0.0542
29885,14.81,0.04
29886,44.05,0.0646
29887,6.56,0.0628
29888,40.06,0.057
29889,9.96,0.0279
29890,8.65,0.0681
29891,12.78,0.0586
29892,49.69,0.0537
29893,29.83,0.0598
29894,4.78,0.0597
29895,15.2,0.027
29896,12.67,0.0104
29897,14.5,0.0459
29898,12.06,0.0412
29899,42.93,0.0529
29900,10.09,0.0416
29901,25.22,0.0774
29902,2.44,0.0463
29903,50.51,0.0646
29904,9.46,0.0516
29905,29.8,0.0936
29906,11.2,0.0585
29907,47.58,0.0783
29908,12.8,0.0606
29909,30.71,0.0599
29910,10.84,0.0243
29911,10.4,0.0494
29912,9.38,0.0568
29913,39.75,0.0561
29914,38.67,0.0505
29915,10.03,0.0522
29916,4.4,0.045
29917,11.25,0.0159
29918,31.98,0.0547
29919,7.45,0.0601
29920,51.67,0.0813
29921,10.21,0.0565
29922,34.01,0.101
29923,5.34,0.0627
29924,55.28,0.0643
29925,10.49,0.0667
29926,11.93,0.0723
29927,36.66,0.0327
29928,11.28,0.0345
29929,12.72,0.0521
29930,12.45,0.0369
29931,30.88,0.058
29932,20.28,0.0553
29933,33.98,0.0491
29934,9.85,0.0421
29935,5.74,0.0671
29936,23.42,0.086
29937,47.14,0.0809
29938,54.21,0.088
29939,4.46,0.0788
29940,13.34,0.0566
29941,13.47,0.0174
29942,23.31,0.0357
29943,12.1,0.0372
29944,24.18,0.0659
29945,14.91,0.0513
29946,44.31,0.0911
29947,7.62,0.0738
29948,54.84,0.0918
29949,5.6,0.0561
29950,34.26,0.1052
29951,5.91,0.0634
29952,60.46,0.0688
29953,9.86,0.0505
29954,11.44,0.0579
29955,14.65,0.0154
29956,13.76,0.018
29957,14.81,0.0462
29958,12.64,0.0351
29959,41.78,0.0309
29960,2.68,0.0256
29961,9.32,0.0624
29962,9.1,0.037
29963,52.19,0.0861
29964,14.46,0.0877
29965,55.44,0.1071
29966,11.07,0.0841
29967,29.96,0.0816
29968,27.47,0.0402
29969,11.75,0.0439
29970,10.93,0.0554
29971,15.07,0.0395
29972,42.36,0.0468
29973,10.35,0.0472
29974,19.61,0.0737
29975,11.29,0.0509
29976,43.53,0.0631
29977,17.87,0.0561
29978,23.47,0.0558
29979,12.15,0.0342
29980,10.96,0.0454
29981,20.26,0.0618
29982,29.94,0.0601
29983,41.14,0.0614
29984,10.22,0.0545
29985,12.44,0.0594
29986,12.86,0.0312
29987,35.13,0.0467
29988,10.91,0.0453
29989,26.84,0.0566
29990,10.92,0.0334
29991,25.04,0.0735
29992,10.24,0.0566
29993,53.94,0.0685
29994,8.68,0.0575
29995,23.73,0.1054
29996,13.21,0.0903
29997,61.72,0.0981
29998,37.7,0.0876
29999,17.04,0.0853
30000,12.44,0.0435
30001,10.76,0.0256
30002,16.79,0.0419
30003,18.47,0.0416
30004,34.53,0.0531
30005,12.12,0.0469
30006,23.13,0.0848
30007,10.11,0.0612
30008,59.25,0.0966
30009,9.1,0.0849
30010,50.17,0.1306
30011,10.54,0.1081
30012,59.31,0.1119
30013,35.07,0.0873
30014,13.18,0.0923
30015,23.76,0.0596
30016,15.9,0.0409
30017,24.17,0.0456
30018,14.94,0.0286
30019,18.28,0.0698
30020,5.42,0.0878
30021,60.23,0.1027
30022,43.52,0.0914
30023,30.94,0.0977
30024,6.11,0.0586
30025,12.18,0.0373
30026,18.21,0.0386
30027,20.66,0.0456
30028,32.38,0.0441
30029,13.63,0.0414
30030,10.47,0.0672
30031,15.32,0.0464
30032,48.36,0.0684
30033,10.05,0.068
30034,37.28,0.0928
30035,10.05,0.0598
30036,41.92,0.0923
30037,12.9,0.0678
30038,45.06,0.0676
30039,10.95,0.0425
30040,9.76,0.0524
30041,15.0,0.0308
30042,23.52,0.0312
30043,21.89,0.0358
30044,11.31,0.0316
30045,14.76,0.0304
30046,10.48,0.0238
30047,22.26,0.0571
30048,14.82,0.052
30049,47.06,0.0663
30050,9.3,0.0567
30051,25.86,0.0885
30052,11.9,0.0542
30053,49.02,0.0708
30054,10.11,0.0572
30055,27.18,0.0903
30056,11.22,0.0903
30057,47.51,0.0903
