Frame,Raw_Intensity,Processed_Intensity
0,2.25,0.0033
1,2.48,0.0033
2,2.05,0.0033
3,1.65,0.0031
4,1.55,0.0024
5,1.95,0.0026
6,1.73,0.003
7,2.23,0.0029
8,2.13,0.0036
9,1.4,0.004
10,2.83,0.0035
11,2.22,0.0036
12,1.64,0.0039
13,2.25,0.0026
14,1.76,0.0021
15,1.3,0.0028
16,1.6,0.0021
17,2.5,0.0023
18,1.3,0.0028
19,2.0,0.0027
20,2.0,0.0019
21,1.5,0.0019
22,1.5,0.0014
23,1.3,0.0008
24,1.4,0.0007
25,1.16,0.0008
26,1.38,0.0012
27,1.7,0.002
28,1.73,0.0023
29,2.42,0.0021
30,1.56,0.0026
31,1.1,0.0023
32,2.27,0.0011
33,1.36,0.0011
34,1.05,0.0013
35,1.45,0.0008
36,1.35,0.0007
37,1.74,0.0012
38,1.23,0.0023
39,1.62,0.0022
40,2.78,0.0029
41,1.25,0.0038
42,2.63,0.0045
43,2.33,0.0037
44,2.44,0.0039
45,1.8,0.0032
46,1.55,0.0027
47,1.75,0.0023
48,1.74,0.002
49,1.89,0.0023
50,1.41,0.002
51,1.98,0.0018
52,1.41,0.0015
53,1.4,0.0016
54,1.54,0.0013
55,1.59,0.0018
56,1.55,0.0029
57,2.04,0.0039
58,2.75,0.005
59,2.8,0.0057
60,2.9,0.0054
61,2.45,0.0044
62,1.6,0.0037
63,1.6,0.0025
64,1.97,0.0017
65,1.42,0.0021
66,1.48,0.0029
67,1.98,0.0029
68,2.61,0.0029
69,1.94,0.0028
70,1.42,0.0028
71,1.4,0.0019
72,2.03,0.0015
73,1.49,0.0017
74,1.39,0.0021
75,1.72,0.0016
76,1.85,0.0016
77,1.44,0.0016
78,1.44,0.0018
79,1.44,0.0019
80,1.94,0.0017
81,1.98,0.0019
82,1.24,0.0021
83,1.68,0.0024
84,1.7,0.0021
85,2.24,0.003
86,1.68,0.003
87,2.35,0.0035
88,1.7,0.0029
89,2.3,0.004
90,1.5,0.0036
91,3.0,0.0036
92,1.8,0.0034
93,1.8,0.0036
94,2.05,0.0032
95,1.68,0.004
96,2.54,0.004
97,2.73,0.0038
98,1.83,0.0046
99,1.84,0.0048
100,2.65,0.0039
101,2.8,0.0038
102,1.6,0.0043
103,1.7,0.0035
104,2.51,0.0023
105,1.6,0.0024
106,1.38,0.0027
107,1.71,0.0028
108,2.1,0.0026
109,2.61,0.0031
110,1.27,0.0028
111,1.99,0.0029
112,1.33,0.0019
113,2.25,0.002
114,1.4,0.0025
115,1.42,0.0033
116,2.6,0.0029
117,2.32,0.0031
118,1.7,0.0029
119,1.7,0.0019
120,1.19,0.0011
121,1.35,0.0009
122,1.29,0.0007
123,1.48,0.0012
124,1.45,0.0018
125,1.85,0.0023
126,2.08,0.0023
127,1.9,0.0024
128,1.48,0.0033
129,1.55,0.0026
130,2.95,0.0034
131,1.18,0.0041
132,3.0,0.0045
133,2.25,0.003
134,2.04,0.0043
135,1.19,0.003
136,2.71,0.003
137,1.44,0.0027
138,2.18,0.0032
139,1.72,0.0024
140,1.76,0.0022
141,1.8,0.0023
142,1.2,0.0017
143,2.25,0.0019
144,1.0,0.0019
145,1.95,0.0027
146,1.8,0.0025
147,2.25,0.0031
148,2.02,0.0028
149,1.7,0.003
150,1.58,0.0023
151,2.0,0.0017
152,1.4,0.0013
153,1.36,0.0013
154,1.2,0.001
155,1.63,0.0011
156,1.6,0.0008
157,1.5,0.0013
158,0.97,0.002
159,1.8,0.0019
160,2.52,0.0021
161,1.52,0.0024
162,1.64,0.0022
163,1.45,0.0015
164,1.52,0.0022
165,1.62,0.0021
166,2.39,0.0029
167,1.5,0.0034
168,2.5,0.0039
169,2.1,0.0041
170,2.25,0.0042
171,2.66,0.0037
172,1.6,0.0031
173,1.86,0.0032
174,1.39,0.0026
175,2.31,0.0026
176,1.9,0.0029
177,1.7,0.0034
178,2.2,0.0026
179,1.98,0.0024
180,1.35,0.0027
181,1.68,0.0023
182,2.01,0.0022
183,1.7,0.0022
184,1.9,0.0022
185,1.4,0.0027
186,1.62,0.0025
187,2.62,0.0023
188,1.48,0.0036
189,1.69,0.0039
190,2.95,0.0034
191,1.92,0.0039
192,2.0,0.0042
193,2.2,0.0034
194,2.04,0.0034
195,2.0,0.0029
196,1.84,0.0025
197,1.44,0.0024
198,1.71,0.0021
199,1.92,0.0021
200,1.63,0.0022
201,1.85,0.0021
202,1.57,0.0018
203,1.51,0.0018
204,1.55,0.0016
205,1.65,0.0015
206,1.61,0.0016
207,1.5,0.0017
208,1.64,0.0024
209,1.65,0.0024
210,2.5,0.0026
211,1.59,0.0026
212,1.76,0.0027
213,1.6,0.0021
214,1.8,0.0022
215,1.8,0.0022
216,1.7,0.0018
217,1.71,0.0022
218,1.18,0.0018
219,2.3,0.0018
220,1.31,0.0017
221,1.67,0.0024
222,1.6,0.0019
223,1.96,0.0018
224,1.72,0.0014
225,1.19,0.0012
226,1.16,0.0016
227,1.42,0.0016
228,2.44,0.0018
229,1.64,0.002
230,1.44,0.002
231,1.44,0.0011
232,1.44,0.0008
233,1.37,0.0009
234,1.24,0.0014
235,1.6,0.0013
236,2.0,0.0015
237,1.34,0.0026
238,1.6,0.0028
239,2.6,0.0024
240,1.78,0.0024
241,1.6,0.0025
242,1.34,0.0024
243,1.69,0.0026
244,2.46,0.0026
245,2.0,0.0029
246,1.6,0.0034
247,1.8,0.0024
248,2.28,0.0028
249,1.18,0.0027
250,2.5,0.0031
251,1.44,0.0026
252,2.31,0.0026
253,1.7,0.0016
254,1.17,0.0017
255,1.26,0.0016
256,1.6,0.0017
257,2.15,0.0019
258,1.88,0.0026
259,1.36,0.0025
260,2.18,0.0019
261,1.4,0.0022
262,1.4,0.0027
263,2.35,0.0024
264,1.97,0.0029
265,1.8,0.0036
266,2.0,0.0031
267,2.23,0.0029
268,1.78,0.0025
269,1.64,0.0021
270,1.4,0.0015
271,1.5,0.0011
272,1.4,0.0014
273,1.3,0.0013
274,2.1,0.0018
275,1.29,0.0024
276,2.0,0.0034
277,2.21,0.0031
278,2.46,0.0032
279,1.8,0.003
280,1.43,0.0024
281,1.77,0.0017
282,1.41,0.0021
283,1.65,0.0021
284,2.25,0.0018
285,1.4,0.002
286,1.4,0.0023
287,1.69,0.0018
288,2.06,0.0022
289,1.61,0.0031
290,1.9,0.0031
291,2.47,0.0031
292,1.7,0.0026
293,2.0,0.002
294,1.1,0.0011
295,1.07,0.0009
296,1.42,0.0009
297,1.4,0.001
298,1.98,0.0011
299,1.24,0.0011
300,1.26,0.0011
301,1.45,0.0004
302,1.31,0.0005
303,1.22,0.0008
304,1.35,0.0013
305,1.64,0.002
306,2.04,0.0024
307,2.1,0.0027
308,1.7,0.003
309,1.75,0.0026
310,2.07,0.0021
311,1.46,0.0024
312,1.48,0.0028
313,2.1,0.0025
314,2.2,0.0028
315,1.72,0.0027
316,1.85,0.0027
317,1.33,0.0022
318,2.11,0.0019
319,1.6,0.0014
320,1.35,0.0015
321,1.31,0.0016
322,1.36,0.0013
323,2.26,0.0011
324,1.2,0.001
325,1.2,0.0009
326,1.18,0.0004
327,1.22,0.0004
328,1.64,0.0005
329,1.16,0.0011
330,1.32,0.0019
331,2.0,0.0017
332,2.15,0.0019
333,1.45,0.0025
334,1.35,0.0026
335,2.05,0.0025
336,2.1,0.0028
337,2.1,0.0027
338,1.8,0.0027
339,1.2,0.002
340,2.04,0.0014
341,1.26,0.0009
342,1.3,0.0011
343,1.3,0.0017
344,1.33,0.0022
345,2.78,0.0026
346,1.96,0.0027
347,1.7,0.0029
348,1.5,0.0018
349,1.5,0.0015
350,1.5,0.0022
351,1.59,0.0033
352,2.5,0.0037
353,2.91,0.0047
354,1.94,0.005
355,2.76,0.0043
356,1.9,0.0028
357,1.75,0.0025
358,1.05,0.0019
359,1.48,0.0016
360,2.08,0.0016
361,1.56,0.0023
362,1.76,0.0024
363,1.9,0.0028
364,1.6,0.0025
365,2.52,0.0023
366,1.27,0.002
367,1.4,0.0022
368,1.6,0.0017
369,1.8,0.0023
370,1.9,0.0024
371,2.1,0.0023
372,1.49,0.002
373,1.4,0.0017
374,1.48,0.0012
375,1.54,0.0012
376,1.54,0.0014
377,1.47,0.0017
378,1.58,0.0015
379,1.88,0.0019
380,1.27,0.0022
381,2.12,0.0023
382,1.76,0.0024
383,1.7,0.0028
384,2.05,0.0023
385,1.7,0.0018
386,1.6,0.0015
387,1.05,0.0012
388,1.4,0.0009
389,1.66,0.001
390,1.36,0.0014
391,1.7,0.0015
392,1.5,0.0019
393,1.6,0.0024
394,2.12,0.0023
395,1.94,0.0024
396,1.62,0.0022
397,1.6,0.0019
398,1.4,0.0028
399,1.7,0.0027
400,3.05,0.0028
401,1.5,0.003
402,1.77,0.0031
403,1.58,0.0019
404,1.81,0.002
405,1.56,0.002
406,1.72,0.0017
407,1.73,0.0012
408,1.25,0.0013
409,1.2,0.0017
410,1.6,0.0023
411,2.3,0.003
412,2.43,0.0045
413,2.1,0.0045
414,3.05,0.004
415,1.6,0.003
416,1.6,0.0033
417,1.24,0.0017
418,2.49,0.0026
419,1.15,0.0028
420,2.6,0.0033
421,1.9,0.0026
422,1.8,0.0036
423,1.7,0.0025
424,2.33,0.0024
425,1.25,0.0018
426,1.78,0.0015
427,1.03,0.001
428,1.42,0.0011
429,1.72,0.0012
430,1.35,0.0022
431,1.89,0.0026
432,2.21,0.0026
433,1.97,0.0033
434,1.75,0.0031
435,2.15,0.0026
436,1.65,0.0022
437,1.65,0.0021
438,1.41,0.0016
439,1.67,0.002
440,1.55,0.0019
441,2.1,0.002
442,1.5,0.0017
443,1.6,0.002
444,1.28,0.0013
445,1.86,0.0013
446,1.26,0.0018
447,1.55,0.0024
448,2.25,0.0024
449,1.9,0.0027
450,1.9,0.0032
451,1.6,0.0029
452,2.26,0.0024
453,1.8,0.0018
454,1.27,0.0018
455,1.27,0.0009
456,1.53,0.0006
457,1.15,0.0009
458,1.48,0.001
459,1.55,0.0009
460,1.4,0.0016
461,1.4,0.0023
462,2.1,0.0021
463,2.33,0.0021
464,1.3,0.0027
465,1.4,0.002
466,2.06,0.0021
467,1.36,0.0031
468,2.43,0.0039
469,2.43,0.0034
470,2.44,0.0041
471,1.45,0.0041
472,2.19,0.0045
473,2.45,0.0047
474,2.97,0.0055
475,2.6,0.0057
476,2.5,0.0058
477,2.4,0.0052
478,2.56,0.0052
479,2.24,0.0052
480,2.58,0.0056
481,2.48,0.0059
482,2.88,0.0058
483,2.96,0.0057
484,2.18,0.0058
485,2.42,0.0054
486,2.64,0.0048
487,2.3,0.0049
488,2.34,0.0055
489,2.25,0.005
490,3.1,0.0048
491,2.06,0.0051
492,2.04,0.0051
493,2.76,0.0048
494,2.27,0.0057
495,2.68,0.0058
496,3.17,0.0058
497,2.1,0.0063
498,2.78,0.0066
499,2.89,0.0061
500,3.1,0.0061
501,2.5,0.0056
502,2.08,0.0058
503,2.15,0.0056
504,3.2,0.0059
505,2.83,0.0056
506,2.9,0.0057
507,1.74,0.0048
508,2.2,0.0042
509,2.18,0.0036
510,2.1,0.0039
511,2.1,0.0038
512,2.1,0.0041
513,2.1,0.0047
514,2.5,0.004
515,2.95,0.0044
516,1.15,0.0042
517,2.58,0.0031
518,1.9,0.002
519,1.14,0.0031
520,1.6,0.0021
521,2.5,0.0024
522,1.32,0.0032
523,2.26,0.0031
524,2.2,0.0027
525,1.5,0.003
526,2.0,0.0028
527,1.6,0.0023
528,2.11,0.0032
529,1.59,0.0032
530,2.58,0.0035
531,2.0,0.0028
532,2.0,0.0028
533,1.24,0.0026
534,1.5,0.0027
535,2.4,0.002
536,2.1,0.0025
537,1.1,0.0024
538,1.92,0.0018
539,1.3,0.0014
540,1.7,0.0018
541,1.68,0.0017
542,1.6,0.0023
543,1.8,0.0025
544,2.0,0.0023
545,1.92,0.0021
546,1.4,0.0016
547,1.4,0.0016
548,1.2,0.0017
549,1.94,0.0018
550,2.1,0.0018
551,1.51,0.0021
552,1.44,0.002
553,1.55,0.0018
554,1.8,0.0014
555,1.8,0.0013
556,1.1,0.0022
557,1.32,0.0019
558,2.6,0.0016
559,1.5,0.0024
560,1.4,0.0031
561,2.1,0.0027
562,2.1,0.0024
563,2.1,0.0024
564,1.12,0.0022
565,1.45,0.0015
566,1.87,0.0018
567,1.2,0.0027
568,2.49,0.0026
569,2.22,0.0021
570,1.4,0.0024
571,1.2,0.0016
572,1.6,0.0015
573,1.45,0.0014
574,2.1,0.0016
575,1.3,0.0016
576,1.5,0.0021
577,1.5,0.0015
578,2.1,0.0017
579,1.32,0.0019
580,1.6,0.002
581,1.8,0.0016
582,1.6,0.002
583,1.57,0.0016
584,1.8,0.001
585,1.08,0.0007
586,1.08,0.0007
587,1.32,0.0003
588,1.56,0.0006
589,1.28,0.0007
590,1.4,0.0008
591,1.2,0.0008
592,1.5,0.0008
593,1.5,0.0009
594,1.3,0.0009
595,1.49,0.0008
596,1.22,0.0008
597,1.47,0.0008
598,1.5,0.0017
599,1.3,0.0024
600,2.5,0.0027
601,2.1,0.0031
602,1.9,0.0035
603,1.96,0.003
604,1.8,0.0027
605,1.8,0.0025
606,1.8,0.0018
607,1.6,0.002
608,1.2,0.0015
609,2.0,0.0018
610,1.2,0.0019
611,2.11,0.003
612,1.76,0.0029
613,2.5,0.003
614,1.96,0.0023
615,1.34,0.0024
616,1.22,0.0014
617,1.91,0.0015
618,1.21,0.002
619,2.1,0.003
620,1.92,0.0023
621,2.42,0.0028
622,1.14,0.0023
623,1.8,0.0024
624,1.5,0.0013
625,1.96,0.0015
626,1.1,0.0011
627,1.4,0.0015
628,1.3,0.0013
629,2.0,0.0013
630,1.68,0.0014
631,1.18,0.0024
632,1.48,0.002
633,2.48,0.0019
634,1.51,0.0024
635,1.6,0.0025
636,1.8,0.0017
637,1.6,0.0018
638,1.5,0.0018
639,1.6,0.0021
640,1.6,0.0025
641,2.25,0.0027
642,2.02,0.0023
643,1.73,0.002
644,1.17,0.0011
645,1.17,0.0005
646,1.18,0.0
647,1.25,0.0001
648,1.17,0.0011
649,1.32,0.0018
650,2.42,0.0023
651,2.0,0.0024
652,1.9,0.0026
653,1.22,0.002
654,1.58,0.0019
655,1.63,0.0019
656,1.9,0.0024
657,1.9,0.0024
658,1.9,0.0031
659,1.5,0.0026
660,2.5,0.0021
661,1.3,0.0022
662,1.3,0.0026
663,2.05,0.0015
664,2.0,0.0026
665,1.13,0.0038
666,2.62,0.0038
667,2.77,0.0034
668,2.04,0.0041
669,1.49,0.0031
670,2.05,0.0021
671,1.38,0.0021
672,1.55,0.0019
673,2.0,0.0012
674,1.31,0.0017
675,1.2,0.0018
676,1.96,0.0016
677,1.64,0.0017
678,1.8,0.002
679,1.45,0.0015
680,1.5,0.0014
681,1.44,0.0012
682,1.44,0.0012
683,1.62,0.0011
684,1.4,0.001
685,1.39,0.0009
686,1.36,0.0006
687,1.29,0.0007
688,1.23,0.0008
689,1.47,0.0009
690,1.61,0.0009
691,1.43,0.0009
692,1.35,0.0013
693,1.2,0.0009
694,1.9,0.0007
695,1.2,0.0006
696,1.2,0.0006
697,1.2,0.0002
698,1.2,0.0007
699,1.36,0.0013
700,1.84,0.002
701,1.94,0.002
702,2.0,0.0026
703,1.28,0.0021
704,2.0,0.0015
705,1.28,0.0012
706,1.2,0.0014
707,1.6,0.0007
708,1.6,0.0006
709,1.12,0.0009
710,1.2,0.0006
711,1.5,0.0006
712,1.28,0.0014
713,1.62,0.0029
714,2.1,0.003
715,3.0,0.0028
716,1.6,0.0024
717,1.01,0.0017
718,1.2,0.0009
719,1.2,0.0012
720,1.99,0.002
721,2.0,0.0027
722,2.0,0.0033
723,2.0,0.0033
724,2.0,0.0027
725,2.0,0.0022
726,1.2,0.0018
727,1.4,0.0023
728,1.6,0.0021
729,2.56,0.0025
730,1.74,0.0023
731,1.71,0.0027
732,1.2,0.0017
733,2.0,0.0017
734,1.43,0.0016
735,1.66,0.002
736,1.66,0.002
737,1.66,0.0023
738,1.92,0.0024
739,1.8,0.0025
740,1.85,0.0026
741,1.76,0.0019
742,1.76,0.0014
743,1.14,0.0015
744,1.19,0.001
745,1.95,0.0011
746,1.14,0.0014
747,1.92,0.0015
748,1.4,0.0009
749,1.32,0.0012
750,1.3,0.0008
751,1.42,0.0005
752,1.5,0.0005
753,1.02,0.0012
754,1.34,0.0012
755,2.16,0.0015
756,1.4,0.0018
757,1.89,0.0017
758,1.37,0.001
759,1.25,0.0008
760,1.25,0.0005
761,1.16,0.0013
762,1.5,0.0018
763,2.39,0.0017
764,1.79,0.0019
765,1.2,0.0016
766,1.34,0.0009
767,1.18,0.0008
768,1.52,0.001
769,1.62,0.0009
770,1.56,0.0009
771,1.18,0.0006
772,1.18,0.0003
773,1.18,0.0002
774,1.18,0.0007
775,1.45,0.0008
776,1.84,0.0009
777,1.26,0.0012
778,1.33,0.0012
779,1.5,0.0006
780,1.5,0.0006
781,1.1,0.0005
782,1.3,0.0006
783,1.2,0.0009
784,1.52,0.0012
785,1.87,0.0012
786,1.5,0.0012
787,1.3,0.001
788,1.2,0.0012
789,1.3,0.0011
790,2.1,0.0012
791,1.36,0.0015
792,1.5,0.0015
793,1.5,0.0012
794,1.34,0.001
795,1.72,0.0008
796,1.15,0.0006
797,1.25,0.0006
798,1.2,0.0007
799,1.32,0.0008
800,1.86,0.0009
801,1.24,0.001
802,1.46,0.0011
803,1.33,0.0005
804,1.4,0.0004
805,1.11,0.0005
806,1.08,0.0005
807,1.6,0.0005
808,1.4,0.0007
809,1.4,0.0009
810,1.3,0.0008
811,1.4,0.0008
812,1.4,0.0008
813,1.4,0.0007
814,1.44,0.0007
815,1.2,0.001
816,1.32,0.0013
817,1.8,0.0019
818,1.72,0.0019
819,2.2,0.0021
820,1.2,0.0026
821,1.64,0.0022
822,2.34,0.0023
823,1.24,0.0029
824,2.32,0.0027
825,2.0,0.0019
826,1.33,0.002
827,1.34,0.0012
828,1.44,0.0005
829,1.26,0.0006
830,1.2,0.0006
831,1.4,0.0003
832,1.4,0.001
833,1.1,0.0013
834,2.1,0.001
835,1.5,0.0009
836,1.1,0.0015
837,1.2,0.0011
838,1.83,0.0009
839,1.67,0.001
840,1.3,0.001
841,1.14,0.0008
842,1.21,0.0008
843,1.6,0.0013
844,1.68,0.0015
845,1.95,0.0016
846,1.36,0.0017
847,1.35,0.0015
848,1.68,0.0012
849,1.5,0.0013
850,1.5,0.0015
851,1.5,0.0019
852,1.55,0.0029
853,2.26,0.003
854,2.62,0.0032
855,1.65,0.0035
856,1.75,0.0032
857,2.0,0.0027
858,1.86,0.003
859,2.0,0.0032
860,2.0,0.0023
861,2.0,0.0017
862,0.9,0.0011
863,1.11,0.0006
864,1.32,0.0001
865,1.4,0.0006
866,1.28,0.0012
867,1.6,0.0018
868,1.86,0.0022
869,2.0,0.0027
870,1.92,0.0027
871,1.92,0.003
872,1.6,0.0029
873,2.21,0.0032
874,1.83,0.0028
875,2.25,0.0029
876,1.43,0.0022
877,1.8,0.0019
878,1.38,0.0015
879,1.39,0.0022
880,1.81,0.0019
881,2.31,0.0022
882,1.4,0.0023
883,1.75,0.0025
884,1.5,0.0016
885,2.0,0.0016
886,1.29,0.0018
887,1.31,0.0022
888,2.0,0.0018
889,2.0,0.0024
890,1.6,0.003
891,2.0,0.0023
892,2.0,0.0022
893,1.1,0.0021
894,1.89,0.002
895,1.5,0.0016
896,1.92,0.002
897,1.5,0.0021
898,1.6,0.0018
899,2.0,0.0017
900,1.1,0.002
901,1.84,0.0022
902,1.84,0.0021
903,1.84,0.0021
904,1.84,0.0023
905,1.18,0.0019
906,2.1,0.0018
907,1.36,0.0019
908,1.66,0.0023
909,2.0,0.0016
910,1.6,0.0016
911,1.3,0.0015
912,1.33,0.0012
913,1.56,0.0011
914,1.56,0.0012
915,1.56,0.0016
916,1.38,0.0015
917,1.8,0.0019
918,1.46,0.0022
919,2.05,0.0028
920,2.0,0.0025
921,2.0,0.0024
922,1.5,0.0021
923,1.3,0.002
924,1.7,0.0018
925,1.85,0.0018
926,1.85,0.0025
927,1.48,0.0024
928,2.15,0.0022
929,1.5,0.0024
930,1.64,0.0029
931,2.11,0.0021
932,2.06,0.0019
933,1.2,0.0015
934,1.2,0.0008
935,1.2,0.0
936,1.2,0.0002
937,1.2,0.0007
938,1.36,0.0006
939,1.83,0.0006
940,1.08,0.0006
941,1.2,0.0014
942,1.25,0.0008
943,2.24,0.001
944,1.16,0.0019
945,1.36,0.0028
946,2.3,0.0019
947,2.3,0.0029
948,1.2,0.0029
949,2.32,0.002
950,1.4,0.0013
951,1.22,0.0026
952,1.44,0.002
953,2.77,0.002
954,1.5,0.0023
955,1.5,0.0023
956,1.55,0.0013
957,1.49,0.0013
958,1.5,0.0012
959,1.46,0.0011
960,1.4,0.0008
961,1.4,0.0008
962,1.12,0.0006
963,1.5,0.0008
964,1.3,0.0006
965,1.6,0.0014
966,1.2,0.0011
967,2.0,0.001
968,1.21,0.0009
969,1.17,0.0009
970,1.5,0.0009
971,1.2,0.0012
972,2.0,0.0015
973,1.5,0.0016
974,1.52,0.0027
975,1.7,0.0025
976,2.52,0.0024
977,1.7,0.003
978,1.48,0.0027
979,2.22,0.0016
980,1.33,0.0019
981,1.16,0.0016
982,2.1,0.0015
983,1.1,0.0021
984,2.1,0.0027
985,2.1,0.0027
986,1.85,0.0031
987,2.1,0.0028
988,1.64,0.0031
989,1.62,0.0036
990,2.48,0.0032
991,2.48,0.0028
992,1.6,0.0032
993,1.24,0.0027
994,2.0,0.0023
995,1.89,0.0026
996,2.0,0.0032
997,2.0,0.0027
998,2.0,0.0023
999,1.33,0.002
1000,1.4,0.0016
1001,1.66,0.001
1002,1.52,0.0014
1003,1.2,0.0012
1004,1.84,0.0009
1005,1.2,0.0009
1006,1.3,0.0009
1007,1.47,0.0005
1008,1.23,0.0008
1009,1.4,0.0006
1010,1.52,0.0003
1011,1.1,0.001
1012,1.1,0.0012
1013,2.0,0.001
1014,1.7,0.0014
1015,1.27,0.0015
1016,1.54,0.001
1017,1.24,0.0008
1018,1.42,0.0007
1019,1.42,0.0006
1020,1.2,0.0005
1021,1.34,0.0006
1022,1.17,0.0006
1023,1.6,0.0008
1024,1.42,0.0006
1025,1.4,0.0009
1026,1.07,0.0007
1027,1.53,0.0006
1028,1.32,0.0007
1029,1.4,0.0009
1030,1.5,0.0006
1031,1.3,0.0004
1032,1.1,0.0004
1033,1.16,0.0003
1034,1.4,0.0006
1035,1.36,0.0011
1036,1.7,0.0011
1037,1.7,0.0011
1038,1.08,0.0013
1039,1.42,0.0012
1040,1.66,0.001
1041,1.5,0.001
1042,1.5,0.0008
1043,1.1,0.0004
1044,1.1,0.0001
1045,1.17,0.0005
1046,1.2,0.0012
1047,1.96,0.0017
1048,2.02,0.0024
1049,1.7,0.0028
1050,2.0,0.0025
1051,1.7,0.0024
1052,1.55,0.0023
1053,1.94,0.0019
1054,1.6,0.0015
1055,1.52,0.0015
1056,1.17,0.0011
1057,1.5,0.001
1058,1.5,0.0015
1059,1.46,0.0016
1060,2.1,0.0013
1061,1.34,0.0012
1062,1.1,0.0011
1063,1.4,0.0004
1064,1.4,0.0003
1065,1.2,0.0007
1066,1.2,0.0005
1067,1.6,0.0005
1068,1.21,0.0006
1069,1.32,0.0006
1070,1.35,0.0003
1071,1.2,0.0006
1072,1.2,0.0006
1073,1.6,0.0008
1074,1.36,0.0008
1075,1.6,0.0009
1076,1.2,0.0013
1077,1.3,0.0011
1078,2.11,0.0006
1079,1.03,0.0013
1080,1.03,0.0014
1081,2.0,0.0013
1082,1.5,0.0014
1083,1.96,0.0016
1084,1.2,0.0011
1085,1.2,0.0015
1086,1.42,0.001
1087,2.0,0.0011
1088,1.37,0.0011
1089,1.25,0.0015
1090,1.26,0.0008
1091,1.95,0.0009
1092,1.1,0.0014
1093,1.5,0.0015
1094,1.9,0.0009
1095,1.3,0.0009
1096,1.28,0.0009
1097,1.04,0.0003
1098,1.5,0.0002
1099,1.16,0.0002
1100,1.16,0.0004
1101,1.3,0.0003
1102,1.32,0.0005
1103,1.4,0.0006
1104,1.4,0.0005
1105,1.3,0.001
1106,1.17,0.001
1107,1.9,0.0007
1108,1.45,0.0009
1109,1.02,0.0008
1110,1.46,0.0004
1111,1.08,0.0009
1112,1.42,0.0017
1113,2.0,0.0018
1114,2.1,0.0021
1115,1.55,0.0025
1116,1.4,0.0022
1117,1.98,0.0019
1118,1.65,0.0017
1119,1.7,0.0024
1120,1.3,0.0021
1121,2.2,0.0022
1122,1.6,0.0029
1123,1.78,0.0031
1124,2.66,0.0025
1125,1.5,0.0022
1126,1.45,0.0023
1127,1.3,0.001
1128,1.8,0.0008
1129,1.12,0.0014
1130,1.27,0.0015
1131,2.2,0.002
1132,1.45,0.0021
1133,2.36,0.0025
1134,1.22,0.002
1135,1.82,0.0022
1136,1.5,0.0015
1137,1.78,0.0023
1138,1.5,0.0022
1139,2.18,0.0028
1140,1.71,0.0035
1141,2.15,0.0032
1142,2.68,0.0028
1143,1.15,0.0036
1144,1.7,0.0033
1145,2.62,0.0025
1146,1.77,0.0024
1147,1.7,0.0022
1148,1.1,0.0019
1149,1.48,0.0018
1150,2.18,0.0021
1151,1.71,0.0023
1152,2.04,0.0028
1153,1.29,0.0025
1154,2.18,0.003
1155,1.8,0.003
1156,2.26,0.0032
1157,2.08,0.0026
1158,1.5,0.0024
1159,1.46,0.0018
1160,1.56,0.0012
1161,1.56,0.0013
1162,1.38,0.0017
1163,1.53,0.0018
1164,2.0,0.0022
1165,1.71,0.0026
1166,2.0,0.0034
1167,1.85,0.004
1168,2.51,0.0043
1169,2.81,0.005
1170,2.0,0.0051
1171,2.9,0.0042
1172,1.92,0.0037
1173,1.48,0.0043
1174,2.2,0.0039
1175,2.71,0.0034
1176,2.46,0.0043
1177,1.26,0.0048
1178,2.61,0.0041
1179,2.75,0.0031
1180,1.9,0.0033
1181,1.19,0.0028
1182,1.5,0.0019
1183,2.0,0.0024
1184,1.64,0.0038
1185,2.5,0.0043
1186,2.95,0.0036
1187,2.1,0.0041
1188,1.21,0.0046
1189,2.16,0.0035
1190,3.2,0.0033
1191,1.5,0.0032
1192,1.9,0.0027
1193,1.1,0.0018
1194,1.55,0.002
1195,2.12,0.0016
1196,1.75,0.0021
1197,1.35,0.0022
1198,1.8,0.0016
1199,1.63,0.0011
1200,1.33,0.001
1201,1.22,0.0005
1202,1.22,0.0008
1203,1.18,0.0013
1204,2.03,0.0028
1205,1.89,0.0029
1206,3.01,0.0028
1207,1.39,0.0026
1208,1.02,0.002
1209,1.77,0.0006
1210,1.2,0.0012
1211,1.3,0.0024
1212,2.09,0.0024
1213,2.5,0.0026
1214,1.75,0.0041
1215,1.5,0.0045
1216,3.07,0.0036
1217,2.59,0.0039
1218,1.4,0.0036
1219,2.11,0.0022
1220,1.18,0.0017
1221,1.4,0.0024
1222,1.94,0.002
1223,2.21,0.0035
1224,1.71,0.0047
1225,3.0,0.0047
1226,2.8,0.0047
1227,2.0,0.0042
1228,2.16,0.0032
1229,1.1,0.0034
1230,1.85,0.0031
1231,3.0,0.0031
1232,1.6,0.0036
1233,2.23,0.0036
1234,1.7,0.0024
1235,1.8,0.0024
1236,1.52,0.0023
1237,1.65,0.0018
1238,2.05,0.002
1239,1.1,0.0019
1240,2.04,0.0024
1241,1.36,0.0019
1242,2.3,0.0026
1243,1.48,0.003
1244,2.0,0.0035
1245,2.41,0.0034
1246,2.0,0.0038
1247,2.24,0.0036
1248,1.9,0.0026
1249,1.8,0.0024
1250,1.24,0.0015
1251,1.7,0.0013
1252,1.1,0.0016
1253,1.75,0.0032
1254,2.16,0.0033
1255,3.15,0.0039
1256,1.8,0.0039
1257,1.8,0.0034
1258,1.8,0.003
1259,1.55,0.0037
1260,2.69,0.0033
1261,2.66,0.003
1262,1.26,0.0032
1263,1.41,0.0025
1264,1.85,0.0026
1265,1.78,0.0031
1266,2.82,0.0037
1267,1.93,0.0036
1268,2.08,0.004
1269,1.7,0.0029
1270,2.25,0.0024
1271,1.5,0.0024
1272,1.35,0.0029
1273,2.05,0.0027
1274,2.34,0.0034
1275,1.98,0.0033
1276,2.35,0.0033
1277,1.26,0.003
1278,2.05,0.003
1279,2.01,0.0024
1280,1.91,0.0029
1281,1.7,0.0028
1282,1.86,0.0026
1283,1.85,0.0024
1284,1.75,0.0023
1285,1.76,0.0031
1286,1.5,0.0033
1287,2.85,0.0033
1288,2.16,0.003
1289,1.75,0.0031
1290,1.35,0.002
1291,1.66,0.0014
1292,1.5,0.0016
1293,1.45,0.0021
1294,1.96,0.0023
1295,1.99,0.0027
1296,1.9,0.0032
1297,1.91,0.0029
1298,2.15,0.0031
1299,1.5,0.0039
1300,2.29,0.0034
1301,2.8,0.0025
1302,1.3,0.003
1303,1.15,0.0029
1304,2.01,0.0026
1305,2.25,0.0028
1306,2.35,0.0032
1307,1.58,0.0026
1308,1.61,0.0017
1309,1.34,0.0013
1310,1.2,0.001
1311,1.82,0.0013
1312,1.17,0.0014
1313,2.0,0.0014
1314,1.5,0.0013
1315,1.17,0.0016
1316,1.74,0.0014
1317,1.43,0.0023
1318,1.78,0.0023
1319,2.6,0.0034
1320,1.24,0.0033
1321,3.08,0.0031
1322,1.24,0.0017
1323,1.58,0.0018
1324,0.85,0.0004
1325,1.42,0.0006
1326,1.32,0.0007
1327,1.48,0.0015
1328,1.78,0.0016
1329,1.76,0.0022
1330,1.55,0.0028
1331,2.06,0.0025
1332,2.25,0.003
1333,1.42,0.0032
1334,2.27,0.0026
1335,1.82,0.0025
1336,1.38,0.0027
1337,2.16,0.0024
1338,1.61,0.0026
1339,1.92,0.0027
1340,2.06,0.0022
1341,1.5,0.0025
1342,1.51,0.0031
1343,2.0,0.0032
1344,2.69,0.0032
1345,2.11,0.0032
1346,1.55,0.0039
1347,1.55,0.0028
1348,2.84,0.0031
1349,1.32,0.0034
1350,2.53,0.0037
1351,1.81,0.0031
1352,1.98,0.0033
1353,2.05,0.0024
1354,1.59,0.0029
1355,1.4,0.0025
1356,2.45,0.0018
1357,1.54,0.0014
1358,1.12,0.0015
1359,1.12,0.0011
1360,1.55,0.0019
1361,1.96,0.0021
1362,2.55,0.0027
1363,1.32,0.003
1364,1.87,0.0024
1365,1.87,0.0022
1366,1.26,0.0028
1367,2.26,0.0034
1368,2.06,0.0039
1369,2.69,0.0048
1370,2.45,0.0047
1371,2.3,0.0045
1372,2.15,0.0039
1373,1.85,0.004
1374,1.96,0.0033
1375,2.6,0.0028
1376,1.47,0.0025
1377,1.42,0.0018
1378,1.52,0.0006
1379,1.1,0.0005
1380,1.1,0.0004
1381,1.4,0.0004
1382,1.32,0.0006
1383,1.48,0.0011
1384,1.42,0.0012
1385,1.71,0.0013
1386,1.44,0.0018
1387,1.5,0.0018
1388,2.05,0.0016
1389,1.5,0.0014
1390,1.38,0.0013
1391,1.2,0.0015
1392,1.36,0.0013
1393,2.33,0.0011
1394,1.22,0.0011
1395,1.17,0.0011
1396,1.17,0.0003
1397,1.38,0.001
1398,1.42,0.0015
1399,2.05,0.0021
1400,1.81,0.0023
1401,1.91,0.0028
1402,1.54,0.0029
1403,2.02,0.003
1404,2.2,0.0026
1405,1.95,0.0028
1406,1.36,0.0025
1407,1.79,0.0016
1408,1.66,0.0017
1409,1.16,0.0023
1410,2.08,0.0031
1411,2.01,0.0028
1412,2.86,0.0035
1413,1.2,0.0037
1414,2.09,0.004
1415,2.34,0.0026
1416,2.29,0.0031
1417,1.2,0.0025
1418,1.78,0.003
1419,1.36,0.0034
1420,3.0,0.0042
1421,2.76,0.0036
1422,2.15,0.0044
1423,1.12,0.0038
1424,2.32,0.0036
1425,2.25,0.0029
1426,2.55,0.0032
1427,1.3,0.0026
1428,1.4,0.0024
1429,1.6,0.0014
1430,1.97,0.0014
1431,1.43,0.0019
1432,1.22,0.0016
1433,2.06,0.0016
1434,1.18,0.003
1435,2.05,0.0033
1436,3.1,0.0034
1437,1.55,0.0039
1438,2.25,0.0042
1439,1.72,0.0026
1440,2.45,0.0027
1441,1.2,0.0029
1442,1.66,0.0031
1443,2.46,0.0029
1444,1.95,0.0033
1445,2.16,0.0033
1446,1.75,0.0036
1447,1.71,0.0032
1448,2.8,0.003
1449,1.41,0.0029
1450,2.0,0.0024
1451,1.55,0.0016
1452,1.14,0.0029
1453,1.8,0.0025
1454,3.05,0.0033
1455,1.44,0.004
1456,2.55,0.0037
1457,1.99,0.0033
1458,1.45,0.0036
1459,2.54,0.0026
1460,1.79,0.0023
1461,1.4,0.0019
1462,1.6,0.0008
1463,0.9,0.0016
1464,1.18,0.0014
1465,2.8,0.0015
1466,1.2,0.0024
1467,1.68,0.003
1468,2.05,0.0021
1469,1.9,0.0025
1470,1.71,0.0025
1471,1.65,0.002
1472,1.7,0.0013
1473,1.4,0.0015
1474,1.05,0.0019
1475,1.96,0.0021
1476,2.1,0.002
1477,2.0,0.0026
1478,1.3,0.0023
1479,1.8,0.0024
1480,1.57,0.0022
1481,2.25,0.0027
1482,1.76,0.003
1483,1.82,0.0041
1484,2.24,0.0038
1485,2.88,0.0042
1486,1.87,0.004
1487,2.27,0.0034
1488,1.57,0.0032
1489,1.55,0.0033
1490,2.56,0.0028
1491,2.01,0.0028
1492,1.65,0.0026
1493,1.57,0.002
1494,1.32,0.0017
1495,1.84,0.0019
1496,1.7,0.0018
1497,1.8,0.002
1498,1.5,0.0015
1499,1.55,0.001
1500,1.19,0.0017
1501,1.17,0.0019
1502,2.62,0.0018
1503,1.72,0.0021
1504,1.47,0.0033
1505,1.57,0.0032
1506,2.6,0.0028
1507,2.5,0.0037
1508,1.26,0.0039
1509,2.5,0.004
1510,1.8,0.003
1511,2.75,0.0037
1512,1.26,0.0027
1513,2.19,0.0031
1514,1.2,0.003
1515,2.31,0.0036
1516,2.65,0.0031
1517,2.05,0.0043
1518,1.5,0.0049
1519,2.71,0.0037
1520,3.0,0.0033
1521,1.19,0.0037
1522,1.55,0.0027
1523,1.98,0.0013
1524,1.51,0.0018
1525,1.28,0.0021
1526,1.88,0.003
1527,1.84,0.0033
1528,3.1,0.0039
1529,1.92,0.0042
1530,1.92,0.0043
1531,2.34,0.0032
1532,1.95,0.0028
1533,1.72,0.0022
1534,1.42,0.0013
1535,1.25,0.0011
1536,1.21,0.0011
1537,1.7,0.002
1538,1.65,0.0023
1539,2.55,0.003
1540,1.67,0.003
1541,2.0,0.0034
1542,1.75,0.0021
1543,2.11,0.0022
1544,1.02,0.0014
1545,1.8,0.0022
1546,1.02,0.0016
1547,2.68,0.002
1548,1.32,0.0019
1549,1.6,0.0023
1550,1.7,0.0013
1551,1.45,0.0015
1552,1.49,0.0011
1553,1.51,0.0017
1554,1.1,0.0017
1555,2.5,0.0016
1556,1.38,0.0019
1557,1.38,0.0024
1558,1.94,0.0017
1559,1.68,0.0023
1560,1.7,0.0023
1561,2.0,0.0016
1562,1.46,0.0015
1563,1.08,0.0012
1564,1.55,0.0011
1565,1.34,0.0009
1566,1.9,0.0012
1567,1.21,0.0018
1568,1.4,0.0022
1569,2.25,0.0018
1570,1.88,0.0021
1571,1.38,0.0026
1572,1.56,0.0022
1573,1.99,0.0017
1574,1.8,0.0016
1575,1.3,0.0023
1576,1.3,0.0019
1577,2.39,0.0028
1578,1.52,0.0029
1579,2.9,0.0029
1580,1.36,0.002
1581,1.29,0.0018
1582,1.29,0.0017
1583,1.28,0.0025
1584,2.85,0.0025
1585,2.32,0.0036
1586,1.3,0.0041
1587,2.6,0.003
1588,1.9,0.0025
1589,1.5,0.0027
1590,1.72,0.0029
1591,1.5,0.0032
1592,2.9,0.004
1593,2.25,0.004
1594,2.5,0.0038
1595,1.73,0.0024
1596,1.16,0.0016
1597,1.21,0.0007
1598,1.3,0.0001
1599,1.35,0.0016
1600,1.01,0.003
1601,3.0,0.0044
1602,2.94,0.0049
1603,3.01,0.0062
1604,1.92,0.0051
1605,2.7,0.0051
1606,1.66,0.0048
1607,2.85,0.0056
1608,2.68,0.0047
1609,2.87,0.0048
1610,1.65,0.0034
1611,1.71,0.0026
1612,1.24,0.0028
1613,1.65,0.0026
1614,3.15,0.0023
1615,1.36,0.0022
1616,1.39,0.0023
1617,1.12,0.0011
1618,1.69,0.0013
1619,1.7,0.0021
1620,1.62,0.0023
1621,2.36,0.0021
1622,1.42,0.0019
1623,1.42,0.0015
1624,1.47,0.001
1625,1.1,0.0012
1626,1.7,0.0015
1627,1.75,0.0015
1628,1.7,0.0021
1629,1.5,0.0018
1630,1.85,0.0018
1631,1.36,0.0023
1632,1.7,0.0023
1633,2.35,0.0027
1634,1.54,0.0027
1635,2.33,0.0029
1636,1.29,0.0023
1637,2.01,0.0029
1638,1.6,0.0026
1639,2.25,0.0034
1640,1.96,0.0034
1641,2.24,0.003
1642,2.09,0.0026
1643,1.09,0.0022
1644,1.74,0.0016
1645,1.46,0.0013
1646,1.55,0.0019
1647,1.7,0.0019
1648,1.8,0.0023
1649,1.78,0.0027
1650,1.95,0.0024
1651,2.04,0.0023
1652,1.29,0.0025
1653,1.74,0.0025
1654,2.0,0.0029
1655,1.89,0.0028
1656,2.55,0.0035
1657,1.22,0.0039
1658,2.59,0.004
1659,2.5,0.0043
1660,1.98,0.005
1661,2.85,0.005
1662,2.12,0.004
1663,2.62,0.0044
1664,1.3,0.0035
1665,2.45,0.0038
1666,1.7,0.0031
1667,2.56,0.0034
1668,1.7,0.0029
1669,1.7,0.0028
1670,1.8,0.0018
1671,1.55,0.0016
1672,1.42,0.0023
1673,1.4,0.0024
1674,2.64,0.0029
1675,1.9,0.0031
1676,2.07,0.0034
1677,1.75,0.0027
1678,1.73,0.0023
1679,1.81,0.0018
1680,1.42,0.002
1681,1.42,0.0022
1682,2.0,0.0021
1683,1.97,0.0024
1684,1.76,0.0026
1685,1.76,0.0025
1686,1.65,0.0021
1687,1.8,0.0019
1688,1.55,0.0023
1689,1.5,0.0034
1690,2.23,0.0039
1691,2.97,0.0038
1692,2.41,0.0039
1693,1.53,0.0032
1694,1.55,0.0022
1695,1.37,0.0019
1696,1.72,0.0018
1697,2.05,0.0016
1698,1.5,0.0021
1699,1.25,0.0019
1700,2.0,0.0012
1701,1.45,0.0012
1702,1.26,0.0018
1703,1.44,0.0014
1704,2.05,0.0027
1705,1.5,0.0026
1706,3.04,0.0026
1707,1.06,0.0023
1708,1.41,0.0026
1709,1.8,0.002
1710,1.84,0.0034
1711,2.22,0.0037
1712,2.8,0.0036
1713,1.82,0.0032
1714,1.7,0.0028
1715,1.29,0.0019
1716,1.7,0.0019
1717,1.8,0.0021
1718,1.8,0.0021
1719,1.96,0.0019
1720,1.26,0.0019
1721,1.5,0.0023
1722,1.7,0.0019
1723,2.36,0.003
1724,1.39,0.0036
1725,2.69,0.0048
1726,2.18,0.0043
1727,3.2,0.0054
1728,1.8,0.0044
1729,2.65,0.0036
1730,1.55,0.0021
1731,1.12,0.0023
1732,1.4,0.0011
1733,2.05,0.0019
1734,1.14,0.0029
1735,2.6,0.0029
1736,2.24,0.0023
1737,1.47,0.0029
1738,1.32,0.0021
1739,1.8,0.0021
1740,1.66,0.0033
1741,2.26,0.0048
1742,2.95,0.0044
1743,3.15,0.0049
1744,1.29,0.0054
1745,2.29,0.0055
1746,2.91,0.0053
1747,3.01,0.0064
1748,2.9,0.0067
1749,2.68,0.0062
1750,2.61,0.005
1751,2.29,0.0052
1752,1.52,0.0047
1753,3.17,0.004
1754,2.1,0.0035
1755,1.76,0.0039
1756,1.65,0.0032
1757,2.06,0.0033
1758,2.3,0.0035
1759,2.25,0.0031
1760,1.95,0.0032
1761,1.2,0.0032
1762,2.16,0.0024
1763,2.27,0.0024
1764,1.24,0.0027
1765,2.0,0.0023
1766,1.59,0.0022
1767,1.66,0.0027
1768,2.12,0.0026
1769,1.92,0.0023
1770,1.79,0.0023
1771,1.28,0.002
1772,1.66,0.0018
1773,1.76,0.0014
1774,1.6,0.0015
1775,1.4,0.0016
1776,1.3,0.0014
1777,1.8,0.0013
1778,1.58,0.0012
1779,1.4,0.0012
1780,1.35,0.0009
1781,1.32,0.0011
1782,1.38,0.0015
1783,1.79,0.0017
1784,1.92,0.002
1785,1.6,0.0022
1786,1.74,0.0024
1787,1.64,0.002
1788,1.96,0.0021
1789,1.5,0.0017
1790,1.7,0.0019
1791,1.26,0.0015
1792,1.86,0.0016
1793,1.46,0.0016
1794,1.6,0.0015
1795,1.69,0.0021
1796,1.17,0.0023
1797,2.65,0.0028
1798,1.7,0.0029
1799,2.14,0.0036
1800,1.82,0.0035
1801,2.0,0.004
1802,2.51,0.0038
1803,2.41,0.0044
1804,1.86,0.0043
1805,2.5,0.0032
1806,1.86,0.0035
1807,1.25,0.0045
1808,2.79,0.0034
1809,3.0,0.0031
1810,1.17,0.0032
1811,1.47,0.003
1812,1.47,0.0015
1813,2.47,0.0016
1814,1.2,0.1818
1815,1.27,0.3485
1816,221.93,0.5038
1817,205.4,0.6604
1818,192.46,0.7706
1819,192.72,0.5907
1820,136.13,0.5816
1821,1.8,0.5826
1822,194.38,0.5238
1823,193.61,0.4135
1824,120.79,0.4133
1825,1.2,0.2554
1826,1.58,0.0982
1827,1.25,0.0019
1828,1.24,0.1743
1829,3.01,0.3578
1830,212.12,0.5362
1831,225.96,0.7141
1832,219.5,0.8871
1833,218.96,0.7157
1834,214.63,0.7206
1835,2.4,0.7252
1836,232.04,0.7301
1837,225.08,0.5566
1838,225.0,0.6488
1839,2.33,0.657
1840,115.2,0.6672
1841,242.08,0.6599
1842,237.59,0.8053
1843,215.99,0.7131
1844,180.18,0.5179
1845,2.5,0.4984
1846,3.21,0.4643
1847,213.73,0.4233
1848,174.3,0.5404
1849,130.01,0.5389
1850,145.72,0.3659
1851,1.44,0.3566
1852,2.09,0.3576
1853,162.9,0.3381
1854,131.22,0.3391
1855,121.94,0.4418
1856,2.6,0.4176
1857,127.77,0.4234
1858,133.22,0.3254
1859,138.39,0.4415
1860,2.0,0.4452
1861,144.66,0.4493
1862,132.28,0.4493
1863,138.23,0.5578
1864,138.44,0.536
1865,134.73,0.5239
1866,117.98,0.5123
1867,117.52,0.5774
1868,124.02,0.6032
1869,217.99,0.6339
1870,166.38,0.7031
1871,155.54,0.7924
1872,202.16,0.8008
1873,233.24,0.8284
1874,228.31,0.7024
1875,200.14,0.7161
1876,1.4,0.6844
1877,218.93,0.6598
1878,194.46,0.4979
1879,198.2,0.6851
1880,2.0,0.6757
1881,230.4,0.6864
1882,207.44,0.6935
1883,207.54,0.8486
1884,206.98,0.8178
1885,191.69,0.8146
1886,192.7,0.7994
1887,203.57,0.7848
1888,188.96,0.7826
1889,189.04,0.7798
1890,189.06,0.7638
1891,189.32,0.7216
1892,183.97,0.7229
1893,137.36,0.7305
1894,190.6,0.5772
1895,198.4,0.429
1896,1.74,0.472
1897,2.69,0.473
1898,189.95,0.4814
1899,191.84,0.4823
1900,208.59,0.6464
1901,2.86,0.6503
1902,203.52,0.6525
1903,194.7,0.673
1904,194.48,0.6728
1905,233.65,0.5079
1906,2.62,0.5172
1907,1.81,0.5151
1908,206.04,0.4801
1909,191.95,0.6343
1910,190.88,0.789
1911,191.16,0.772
1912,191.11,0.7159
1913,185.3,0.6701
1914,123.32,0.6707
1915,134.83,0.6083
1916,191.93,0.6206
1917,114.7,0.6678
1918,200.34,0.5588
1919,181.09,0.4038
1920,1.52,0.4665
1921,2.29,0.4487
1922,191.34,0.4457
1923,178.62,0.5993
1924,177.42,0.77
1925,189.35,0.7254
1926,211.23,0.6909
1927,136.77,0.6573
1928,136.37,0.6194
1929,136.31,0.6177
1930,142.95,0.6652
1931,209.21,0.5551
1932,194.88,0.4743
1933,1.67,0.4989
1934,37.4,0.4595
1935,173.15,0.3011
1936,160.91,0.4747
1937,1.21,0.5925
1938,214.03,0.6055
1939,181.52,0.4752
1940,189.0,0.476
1941,1.5,0.4017
1942,2.21,0.3757
1943,123.11,0.3749
1944,149.68,0.5288
1945,188.04,0.5286
1946,189.82,0.4293
1947,1.89,0.4934
1948,1.68,0.4506
1949,228.08,0.407
1950,135.66,0.5536
1951,136.55,0.6775
1952,181.2,0.6098
1953,153.3,0.6797
1954,145.21,0.7554
1955,221.14,0.6082
1956,229.26,0.4844
1957,1.06,0.5278
1958,1.85,0.4472
1959,198.3,0.4451
1960,122.5,0.5462
1961,226.7,0.6671
1962,124.74,0.62
1963,149.77,0.6383
1964,140.67,0.604
1965,144.92,0.6522
1966,184.76,0.5896
1967,183.64,0.5866
1968,73.23,0.5788
1969,137.0,0.5396
1970,135.4,0.5478
1971,136.74,0.6303
1972,193.66,0.6263
1973,174.19,0.6263
1974,132.11,0.6675
1975,135.35,0.6777
1976,187.26,0.537
1977,206.02,0.484
1978,2.18,0.542
1979,67.26,0.5306
1980,206.27,0.364
1981,173.34,0.5237
1982,2.15,0.6232
1983,197.57,0.5653
1984,189.05,0.5344
1985,135.34,0.6437
1986,135.58,0.6331
1987,135.89,0.654
1988,184.61,0.6904
1989,214.55,0.7691
1990,179.91,0.7728
1991,231.78,0.7366
1992,140.44,0.6766
1993,140.39,0.6874
1994,141.15,0.6399
1995,193.15,0.721
1996,173.62,0.6081
1997,239.61,0.6625
1998,2.33,0.6634
1999,207.74,0.6694
2000,194.23,0.4758
2001,180.92,0.6037
2002,2.72,0.5458
2003,158.83,0.4992
2004,136.98,0.4701
2005,137.16,0.5749
2006,145.38,0.6048
2007,130.9,0.671
2008,195.36,0.5611
2009,218.02,0.4438
2010,2.67,0.5285
2011,1.96,0.5301
2012,234.45,0.5268
2013,197.3,0.7001
2014,214.07,0.8619
2015,214.59,0.8338
2016,199.87,0.8316
2017,200.14,0.6586
2018,194.63,0.592
2019,2.38,0.5761
2020,133.18,0.5142
2021,180.34,0.3568
2022,124.42,0.5288
2023,2.15,0.5768
2024,212.7,0.5857
2025,191.92,0.6409
2026,191.3,0.7916
2027,191.94,0.7708
2028,186.52,0.7671
2029,187.2,0.7989
2030,187.45,0.8263
2031,230.12,0.8138
2032,225.52,0.839
2033,171.15,0.8274
2034,218.07,0.7804
2035,173.23,0.7785
2036,172.6,0.6412
2037,223.21,0.4647
2038,3.18,0.4327
2039,2.24,0.4011
2040,134.0,0.3293
2041,133.96,0.3289
2042,135.38,0.5158
2043,2.74,0.5886
2044,230.84,0.6614
2045,223.01,0.7055
2046,223.04,0.8584
2047,189.42,0.8313
2048,189.72,0.8101
2049,197.7,0.7783
2050,197.14,0.7685
2051,184.08,0.7249
2052,177.4,0.6762
2053,136.47,0.5163
2054,138.12,0.4326
2055,1.52,0.4458
2056,81.67,0.4426
2057,193.58,0.3324
2058,132.5,0.3343
2059,3.28,0.3985
2060,3.82,0.3526
2061,160.29,0.4134
2062,137.44,0.5215
2063,206.86,0.6275
2064,135.44,0.6094
2065,133.57,0.6067
2066,138.13,0.5476
2067,134.17,0.5978
2068,134.54,0.677
2069,196.81,0.7508
2070,230.46,0.6428
2071,228.39,0.7342
2072,2.12,0.7771
2073,246.38,0.7384
2074,249.26,0.748
2075,183.05,0.847
2076,240.22,0.7861
2077,123.14,0.6951
2078,171.87,0.5472
2079,137.99,0.4901
2080,2.07,0.5589
2081,170.48,0.4209
2082,207.26,0.3102
2083,3.04,0.416
2084,2.55,0.4462
2085,131.48,0.4343
2086,207.44,0.5889
2087,192.7,0.7632
2088,192.19,0.8044
2089,215.74,0.8276
2090,181.91,0.8441
2091,235.83,0.8611
2092,212.85,0.8802
2093,213.0,0.8327
2094,239.13,0.7804
2095,123.78,0.7531
2096,171.85,0.6903
2097,179.43,0.6337
2098,136.21,0.5345
2099,169.89,0.5837
2100,2.5,0.5556
2101,232.0,0.5863
2102,145.07,0.4485
2103,173.72,0.4484
2104,1.37,0.3698
2105,2.29,0.3606
2106,135.88,0.3159
2107,133.79,0.4319
2108,119.11,0.5498
2109,143.18,0.5585
2110,146.5,0.5558
2111,146.57,0.5654
2112,130.49,0.556
2113,130.87,0.5831
2114,131.71,0.5772
2115,179.67,0.6132
2116,139.28,0.6693
2117,174.61,0.7241
2118,199.41,0.7253
2119,198.8,0.6138
2120,181.07,0.6659
2121,2.93,0.6535
2122,238.4,0.6599
2123,184.21,0.5136
2124,206.58,0.6992
2125,2.11,0.6843
2126,230.0,0.7136
2127,220.21,0.7245
2128,220.03,0.9029
2129,219.87,0.8952
2130,220.38,0.9114
2131,220.58,0.9358
2132,240.02,0.9192
2133,249.88,0.9075
2134,199.54,0.8765
2135,206.06,0.8297
2136,182.7,0.8201
2137,182.72,0.8469
2138,238.18,0.8666
2139,232.36,0.7192
2140,230.11,0.7422
2141,2.39,0.7021
2142,210.82,0.6767
2143,189.14,0.4905
2144,201.31,0.6627
2145,2.3,0.6373
2146,213.08,0.6293
2147,179.78,0.6326
2148,179.35,0.7984
2149,205.35,0.7785
2150,205.1,0.7928
2151,188.68,0.8039
2152,197.27,0.7943
2153,192.95,0.6291
2154,193.62,0.4771
2155,3.07,0.438
2156,2.7,0.4505
2157,149.41,0.4249
2158,208.28,0.5362
2159,162.27,0.5364
2160,139.18,0.4163
2161,2.97,0.3571
2162,2.55,0.3356
2163,135.84,0.3769
2164,135.9,0.377
2165,189.76,0.4871
2166,3.12,0.4882
2167,137.21,0.5399
2168,137.15,0.5449
2169,199.16,0.7312
2170,195.94,0.7787
2171,231.01,0.8539
2172,195.29,0.8455
2173,229.19,0.797
2174,188.87,0.7527
2175,136.54,0.7206
2176,176.89,0.7022
2177,156.0,0.7272
2178,206.71,0.7625
2179,219.38,0.6191
2180,179.75,0.4927
2181,1.45,0.4686
2182,1.4,0.4309
2183,177.25,0.4309
2184,173.26,0.4313
2185,179.68,0.5616
2186,2.02,0.5469
2187,160.71,0.5356
2188,159.27,0.5455
2189,159.42,0.6885
2190,191.86,0.5587
2191,176.93,0.5451
2192,1.99,0.5852
2193,142.61,0.5413
2194,208.49,0.5517
2195,138.15,0.7049
2196,189.66,0.5897
2197,189.3,0.5235
2198,1.69,0.5717
2199,127.54,0.5892
2200,197.15,0.4371
2201,211.1,0.6137
2202,3.15,0.6447
2203,217.7,0.6671
2204,165.48,0.4971
2205,224.64,0.4958
2206,3.14,0.4883
2207,1.45,0.5234
2208,208.63,0.5102
2209,208.37,0.6547
2210,208.5,0.78
2211,179.84,0.6105
2212,154.73,0.5446
2213,1.38,0.506
2214,127.74,0.4893
2215,161.27,0.4864
2216,159.38,0.6259
2217,151.22,0.6622
2218,172.02,0.6433
2219,172.1,0.6372
2220,138.14,0.5148
2221,151.9,0.5625
2222,1.58,0.5608
2223,230.28,0.5592
2224,170.04,0.4365
2225,136.19,0.613
2226,1.84,0.5923
2227,217.54,0.6154
2228,204.91,0.6645
2229,198.32,0.8335
2230,196.22,0.7695
2231,208.66,0.7267
2232,139.22,0.7049
2233,152.53,0.5459
2234,171.6,0.5383
2235,1.74,0.5981
2236,199.32,0.5905
2237,212.46,0.5613
2238,143.2,0.6621
2239,135.82,0.6701
2240,125.05,0.6856
2241,209.19,0.5697
2242,231.4,0.5706
2243,1.43,0.6224
2244,136.86,0.6053
2245,188.42,0.4171
2246,188.31,0.5328
2247,1.17,0.5993
2248,142.92,0.5572
2249,218.22,0.584
2250,136.91,0.7636
2251,221.19,0.7592
2252,220.87,0.7022
2253,137.46,0.6729
2254,148.5,0.6393
2255,101.07,0.6085
2256,180.14,0.6448
2257,183.12,0.6422
2258,181.97,0.6786
2259,145.29,0.6505
2260,145.54,0.677
2261,145.77,0.5298
2262,215.51,0.5228
2263,1.94,0.5647
2264,136.79,0.6128
2265,196.68,0.4381
2266,204.68,0.5924
2267,1.84,0.6283
2268,190.62,0.6596
2269,180.75,0.5947
2270,234.97,0.6953
2271,125.27,0.5411
2272,124.95,0.3948
2273,1.97,0.2047
2274,1.77,0.1034
2275,2.43,0.1101
2276,1.3,0.2466
2277,133.18,0.4292
2278,168.96,0.591
2279,225.1,0.7375
2280,200.39,0.7967
2281,180.5,0.6596
2282,205.65,0.477
2283,1.27,0.4172
2284,1.62,0.4302
2285,127.28,0.4409
2286,196.34,0.4413
2287,218.78,0.6062
2288,1.8,0.6138
2289,203.35,0.6169
2290,136.61,0.6003
2291,200.08,0.7613
2292,198.43,0.7681
2293,198.81,0.7682
2294,211.65,0.7201
2295,136.7,0.6732
2296,141.29,0.6464
2297,140.99,0.5767
2298,166.12,0.5898
2299,126.36,0.5871
2300,152.68,0.5843
2301,137.98,0.556
2302,137.64,0.5703
2303,131.5,0.5978
2304,143.8,0.6463
2305,186.38,0.5347
2306,197.2,0.4281
2307,1.15,0.4901
2308,1.06,0.4949
2309,219.75,0.4931
2310,192.24,0.66
2311,194.96,0.8368
2312,205.37,0.7635
2313,217.32,0.7817
2314,130.0,0.7251
2315,214.54,0.673
2316,125.69,0.6385
2317,141.65,0.7093
2318,175.19,0.6389
2319,216.64,0.6792
2320,128.29,0.7292
2321,175.02,0.7574
2322,202.9,0.6733
2323,209.61,0.7434
2324,113.76,0.7712
2325,214.12,0.776
2326,208.96,0.6073
2327,208.78,0.5177
2328,3.28,0.5147
2329,4.08,0.5351
2330,210.48,0.5296
2331,233.92,0.6755
2332,202.02,0.7875
2333,181.79,0.7394
2334,141.12,0.6972
2335,151.56,0.7073
2336,182.3,0.6798
2337,214.4,0.6941
2338,148.15,0.738
2339,158.71,0.751
2340,205.2,0.7327
2341,198.23,0.7212
2342,192.03,0.75
2343,133.99,0.5835
2344,194.02,0.5641
2345,1.5,0.5502
2346,174.54,0.6028
2347,175.02,0.6214
2348,198.26,0.7912
2349,216.75,0.8131
2350,209.32,0.8307
2351,201.34,0.8292
2352,196.48,0.8075
2353,196.47,0.7855
2354,190.16,0.7796
2355,182.39,0.767
2356,194.11,0.76
2357,181.07,0.7047
2358,187.98,0.729
2359,122.52,0.6765
2360,212.11,0.71
2361,129.8,0.6621
2362,222.15,0.712
2363,129.36,0.5399
2364,183.53,0.5981
2365,1.6,0.5747
2366,201.01,0.6307
2367,193.52,0.4827
2368,197.82,0.5927
2369,2.53,0.5765
2370,136.09,0.5717
2371,181.27,0.5185
2372,187.58,0.6395
2373,132.71,0.7146
2374,150.55,0.7051
2375,228.0,0.6929
2376,169.66,0.7359
2377,172.68,0.7542
2378,185.33,0.7444
2379,172.86,0.7477
2380,216.07,0.7959
2381,173.7,0.8356
2382,231.57,0.84
2383,234.0,0.6657
2384,178.17,0.526
2385,2.88,0.526
2386,2.81,0.4668
2387,231.51,0.4782
2388,161.57,0.4772
2389,192.16,0.6667
2390,1.71,0.668
2391,234.56,0.7301
2392,233.13,0.7549
2393,237.53,0.9393
2394,222.55,0.9333
2395,227.21,0.9335
2396,227.24,0.9305
2397,233.45,0.9407
2398,233.75,0.8726
2399,235.06,0.7906
2400,143.9,0.742
2401,126.97,0.7052
2402,173.98,0.6387
2403,188.68,0.6676
2404,153.71,0.5651
2405,179.34,0.5545
2406,1.56,0.5353
2407,161.02,0.5607
2408,165.13,0.4162
2409,184.8,0.5587
2410,2.6,0.5588
2411,175.92,0.5561
2412,161.1,0.5372
2413,161.8,0.6677
2414,161.73,0.6325
2415,162.2,0.6095
2416,132.84,0.582
2417,133.03,0.6386
2418,128.09,0.6539
2419,230.96,0.7229
2420,180.94,0.775
2421,217.24,0.7903
2422,196.77,0.7044
2423,146.88,0.7225
2424,125.88,0.5826
2425,203.08,0.5145
2426,46.0,0.5274
2427,113.56,0.5564
2428,162.65,0.3927
2429,161.36,0.3569
2430,2.71,0.4144
2431,2.25,0.4366
2432,183.91,0.4677
2433,189.86,0.6283
2434,199.32,0.628
2435,199.26,0.5914
2436,1.82,0.596
2437,139.12,0.5549
2438,195.56,0.5134
2439,149.01,0.633
2440,148.46,0.6404
2441,148.13,0.6019
2442,148.24,0.5893
2443,148.36,0.5878
2444,133.59,0.4681
2445,146.66,0.3487
2446,1.72,0.3398
2447,2.14,0.3432
2448,137.47,0.3739
2449,137.85,0.4843
2450,184.14,0.5866
2451,136.76,0.5823
2452,127.27,0.5877
2453,132.21,0.5444
2454,144.56,0.5506
2455,131.12,0.5542
2456,144.32,0.5912
2457,131.66,0.4753
2458,177.46,0.4954
2459,2.8,0.502
2460,155.76,0.5514
2461,152.34,0.5459
2462,192.06,0.7099
2463,170.82,0.5843
2464,203.42,0.4619
2465,2.09,0.307
2466,2.58,0.2947
2467,2.57,0.3006
2468,155.76,0.4572
2469,210.64,0.4574
2470,193.73,0.6196
2471,2.85,0.5941
2472,200.95,0.584
2473,124.6,0.5843
2474,198.25,0.7408
2475,194.11,0.7698
2476,194.27,0.6689
2477,236.38,0.5085
2478,1.25,0.5212
2479,2.0,0.5262
2480,209.64,0.4967
2481,200.38,0.4974
2482,200.3,0.6503
2483,2.11,0.6223
2484,189.03,0.6018
2485,175.38,0.44
2486,175.34,0.5933
2487,2.35,0.6018
2488,189.59,0.6395
2489,199.5,0.4981
2490,221.49,0.499
2491,2.35,0.4564
2492,3.48,0.4031
2493,137.41,0.3318
2494,134.28,0.4349
2495,134.37,0.5834
2496,128.46,0.6342
2497,185.05,0.6569
2498,199.6,0.6679
2499,162.09,0.6834
2500,147.79,0.6526
2501,147.38,0.6286
2502,147.4,0.4974
2503,170.26,0.493
2504,1.64,0.487
2505,142.34,0.481
2506,140.02,0.343
2507,140.05,0.4534
2508,1.54,0.479
2509,136.7,0.5324
2510,173.54,0.4192
2511,205.4,0.5008
2512,1.56,0.5323
2513,101.43,0.5335
2514,175.12,0.5088
2515,175.12,0.6145
2516,175.18,0.5327
2517,130.86,0.3905
2518,1.3,0.428
2519,1.21,0.4733
2520,220.94,0.5493
2521,230.57,0.6806
2522,223.83,0.8732
2523,161.94,0.8009
2524,236.87,0.7721
2525,132.49,0.7735
2526,195.32,0.6429
2527,225.56,0.6405
2528,2.15,0.6422
2529,233.94,0.596
2530,134.6,0.4136
2531,138.76,0.5729
2532,2.42,0.522
2533,197.06,0.5362
2534,171.65,0.5642
2535,152.02,0.7038
2536,173.04,0.6958
2537,173.11,0.7044
2538,187.34,0.7859
2539,182.12,0.8178
2540,251.78,0.8497
2541,211.97,0.8701
2542,212.24,0.9161
2543,212.23,0.8189
2544,238.46,0.8339
2545,132.82,0.8192
2546,230.35,0.6483
2547,194.23,0.4547
2548,3.16,0.5109
2549,1.66,0.4873
2550,201.51,0.4992
2551,201.5,0.4987
2552,208.81,0.682
2553,2.59,0.713
2554,225.85,0.695
2555,239.41,0.6405
2556,179.46,0.8377
2557,142.16,0.6556
2558,243.84,0.6532
2559,3.14,0.6509
2560,236.46,0.6932
2561,176.62,0.6561
2562,193.84,0.8158
2563,198.5,0.7865
2564,198.52,0.8058
2565,200.65,0.811
2566,200.23,0.6507
2567,200.22,0.4903
2568,2.3,0.4775
2569,2.38,0.4567
2570,184.97,0.4675
2571,174.82,0.4678
2572,213.42,0.6324
2573,2.68,0.6707
2574,203.67,0.7201
2575,231.91,0.7321
2576,235.16,0.9175
2577,228.09,0.9108
2578,229.49,0.8997
2579,195.56,0.8575
2580,218.33,0.8476
2581,183.53,0.6619
2582,215.92,0.6912
2583,2.31,0.6646
2584,231.47,0.6809
2585,185.77,0.6861
2586,203.45,0.8709
2587,222.29,0.6832
2588,228.35,0.7059
2589,1.89,0.6504
2590,213.52,0.574
2591,135.55,0.3893
2592,128.86,0.3894
2593,2.33,0.4045
2594,2.11,0.4833
2595,231.93,0.566
2596,231.89,0.7372
2597,230.08,0.9242
2598,211.77,0.9318
2599,230.92,0.9348
2600,241.17,0.9191
2601,235.56,0.9207
2602,210.82,0.9216
2603,213.81,0.9057
2604,231.96,0.9034
2605,221.76,0.9237
2606,232.72,0.8885
2607,235.67,0.837
2608,170.75,0.8467
2609,168.96,0.7974
2610,233.62,0.7451
2611,172.37,0.6077
2612,171.75,0.6101
2613,2.6,0.6047
2614,171.93,0.6519
2615,227.04,0.6994
2616,230.04,0.8859
2617,229.96,0.9093
2618,230.66,0.9118
2619,200.64,0.8934
2620,230.02,0.887
2621,207.53,0.8729
2622,222.23,0.8764
2623,213.39,0.7988
2624,204.84,0.7395
2625,135.16,0.6644
2626,135.0,0.6001
2627,130.31,0.5434
2628,134.78,0.4348
2629,135.45,0.5039
2630,2.28,0.5793
2631,219.6,0.6512
2632,222.56,0.5414
2633,222.63,0.7183
2634,1.23,0.7067
2635,218.64,0.6966
2636,205.41,0.6208
2637,210.22,0.7824
2638,129.82,0.7465
2639,198.92,0.7391
2640,174.73,0.7551
2641,196.43,0.8215
2642,229.74,0.8124
2643,211.03,0.8132
2644,187.78,0.7963
2645,175.79,0.7523
2646,175.79,0.7235
2647,175.86,0.6861
2648,175.78,0.7122
2649,142.03,0.5707
2650,207.78,0.5967
2651,2.62,0.5911
2652,207.66,0.579
2653,168.94,0.5136
2654,127.2,0.666
2655,127.87,0.6509
2656,189.06,0.6259
2657,189.15,0.6847
2658,138.38,0.5817
2659,199.14,0.6167
2660,1.87,0.6156
2661,231.88,0.6559
2662,187.72,0.623
2663,187.71,0.7353
2664,158.94,0.6499
2665,139.24,0.6113
2666,127.36,0.6203
2667,140.54,0.6522
2668,198.64,0.5402
2669,198.05,0.4371
2670,2.25,0.5044
2671,1.2,0.5133
2672,222.84,0.5322
2673,209.58,0.5319
2674,221.12,0.688
2675,1.93,0.6491
2676,192.14,0.6202
2677,175.18,0.5818
2678,174.26,0.6906
2679,174.21,0.6927
2680,135.01,0.6935
2681,194.68,0.7369
2682,176.19,0.7624
2683,227.34,0.7676
2684,205.35,0.7635
2685,141.4,0.7323
2686,189.72,0.6544
2687,137.95,0.6099
2688,132.1,0.6178
2689,150.84,0.464
2690,151.06,0.4836
2691,1.58,0.5321
2692,161.94,0.5339
2693,191.4,0.5626
2694,153.12,0.7259
2695,186.16,0.7571
2696,201.26,0.7155
2697,200.17,0.7495
2698,140.46,0.7427
2699,194.81,0.5798
2700,177.86,0.5913
2701,1.91,0.6361
2702,214.28,0.6483
2703,195.24,0.6745
2704,209.74,0.8587
2705,209.92,0.8583
2706,227.17,0.8692
2707,213.88,0.8861
2708,208.6,0.9109
2709,230.39,0.7895
2710,240.28,0.799
2711,78.61,0.8046
2712,225.52,0.7578
2713,215.39,0.6971
2714,173.2,0.7683
2715,165.98,0.7822
2716,165.77,0.7773
2717,242.48,0.7856
2718,209.39,0.84
2719,183.41,0.8681
2720,232.54,0.8588
2721,200.04,0.8569
2722,231.16,0.8755
2723,207.06,0.8585
2724,206.19,0.8426
2725,211.78,0.8447
2726,180.55,0.8759
2727,233.7,0.9055
2728,245.18,0.7341
2729,242.5,0.5891
2730,2.06,0.401
2731,3.16,0.3943
2732,3.61,0.3397
2733,236.92,0.4962
2734,175.72,0.6828
2735,193.61,0.858
2736,231.32,0.8495
2737,217.96,0.8911
2738,226.6,0.9181
2739,226.58,0.9139
2740,226.57,0.9117
2741,226.27,0.9115
2742,215.23,0.8938
2743,226.33,0.8123
2744,204.98,0.7421
2745,126.79,0.698
2746,140.38,0.6288
2747,161.37,0.5751
2748,141.65,0.6147
2749,139.28,0.6551
2750,175.26,0.5245
2751,189.74,0.5915
2752,1.69,0.5961
2753,223.61,0.5907
2754,144.9,0.437
2755,168.66,0.6251
2756,1.67,0.5967
2757,231.76,0.6384
2758,188.92,0.6605
2759,195.97,0.8161
2760,195.68,0.7852
2761,191.98,0.7901
2762,193.9,0.7337
2763,194.92,0.6779
2764,127.06,0.6415
2765,127.31,0.5935
2766,147.57,0.5388
2767,135.08,0.6056
2768,128.04,0.6688
2769,208.76,0.7138
2770,204.61,0.6045
2771,202.62,0.5015
2772,1.44,0.5042
2773,2.04,0.4718
2774,212.0,0.4809
2775,165.0,0.4811
2776,213.82,0.6485
2777,1.6,0.6505
2778,206.88,0.6906
2779,214.38,0.6765
2780,214.13,0.8352
2781,196.58,0.6681
2782,195.7,0.6103
2783,2.46,0.5454
2784,143.63,0.5029
2785,134.76,0.4742
2786,144.61,0.5767
2787,160.59,0.5919
2788,127.86,0.6572
2789,162.23,0.6672
2790,214.68,0.7091
2791,156.79,0.6073
2792,211.82,0.6286
2793,3.4,0.6069
2794,188.25,0.6315
2795,188.05,0.461
2796,186.94,0.6141
2797,3.23,0.6285
2798,190.68,0.6214
2799,205.88,0.5755
2800,179.43,0.7167
2801,130.76,0.7022
2802,175.97,0.678
2803,172.89,0.6404
2804,176.32,0.642
2805,133.45,0.6733
2806,132.66,0.6772
2807,214.25,0.6812
2808,177.67,0.7256
2809,181.26,0.7667
2810,187.77,0.7414
2811,182.92,0.7082
2812,183.24,0.6624
2813,137.16,0.6663
2814,125.16,0.6746
2815,192.58,0.5259
2816,193.06,0.4159
2817,1.35,0.4584
2818,2.51,0.4611
2819,177.23,0.4563
2820,195.88,0.5951
2821,187.18,0.7086
2822,171.08,0.5658
2823,141.44,0.5358
2824,2.53,0.5147
2825,159.14,0.4836
2826,161.37,0.4782
2827,133.07,0.5819
2828,134.87,0.6257
2829,129.3,0.6552
2830,212.74,0.7173
2831,197.51,0.6092
2832,208.95,0.5052
2833,2.71,0.5068
2834,2.04,0.4611
2835,214.73,0.4408
2836,141.57,0.5399
2837,184.17,0.7094
2838,123.84,0.7087
2839,209.5,0.7603
2840,213.84,0.7254
2841,204.62,0.7917
2842,141.47,0.7607
2843,205.05,0.697
2844,171.57,0.6908
2845,135.86,0.7518
2846,197.03,0.7603
2847,216.16,0.7962
2848,215.42,0.8605
2849,215.5,0.8728
2850,214.51,0.6976
2851,212.05,0.5234
2852,1.83,0.3487
2853,2.36,0.2183
2854,1.76,0.1695
2855,55.03,0.3321
2856,152.3,0.368
2857,200.71,0.5419
2858,46.37,0.6624
2859,214.42,0.6996
2860,202.42,0.6814
2861,197.82,0.7871
2862,178.44,0.784
2863,175.66,0.6199
2864,210.71,0.4593
2865,1.62,0.3157
2866,1.36,0.2844
2867,2.82,0.2247
2868,137.35,0.4017
2869,137.61,0.4027
2870,218.25,0.5061
2871,2.55,0.5496
2872,129.28,0.4382
2873,190.6,0.364
2874,1.33,0.5062
2875,127.48,0.5612
2876,176.52,0.4074
2877,196.55,0.4076
2878,2.47,0.409
2879,1.52,0.4392
2880,129.18,0.4148
2881,213.51,0.5493
2882,166.64,0.6848
2883,167.12,0.7444
2884,167.24,0.7451
2885,202.04,0.7183
2886,214.46,0.7718
2887,133.74,0.8022
2888,232.57,0.8
2889,204.47,0.7884
2890,199.4,0.82
2891,200.23,0.7715
2892,172.36,0.7178
2893,173.31,0.5567
2894,138.71,0.5399
2895,2.37,0.5642
2896,179.66,0.5911
2897,202.13,0.4789
2898,206.22,0.5551
2899,1.45,0.5248
2900,95.51,0.4652
2901,142.62,0.4027
2902,129.26,0.5489
2903,129.79,0.4728
2904,180.29,0.3582
2905,2.34,0.4219
2906,2.45,0.4617
2907,207.22,0.4802
2908,178.52,0.6538
2909,202.84,0.7584
2910,214.75,0.6956
2911,130.33,0.6615
2912,130.42,0.6073
2913,136.88,0.6149
2914,136.48,0.6524
2915,224.07,0.7085
2916,176.22,0.7574
2917,198.97,0.6474
2918,196.76,0.6597
2919,1.95,0.6882
2920,239.1,0.6769
2921,211.08,0.6907
2922,185.09,0.8443
2923,213.72,0.8056
2924,189.78,0.7898
2925,191.84,0.6397
2926,191.72,0.6181
2927,1.51,0.6073
2928,187.23,0.5945
2929,176.57,0.5547
2930,176.12,0.6705
2931,143.12,0.6609
2932,143.16,0.6242
2933,175.44,0.5225
2934,131.67,0.4076
2935,51.74,0.405
2936,2.6,0.3762
2937,139.94,0.3989
2938,140.18,0.3578
2939,159.4,0.5009
2940,1.56,0.5404
2941,177.62,0.5386
2942,188.26,0.5824
2943,138.03,0.7332
2944,212.98,0.733
2945,186.01,0.707
2946,177.35,0.5966
2947,156.52,0.4243
2948,2.88,0.2746
2949,2.2,0.3336
2950,2.91,0.3133
2951,249.53,0.4222
2952,131.71,0.6017
2953,136.05,0.7865
2954,221.81,0.5846
2955,228.93,0.4792
2956,2.6,0.4823
2957,2.76,0.4153
2958,139.92,0.3754
2959,139.75,0.5785
2960,180.2,0.7385
2961,251.01,0.7863
2962,198.46,0.8342
2963,198.43,0.8435
2964,198.32,0.8213
2965,191.6,0.8343
2966,223.9,0.8263
2967,214.28,0.8286
2968,188.62,0.7969
2969,201.13,0.7971
2970,152.9,0.79
2971,224.16,0.804
2972,205.51,0.8226
2973,205.85,0.8811
2974,223.86,0.6996
2975,224.37,0.7102
2976,2.16,0.6467
2977,218.5,0.5729
2978,128.21,0.3906
2979,133.54,0.3907
2980,1.38,0.3433
2981,2.32,0.3941
2982,160.52,0.4773
2983,190.32,0.6713
2984,235.29,0.8033
2985,238.72,0.6758
2986,163.76,0.6844
2987,4.53,0.6566
2988,200.95,0.6209
2989,201.2,0.6466
2990,195.06,0.8086
2991,195.2,0.8103
2992,202.71,0.8063
2993,203.0,0.8115
2994,196.31,0.8402
2995,201.44,0.6769
2996,230.34,0.6699
2997,2.94,0.6743
2998,194.46,0.7056
2999,201.71,0.5187
3000,239.71,0.6046
3001,1.61,0.6009
3002,108.12,0.6123
3003,189.88,0.5715
3004,215.64,0.5718
3005,189.79,0.4847
3006,2.02,0.4922
3007,1.5,0.4714
3008,199.15,0.4718
3009,190.16,0.6155
3010,190.23,0.7655
3011,177.84,0.7665
3012,185.01,0.7986
3013,200.33,0.8263
3014,229.47,0.8559
3015,224.18,0.7058
3016,213.96,0.724
3017,1.38,0.732
3018,222.69,0.7445
3019,239.18,0.5728
3020,239.54,0.7342
3021,3.9,0.7353
3022,198.8,0.7229
3023,224.01,0.6862
3024,224.02,0.8362
3025,194.63,0.8524
3026,187.42,0.8623
3027,218.61,0.8658
3028,236.16,0.8878
3029,228.29,0.888
3030,221.58,0.8758
3031,187.66,0.8588
3032,203.63,0.843
3033,215.31,0.8029
3034,209.02,0.7443
3035,172.56,0.7476
3036,115.96,0.5733
3037,207.65,0.5174
3038,2.02,0.491
3039,140.66,0.4925
3040,140.34,0.3252
3041,117.81,0.4277
3042,3.0,0.4137
3043,127.4,0.3996
3044,123.43,0.4058
3045,123.1,0.5059
3046,125.48,0.4043
3047,125.41,0.4446
3048,3.17,0.4905
3049,172.65,0.5349
3050,179.34,0.5705
3051,179.77,0.6806
3052,168.98,0.6479
3053,137.82,0.6143
3054,132.66,0.6156
3055,138.21,0.4789
3056,181.34,0.368
3057,1.74,0.4383
3058,2.24,0.4767
3059,218.6,0.499
3060,185.24,0.4993
3061,208.62,0.6624
3062,2.0,0.6089
3063,201.78,0.5824
3064,153.14,0.5667
3065,152.93,0.7198
3066,189.35,0.7102
3067,189.34,0.7304
3068,189.95,0.7514
3069,177.87,0.7424
3070,178.69,0.7692
3071,178.3,0.7899
3072,222.1,0.769
3073,215.26,0.73
3074,152.27,0.7231
3075,130.99,0.6808
3076,169.89,0.5063
3077,170.4,0.449
3078,1.8,0.4515
3079,82.12,0.4886
3080,134.04,0.4645
3081,215.3,0.6073
3082,140.92,0.7037
3083,176.53,0.732
3084,200.03,0.7186
3085,168.63,0.7301
3086,198.89,0.7383
3087,155.03,0.5762
3088,186.56,0.5999
3089,1.69,0.5993
3090,197.67,0.6347
3091,198.18,0.6278
3092,198.32,0.7364
3093,178.13,0.7279
3094,134.56,0.5671
3095,187.23,0.4064
3096,1.42,0.2619
3097,1.75,0.3161
3098,1.43,0.304
3099,200.86,0.4486
3100,172.43,0.5774
3101,178.24,0.7297
3102,159.34,0.7282
3103,187.79,0.7043
3104,199.02,0.7178
3105,143.18,0.7468
3106,194.72,0.7381
3107,194.76,0.7208
3108,177.24,0.772
3109,177.86,0.7779
3110,205.76,0.7328
3111,201.98,0.7567
3112,139.5,0.7864
3113,206.54,0.7535
3114,214.16,0.7779
3115,165.59,0.8148
3116,231.76,0.805
3117,184.63,0.6322
3118,194.52,0.6413
3119,2.86,0.614
3120,176.73,0.6252
3121,198.34,0.6275
3122,198.35,0.7698
3123,197.36,0.7368
3124,176.9,0.736
3125,136.28,0.6934
3126,197.4,0.6405
3127,146.19,0.6125
3128,132.68,0.6677
3129,142.68,0.6939
3130,203.83,0.6898
3131,229.41,0.7082
3132,141.2,0.7351
3133,155.18,0.7587
3134,175.63,0.7364
3135,232.7,0.7972
3136,202.08,0.8311
3137,215.6,0.6891
3138,196.64,0.6886
3139,1.9,0.6788
3140,232.12,0.662
3141,190.06,0.5022
3142,195.1,0.6652
3143,1.09,0.6211
3144,201.34,0.6114
3145,178.12,0.578
3146,178.3,0.704
3147,154.13,0.682
3148,155.25,0.6832
3149,174.41,0.6706
3150,179.64,0.7118
3151,162.92,0.6941
3152,204.51,0.702
3153,133.58,0.7219
3154,184.11,0.7456
3155,203.88,0.6884
3156,191.94,0.6885
3157,134.62,0.5392
3158,133.67,0.3748
3159,1.5,0.4062
3160,2.73,0.4422
3161,230.37,0.4819
3162,178.65,0.4826
3163,182.2,0.6394
3164,2.33,0.6288
3165,194.62,0.6494
3166,217.33,0.612
3167,203.91,0.7193
3168,136.44,0.5617
3169,133.59,0.4881
3170,1.86,0.4691
3171,127.22,0.5051
3172,180.74,0.397
3173,180.39,0.5825
3174,1.36,0.6257
3175,228.8,0.6419
3176,180.03,0.6369
3177,200.67,0.814
3178,174.24,0.6278
3179,217.96,0.4822
3180,1.1,0.4862
3181,1.8,0.5331
3182,205.59,0.3563
3183,231.68,0.5407
3184,1.63,0.7204
3185,226.64,0.7332
3186,221.66,0.6807
3187,221.28,0.8289
3188,167.4,0.7518
3189,182.98,0.679
3190,132.36,0.608
3191,132.58,0.5926
3192,134.38,0.553
3193,148.52,0.5754
3194,134.54,0.6324
3195,159.83,0.6902
3196,202.27,0.7362
3197,205.11,0.7893
3198,204.74,0.752
3199,199.55,0.7514
3200,114.19,0.6994
3201,201.54,0.6481
3202,141.54,0.4865
3203,141.9,0.3952
3204,1.86,0.3381
3205,2.58,0.3445
3206,131.62,0.3504
3207,149.38,0.4934
3208,149.14,0.6143
3209,176.86,0.6697
3210,150.42,0.7116
3211,199.44,0.7015
3212,200.54,0.666
3213,136.78,0.7055
3214,133.51,0.6477
3215,198.77,0.6586
3216,128.64,0.7141
3217,213.92,0.7744
3218,204.74,0.7722
3219,207.24,0.6689
3220,196.03,0.6754
3221,2.28,0.6392
3222,221.9,0.6099
3223,160.46,0.4513
3224,171.32,0.5401
3225,2.11,0.4695
3226,110.82,0.483
3227,135.56,0.4865
3228,177.0,0.6348
3229,175.58,0.7343
3230,183.59,0.736
3231,232.53,0.7542
3232,137.58,0.7655
3233,199.34,0.7721
3234,189.4,0.7513
3235,191.62,0.7698
3236,207.09,0.7377
3237,160.26,0.7137
3238,159.96,0.6759
3239,160.11,0.5078
3240,145.36,0.3817
3241,1.48,0.367
3242,5.92,0.3523
3243,142.04,0.2917
3244,142.1,0.4655
3245,71.22,0.5925
3246,214.1,0.62
3247,161.28,0.6745
3248,175.73,0.787
3249,208.77,0.7889
3250,208.87,0.8311
3251,216.31,0.8735
3252,212.99,0.8599
3253,227.54,0.8088
3254,192.12,0.7515
3255,146.45,0.6859
3256,146.22,0.6504
3257,132.71,0.608
3258,184.11,0.6648
3259,140.26,0.7351
3260,215.94,0.6283
3261,232.15,0.6697
3262,2.14,0.7205
3263,234.7,0.7037
3264,202.4,0.515
3265,195.46,0.6624
3266,1.3,0.6122
3267,182.46,0.5887
3268,173.22,0.5706
3269,173.7,0.6974
3270,173.3,0.6502
3271,156.44,0.654
3272,124.7,0.6332
3273,177.83,0.5955
3274,148.32,0.5714
3275,127.19,0.5727
3276,126.88,0.531
3277,126.33,0.5217
3278,126.86,0.5306
3279,136.9,0.5356
3280,138.01,0.4337
3281,133.07,0.4551
3282,1.7,0.499
3283,153.0,0.5544
3284,190.64,0.4473
3285,205.73,0.5003
3286,2.12,0.4877
3287,66.49,0.4936
3288,137.63,0.4858
3289,197.76,0.6625
3290,196.18,0.6093
3291,218.35,0.4989
3292,1.45,0.3388
3293,2.57,0.3486
3294,1.85,0.2848
3295,208.16,0.3777
3296,140.36,0.377
3297,115.04,0.3775
3298,1.74,0.3352
3299,2.43,0.3324
3300,156.48,0.3813
3301,136.91,0.5432
3302,174.88,0.6886
3303,199.7,0.682
3304,180.32,0.5723
3305,148.44,0.4316
3306,2.65,0.4611
3307,2.76,0.4582
3308,235.88,0.4905
3309,176.74,0.6445
3310,187.99,0.7975
3311,190.96,0.6066
3312,190.0,0.654
3313,2.33,0.6582
3314,234.72,0.6408
3315,193.08,0.6241
3316,169.76,0.761
3317,169.52,0.71
3318,169.75,0.7357
3319,172.4,0.7205
3320,224.48,0.6403
3321,151.18,0.5035
3322,71.43,0.5235
3323,2.36,0.501
3324,196.89,0.5392
3325,196.93,0.4827
3326,198.01,0.6719
3327,2.26,0.6808
3328,233.85,0.69
3329,207.77,0.6977
3330,208.14,0.8609
3331,207.38,0.8277
3332,202.01,0.824
3333,193.19,0.8145
3334,203.2,0.8058
3335,196.53,0.7851
3336,196.74,0.7716
3337,176.7,0.7677
3338,176.75,0.7225
3339,198.39,0.7209
3340,141.19,0.6859
3341,194.8,0.5426
3342,133.94,0.3826
3343,1.35,0.4193
3344,2.7,0.4331
3345,186.03,0.4704
3346,211.7,0.5805
3347,179.58,0.716
3348,136.01,0.7302
3349,168.5,0.6962
3350,203.45,0.702
3351,170.02,0.748
3352,186.74,0.764
3353,192.22,0.7714
3354,188.12,0.79
3355,212.54,0.7831
3356,192.77,0.7906
3357,178.22,0.8014
3358,201.43,0.7755
3359,201.3,0.766
3360,180.94,0.7685
3361,181.17,0.6049
3362,181.18,0.6182
3363,1.32,0.6459
3364,217.62,0.6718
3365,214.77,0.525
3366,212.92,0.5257
3367,1.6,0.4929
3368,2.1,0.4265
3369,177.49,0.4213
3370,133.6,0.5669
3371,206.55,0.7484
3372,179.74,0.7877
3373,224.09,0.6798
3374,225.64,0.5122
3375,1.56,0.53
3376,1.47,0.4661
3377,201.54,0.4419
3378,145.96,0.4419
3379,195.94,0.5521
3380,1.65,0.5334
3381,136.25,0.5593
3382,178.64,0.4006
3383,177.72,0.5942
3384,1.73,0.6397
3385,238.53,0.6468
3386,191.9,0.5028
3387,187.35,0.5775
3388,1.56,0.4989
3389,93.1,0.5198
3390,142.4,0.5418
3391,217.45,0.7185
3392,214.18,0.8201
3393,217.74,0.8818
3394,217.48,0.8178
3395,217.83,0.7575
3396,139.14,0.7234
3397,140.4,0.7129
3398,176.06,0.657
3399,204.58,0.7004
3400,149.44,0.6954
3401,192.32,0.6598
3402,134.28,0.4942
3403,132.43,0.4782
3404,2.03,0.4661
3405,129.85,0.504
3406,177.48,0.3969
3407,180.66,0.5664
3408,1.42,0.6074
3409,209.42,0.6094
3410,180.02,0.6085
3411,179.86,0.7544
3412,179.64,0.7559
3413,179.88,0.7593
3414,211.2,0.7279
3415,184.26,0.6894
3416,141.39,0.7128
3417,132.59,0.6973
3418,208.55,0.6782
3419,192.2,0.6939
3420,160.82,0.7168
3421,160.66,0.6774
3422,160.56,0.5305
3423,160.37,0.4007
3424,12.48,0.3879
3425,2.08,0.3755
3426,144.95,0.377
3427,145.42,0.368
3428,162.21,0.4772
3429,1.52,0.5223
3430,135.67,0.5509
3431,200.12,0.5651
3432,180.4,0.7104
3433,179.54,0.6006
3434,179.27,0.6302
3435,1.37,0.6294
3436,236.3,0.6373
3437,179.45,0.6361
3438,189.14,0.8118
3439,177.87,0.7841
3440,216.26,0.7542
3441,202.43,0.7152
3442,142.93,0.7111
3443,141.44,0.5367
3444,172.84,0.3726
3445,2.86,0.4501
3446,1.66,0.5169
3447,237.81,0.3776
3448,223.06,0.5672
3449,2.53,0.7498
3450,234.72,0.736
3451,225.13,0.7337
3452,220.89,0.9038
3453,220.25,0.7146
3454,210.58,0.7258
3455,3.31,0.7181
3456,238.74,0.6841
3457,211.58,0.6572
3458,178.58,0.7959
3459,177.64,0.7429
3460,173.09,0.7545
3461,173.91,0.7928
3462,225.7,0.8317
3463,225.4,0.6939
3464,225.29,0.6052
3465,4.5,0.6087
3466,65.4,0.5905
3467,230.02,0.4088
3468,203.1,0.4085
3469,3.07,0.5069
3470,4.09,0.4706
3471,185.8,0.4866
3472,185.55,0.6877
3473,222.66,0.8864
3474,249.11,0.7375
3475,247.18,0.7658
3476,3.65,0.7602
3477,220.18,0.6977
3478,215.86,0.6765
3479,172.56,0.8166
3480,221.3,0.8173
3481,174.96,0.8251
3482,221.09,0.8689
3483,225.34,0.8372
3484,226.22,0.6975
3485,182.52,0.7058
3486,4.03,0.6892
3487,231.24,0.703
3488,205.1,0.5557
3489,243.0,0.555
3490,2.37,0.54
3491,3.19,0.5678
3492,212.88,0.5307
3493,239.1,0.5309
3494,197.59,0.5302
3495,2.66,0.5034
3496,2.3,0.4556
3497,180.14,0.441
3498,180.54,0.5855
3499,179.76,0.7308
3500,179.4,0.6962
3501,180.09,0.7069
3502,137.88,0.7061
3503,193.56,0.7054
3504,178.8,0.5596
3505,178.5,0.5576
3506,1.8,0.5671
3507,135.37,0.5734
3508,205.18,0.4294
3509,186.5,0.6001
3510,2.34,0.5972
3511,210.69,0.5464
3512,131.78,0.5107
3513,143.04,0.6535
3514,142.78,0.6683
3515,177.14,0.7265
3516,228.79,0.7792
3517,202.9,0.7832
3518,207.57,0.8055
3519,147.72,0.7959
3520,204.37,0.7444
3521,217.06,0.7216
3522,139.87,0.716
3523,179.72,0.7035
3524,140.86,0.6917
3525,189.08,0.5784
3526,202.54,0.606
3527,1.29,0.6381
3528,213.48,0.6406
3529,180.2,0.4763
3530,192.08,0.5846
3531,1.58,0.5528
3532,133.82,0.5507
3533,174.49,0.5392
3534,177.66,0.6776
3535,178.06,0.5691
3536,170.78,0.4276
3537,1.13,0.2842
3538,1.41,0.2932
3539,2.26,0.2989
3540,188.99,0.4306
3541,177.75,0.5348
3542,162.33,0.6644
3543,128.91,0.6166
3544,160.72,0.4724
3545,130.52,0.3412
3546,1.4,0.4018
3547,1.73,0.3793
3548,203.11,0.382
3549,133.14,0.3824
3550,133.92,0.4916
3551,1.8,0.467
3552,135.41,0.5486
3553,173.03,0.61
3554,232.92,0.7871
3555,209.0,0.8764
3556,218.44,0.9266
3557,244.68,0.929
3558,234.41,0.9508
3559,235.91,0.9652
3560,235.68,0.9387
3561,235.97,0.9465
3562,212.33,0.9335
3563,243.99,0.8865
3564,219.94,0.841
3565,178.15,0.6691
3566,180.33,0.4714
3567,2.03,0.4423
3568,2.16,0.4406
3569,184.32,0.4616
3570,176.08,0.462
3571,206.03,0.6536
3572,2.53,0.6205
3573,236.52,0.6025
3574,143.89,0.5515
3575,154.06,0.7418
3576,143.61,0.6565
3577,235.34,0.6572
3578,132.16,0.6261
3579,144.72,0.6043
3580,116.08,0.5077
3581,116.9,0.4962
3582,117.2,0.4748
3583,118.04,0.4867
3584,118.52,0.4977
3585,130.74,0.5155
3586,130.32,0.5882
3587,138.9,0.5999
3588,207.01,0.5876
3589,132.85,0.4829
3590,115.64,0.3707
3591,2.26,0.3114
3592,1.65,0.3289
3593,134.54,0.3494
3594,154.19,0.4424
3595,140.76,0.5425
3596,116.03,0.4339
3597,124.09,0.4214
3598,1.64,0.4128
3599,138.89,0.427
3600,130.3,0.4315
3601,133.37,0.5363
3602,129.57,0.5295
3603,129.88,0.529
3604,130.52,0.422
3605,129.72,0.3175
3606,2.49,0.2129
3607,1.74,0.253
3608,1.94,0.2428
3609,179.56,0.3366
3610,117.26,0.3373
3611,117.15,0.4303
3612,2.6,0.3851
3613,115.82,0.3863
3614,124.22,0.401
3615,118.67,0.4921
3616,135.23,0.3993
3617,114.03,0.2994
3618,2.33,0.2043
3619,1.95,0.1475
3620,2.4,0.1658
3621,65.66,0.275
3622,136.38,0.3843
3623,135.93,0.533
3624,135.67,0.6299
3625,184.29,0.6772
3626,184.28,0.5679
3627,194.15,0.4584
3628,2.3,0.4722
3629,1.72,0.4616
3630,201.1,0.4388
3631,171.41,0.595
3632,166.23,0.7352
3633,193.41,0.7408
3634,173.12,0.7405
3635,207.98,0.7506
3636,171.05,0.7607
3637,178.62,0.8235
3638,205.71,0.7984
3639,249.98,0.8039
3640,177.35,0.804
3641,177.74,0.802
3642,178.66,0.7366
3643,203.3,0.7133
3644,169.98,0.6897
3645,148.9,0.6881
3646,148.85,0.524
3647,176.73,0.3878
3648,2.49,0.3861
3649,3.4,0.4111
3650,146.77,0.422
3651,179.46,0.4229
3652,190.02,0.5942
3653,3.58,0.6336
3654,213.04,0.6478
3655,194.91,0.6118
3656,196.81,0.728
3657,146.08,0.6594
3658,145.72,0.6091
3659,129.04,0.5945
3660,133.45,0.6355
3661,178.98,0.6782
3662,196.16,0.7347
3663,197.98,0.8088
3664,198.2,0.7276
3665,224.1,0.7561
3666,79.54,0.7671
3667,231.11,0.6072
3668,211.4,0.5779
3669,2.66,0.6674
3670,188.16,0.6553
3671,189.02,0.4842
3672,216.33,0.5403
3673,2.14,0.4968
3674,71.29,0.4835
3675,134.91,0.4558
3676,172.8,0.6262
3677,182.38,0.5709
3678,210.66,0.4633
3679,3.53,0.4916
3680,3.31,0.4684
3681,207.41,0.4536
3682,154.02,0.6065
3683,192.62,0.7262
3684,190.5,0.7139
3685,149.83,0.6999
3686,192.31,0.6477
3687,136.92,0.6004
3688,128.72,0.5689
3689,132.7,0.5235
3690,111.25,0.5042
3691,136.82,0.4001
3692,113.23,0.2934
3693,1.44,0.2042
3694,2.08,0.0946
3695,2.2,0.1148
3696,2.7,0.2602
3697,137.99,0.4035
3698,179.3,0.4034
3699,177.36,0.5966
3700,2.09,0.5799
3701,239.11,0.5283
3702,117.52,0.4884
3703,116.2,0.6524
3704,128.44,0.6061
3705,202.72,0.6067
3706,182.46,0.5131
3707,118.27,0.4096
3708,1.73,0.2453
3709,1.8,0.1918
3710,1.8,0.1906
3711,116.94,0.3284
3712,116.88,0.3285
3713,170.28,0.4598
3714,1.86,0.4607
3715,162.42,0.4716
3716,118.13,0.4265
3717,130.21,0.5662
3718,115.02,0.5764
3719,172.84,0.6274
3720,174.85,0.6253
3721,180.52,0.6871
3722,127.62,0.659
3723,190.69,0.6241
3724,138.42,0.5871
3725,132.11,0.593
3726,135.35,0.5442
3727,134.75,0.5441
3728,131.02,0.4372
3729,138.3,0.3282
3730,1.42,0.3138
3731,1.94,0.3023
3732,117.17,0.3199
3733,116.94,0.4742
3734,159.87,0.5793
3735,190.08,0.6386
3736,130.59,0.6386
3737,189.72,0.6038
3738,116.93,0.5744
3739,117.25,0.4864
3740,154.1,0.4733
3741,22.92,0.4717
3742,173.78,0.5261
3743,114.93,0.5502
3744,183.79,0.7203
3745,183.65,0.7051
3746,230.97,0.7352
3747,155.15,0.5863
3748,151.82,0.4378
3749,1.65,0.2508
3750,1.96,0.3136
3751,2.22,0.2853
3752,231.9,0.4107
3753,117.2,0.4102
3754,155.06,0.5039
3755,1.31,0.4104
3756,116.92,0.4107
3757,117.55,0.3929
3758,117.53,0.5521
3759,133.27,0.4583
3760,196.1,0.4751
3761,2.1,0.4893
3762,138.17,0.498
3763,134.85,0.4476
3764,143.97,0.6128
3765,134.4,0.6673
3766,204.18,0.6873
3767,204.88,0.6708
3768,159.36,0.668
3769,123.76,0.5028
3770,130.93,0.4521
3771,2.04,0.4502
3772,142.86,0.4894
3773,157.12,0.3837
3774,171.7,0.4861
3775,1.56,0.4826
3776,127.37,0.4866
3777,138.63,0.4885
3778,161.99,0.652
3779,173.98,0.6912
3780,201.57,0.6834
3781,175.4,0.6661
3782,129.02,0.6389
3783,140.88,0.6411
3784,140.64,0.6117
3785,204.28,0.6119
3786,139.38,0.4986
3787,129.36,0.4992
3788,2.19,0.4757
3789,141.42,0.5286
3790,175.5,0.4248
3791,204.09,0.58
3792,2.36,0.6152
3793,192.14,0.5883
3794,184.48,0.4228
3795,142.54,0.5855
3796,1.7,0.599
3797,201.38,0.6167
3798,208.62,0.6633
3799,206.08,0.8218
3800,199.64,0.8172
3801,195.56,0.6476
3802,195.8,0.4816
3803,1.08,0.3205
3804,3.07,0.1627
3805,2.54,0.0043
3806,2.5,0.005
3807,2.05,0.1947
3808,1.9,0.3451
3809,235.14,0.5183
3810,186.57,0.519
3811,214.32,0.6443
3812,2.89,0.5792
3813,155.18,0.5444
3814,155.53,0.3707
3815,144.01,0.5301
3816,1.86,0.5477
3817,197.79,0.5983
3818,176.76,0.5917
3819,217.46,0.7016
3820,135.96,0.6604
3821,136.26,0.7087
3822,147.45,0.7025
3823,235.76,0.7724
3824,209.92,0.8218
3825,221.49,0.8179
3826,196.69,0.806
3827,142.64,0.8092
3828,221.16,0.7467
3829,213.89,0.6917
3830,145.05,0.5767
3831,129.4,0.3978
3832,1.92,0.4161
3833,2.31,0.4698
3834,236.31,0.5566
3835,210.67,0.7253
3836,235.59,0.8663
3837,208.3,0.8626
3838,174.82,0.7839
3839,231.82,0.6965
3840,114.38,0.6287
3841,128.66,0.5949
3842,125.36,0.5046
3843,133.54,0.5069
3844,121.25,0.5084
3845,117.2,0.519
3846,130.49,0.4115
3847,138.34,0.3143
3848,2.11,0.2198
3849,2.32,0.1148
3850,1.54,0.0038
3851,2.09,0.0478
3852,2.59,0.1708
3853,55.84,0.3283
3854,152.88,0.338
3855,194.1,0.3372
3856,14.05,0.4199
3857,1.62,0.4052
3858,157.0,0.39
3859,134.9,0.5373
3860,175.44,0.6465
3861,194.3,0.6243
3862,135.2,0.626
3863,129.81,0.6465
3864,136.96,0.6339
3865,200.52,0.6693
3866,178.93,0.6829
3867,178.5,0.6741
3868,146.43,0.6401
3869,126.16,0.636
3870,158.94,0.6324
3871,173.98,0.5149
3872,174.09,0.5845
3873,2.63,0.5787
3874,211.38,0.6092
3875,151.79,0.4686
3876,211.33,0.4679
3877,2.09,0.4435
3878,1.72,0.4681
3879,181.6,0.4439
3880,181.83,0.601
3881,181.7,0.7124
3882,194.32,0.7141
3883,137.99,0.6795
3884,183.66,0.645
3885,139.48,0.6309
3886,139.54,0.6822
3887,177.06,0.6961
3888,200.8,0.6943
3889,200.63,0.7651
3890,137.26,0.7864
3891,226.2,0.6236
3892,203.03,0.6163
3893,1.68,0.6792
3894,191.75,0.6592
3895,214.17,0.4956
3896,201.71,0.6872
3897,2.89,0.6443
3898,236.12,0.5963
3899,139.22,0.5457
3900,155.5,0.6941
3901,139.82,0.6603
3902,184.38,0.7314
3903,194.76,0.7815
3904,226.17,0.8645
3905,216.84,0.8249
3906,241.32,0.79
3907,136.04,0.6064
3908,152.06,0.4304
3909,1.5,0.3765
3910,1.6,0.4238
3911,175.33,0.4703
3912,193.89,0.4701
3913,209.01,0.5841
3914,1.21,0.5819
3915,141.09,0.5738
3916,172.6,0.4044
3917,184.04,0.5659
3918,1.69,0.5543
3919,198.85,0.5778
3920,126.82,0.5561
3921,201.41,0.7321
3922,157.54,0.6721
3923,216.93,0.748
3924,125.48,0.7253
3925,219.68,0.7091
3926,173.57,0.6446
3927,137.75,0.6552
3928,138.04,0.5896
3929,138.4,0.6367
3930,139.5,0.6785
3931,231.14,0.5674
3932,188.9,0.4561
3933,2.08,0.5289
3934,2.31,0.4842
3935,228.56,0.4912
3936,176.39,0.4916
3937,197.46,0.5942
3938,2.65,0.5202
3939,127.77,0.489
3940,138.11,0.4867
3941,138.21,0.6607
3942,194.61,0.669
3943,215.51,0.7069
3944,137.96,0.5948
3945,184.38,0.4372
3946,1.09,0.3719
3947,1.9,0.3698
3948,135.57,0.355
3949,135.34,0.5304
3950,166.34,0.7082
3951,215.69,0.7537
3952,219.42,0.6441
3953,191.19,0.5092
3954,1.22,0.4393
3955,1.3,0.4199
3956,130.25,0.4496
3957,195.6,0.4502
3958,227.57,0.5596
3959,1.98,0.6115
3960,135.14,0.5617
3961,193.71,0.4855
3962,134.66,0.679
3963,134.41,0.5698
3964,238.68,0.5176
3965,1.5,0.5191
3966,129.88,0.5657
3967,136.45,0.5675
3968,191.41,0.763
3969,240.89,0.8542
3970,240.68,0.9396
3971,241.46,0.9631
3972,240.9,0.9217
3973,220.21,0.8977
3974,190.28,0.8794
3975,211.32,0.862
3976,219.06,0.6841
3977,219.62,0.5305
3978,2.58,0.4876
3979,2.35,0.4494
3980,158.77,0.4178
3981,172.34,0.5353
3982,181.01,0.6144
3983,146.3,0.4865
3984,99.17,0.3476
3985,2.22,0.202
3986,2.5,0.197
3987,2.89,0.2614
3988,140.16,0.4016
3989,177.95,0.4015
3990,173.75,0.5001
3991,2.39,0.4865
3992,123.52,0.5107
3993,123.47,0.3705
3994,207.55,0.5272
3995,2.29,0.597
3996,194.1,0.6464
3997,208.8,0.4787
3998,183.9,0.5677
3999,2.46,0.5835
4000,111.18,0.5301
4001,213.47,0.5504
4002,143.46,0.7191
4003,208.73,0.6292
4004,208.76,0.4559
4005,1.23,0.4544
4006,1.54,0.3881
4007,141.57,0.3429
4008,127.63,0.4673
4009,153.45,0.5913
4010,153.38,0.6012
4011,153.29,0.6719
4012,153.64,0.7148
4013,214.12,0.7704
4014,205.93,0.6474
4015,221.42,0.6916
4016,2.8,0.6865
4017,207.73,0.6881
4018,207.85,0.6279
4019,207.93,0.7854
4020,147.74,0.7852
4021,195.5,0.7853
4022,207.48,0.7751
4023,207.98,0.7997
4024,195.47,0.6414
4025,177.74,0.5824
4026,1.86,0.5812
4027,135.39,0.599
4028,206.42,0.6312
4029,217.25,0.7993
4030,217.16,0.8451
4031,207.47,0.8475
4032,191.46,0.8479
4033,209.4,0.8621
4034,217.77,0.6939
4035,234.42,0.7045
4036,1.76,0.7025
4037,204.38,0.663
4038,207.03,0.4726
4039,169.44,0.5734
4040,1.54,0.5226
4041,125.01,0.4585
4042,142.25,0.4891
4043,128.6,0.6012
4044,206.85,0.5003
4045,138.74,0.5535
4046,1.56,0.5981
4047,207.25,0.5785
4048,183.19,0.6142
4049,182.85,0.7626
4050,182.5,0.7428
4051,183.06,0.7879
4052,182.98,0.8105
4053,238.36,0.8282
4054,210.59,0.6798
4055,204.12,0.5316
4056,1.57,0.5196
4057,1.66,0.4989
4058,223.68,0.5168
4059,185.24,0.5172
4060,226.07,0.6261
4061,2.04,0.5891
4062,134.85,0.5943
4063,178.46,0.5589
4064,191.6,0.7195
4065,182.74,0.7749
4066,198.5,0.816
4067,202.57,0.7636
4068,228.78,0.7271
4069,127.48,0.7541
4070,138.1,0.7296
4071,231.5,0.7102
4072,172.65,0.7761
4073,204.99,0.82
4074,208.16,0.8133
4075,191.77,0.7606
4076,223.26,0.7123
4077,108.24,0.6361
4078,145.89,0.4807
4079,114.91,0.2995
4080,1.64,0.3792
4081,1.64,0.3697
4082,205.77,0.385
4083,134.3,0.5393
4084,133.61,0.6935
4085,190.36,0.674
4086,190.31,0.7237
4087,181.89,0.7386
4088,195.08,0.6901
4089,151.9,0.6834
4090,130.95,0.7074
4091,182.21,0.5492
4092,211.21,0.4263
4093,1.56,0.4504
4094,1.53,0.4045
4095,160.36,0.2334
4096,126.16,0.371
4097,1.8,0.4855
4098,169.98,0.4812
4099,141.58,0.3793
4100,155.08,0.3793
4101,1.5,0.3497
4102,1.78,0.394
4103,133.78,0.423
4104,195.81,0.5447
4105,190.54,0.6903
4106,150.4,0.6939
4107,179.89,0.6482
4108,138.1,0.6714
4109,140.01,0.6531
4110,218.83,0.6196
4111,128.11,0.5085
4112,138.8,0.5538
4113,2.3,0.5561
4114,195.35,0.6163
4115,221.64,0.5042
4116,201.74,0.5036
4117,1.76,0.4563
4118,1.5,0.4191
4119,137.49,0.4369
4120,176.1,0.5267
4121,223.59,0.6951
4122,111.64,0.7424
4123,207.46,0.7693
4124,195.34,0.7598
4125,209.05,0.866
4126,211.92,0.871
4127,241.62,0.9026
4128,213.52,0.927
4129,233.98,0.8761
4130,238.97,0.8058
4131,149.64,0.7677
4132,155.61,0.6921
4133,166.96,0.6577
4134,141.4,0.678
4135,196.9,0.7011
4136,174.48,0.5663
4137,183.91,0.5638
4138,1.96,0.5263
4139,138.34,0.5077
4140,151.12,0.3586
4141,151.67,0.5197
4142,1.54,0.5264
4143,199.0,0.5263
4144,146.54,0.5221
4145,150.99,0.6508
4146,146.57,0.666
4147,158.97,0.6546
4148,217.66,0.6549
4149,132.56,0.6696
4150,151.38,0.6638
4151,164.48,0.645
4152,151.87,0.6519
4153,194.71,0.6518
4154,140.99,0.677
4155,151.26,0.6756
4156,195.33,0.518
4157,150.15,0.5123
4158,1.95,0.5001
4159,134.02,0.4436
4160,136.28,0.3227
4161,126.23,0.3225
4162,2.17,0.3166
4163,1.8,0.3529
4164,126.82,0.3478
4165,180.69,0.4904
4166,119.93,0.5882
4167,176.61,0.5987
4168,121.5,0.5735
4169,139.67,0.5859
4170,149.81,0.6224
4171,135.1,0.6811
4172,221.26,0.748
4173,193.3,0.8067
4174,221.46,0.6998
4175,221.72,0.5214
4176,4.23,0.3653
4177,3.05,0.1867
4178,2.4,0.151
4179,2.95,0.325
4180,178.0,0.4872
4181,217.06,0.4871
4182,201.54,0.6576
4183,2.3,0.6682
4184,211.5,0.6523
4185,190.94,0.6334
4186,197.64,0.81
4187,178.46,0.639
4188,218.3,0.5763
4189,2.33,0.5908
4190,114.22,0.6319
4191,215.38,0.6108
4192,228.72,0.7545
4193,192.54,0.8364
4194,178.12,0.8203
4195,214.42,0.829
4196,195.69,0.8151
4197,239.38,0.6706
4198,175.45,0.6663
4199,1.4,0.6776
4200,209.19,0.6349
4201,209.45,0.4933
4202,187.18,0.6572
4203,2.18,0.643
4204,201.93,0.634
4205,191.8,0.6476
4206,198.45,0.835
4207,203.8,0.6712
4208,231.45,0.6919
4209,1.56,0.6471
4210,217.08,0.582
4211,143.64,0.5518
4212,124.17,0.7
4213,194.5,0.6446
4214,182.92,0.65
4215,149.28,0.708
4216,150.26,0.6919
4217,195.11,0.5442
4218,174.82,0.424
4219,2.21,0.4067
4220,2.26,0.4105
4221,129.1,0.4436
4222,199.74,0.443
4223,215.35,0.5494
4224,1.45,0.5932
4225,132.42,0.5783
4226,182.68,0.573
4227,181.45,0.7292
4228,208.86,0.6226
4229,192.55,0.641
4230,2.05,0.6666
4231,205.21,0.6552
4232,212.71,0.6586
4233,194.9,0.818
4234,196.8,0.8046
4235,196.96,0.7807
4236,188.85,0.7847
4237,183.5,0.6255
4238,199.84,0.4977
4239,2.0,0.4556
4240,40.59,0.4774
4241,137.32,0.3615
4242,210.21,0.3613
4243,58.06,0.4321
4244,1.8,0.4598
4245,127.18,0.3916
4246,171.23,0.5065
4247,126.71,0.6347
4248,198.66,0.6349
4249,158.55,0.6528
4250,127.54,0.7076
4251,193.06,0.6878
4252,193.76,0.7134
4253,174.43,0.7748
4254,189.93,0.7232
4255,202.62,0.7052
4256,129.94,0.5638
4257,171.7,0.4104
4258,1.43,0.2464
4259,2.35,0.3222
4260,1.93,0.3296
4261,222.63,0.5038
4262,180.75,0.5029
4263,214.55,0.5025
4264,1.3,0.482
4265,1.42,0.4448
4266,197.53,0.4312
4267,135.26,0.5469
4268,197.94,0.5477
4269,142.82,0.3887
4270,2.42,0.4458
4271,3.05,0.4516
4272,205.11,0.5046
4273,205.04,0.6099
4274,207.66,0.7654
4275,131.14,0.7888
4276,193.3,0.7479
4277,233.76,0.693
4278,154.98,0.7512
4279,140.54,0.5953
4280,202.26,0.5181
4281,2.6,0.5403
4282,139.31,0.4266
4283,182.16,0.3315
4284,1.48,0.4807
4285,85.94,0.5399
4286,185.08,0.5537
4287,211.76,0.659
4288,199.06,0.59
4289,130.26,0.4397
4290,1.59,0.4195
4291,1.21,0.4019
4292,187.06,0.4109
4293,177.46,0.569
4294,141.34,0.5703
4295,195.0,0.4185
4296,2.7,0.4279
4297,1.45,0.4771
4298,188.92,0.4284
4299,201.48,0.4275
4300,135.45,0.572
4301,1.64,0.567
4302,178.22,0.5843
4303,182.8,0.4763
4304,222.62,0.6571
4305,3.35,0.6891
4306,222.86,0.7115
4307,217.3,0.6758
4308,210.23,0.84
4309,178.9,0.8131
4310,204.3,0.7807
4311,189.94,0.6122
4312,177.62,0.6613
4313,4.08,0.638
4314,239.04,0.6798
4315,175.76,0.6821
4316,241.1,0.8736
4317,180.42,0.8493
4318,238.36,0.896
4319,209.33,0.7027
4320,232.89,0.5592
4321,4.57,0.5629
4322,4.85,0.5904
4323,242.97,0.602
4324,242.86,0.6011
4325,247.13,0.785
4326,3.5,0.7733
4327,229.75,0.7616
4328,228.7,0.7323
4329,228.49,0.9313
4330,211.31,0.9392
4331,246.98,0.9462
4332,239.45,0.9624
4333,237.24,0.9889
4334,248.34,0.9861
4335,243.67,0.9835
4336,243.54,0.9869
4337,236.34,0.9305
4338,241.34,0.8779
4339,179.38,0.682
4340,179.24,0.4923
4341,3.96,0.4728
4342,4.26,0.5079
4343,217.53,0.5504
4344,222.26,0.5492
4345,231.22,0.7486
4346,2.56,0.7738
4347,248.2,0.7722
4348,248.32,0.7433
4349,220.26,0.9127
4350,195.9,0.7116
4351,209.84,0.6758
4352,2.21,0.6468
4353,204.49,0.5994
4354,184.7,0.5788
4355,137.93,0.7281
4356,184.71,0.6693
4357,184.77,0.6293
4358,132.55,0.6779
4359,135.77,0.7034
4360,197.43,0.5535
4361,215.9,0.51
4362,1.44,0.5212
4363,79.24,0.5173
4364,149.55,0.4497
4365,192.7,0.557
4366,133.19,0.624
4367,132.72,0.6333
4368,161.09,0.6009
4369,160.96,0.6264
4370,153.06,0.519
4371,164.37,0.5825
4372,1.35,0.6108
4373,238.81,0.6354
4374,195.54,0.6539
4375,183.22,0.8249
4376,186.99,0.8011
4377,210.52,0.7576
4378,209.72,0.7183
4379,142.3,0.7153
4380,135.14,0.5446
4381,183.34,0.5058
4382,1.66,0.541
4383,162.31,0.5419
4384,185.26,0.5077
4385,136.29,0.6507
4386,141.51,0.674
4387,176.54,0.6604
4388,190.88,0.695
4389,168.61,0.6957
4390,178.66,0.553
4391,142.32,0.3981
4392,1.95,0.4165
4393,1.41,0.4214
4394,191.12,0.4558
4395,184.64,0.5629
4396,184.43,0.712
4397,132.95,0.7177
4398,183.75,0.7174
4399,198.1,0.7304
4400,184.28,0.7872
4401,200.38,0.6391
4402,202.47,0.5868
4403,2.57,0.5862
4404,134.1,0.525
4405,183.47,0.4708
4406,125.55,0.643
4407,136.13,0.6921
4408,213.26,0.6877
4409,194.16,0.7039
4410,178.12,0.7112
4411,145.36,0.6384
4412,145.12,0.5867
4413,124.17,0.5515
4414,130.9,0.5456
4415,135.0,0.5719
4416,138.21,0.6241
4417,177.29,0.711
4418,188.06,0.7243
4419,237.11,0.794
4420,151.28,0.6524
4421,223.48,0.5
4422,4.09,0.4708
4423,1.59,0.5153
4424,201.44,0.502
4425,205.76,0.5007
4426,207.11,0.6587
4427,2.54,0.6502
4428,194.94,0.6733
4429,191.04,0.6801
4430,233.99,0.8551
4431,215.41,0.9003
4432,216.68,0.9391
4433,250.18,0.9318
4434,238.51,0.9394
4435,225.06,0.9096
4436,224.74,0.8563
4437,180.24,0.8191
4438,184.9,0.8227
4439,193.04,0.8317
4440,229.41,0.8775
4441,235.78,0.7287
4442,236.23,0.5732
4443,2.97,0.496
4444,2.7,0.4239
4445,135.0,0.3874
4446,147.6,0.386
4447,191.56,0.48
4448,1.33,0.4754
4449,117.69,0.4603
4450,129.32,0.419
4451,129.18,0.5772
4452,140.94,0.6005
4453,194.96,0.6191
4454,146.18,0.6329
4455,152.1,0.6574
4456,146.06,0.659
4457,170.9,0.7209
4458,196.92,0.7798
4459,221.86,0.8084
4460,224.14,0.8166
4461,181.02,0.8151
4462,180.99,0.7113
4463,195.11,0.6485
4464,94.83,0.6073
4465,147.28,0.4609
4466,130.64,0.3031
4467,1.93,0.3437
4468,2.04,0.3228
4469,144.54,0.3152
4470,121.74,0.4129
4471,121.22,0.5114
4472,121.48,0.5015
4473,122.5,0.5032
4474,132.46,0.5506
4475,123.83,0.606
4476,179.2,0.6554
4477,189.33,0.7211
4478,182.86,0.7352
4479,212.87,0.7263
4480,141.02,0.7312
4481,168.37,0.7415
4482,195.37,0.7304
4483,195.39,0.7954
4484,199.33,0.8028
4485,220.5,0.7883
4486,177.41,0.6297
4487,177.66,0.468
4488,1.42,0.4441
4489,1.5,0.4628
4490,191.22,0.4801
4491,200.29,0.6371
4492,198.81,0.7503
4493,193.51,0.7003
4494,139.98,0.6998
4495,130.01,0.6887
4496,199.67,0.6815
4497,185.25,0.6968
4498,184.74,0.7413
4499,158.74,0.7291
4500,184.36,0.7242
4501,184.8,0.5748
4502,179.19,0.4474
4503,2.03,0.2987
4504,2.93,0.3053
4505,2.44,0.2723
4506,192.79,0.4529
4507,138.81,0.6145
4508,222.96,0.7893
4509,200.68,0.8373
4510,216.28,0.8465
4511,251.52,0.7871
4512,150.02,0.8289
4513,150.32,0.6537
4514,251.83,0.6455
4515,1.88,0.6295
4516,241.54,0.6675
4517,130.48,0.6245
4518,196.73,0.7418
4519,199.31,0.7128
4520,145.32,0.7412
4521,206.08,0.7347
4522,165.19,0.7668
4523,188.77,0.6496
4524,238.64,0.6854
4525,1.91,0.6726
4526,249.91,0.6881
4527,149.55,0.4955
4528,207.7,0.664
4529,3.02,0.6188
4530,208.0,0.6562
4531,194.67,0.6571
4532,195.26,0.7698
4533,208.86,0.7755
4534,140.84,0.7552
4535,215.03,0.7576
4536,169.8,0.7509
4537,198.21,0.7966
4538,200.61,0.7523
4539,196.78,0.7756
4540,160.85,0.7762
4541,198.25,0.7914
4542,198.97,0.7922
4543,219.18,0.6631
4544,197.8,0.5035
4545,2.96,0.5059
4546,3.04,0.4844
4547,201.9,0.3245
4548,192.84,0.3237
4549,2.23,0.5047
4550,1.94,0.4989
4551,224.48,0.525
4552,194.72,0.6879
4553,224.83,0.8634
4554,201.46,0.8267
4555,216.67,0.777
4556,179.63,0.7576
4557,133.88,0.7018
4558,201.1,0.6325
4559,133.24,0.6328
4560,131.89,0.6723
4561,179.9,0.6133
4562,182.29,0.6542
4563,128.84,0.6573
4564,183.28,0.5121
4565,135.76,0.4731
4566,2.28,0.5422
4567,134.56,0.5727
4568,213.29,0.4641
4569,220.6,0.6015
4570,3.0,0.6254
4571,170.28,0.5848
4572,163.85,0.5478
4573,163.66,0.6893
4574,175.34,0.6951
4575,176.11,0.7061
4576,177.26,0.7173
4577,177.36,0.7193
4578,177.39,0.7625
4579,177.71,0.7855
4580,228.96,0.8022
4581,205.4,0.8223
4582,197.83,0.8515
4583,202.01,0.8393
4584,213.46,0.857
4585,213.92,0.773
4586,227.13,0.7744
4587,95.01,0.7606
4588,203.74,0.5871
4589,196.59,0.4033
4590,1.71,0.4942
4591,2.29,0.4936
4592,206.13,0.5002
4593,203.12,0.6831
4594,204.64,0.6823
4595,225.4,0.6798
4596,1.34,0.68
4597,203.07,0.6793
4598,203.35,0.6612
4599,203.83,0.826
4600,203.23,0.6622
4601,202.88,0.6073
4602,2.71,0.6026
4603,136.19,0.595
4604,198.08,0.4311
4605,193.95,0.432
4606,2.43,0.4754
4607,3.8,0.4779
4608,189.21,0.5075
4609,201.23,0.6088
4610,230.05,0.7146
4611,126.46,0.713
4612,133.19,0.7008
4613,187.25,0.6655
4614,186.33,0.715
4615,186.84,0.7592
4616,186.97,0.7554
4617,187.31,0.7702
4618,182.53,0.7707
4619,204.49,0.7991
4620,187.44,0.8091
4621,221.69,0.8143
4622,199.61,0.817
4623,188.82,0.8398
4624,207.79,0.8372
4625,215.44,0.6766
4626,218.49,0.5244
4627,3.14,0.5189
4628,2.65,0.4472
4629,201.02,0.3916
4630,127.7,0.544
4631,150.46,0.6973
4632,189.62,0.6885
4633,190.13,0.7385
4634,190.32,0.8042
4635,188.88,0.8251
4636,230.77,0.8028
4637,215.18,0.7687
4638,162.86,0.7655
4639,148.64,0.7422
4640,184.91,0.7363
4641,202.35,0.7702
4642,207.88,0.8154
4643,204.42,0.6667
4644,203.84,0.5035
4645,3.08,0.3355
4646,2.68,0.3114
4647,2.34,0.3196
4648,175.0,0.4953
4649,213.86,0.4957
4650,217.98,0.4962
4651,3.2,0.5227
4652,2.87,0.5172
4653,207.46,0.4961
4654,207.18,0.6605
4655,192.12,0.6595
4656,204.29,0.4918
4657,1.66,0.488
4658,2.29,0.4493
4659,202.61,0.3998
4660,144.73,0.5155
4661,143.7,0.6317
4662,143.24,0.585
4663,144.45,0.6326
4664,145.49,0.6808
4665,202.94,0.6696
4666,202.64,0.5535
4667,129.53,0.5922
4668,2.41,0.5388
4669,192.9,0.5373
4670,137.53,0.4332
4671,200.91,0.6226
4672,2.12,0.5709
4673,234.19,0.6556
4674,129.63,0.633
4675,241.08,0.7817
4676,173.34,0.7407
4677,183.98,0.7852
4678,184.01,0.746
4679,184.08,0.7106
4680,193.16,0.6653
4681,130.03,0.674
4682,128.48,0.7052
4683,194.66,0.6613
4684,222.28,0.7096
4685,139.44,0.7118
4686,189.2,0.5548
4687,131.07,0.536
4688,2.6,0.5826
4689,199.3,0.5921
4690,196.53,0.4869
4691,200.78,0.6071
4692,2.38,0.604
4693,149.6,0.5966
4694,195.56,0.5876
4695,187.42,0.7263
4696,189.79,0.7438
4697,172.13,0.73
4698,171.01,0.735
4699,178.65,0.7706
4700,193.47,0.7647
4701,233.42,0.7778
4702,164.81,0.7428
4703,187.04,0.7113
4704,135.88,0.6561
4705,154.92,0.657
4706,165.9,0.6171
4707,165.91,0.5078
4708,138.29,0.5288
4709,2.14,0.5091
4710,180.61,0.4843
4711,141.74,0.3739
4712,135.66,0.5373
4713,3.15,0.5493
4714,202.02,0.6257
4715,195.37,0.707
4716,235.17,0.8762
4717,235.16,0.7149
4718,210.06,0.7248
4719,4.79,0.7125
4720,207.44,0.6742
4721,220.06,0.6567
4722,188.4,0.8069
4723,188.63,0.7805
4724,188.52,0.7803
4725,175.12,0.7909
4726,219.83,0.6389
4727,201.4,0.487
4728,2.66,0.5002
4729,2.7,0.4851
4730,191.31,0.477
4731,201.29,0.4759
4732,191.54,0.6252
4733,1.3,0.6201
4734,185.36,0.6068
4735,185.05,0.6015
4736,185.04,0.7617
4737,185.04,0.7596
4738,197.26,0.7871
4739,182.81,0.8013
4740,218.6,0.8269
4741,202.5,0.8426
4742,216.38,0.8832
4743,216.46,0.8796
4744,232.5,0.9127
4745,214.1,0.9377
4746,243.08,0.9059
4747,246.92,0.7177
4748,177.52,0.7457
4749,2.33,0.6686
4750,248.31,0.5862
4751,148.74,0.4436
4752,146.18,0.4439
4753,3.04,0.4056
4754,2.68,0.4243
4755,201.55,0.4694
4756,171.59,0.64
4757,201.33,0.8295
4758,211.7,0.7758
4759,234.57,0.7987
4760,135.85,0.7611
4761,199.58,0.7084
4762,155.38,0.6444
4763,147.18,0.652
4764,156.25,0.6145
4765,145.2,0.6216
4766,153.68,0.6352
4767,164.03,0.5087
4768,163.88,0.551
4769,1.44,0.5236
4770,197.0,0.4881
4771,120.13,0.3553
4772,120.65,0.4474
4773,1.42,0.4355
4774,114.09,0.4569
4775,182.4,0.4718
4776,146.28,0.5805
4777,138.88,0.602
4778,134.43,0.5673
4779,140.38,0.5509
4780,139.99,0.5429
4781,126.19,0.5994
4782,129.06,0.5916
4783,203.63,0.5926
4784,130.81,0.6475
4785,141.22,0.7168
4786,193.31,0.7029
4787,213.8,0.755
4788,186.74,0.6412
4789,194.46,0.5974
4790,2.03,0.5827
4791,139.79,0.5453
4792,195.77,0.3884
4793,140.93,0.5781
4794,2.52,0.6178
4795,234.16,0.6112
4796,188.3,0.6564
4797,187.74,0.8184
4798,196.23,0.6287
4799,200.7,0.5773
4800,2.08,0.5345
4801,125.45,0.5405
4802,135.35,0.5172
4803,203.59,0.6489
4804,172.16,0.5484
4805,163.2,0.4408
4806,2.5,0.3863
4807,3.73,0.3517
4808,136.94,0.3569
4809,129.79,0.3567
4810,169.64,0.4814
4811,2.18,0.5385
4812,156.26,0.4336
4813,206.82,0.4446
4814,1.53,0.6204
4815,183.09,0.6702
4816,217.17,0.6578
4817,217.22,0.8131
4818,191.58,0.7164
4819,191.54,0.6998
4820,64.78,0.6784
4821,196.86,0.6747
4822,191.13,0.6782
4823,187.06,0.7851
4824,195.71,0.7357
4825,195.58,0.7612
4826,136.43,0.7727
4827,222.4,0.7472
4828,201.1,0.5888
4829,164.46,0.4789
4830,1.91,0.4891
4831,1.96,0.4891
4832,234.79,0.5251
4833,201.14,0.525
4834,208.56,0.6907
4835,1.69,0.6599
4836,204.71,0.6569
4837,197.17,0.652
4838,197.4,0.8083
4839,202.61,0.7934
4840,192.84,0.807
4841,186.56,0.8139
4842,213.8,0.8162
4843,205.82,0.8241
4844,205.45,0.8371
4845,202.42,0.8258
4846,202.45,0.7733
4847,200.07,0.7132
4848,141.54,0.7064
4849,131.93,0.5422
4850,194.07,0.4447
4851,1.65,0.4926
4852,80.72,0.5569
4853,200.17,0.3994
4854,210.55,0.3991
4855,1.46,0.4482
4856,1.21,0.4411
4857,140.88,0.4253
4858,191.39,0.5731
4859,191.24,0.5739
4860,182.26,0.5664
4861,2.29,0.5958
4862,131.59,0.5861
4863,227.36,0.5841
4864,179.44,0.7681
4865,179.83,0.8076
4866,227.33,0.769
4867,179.96,0.7327
4868,180.16,0.6963
4869,135.06,0.6502
4870,135.28,0.6776
4871,170.92,0.7039
4872,213.47,0.7354
4873,212.32,0.6261
4874,173.63,0.4881
4875,1.55,0.4243
4876,2.1,0.3911
4877,135.34,0.4293
4878,171.8,0.5887
4879,220.28,0.5884
4880,196.55,0.4789
4881,1.82,0.3405
4882,1.35,0.1615
4883,2.44,0.1634
4884,1.3,0.3039
4885,198.94,0.3452
4886,173.65,0.3452
4887,51.96,0.5232
4888,2.43,0.4696
4889,219.01,0.4424
4890,133.36,0.4014
4891,140.35,0.5051
4892,1.82,0.4944
4893,129.28,0.5504
4894,205.88,0.4371
4895,201.98,0.5246
4896,1.7,0.6032
4897,108.9,0.5827
4898,225.35,0.5352
4899,180.83,0.6952
4900,143.94,0.7674
4901,197.45,0.7291
4902,197.18,0.7127
4903,178.47,0.7467
4904,160.72,0.6952
4905,185.64,0.6923
4906,134.37,0.7195
4907,193.71,0.7608
4908,211.65,0.7788
4909,211.28,0.8266
4910,207.7,0.6694
4911,192.8,0.6777
4912,1.45,0.6203
4913,221.75,0.5619
4914,141.12,0.4059
4915,136.16,0.5864
4916,2.04,0.519
4917,222.21,0.5174
4918,139.35,0.5268
4919,139.17,0.6455
4920,147.61,0.6428
4921,147.21,0.6966
4922,218.92,0.7343
4923,205.2,0.7625
4924,185.32,0.8246
4925,182.04,0.8066
4926,223.26,0.8058
4927,196.88,0.724
4928,204.2,0.6798
4929,85.3,0.6069
4930,127.93,0.447
4931,134.01,0.2816
4932,1.32,0.3185
4933,1.82,0.3831
4934,130.43,0.4395
4935,206.98,0.4398
4936,203.02,0.6163
4937,1.73,0.6841
4938,217.67,0.6914
4939,213.41,0.702
4940,215.94,0.8802
4941,215.94,0.8587
4942,219.81,0.8355
4943,191.37,0.7745
4944,184.92,0.7529
4945,141.39,0.69
4946,189.44,0.6373
4947,142.94,0.6363
4948,126.84,0.6718
4949,183.79,0.6798
4950,184.79,0.7229
4951,199.23,0.6205
4952,195.65,0.6127
4953,1.57,0.6282
4954,174.25,0.6191
4955,203.7,0.4607
4956,188.14,0.6247
4957,1.85,0.6481
4958,202.24,0.6472
4959,202.92,0.6448
4960,202.58,0.7923
4961,185.2,0.7373
4962,182.22,0.6818
4963,135.0,0.6726
4964,135.06,0.704
4965,191.33,0.7076
4966,223.52,0.7904
4967,186.62,0.8551
4968,236.27,0.8733
4969,214.26,0.8715
4970,213.61,0.8774
4971,221.33,0.8547
4972,193.85,0.866
4973,208.42,0.808
4974,228.14,0.78
4975,142.66,0.6238
4976,187.03,0.4554
4977,2.74,0.431
4978,2.46,0.4876
4979,198.34,0.4958
4980,211.91,0.6754
4981,196.96,0.7796
4982,222.56,0.6189
4983,129.89,0.6333
4984,1.75,0.6521
4985,229.54,0.6251
4986,219.89,0.6524
4987,189.51,0.7979
4988,163.37,0.757
4989,179.72,0.7713
4990,179.56,0.7861
4991,237.31,0.6537
4992,207.68,0.5078
4993,1.33,0.5265
4994,1.33,0.4981
4995,202.41,0.4708
4996,202.53,0.471
4997,174.29,0.6163
4998,1.56,0.5606
4999,179.03,0.5671
5000,134.38,0.5729
5001,210.48,0.7113
5002,181.36,0.5676
5003,170.9,0.6524
5004,3.13,0.663
5005,238.12,0.6865
5006,223.5,0.7086
5007,210.06,0.8921
5008,197.95,0.8461
5009,227.7,0.8397
5010,181.74,0.8496
5011,215.73,0.877
5012,222.18,0.6933
5013,231.45,0.5469
5014,3.03,0.542
5015,2.64,0.5116
5016,209.63,0.4296
5017,185.07,0.5604
5018,131.08,0.7475
5019,163.02,0.7361
5020,231.53,0.7457
5021,195.71,0.7917
5022,196.88,0.8116
5023,187.28,0.7315
5024,187.37,0.7156
5025,133.62,0.7174
5026,176.19,0.5654
5027,199.06,0.4137
5028,1.41,0.4682
5029,1.82,0.4741
5030,200.21,0.4617
5031,183.36,0.6109
5032,183.89,0.611
5033,183.96,0.6232
5034,2.01,0.622
5035,215.04,0.6405
5036,181.99,0.4912
5037,206.53,0.4907
5038,1.32,0.474
5039,1.37,0.4848
5040,194.6,0.4799
5041,195.19,0.5856
5042,200.54,0.5857
5043,130.64,0.4279
5044,1.54,0.4331
5045,1.56,0.3796
5046,201.55,0.4495
5047,135.05,0.6083
5048,216.07,0.7673
5049,195.9,0.7629
5050,196.04,0.8152
5051,196.13,0.8176
5052,199.07,0.8096
5053,218.98,0.6512
5054,186.06,0.6906
5055,2.31,0.6856
5056,244.32,0.6764
5057,192.97,0.5267
5058,207.72,0.7285
5059,2.94,0.6737
5060,249.23,0.7057
5061,177.22,0.7187
5062,232.16,0.8879
5063,223.59,0.7875
5064,209.88,0.7898
5065,126.44,0.7574
5066,180.03,0.7357
5067,192.52,0.7251
5068,197.04,0.7926
5069,196.96,0.7875
5070,208.95,0.7589
5071,173.86,0.7051
5072,157.55,0.6772
5073,131.23,0.6096
5074,162.76,0.6258
5075,126.25,0.6495
5076,193.65,0.6986
5077,186.56,0.5665
5078,191.3,0.6077
5079,1.18,0.6058
5080,176.7,0.6195
5081,191.32,0.629
5082,203.26,0.7899
5083,202.99,0.8104
5084,198.0,0.803
5085,201.8,0.7911
5086,182.27,0.8213
5087,188.59,0.8125
5088,240.05,0.8242
5089,187.2,0.8353
5090,216.11,0.7918
5091,195.84,0.7058
5092,135.42,0.7085
5093,134.79,0.5994
5094,190.51,0.4407
5095,82.6,0.4784
5096,1.75,0.5157
5097,181.51,0.5062
5098,180.5,0.4402
5099,178.87,0.5867
5100,1.86,0.6125
5101,180.89,0.6415
5102,213.1,0.6488
5103,215.99,0.8007
5104,187.75,0.7938
5105,187.79,0.7261
5106,172.42,0.5512
5107,130.29,0.5486
5108,1.97,0.5619
5109,184.6,0.5857
5110,204.01,0.6448
5111,201.57,0.8088
5112,202.54,0.8224
5113,202.59,0.8206
5114,201.3,0.6573
5115,201.81,0.4929
5116,1.84,0.4756
5117,1.32,0.4587
5118,181.54,0.4681
5119,180.58,0.6088
5120,213.34,0.7572
5121,173.97,0.7246
5122,182.86,0.7154
5123,141.65,0.7046
5124,169.26,0.7185
5125,200.17,0.6735
5126,190.96,0.5596
5127,127.85,0.5287
5128,2.3,0.5332
5129,131.46,0.5503
5130,205.62,0.5948
5131,211.97,0.7525
5132,182.22,0.7501
5133,195.2,0.7562
5134,128.5,0.5844
5135,213.08,0.6114
5136,1.88,0.6357
5137,215.27,0.7148
5138,224.85,0.542
5139,225.3,0.5422
5140,1.7,0.5291
5141,2.05,0.508
5142,199.27,0.4867
5143,199.06,0.6482
5144,199.31,0.8145
5145,199.18,0.8345
5146,205.56,0.8499
5147,223.68,0.8546
5148,217.89,0.8598
5149,205.15,0.8599
5150,205.43,0.8456
5151,205.71,0.6685
5152,206.19,0.5023
5153,1.3,0.3356
5154,1.79,0.1684
5155,1.49,0.0012
5156,1.16,0.1677
5157,1.7,0.3328
5158,204.96,0.4958
5159,203.82,0.4962
5160,200.89,0.5513
5161,1.6,0.5475
5162,69.1,0.5446
5163,200.3,0.5496
5164,200.31,0.5497
5165,207.03,0.4941
5166,1.64,0.4948
5167,1.17,0.5232
5168,201.06,0.5327
5169,235.12,0.64
5170,218.59,0.7497
5171,132.96,0.6962
5172,135.32,0.6155
5173,135.62,0.6282
5174,136.42,0.6779
5175,234.18,0.5683
5176,193.66,0.6302
5177,1.23,0.6721
5178,211.44,0.6363
5179,187.67,0.4794
5180,190.29,0.6675
5181,1.76,0.6488
5182,231.35,0.6591
5183,188.56,0.6665
5184,200.26,0.8278
5185,199.33,0.7888
5186,199.17,0.8125
5187,183.63,0.6509
5188,217.46,0.6543
5189,2.6,0.6666
5190,203.54,0.6608
5191,214.22,0.6529
5192,176.54,0.7629
5193,207.79,0.7267
5194,137.13,0.721
5195,159.3,0.758
5196,207.18,0.5892
5197,221.77,0.6441
5198,1.34,0.6812
5199,204.32,0.6725
5200,204.68,0.4926
5201,196.51,0.6633
5202,1.68,0.655
5203,210.24,0.6333
5204,194.16,0.6372
5205,178.04,0.7871
5206,201.35,0.7682
5207,185.07,0.776
5208,187.08,0.7971
5209,203.74,0.8047
5210,203.83,0.825
5211,210.64,0.776
5212,209.9,0.7704
5213,127.13,0.7498
5214,196.94,0.7287
5215,178.64,0.5581
5216,184.78,0.4556
5217,1.24,0.3996
5218,1.67,0.4094
5219,128.46,0.4443
5220,190.64,0.4448
5221,227.46,0.5485
5222,1.81,0.5517
5223,128.56,0.5046
5224,132.36,0.4182
5225,133.03,0.5254
5226,121.72,0.531
5227,133.02,0.5294
5228,135.37,0.5897
5229,130.48,0.6593
5230,206.7,0.7258
5231,206.91,0.7796
5232,214.41,0.8361
5233,201.2,0.8323
5234,199.51,0.8464
5235,202.04,0.8325
5236,224.22,0.6695
5237,197.45,0.5802
5238,1.74,0.5942
5239,90.28,0.5301
5240,219.15,0.4023
5241,145.76,0.4021
5242,41.11,0.4898
5243,1.48,0.4723
5244,197.65,0.5263
5245,197.71,0.6262
5246,211.86,0.8054
5247,163.32,0.6463
5248,220.68,0.643
5249,2.96,0.5869
5250,193.73,0.6117
5251,143.23,0.6047
5252,193.6,0.7681
5253,212.2,0.7685
5254,202.88,0.6532
5255,194.14,0.4963
5256,2.15,0.3238
5257,1.7,0.3419
5258,1.2,0.3391
5259,224.95,0.4926
5260,190.78,0.4925
5261,189.95,0.4926
5262,1.57,0.4843
5263,1.27,0.4974
5264,214.78,0.5097
5265,206.83,0.678
5266,205.02,0.6795
5267,207.46,0.5057
5268,3.14,0.5013
5269,2.09,0.4861
5270,201.52,0.5047
5271,186.33,0.6695
5272,230.27,0.8656
5273,204.76,0.8646
5274,242.01,0.8229
5275,200.3,0.7938
5276,135.25,0.7788
5277,194.72,0.5831
5278,186.35,0.5945
5279,2.68,0.6372
5280,214.25,0.6405
5281,187.5,0.49
5282,198.74,0.6593
5283,2.21,0.6558
5284,209.81,0.6018
5285,209.88,0.5381
5286,121.45,0.709
5287,120.93,0.7119
5288,211.27,0.724
5289,213.33,0.8141
5290,224.67,0.8788
5291,231.68,0.822
5292,200.09,0.8047
5293,141.72,0.7375
5294,192.15,0.7166
5295,142.48,0.5544
5296,206.11,0.4405
5297,1.72,0.2853
5298,2.31,0.2702
5299,2.28,0.2509
5300,124.09,0.4246
5301,182.41,0.4242
5302,214.22,0.6048
5303,1.83,0.6487
5304,223.24,0.6806
5305,177.82,0.6862
5306,221.44,0.8649
5307,221.02,0.8642
5308,220.5,0.9229
5309,222.36,0.9471
5310,249.68,0.9414
5311,250.97,0.9163
5312,214.13,0.8902
5313,189.8,0.8592
5314,190.41,0.8202
5315,211.76,0.7995
5316,203.25,0.8354
5317,188.72,0.7226
5318,233.74,0.552
5319,52.5,0.5537
5320,2.95,0.5801
5321,205.35,0.5506
5322,221.11,0.5109
5323,197.54,0.689
5324,4.02,0.6712
5325,220.82,0.6584
5326,183.49,0.6499
5327,205.5,0.8146
5328,187.18,0.8184
5329,205.5,0.8073
5330,225.4,0.7994
5331,169.9,0.8098
5332,195.86,0.8052
5333,199.95,0.7845
5334,199.82,0.7603
5335,200.16,0.7161
5336,140.28,0.6762
5337,141.7,0.6368
5338,151.21,0.4752
5339,151.56,0.5487
5340,2.5,0.5351
5341,230.24,0.5847
5342,125.03,0.4636
5343,211.93,0.6226
5344,3.37,0.5754
5345,197.04,0.5819
5346,172.46,0.5852
5347,132.94,0.7113
5348,215.97,0.6624
5349,157.68,0.6914
5350,137.25,0.7615
5351,207.9,0.727
5352,218.74,0.7728
5353,173.68,0.8328
5354,213.81,0.835
5355,210.63,0.8284
5356,210.61,0.8432
5357,210.6,0.8253
5358,191.76,0.8463
5359,191.95,0.824
5360,236.31,0.7695
5361,183.41,0.7723
5362,143.87,0.6166
5363,195.15,0.4246
5364,1.44,0.3806
5365,1.5,0.4148
5366,129.62,0.4298
5367,185.61,0.6078
5368,213.6,0.7564
5369,219.12,0.757
5370,183.34,0.7495
5371,130.35,0.7127
5372,176.4,0.6392
5373,168.65,0.5979
5374,129.13,0.6014
5375,132.78,0.568
5376,134.73,0.5407
5377,135.51,0.5454
5378,135.29,0.5503
5379,134.89,0.4418
5380,138.68,0.5131
5381,2.08,0.5576
5382,222.65,0.6112
5383,189.8,0.5973
5384,200.39,0.7574
5385,121.72,0.7359
5386,197.91,0.7581
5387,196.34,0.7546
5388,217.04,0.8165
5389,196.04,0.6559
5390,197.49,0.6135
5391,1.36,0.6037
5392,144.5,0.6332
5393,205.09,0.4728
5394,232.07,0.6668
5395,1.25,0.7172
5396,238.79,0.7295
5397,206.09,0.5419
5398,220.11,0.543
5399,2.57,0.3496
5400,2.66,0.1828
5401,2.15,0.1698
5402,2.04,0.3514
5403,204.28,0.4535
5404,224.67,0.6317
5405,127.52,0.806
5406,220.14,0.7892
5407,215.36,0.7558
5408,183.72,0.8022
5409,183.84,0.7885
5410,184.22,0.798
5411,203.4,0.824
5412,226.93,0.7891
5413,215.59,0.7489
5414,141.2,0.7477
5415,134.95,0.6704
5416,202.0,0.6866
5417,132.34,0.7471
5418,235.37,0.8056
5419,215.2,0.798
5420,206.56,0.6912
5421,192.71,0.6998
5422,1.61,0.7053
5423,245.93,0.6923
5424,221.92,0.5362
5425,190.64,0.6959
5426,1.8,0.6642
5427,197.02,0.6535
5428,207.15,0.6621
5429,208.72,0.7887
5430,201.15,0.7383
5431,156.78,0.7415
5432,135.34,0.7439
5433,211.05,0.7512
5434,211.62,0.7946
5435,210.14,0.8425
5436,209.84,0.8317
5437,193.98,0.8132
5438,197.81,0.7937
5439,188.98,0.7688
5440,186.26,0.6116
5441,179.4,0.6214
5442,1.71,0.6234
5443,209.73,0.6541
5444,191.5,0.5089
5445,223.79,0.6706
5446,1.8,0.6177
5447,199.43,0.6165
5448,145.04,0.5889
5449,190.1,0.7522
5450,189.97,0.7553
5451,201.59,0.8034
5452,203.26,0.6499
5453,203.83,0.4959
5454,2.29,0.4941
5455,1.62,0.495
5456,199.42,0.4897
5457,204.34,0.6769
5458,197.29,0.8331
5459,231.33,0.8378
5460,192.68,0.7771
5461,205.23,0.7591
5462,130.04,0.7178
5463,175.24,0.66
5464,180.88,0.4938
5465,121.94,0.3888
5466,1.86,0.3431
5467,1.62,0.3537
5468,119.31,0.3911
5469,193.9,0.5425
5470,167.7,0.7108
5471,187.03,0.7787
5472,207.5,0.7671
5473,202.44,0.7425
5474,179.74,0.7403
5475,137.58,0.7204
5476,184.26,0.6561
5477,183.24,0.6106
5478,123.79,0.6471
5479,124.01,0.6429
5480,182.24,0.6636
5481,179.16,0.5635
5482,208.52,0.6302
5483,1.4,0.6358
5484,205.53,0.628
5485,189.15,0.4588
5486,169.65,0.5648
5487,1.53,0.5055
5488,130.99,0.5161
5489,133.06,0.5288
5490,202.12,0.6892
5491,185.14,0.7477
5492,197.8,0.8105
5493,202.55,0.8165
5494,209.8,0.8222
5495,209.46,0.8214
5496,192.21,0.8171
5497,196.81,0.7563
5498,197.19,0.7044
5499,135.51,0.7026
5500,145.9,0.6942
5501,189.99,0.5341
5502,186.64,0.425
5503,1.33,0.4701
5504,1.99,0.4588
5505,201.04,0.4566
5506,176.26,0.6529
5507,183.87,0.8145
5508,241.53,0.8135
5509,199.7,0.7806
5510,199.77,0.7932
5511,136.07,0.7094
5512,199.23,0.5478
5513,138.96,0.5033
5514,2.04,0.5613
5515,145.4,0.4003
5516,206.95,0.4039
5517,2.27,0.5522
5518,143.39,0.58
5519,183.49,0.4126
5520,179.36,0.412
5521,2.12,0.297
5522,1.55,0.3489
5523,2.71,0.3667
5524,246.99,0.4748
5525,201.13,0.4757
5526,134.37,0.4751
5527,2.68,0.4328
5528,1.96,0.4326
5529,195.21,0.4405
5530,200.94,0.5486
5531,144.0,0.6662
5532,134.98,0.6167
5533,145.76,0.639
5534,134.67,0.6318
5535,228.27,0.6792
5536,135.19,0.6809
5537,192.96,0.6781
5538,147.86,0.4931
5539,131.2,0.4974
5540,1.98,0.5053
5541,140.37,0.4885
5542,202.69,0.3834
5543,127.29,0.5602
5544,2.6,0.624
5545,218.35,0.6334
5546,218.39,0.5312
5547,214.17,0.531
5548,2.24,0.4634
5549,2.44,0.4048
5550,135.58,0.3982
5551,146.7,0.5552
5552,206.16,0.5551
5553,194.3,0.4457
5554,2.25,0.4383
5555,1.74,0.4293
5556,137.7,0.3941
5557,195.15,0.5212
5558,151.22,0.6344
5559,157.78,0.5234
5560,140.15,0.541
5561,1.97,0.5588
5562,216.58,0.432
5563,173.11,0.4222
5564,2.6,0.564
5565,128.15,0.5306
5566,175.51,0.3905
5567,175.68,0.5722
5568,1.67,0.5808
5569,224.9,0.5548
5570,138.72,0.5401
5571,143.71,0.6674
5572,157.65,0.5975
5573,157.43,0.6157
5574,139.32,0.6696
5575,161.08,0.6951
5576,209.67,0.7048
5577,188.81,0.7294
5578,169.3,0.7982
5579,169.33,0.8272
5580,245.28,0.784
5581,245.17,0.8042
5582,135.97,0.8056
5583,194.02,0.6068
5584,171.02,0.5153
5585,2.07,0.5129
5586,133.2,0.4659
5587,133.05,0.3279
5588,136.5,0.4901
5589,2.25,0.5319
5590,200.49,0.6143
5591,184.3,0.6938
5592,233.93,0.8563
5593,233.75,0.8647
5594,200.97,0.8999
5595,210.84,0.8914
5596,227.31,0.8638
5597,223.56,0.8645
5598,199.93,0.8525
5599,201.82,0.8587
5600,196.26,0.8522
5601,234.79,0.8531
5602,215.68,0.6907
5603,201.0,0.5318
5604,3.2,0.5176
5605,1.85,0.5125
5606,217.42,0.5396
5607,209.48,0.5398
5608,234.09,0.7125
5609,3.47,0.7292
5610,213.09,0.7523
5611,237.83,0.755
5612,237.76,0.9211
5613,237.44,0.9363
5614,206.68,0.9366
5615,231.6,0.7448
5616,238.26,0.6133
5617,3.11,0.5555
5618,76.5,0.4742
5619,135.96,0.4204
5620,132.18,0.5484
5621,172.51,0.6017
5622,159.63,0.607
5623,141.73,0.5006
5624,142.44,0.3662
5625,2.07,0.3416
5626,8.1,0.3323
5627,129.47,0.2684
5628,130.35,0.2686
5629,64.3,0.3733
5630,2.26,0.3783
5631,136.18,0.3827
5632,135.68,0.4375
5633,135.74,0.5474
5634,131.28,0.4373
5635,136.74,0.4355
5636,1.49,0.4329
5637,133.44,0.438
5638,132.62,0.4382
5639,137.5,0.6349
5640,137.01,0.5277
5641,242.09,0.5835
5642,2.25,0.6518
5643,200.91,0.7025
5644,221.04,0.5059
5645,199.1,0.6818
5646,1.5,0.6565
5647,217.51,0.4772
5648,169.9,0.3156
5649,1.66,0.4175
5650,1.49,0.41
5651,126.18,0.4407
5652,208.32,0.6176
5653,207.47,0.7282
5654,218.02,0.7745
5655,136.79,0.7404
5656,182.81,0.7323
5657,166.62,0.7154
5658,197.54,0.7436
5659,197.38,0.7817
5660,171.2,0.8329
5661,229.45,0.861
5662,229.31,0.8117
5663,231.86,0.8228
5664,137.04,0.6365
5665,184.84,0.6112
5666,1.55,0.5796
5667,198.4,0.6254
5668,193.14,0.4763
5669,193.1,0.6732
5670,2.38,0.6192
5671,242.53,0.6268
5672,132.29,0.6389
5673,202.43,0.8161
5674,207.88,0.619
5675,219.21,0.5124
5676,1.35,0.513
5677,1.85,0.5158
5678,203.23,0.5101
5679,211.24,0.6826
5680,212.32,0.8547
5681,212.32,0.8622
5682,212.42,0.8636
5683,212.46,0.6916
5684,212.88,0.5194
5685,1.9,0.3472
5686,1.72,0.3185
5687,1.75,0.2844
5688,177.37,0.436
5689,171.05,0.4358
5690,187.36,0.5908
5691,1.5,0.5788
5692,191.37,0.5973
5693,162.72,0.6025
5694,193.74,0.7098
5695,193.69,0.7131
5696,132.77,0.7696
5697,195.32,0.7906
5698,231.86,0.7882
5699,219.44,0.8459
5700,190.77,0.843
5701,203.35,0.8204
5702,191.75,0.8081
5703,204.27,0.8191
5704,204.33,0.7435
5705,204.31,0.5888
5706,110.86,0.5806
5707,2.5,0.5828
5708,194.24,0.5926
5709,207.04,0.5039
5710,216.25,0.6625
5711,2.35,0.6623
5712,196.54,0.6515
5713,194.0,0.5802
5714,193.8,0.6833
5715,129.02,0.6912
5716,128.53,0.6983
5717,206.21,0.5421
5718,202.66,0.4393
5719,2.66,0.4857
5720,3.25,0.4852
5721,185.38,0.5243
5722,205.6,0.6971
5723,250.49,0.8695
5724,213.97,0.8314
5725,214.12,0.6656
5726,138.79,0.4626
5727,2.75,0.4541
5728,2.27,0.4584
5729,203.48,0.5242
5730,219.42,0.5238
5731,219.28,0.6937
5732,2.3,0.6995
5733,210.13,0.7075
5734,210.48,0.6959
5735,229.27,0.6962
5736,205.11,0.6253
5737,2.59,0.6461
5738,123.48,0.6378
5739,235.84,0.6426
5740,219.22,0.7927
5741,210.88,0.8446
5742,186.22,0.8039
5743,186.95,0.7977
5744,186.09,0.7984
5745,211.6,0.7931
5746,211.74,0.8241
5747,179.77,0.8208
5748,224.9,0.8273
5749,182.04,0.6555
5750,219.55,0.5102
5751,1.53,0.5121
5752,2.09,0.5214
5753,227.19,0.4998
5754,193.38,0.6567
5755,193.22,0.8102
5756,193.4,0.626
5757,189.83,0.4699
5758,1.9,0.3138
5759,2.47,0.3073
5760,2.25,0.3278
5761,185.38,0.49
5762,214.96,0.652
5763,200.36,0.8336
5764,200.55,0.8783
5765,224.49,0.8084
5766,240.07,0.6465
5767,129.37,0.6843
5768,2.28,0.6679
5769,246.87,0.63
5770,204.39,0.5267
5771,193.73,0.6774
5772,3.04,0.585
5773,186.54,0.6101
5774,133.89,0.5765
5775,235.09,0.747
5776,152.59,0.5966
5777,211.7,0.4891
5778,2.53,0.4688
5779,2.36,0.5014
5780,210.2,0.4927
5781,192.54,0.6473
5782,201.04,0.8103
5783,191.66,0.7959
5784,201.79,0.8189
5785,192.6,0.8207
5786,220.62,0.6659
5787,203.23,0.503
5788,2.29,0.4967
5789,2.54,0.4672
5790,184.9,0.4684
5791,184.54,0.6201
5792,204.66,0.7804
5793,187.9,0.7914
5794,198.58,0.7967
5795,198.46,0.7851
5796,190.97,0.7961
5797,190.53,0.7412
5798,201.27,0.7846
5799,131.46,0.6301
5800,251.52,0.6477
5801,2.05,0.6364
5802,212.03,0.6337
5803,187.38,0.5603
5804,128.18,0.6765
5805,161.73,0.6644
5806,144.24,0.5265
5807,197.22,0.4238
5808,18.7,0.4958
5809,2.5,0.4969
5810,249.75,0.5095
5811,145.68,0.4965
5812,212.6,0.5969
5813,2.78,0.5197
5814,125.36,0.5476
5815,155.31,0.5012
5816,179.74,0.6688
5817,155.84,0.7551
5818,207.84,0.8208
5819,231.0,0.6758
5820,235.66,0.5504
5821,2.31,0.3823
5822,2.42,0.1954
5823,2.28,0.1208
5824,2.38,0.2605
5825,144.34,0.4001
5826,173.22,0.5652
5827,173.2,0.5654
5828,204.17,0.5831
5829,2.72,0.5721
5830,165.93,0.5359
5831,159.76,0.3707
5832,128.99,0.5473
5833,2.06,0.5175
5834,218.71,0.4966
5835,129.48,0.509
5836,134.26,0.6262
5837,144.16,0.5853
5838,145.35,0.6044
5839,168.72,0.6035
5840,152.82,0.597
5841,133.11,0.5784
5842,136.25,0.6197
5843,122.61,0.6736
5844,219.2,0.6646
5845,218.74,0.7325
5846,122.11,0.7851
5847,219.31,0.7955
5848,187.04,0.737
5849,231.86,0.7623
5850,147.25,0.7494
5851,153.08,0.5977
5852,203.43,0.4097
5853,1.49,0.4545
5854,1.84,0.4679
5855,202.04,0.4599
5856,169.59,0.5994
5857,193.54,0.7672
5858,172.15,0.6034
5859,207.18,0.6295
5860,1.65,0.6441
5861,201.54,0.6762
5862,211.36,0.6581
5863,211.45,0.808
5864,184.98,0.7943
5865,185.0,0.7776
5866,184.84,0.7727
5867,190.9,0.7589
5868,205.43,0.6093
5869,168.13,0.6246
5870,1.96,0.6446
5871,203.55,0.6229
5872,215.4,0.4871
5873,178.98,0.6658
5874,1.96,0.6718
5875,220.54,0.6673
5876,210.85,0.6924
5877,209.9,0.8708
5878,209.79,0.8031
5879,220.1,0.732
5880,137.75,0.7439
5881,123.84,0.7515
5882,224.55,0.7405
5883,219.06,0.7335
5884,206.67,0.8033
5885,129.08,0.7429
5886,209.28,0.5661
5887,150.67,0.3985
5888,2.77,0.2941
5889,1.64,0.124
5890,1.31,0.1471
5891,1.21,0.2912
5892,178.98,0.4461
5893,179.04,0.5951
5894,191.14,0.7161
5895,183.62,0.6921
5896,149.16,0.6592
5897,149.64,0.615
5898,138.78,0.6108
5899,137.07,0.4899
5900,178.55,0.4873
5901,1.26,0.4838
5902,146.44,0.521
5903,134.52,0.5242
5904,182.55,0.7028
5905,182.47,0.5857
5906,219.74,0.6365
5907,3.18,0.6474
5908,196.63,0.6566
5909,195.94,0.4782
5910,193.72,0.6428
5911,1.46,0.6618
5912,204.54,0.5042
5913,219.86,0.3484
5914,3.21,0.5018
5915,3.1,0.516
5916,189.09,0.4879
5917,221.88,0.6723
5918,185.58,0.8662
5919,228.73,0.7142
5920,240.34,0.711
5921,3.16,0.7012
5922,217.86,0.6563
5923,173.64,0.5919
5924,173.78,0.7035
5925,161.65,0.6587
5926,139.6,0.6703
5927,163.07,0.6324
5928,187.8,0.7035
5929,127.43,0.5906
5930,248.59,0.6179
5931,1.54,0.6258
5932,196.46,0.6947
5933,197.5,0.4936
5934,211.69,0.4944
5935,2.62,0.4862
5936,2.45,0.4773
5937,186.47,0.4568
5938,186.55,0.6168
5939,186.66,0.7763
5940,198.39,0.7858
5941,197.5,0.7366
5942,198.12,0.693
5943,126.36,0.674
5944,133.28,0.6723
5945,175.24,0.6786
5946,195.41,0.678
5947,205.76,0.7092
5948,125.62,0.707
5949,171.52,0.7052
5950,172.52,0.5387
5951,193.23,0.5827
5952,2.1,0.6009
5953,179.44,0.6116
5954,193.76,0.4546
5955,185.6,0.6394
5956,1.17,0.6304
5957,228.14,0.5925
5958,168.42,0.5976
5959,147.4,0.7518
5960,191.85,0.6783
5961,189.78,0.6984
5962,138.3,0.7391
5963,192.98,0.7339
5964,197.24,0.7399
5965,185.5,0.781
5966,197.08,0.7841
5967,188.58,0.7884
5968,196.78,0.8031
5969,202.52,0.7402
5970,203.43,0.5871
5971,120.1,0.6028
5972,1.35,0.5764
5973,215.96,0.5763
5974,170.2,0.4792
5975,203.35,0.5896
5976,1.31,0.5416
5977,136.4,0.5593
5978,157.24,0.5672
5979,191.87,0.7087
5980,213.01,0.5987
5981,174.46,0.6414
5982,1.8,0.6445
5983,209.46,0.6303
5984,195.61,0.6478
5985,195.68,0.8066
5986,195.91,0.7964
5987,196.03,0.7976
5988,197.03,0.7473
5989,196.97,0.7528
5990,134.21,0.5944
5991,202.65,0.4347
5992,2.28,0.4411
5993,1.62,0.489
5994,204.83,0.4892
5995,192.76,0.589
5996,202.89,0.7397
5997,124.44,0.7269
5998,185.91,0.7308
5999,189.23,0.7196
6000,197.49,0.7725
6001,189.15,0.7697
6002,189.22,0.7873
6003,182.4,0.7945
6004,210.78,0.8195
6005,206.28,0.8698
6006,219.8,0.8806
6007,250.71,0.8232
6008,195.62,0.6561
6009,140.6,0.4781
6010,1.82,0.2745
6011,2.1,0.1162
6012,1.67,0.1549
6013,1.9,0.3251
6014,187.95,0.4015
6015,209.99,0.4013
6016,95.56,0.5686
6017,1.46,0.5838
6018,206.59,0.5633
6019,206.5,0.6452
6020,184.96,0.8154
6021,195.72,0.648
6022,209.71,0.6419
6023,1.7,0.6449
6024,199.07,0.5979
6025,188.64,0.5399
6026,138.25,0.7068
6027,138.78,0.7065
6028,205.91,0.7204
6029,198.71,0.6086
6030,205.62,0.4964
6031,1.4,0.3291
6032,1.56,0.3575
6033,1.24,0.3322
6034,233.4,0.4855
6035,174.7,0.4857
6036,189.02,0.6484
6037,1.8,0.5846
6038,200.19,0.6054
6039,155.41,0.6142
6040,200.1,0.7518
6041,199.82,0.7274
6042,170.16,0.7095
6043,170.23,0.7106
6044,133.54,0.7106
6045,201.53,0.6811
6046,199.74,0.7069
6047,134.16,0.7365
6048,201.8,0.7062
6049,169.67,0.5443
6050,164.5,0.6211
6051,1.7,0.6091
6052,228.04,0.6232
6053,187.21,0.4902
6054,186.85,0.539
6055,1.84,0.5096
6056,61.32,0.5158
6057,192.13,0.5218
6058,194.83,0.6947
6059,194.11,0.8192
6060,213.34,0.8358
6061,213.67,0.8499
6062,212.44,0.8802
6063,212.14,0.707
6064,231.17,0.5337
6065,1.48,0.3614
6066,1.61,0.348
6067,1.6,0.3192
6068,195.82,0.5101
6069,195.97,0.5099
6070,234.98,0.6603
6071,1.34,0.6602
6072,185.59,0.6597
6073,195.73,0.4693
6074,195.37,0.6384
6075,2.0,0.6585
6076,208.2,0.6704
6077,210.22,0.6825
6078,210.27,0.8527
6079,210.17,0.8426
6080,210.2,0.8755
6081,195.88,0.8821
6082,250.44,0.8797
6083,218.4,0.8772
6084,207.22,0.8863
6085,207.09,0.8509
6086,206.98,0.8371
6087,207.18,0.8363
6088,201.58,0.7537
6089,206.13,0.5858
6090,106.1,0.5225
6091,1.54,0.5256
6092,129.76,0.5166
6093,205.35,0.4313
6094,195.16,0.5473
6095,1.8,0.5971
6096,143.37,0.5885
6097,190.7,0.5874
6098,194.78,0.7418
6099,193.81,0.7368
6100,190.73,0.7294
6101,137.31,0.7233
6102,181.62,0.7301
6103,187.35,0.7388
6104,202.07,0.791
6105,201.4,0.8163
6106,201.18,0.8145
6107,212.48,0.8083
6108,185.26,0.7635
6109,194.48,0.6
6110,146.5,0.4278
6111,1.27,0.4327
6112,1.75,0.4462
6113,191.31,0.4556
6114,211.02,0.4558
6115,157.99,0.6129
6116,1.44,0.6152
6117,193.98,0.6011
6118,194.12,0.6302
6119,193.8,0.7527
6120,193.58,0.596
6121,151.25,0.5474
6122,2.36,0.5394
6123,134.66,0.5315
6124,183.94,0.567
6125,183.92,0.7318
6126,194.69,0.7615
6127,203.9,0.6134
6128,171.02,0.4642
6129,2.81,0.3061
6130,1.44,0.32
6131,1.19,0.3456
6132,220.99,0.4572
6133,202.24,0.4579
6134,139.44,0.4581
6135,2.26,0.3844
6136,1.48,0.3596
6137,130.82,0.3854
6138,171.84,0.5261
6139,171.0,0.6735
6140,174.33,0.7157
6141,181.84,0.7227
6142,182.5,0.5846
6143,180.35,0.6198
6144,2.1,0.5799
6145,217.34,0.5383
6146,133.12,0.4986
6147,131.54,0.6623
6148,131.77,0.616
6149,202.43,0.6541
6150,160.69,0.5488
6151,179.73,0.6023
6152,2.69,0.5993
6153,197.24,0.5825
6154,198.77,0.4376
6155,140.13,0.5064
6156,2.5,0.4997
6157,86.78,0.4958
6158,189.1,0.5395
6159,194.01,0.6958
6160,193.53,0.628
6161,193.72,0.4767
6162,3.77,0.4818
6163,4.11,0.5244
6164,200.18,0.5316
6165,245.7,0.7083
6166,202.53,0.8848
6167,219.87,0.8707
6168,220.1,0.8386
6169,182.85,0.812
6170,206.49,0.8013
6171,169.93,0.6235
6172,206.78,0.6425
6173,2.67,0.6419
6174,206.01,0.6784
6175,205.82,0.6757
6176,214.56,0.8353
6177,203.48,0.8166
6178,197.95,0.8058
6179,183.06,0.7921
6180,192.62,0.7929
6181,197.87,0.7831
6182,204.46,0.6349
6183,185.97,0.653
6184,1.68,0.6668
6185,214.75,0.6844
6186,214.86,0.6959
6187,225.94,0.8557
6188,200.05,0.844
6189,197.1,0.8375
6190,200.45,0.6546
6191,206.93,0.6694
6192,2.19,0.6608
6193,218.1,0.6106
6194,186.6,0.443
6195,139.13,0.6021
6196,1.81,0.555
6197,196.87,0.5333
6198,160.41,0.5275
6199,160.07,0.6338
6200,132.13,0.6357
6201,131.75,0.6102
6202,199.27,0.4806
6203,129.22,0.3741
6204,1.47,0.4111
6205,1.82,0.3927
6206,177.02,0.4659
6207,176.85,0.481
6208,218.67,0.6719
6209,19.99,0.7205
6210,235.31,0.5778
6211,236.53,0.5892
6212,2.31,0.7539
6213,232.59,0.7409
6214,221.49,0.5495
6215,219.44,0.7158
6216,2.3,0.6939
6217,205.83,0.6811
6218,205.75,0.6135
6219,205.86,0.7864
6220,136.73,0.7927
6221,213.77,0.7301
6222,213.62,0.6673
6223,129.08,0.7244
6224,129.07,0.7181
6225,206.63,0.6488
6226,205.95,0.699
6227,128.94,0.7732
6228,190.5,0.7777
6229,219.8,0.6785
6230,212.08,0.7591
6231,84.61,0.7864
6232,227.54,0.6148
6233,223.91,0.4439
6234,9.88,0.5606
6235,3.04,0.5586
6236,227.39,0.5382
6237,225.06,0.6986
6238,199.0,0.839
6239,206.02,0.6545
6240,174.8,0.6524
6241,1.77,0.6412
6242,222.42,0.6208
6243,185.38,0.6421
6244,181.03,0.812
6245,200.9,0.7662
6246,209.56,0.7507
6247,166.41,0.7552
6248,166.39,0.7406
6249,186.54,0.5713
6250,183.02,0.6219
6251,2.49,0.6555
6252,228.34,0.6758
6253,207.45,0.5282
6254,211.36,0.5282
6255,2.48,0.5076
6256,2.44,0.4911
6257,203.22,0.473
6258,187.18,0.6246
6259,189.23,0.7909
6260,187.92,0.7852
6261,205.93,0.78
6262,196.25,0.7726
6263,180.83,0.7655
6264,180.17,0.7436
6265,179.19,0.7298
6266,179.13,0.7288
6267,179.42,0.7576
6268,179.57,0.7374
6269,215.44,0.5923
6270,154.46,0.4469
6271,1.65,0.4644
6272,1.55,0.4524
6273,200.91,0.4799
6274,200.84,0.633
6275,188.02,0.7997
6276,188.97,0.8045
6277,205.51,0.8088
6278,206.75,0.8177
6279,206.07,0.8462
6280,199.02,0.6792
6281,223.83,0.6651
6282,1.18,0.6364
6283,189.42,0.6141
6284,170.96,0.5717
6285,171.84,0.6921
6286,171.96,0.7125
6287,148.42,0.7153
6288,214.39,0.7394
6289,174.38,0.77
6290,201.31,0.65
6291,209.45,0.5796
6292,1.6,0.6062
6293,128.31,0.61
6294,206.88,0.4401
6295,205.88,0.6128
6296,1.6,0.6697
6297,212.96,0.6556
6298,197.86,0.6558
6299,189.7,0.8231
6300,206.06,0.8133
6301,206.27,0.6527
6302,200.92,0.4999
6303,1.5,0.5105
6304,2.68,0.525
6305,219.07,0.5242
6306,223.97,0.5239
6307,200.05,0.6289
6308,1.1,0.6057
6309,131.09,0.5785
6310,190.75,0.4169
6311,190.69,0.5866
6312,2.28,0.619
6313,208.72,0.6247
6314,170.68,0.4697
6315,197.76,0.469
6316,1.1,0.4669
6317,1.41,0.496
6318,206.1,0.5031
6319,206.28,0.6755
6320,206.47,0.8292
6321,212.02,0.8201
6322,189.49,0.7658
6323,194.97,0.7075
6324,139.76,0.6888
6325,135.16,0.6946
6326,189.12,0.6693
6327,196.6,0.6705
6328,164.11,0.7136
6329,141.18,0.7125
6330,187.87,0.7109
6331,187.84,0.5787
6332,194.64,0.6205
6333,2.32,0.6232
6334,192.32,0.6572
6335,191.21,0.4993
6336,229.45,0.6604
6337,1.47,0.6563
6338,199.4,0.6631
6339,187.34,0.6384
6340,199.45,0.8084
6341,199.24,0.7763
6342,209.4,0.7541
6343,160.17,0.776
6344,160.16,0.78
6345,226.32,0.7643
6346,204.05,0.7971
6347,190.23,0.8299
6348,200.32,0.8226
6349,200.32,0.7655
6350,217.35,0.7137
6351,134.16,0.5513
6352,126.86,0.551
6353,1.7,0.5377
6354,199.89,0.6038
6355,201.09,0.5011
6356,215.06,0.6432
6357,1.2,0.6231
6358,175.56,0.602
6359,175.31,0.5695
6360,175.28,0.7118
6361,175.32,0.7062
6362,175.18,0.7108
6363,168.8,0.7489
6364,180.85,0.7921
6365,221.94,0.8103
6366,228.21,0.7989
6367,197.42,0.765
6368,154.89,0.7557
6369,139.27,0.6739
6370,210.57,0.6437
6371,128.24,0.518
6372,160.46,0.4055
6373,1.1,0.4018
6374,1.58,0.4658
6375,206.08,0.4462
6376,206.55,0.5489
6377,136.5,0.714
6378,126.68,0.6976
6379,203.63,0.6805
6380,186.0,0.748
6381,185.59,0.803
6382,219.09,0.6375
6383,193.94,0.6104
6384,1.21,0.6435
6385,152.79,0.6365
6386,226.09,0.6349
6387,210.58,0.8214
6388,191.94,0.8527
6389,229.35,0.8402
6390,191.14,0.8277
6391,210.71,0.672
6392,195.28,0.4858
6393,1.54,0.5029
6394,1.5,0.5113
6395,212.08,0.4999
6396,221.06,0.5003
6397,181.28,0.667
6398,2.02,0.6619
6399,205.52,0.6493
6400,205.76,0.6734
6401,205.7,0.7833
6402,210.74,0.7727
6403,136.49,0.7616
6404,192.49,0.5952
6405,192.15,0.6002
6406,2.17,0.6426
6407,216.85,0.6712
6408,188.33,0.6625
6409,227.57,0.7743
6410,181.54,0.7104
6411,138.83,0.6698
6412,138.79,0.4856
6413,138.63,0.5305
6414,2.22,0.5552
6415,236.48,0.5966
6416,168.99,0.485
6417,189.4,0.4849
6418,2.16,0.4675
6419,2.15,0.4923
6420,215.13,0.5135
6421,199.35,0.6877
6422,215.36,0.8431
6423,215.26,0.8244
6424,192.21,0.7793
6425,192.23,0.7307
6426,144.2,0.7158
6427,155.94,0.6882
6428,196.99,0.6607
6429,158.43,0.7123
6430,158.64,0.7587
6431,207.26,0.7767
6432,212.8,0.808
6433,219.01,0.8564
6434,196.67,0.8785
6435,217.86,0.8888
6436,234.33,0.7115
6437,225.32,0.6821
6438,2.2,0.6567
6439,160.64,0.6413
6440,186.82,0.6337
6441,215.53,0.8087
6442,215.93,0.8578
6443,216.29,0.859
6444,220.74,0.8476
6445,188.31,0.7869
6446,201.6,0.7641
6447,141.69,0.7376
6448,188.37,0.7382
6449,188.35,0.6936
6450,189.0,0.6829
6451,147.08,0.6341
6452,128.51,0.5818
6453,128.71,0.429
6454,124.43,0.4726
6455,2.0,0.4809
6456,200.49,0.5397
6457,138.6,0.4393
6458,200.69,0.6075
6459,1.6,0.6011
6460,207.69,0.6561
6461,192.68,0.6775
6462,205.88,0.8488
6463,226.92,0.8548
6464,211.15,0.8929
6465,215.0,0.918
6466,239.37,0.894
6467,236.49,0.8851
6468,197.56,0.8799
6469,200.31,0.8405
6470,208.56,0.8436
6471,191.26,0.8786
6472,240.22,0.8672
6473,240.45,0.6986
6474,186.33,0.5443
6475,2.29,0.5159
6476,2.48,0.4874
6477,205.55,0.5073
6478,205.49,0.6778
6479,210.77,0.8336
6480,210.86,0.8236
6481,193.05,0.8136
6482,193.34,0.8015
6483,193.19,0.6311
6484,196.06,0.6738
6485,2.31,0.7042
6486,245.38,0.7367
6487,230.46,0.7493
6488,233.0,0.9201
6489,211.45,0.912
6490,211.27,0.9291
6491,235.5,0.8815
6492,251.29,0.8522
6493,174.84,0.6817
6494,175.6,0.4907
6495,2.6,0.4632
6496,1.88,0.4907
6497,217.61,0.509
6498,208.52,0.5083
6499,198.0,0.6804
6500,1.79,0.676
6501,212.35,0.6911
6502,212.3,0.6944
6503,226.99,0.8492
6504,201.99,0.6769
6505,191.14,0.6862
6506,1.66,0.6574
6507,223.64,0.6455
6508,191.79,0.6495
6509,187.38,0.8078
6510,196.0,0.8008
6511,195.35,0.827
6512,215.05,0.8594
6513,223.9,0.8845
6514,226.96,0.7262
6515,226.76,0.7144
6516,1.61,0.6941
6517,200.65,0.6713
6518,199.06,0.4871
6519,199.14,0.4868
6520,1.3,0.4949
6521,1.3,0.5047
6522,210.59,0.5142
6523,211.0,0.6655
6524,210.81,0.6657
6525,186.4,0.6898
6526,1.52,0.633
6527,240.05,0.6184
6528,141.47,0.6162
6529,192.94,0.7592
6530,183.8,0.7238
6531,176.48,0.7621
6532,196.69,0.7232
6533,188.3,0.7439
6534,145.37,0.6011
6535,209.1,0.6085
6536,1.85,0.6243
6537,205.75,0.6675
6538,207.6,0.4979
6539,198.22,0.5317
6540,1.59,0.5146
6541,43.19,0.4701
6542,184.92,0.4583
6543,153.1,0.6077
6544,183.83,0.7572
6545,184.31,0.7539
6546,226.08,0.7863
6547,180.84,0.7923
6548,192.84,0.798
6549,191.06,0.7697
6550,191.34,0.6892
6551,191.42,0.6765
6552,82.34,0.6297
6553,177.3,0.6391
6554,133.92,0.63
6555,202.79,0.5637
6556,180.32,0.5772
6557,1.2,0.6072
6558,193.86,0.6053
6559,170.58,0.4602
6560,200.46,0.646
6561,2.79,0.6316
6562,228.54,0.6357
6563,176.18,0.6245
6564,175.68,0.8106
6565,186.67,0.6247
6566,230.52,0.6208
6567,1.08,0.619
6568,171.48,0.5726
6569,173.4,0.4907
6570,129.98,0.605
6571,130.24,0.6111
6572,140.98,0.5854
6573,178.88,0.652
6574,141.96,0.6243
6575,211.5,0.5105
6576,96.36,0.5271
6577,1.76,0.5666
6578,199.22,0.5425
6579,190.26,0.4646
6580,181.98,0.6189
6581,1.05,0.5966
6582,190.5,0.6235
6583,172.0,0.657
6584,223.2,0.8384
6585,222.95,0.7442
6586,222.92,0.7731
6587,75.23,0.7068
6588,207.42,0.6404
6589,142.02,0.4596
6590,141.77,0.3997
6591,1.7,0.3784
6592,2.03,0.4128
6593,181.38,0.4095
6594,184.06,0.5298
6595,137.72,0.5294
6596,148.84,0.3825
6597,1.61,0.3423
6598,1.67,0.3541
6599,134.83,0.3629
6600,152.17,0.3629
6601,159.57,0.527
6602,1.7,0.5767
6603,202.36,0.6023
6604,195.59,0.6176
6605,183.48,0.7862
6606,178.29,0.7363
6607,207.98,0.6853
6608,141.28,0.6882
6609,133.29,0.6953
6610,186.96,0.7089
6611,187.06,0.733
6612,224.6,0.7638
6613,170.78,0.7966
6614,170.92,0.8154
6615,227.11,0.7846
6616,210.04,0.6819
6617,186.96,0.7084
6618,45.1,0.7072
6619,203.37,0.5962
6620,225.58,0.4443
6621,74.3,0.5417
6622,1.08,0.5175
6623,164.28,0.4749
6624,173.71,0.5557
6625,173.5,0.6927
6626,173.18,0.744
6627,168.72,0.7006
6628,226.96,0.725
6629,120.71,0.7686
6630,203.28,0.7879
6631,226.52,0.7561
6632,192.35,0.7661
6633,188.01,0.7083
6634,132.91,0.6505
6635,132.61,0.6108
6636,155.79,0.6177
6637,143.81,0.698
6638,196.5,0.7315
6639,231.16,0.7778
6640,173.48,0.6615
6641,212.43,0.5021
6642,1.6,0.4916
6643,1.5,0.5127
6644,218.3,0.5018
6645,199.34,0.6686
6646,199.06,0.8306
6647,205.66,0.8158
6648,199.72,0.7816
6649,200.1,0.7307
6650,157.49,0.674
6651,136.82,0.6391
6652,136.31,0.6499
6653,157.06,0.6954
6654,213.35,0.7579
6655,213.12,0.8069
6656,213.27,0.6807
6657,196.28,0.5076
6658,2.64,0.4839
6659,1.62,0.4601
6660,184.14,0.4459
6661,184.16,0.51
6662,178.92,0.6741
6663,80.97,0.6808
6664,202.34,0.7001
6665,192.38,0.7239
6666,207.72,0.8268
6667,208.05,0.8199
6668,206.9,0.7902
6669,193.88,0.7628
6670,156.01,0.7684
6671,174.21,0.775
6672,214.92,0.7922
6673,214.97,0.8399
6674,214.95,0.81
6675,214.42,0.6352
6676,137.57,0.4613
6677,1.11,0.2869
6678,2.25,0.2119
6679,1.58,0.2248
6680,122.59,0.3977
6681,153.45,0.3973
6682,212.64,0.5863
6683,1.74,0.6395
6684,232.7,0.6745
6685,187.75,0.6612
6686,196.26,0.82
6687,196.38,0.7877
6688,196.04,0.8152
6689,193.1,0.8121
6690,221.46,0.8053
6691,192.4,0.7889
6692,188.14,0.8019
6693,175.98,0.7813
6694,208.95,0.7298
6695,196.26,0.7086
6696,129.41,0.7513
6697,162.25,0.5827
6698,228.19,0.5907
6699,2.68,0.6544
6700,205.98,0.6916
6701,207.4,0.5067
6702,207.72,0.5064
6703,2.06,0.4524
6704,2.22,0.3973
6705,140.0,0.4003
6706,139.98,0.5667
6707,211.35,0.7512
6708,205.62,0.8232
6709,227.96,0.8223
6710,228.04,0.8073
6711,138.88,0.7743
6712,193.06,0.6952
6713,165.21,0.6157
6714,131.19,0.6101
6715,130.77,0.5669
6716,132.11,0.5461
6717,140.12,0.5586
6718,139.83,0.4535
6719,146.43,0.5201
6720,2.25,0.5623
6721,213.6,0.5988
6722,191.7,0.4808
6723,184.47,0.6522
6724,2.12,0.645
6725,211.88,0.6432
6726,204.8,0.6508
6727,189.57,0.8145
6728,193.75,0.6427
6729,202.28,0.4771
6730,1.73,0.3232
6731,2.3,0.3331
6732,1.28,0.3288
6733,205.78,0.5048
6734,197.1,0.675
6735,217.0,0.8579
6736,210.5,0.8175
6737,225.06,0.8404
6738,156.32,0.8568
6739,225.15,0.85
6740,237.12,0.8349
6741,202.11,0.8776
6742,206.56,0.695
6743,208.59,0.698
6744,1.72,0.6747
6745,240.85,0.6478
6746,173.62,0.6192
6747,173.65,0.7598
6748,173.53,0.7152
6749,173.83,0.7326
6750,186.24,0.7551
6751,194.85,0.7929
6752,201.26,0.7493
6753,219.68,0.6955
6754,120.6,0.7161
6755,120.34,0.7317
6756,220.1,0.7319
6757,220.35,0.7982
6758,219.88,0.7017
6759,201.7,0.5238
6760,2.33,0.4579
6761,2.5,0.3924
6762,139.66,0.3582
6763,139.83,0.455
6764,159.78,0.6212
6765,120.73,0.6862
6766,205.92,0.6858
6767,219.08,0.6692
6768,139.44,0.7297
6769,139.36,0.6769
6770,194.77,0.6661
6771,141.4,0.7372
6772,205.78,0.8033
6773,226.52,0.8173
6774,220.14,0.8767
6775,211.96,0.8776
6776,214.05,0.8907
6777,206.9,0.8692
6778,242.47,0.8781
6779,193.91,0.7059
6780,222.83,0.5397
6781,3.37,0.4557
6782,3.65,0.4462
6783,139.61,0.3773
6784,182.28,0.5607
6785,138.58,0.7325
6786,227.78,0.7934
6787,213.77,0.819
6788,214.18,0.8816
6789,213.56,0.6966
6790,215.09,0.7071
6791,1.53,0.6913
6792,226.6,0.6842
6793,194.8,0.5094
6794,204.94,0.6707
6795,1.24,0.6556
6796,198.78,0.6486
6797,208.14,0.6367
6798,186.28,0.7912
6799,190.36,0.6301
6800,190.31,0.5659
6801,1.64,0.6092
6802,129.68,0.6128
6803,239.18,0.4587
6804,194.75,0.4583
6805,1.85,0.5228
6806,1.12,0.4922
6807,208.58,0.4978
6808,201.7,0.6614
6809,201.71,0.815
6810,201.94,0.7515
6811,189.07,0.7262
6812,130.86,0.7249
6813,170.76,0.6737
6814,200.06,0.6937
6815,139.28,0.7463
6816,213.59,0.767
6817,195.23,0.7816
6818,196.06,0.8458
6819,217.91,0.8322
6820,217.9,0.6738
6821,196.9,0.6275
6822,1.48,0.6131
6823,139.38,0.6157
6824,200.27,0.4561
6825,221.07,0.5652
6826,1.68,0.6177
6827,135.02,0.6202
6828,203.54,0.5966
6829,203.36,0.5965
6830,192.17,0.4875
6831,1.57,0.4872
6832,1.73,0.436
6833,203.06,0.4426
6834,140.78,0.6093
6835,200.2,0.7759
6836,205.55,0.7779
6837,205.54,0.823
6838,205.46,0.8193
6839,196.0,0.8087
6840,195.7,0.6425
6841,192.55,0.6352
6842,2.29,0.6413
6843,196.52,0.6477
6844,203.42,0.4915
6845,203.56,0.5908
6846,1.37,0.5874
6847,123.82,0.5785
6848,192.38,0.5681
6849,192.52,0.7304
6850,190.81,0.6303
6851,199.9,0.6535
6852,1.38,0.6646
6853,220.83,0.6649
6854,206.07,0.6773
6855,191.14,0.7916
6856,215.05,0.7814
6857,141.27,0.7829
6858,208.26,0.7886
6859,207.96,0.7713
6860,198.09,0.7599
6861,193.86,0.5911
6862,127.38,0.5977
6863,1.77,0.6009
6864,215.98,0.6118
6865,201.99,0.5088
6866,207.26,0.6582
6867,1.31,0.6559
6868,184.56,0.6645
6869,213.18,0.6682
6870,212.58,0.8517
6871,211.77,0.7025
6872,225.78,0.7235
6873,1.96,0.7312
6874,238.91,0.6661
6875,222.0,0.6424
6876,132.15,0.7488
6877,196.81,0.6598
6878,132.12,0.6504
6879,129.95,0.7195
6880,210.61,0.5601
6881,216.69,0.4536
6882,1.78,0.5241
6883,1.8,0.5156
6884,216.26,0.5012
6885,200.15,0.5011
6886,199.04,0.6762
6887,1.67,0.6667
6888,216.06,0.6576
6889,204.64,0.6523
6890,188.96,0.7996
6891,192.55,0.7815
6892,181.94,0.7787
6893,193.88,0.7662
6894,201.22,0.738
6895,173.62,0.7663
6896,158.1,0.7368
6897,216.54,0.7146
6898,157.76,0.7154
6899,174.06,0.7507
6900,174.65,0.7385
6901,201.27,0.6114
6902,201.66,0.5712
6903,2.3,0.5924
6904,124.86,0.5694
6905,200.59,0.406
6906,173.06,0.4052
6907,1.82,0.4809
6908,1.29,0.4799
6909,217.47,0.494
6910,199.43,0.6784
6911,190.24,0.8332
6912,227.44,0.8114
6913,190.6,0.7564
6914,190.88,0.731
6915,132.08,0.7058
6916,159.14,0.6917
6917,196.63,0.6976
6918,173.44,0.6961
6919,198.04,0.5677
6920,130.25,0.4079
6921,2.12,0.2669
6922,1.1,0.2767
6923,0.9,0.3137
6924,210.08,0.4554
6925,175.47,0.4567
6926,175.44,0.4594
6927,2.72,0.4461
6928,4.24,0.4578
6929,193.83,0.4689
6930,189.77,0.6213
6931,188.98,0.6194
6932,189.16,0.4626
6933,1.9,0.4175
6934,2.08,0.4146
6935,134.55,0.3639
6936,185.5,0.5181
6937,127.11,0.6228
6938,190.57,0.6753
6939,130.14,0.6675
6940,198.77,0.7085
6941,175.97,0.71
6942,177.18,0.6049
6943,192.5,0.603
6944,1.54,0.6425
6945,196.36,0.681
6946,224.33,0.5259
6947,224.35,0.7024
6948,2.69,0.6802
6949,217.45,0.6605
6950,169.2,0.6413
6951,200.27,0.8032
6952,200.87,0.6267
6953,200.77,0.578
6954,1.47,0.5248
6955,109.62,0.4747
6956,135.24,0.5039
6957,139.6,0.6645
6958,236.43,0.7519
6959,198.0,0.8035
6960,216.48,0.8453
6961,198.36,0.8069
6962,190.73,0.647
6963,189.46,0.6515
6964,2.4,0.6469
6965,221.98,0.6534
6966,192.75,0.4999
6967,198.62,0.6785
6968,1.77,0.6632
6969,220.9,0.672
6970,203.22,0.6643
6971,203.55,0.8178
6972,189.11,0.7881
6973,189.55,0.7751
6974,184.61,0.7535
6975,187.32,0.7438
6976,177.15,0.7337
6977,177.19,0.7274
6978,177.2,0.7177
6979,176.97,0.7128
6980,175.41,0.7078
6981,171.17,0.6627
6982,171.02,0.5191
6983,122.04,0.3771
6984,1.38,0.4083
6985,1.61,0.4419
6986,209.36,0.5065
6987,212.1,0.508
6988,201.13,0.6646
6989,3.15,0.6521
6990,193.21,0.6339
6991,194.07,0.6248
6992,189.82,0.7863
6993,190.0,0.6296
6994,200.78,0.613
6995,1.5,0.631
6996,173.69,0.649
6997,211.95,0.5934
6998,212.0,0.7469
6999,132.68,0.7193
7000,189.27,0.7095
7001,139.92,0.6758
7002,200.06,0.7031
7003,170.7,0.5495
7004,166.09,0.4375
7005,1.45,0.4087
7006,2.86,0.3613
7007,164.77,0.2273
7008,112.8,0.3321
7009,2.14,0.4711
7010,129.66,0.4776
7011,172.84,0.5268
7012,172.81,0.6883
7013,172.96,0.5843
7014,199.72,0.637
7015,2.38,0.6794
7016,237.32,0.7214
7017,224.66,0.7384
7018,224.41,0.9175
7019,220.48,0.9082
7020,221.5,0.88
7021,225.89,0.8675
7022,190.2,0.8583
7023,209.12,0.8579
7024,209.27,0.8454
7025,220.98,0.8246
7026,210.54,0.8174
7027,164.73,0.6486
7028,200.43,0.4706
7029,2.77,0.4693
7030,3.16,0.4998
7031,208.9,0.4938
7032,202.05,0.6496
7033,193.18,0.8042
7034,193.32,0.7925
7035,192.34,0.7374
7036,194.58,0.5818
7037,134.58,0.5393
7038,2.85,0.542
7039,141.3,0.5506
7040,195.62,0.6083
7041,205.2,0.7825
7042,205.14,0.8336
7043,215.93,0.8359
7044,203.79,0.6699
7045,198.4,0.6585
7046,2.22,0.6358
7047,191.16,0.6228
7048,188.22,0.4618
7049,187.79,0.6599
7050,1.47,0.6957
7051,244.52,0.7339
7052,235.04,0.7723
7053,234.94,0.9314
7054,234.7,0.9282
7055,196.14,0.8826
7056,240.58,0.8621
7057,179.3,0.7907
7058,209.91,0.7399
7059,147.34,0.6504
7060,133.9,0.6119
7061,131.14,0.5472
7062,132.22,0.5365
7063,130.73,0.5369
7064,134.23,0.4314
7065,134.4,0.4036
7066,2.1,0.4
7067,98.28,0.3847
7068,126.22,0.2764
7069,115.55,0.4225
7070,1.95,0.4473
7071,180.82,0.4374
7072,128.62,0.4369
7073,114.02,0.5291
7074,115.02,0.4799
7075,114.73,0.5665
7076,120.58,0.5976
7077,234.66,0.6293
7078,151.98,0.6486
7079,153.84,0.6553
7080,138.3,0.5834
7081,128.79,0.5817
7082,146.69,0.5953
7083,149.95,0.5919
7084,170.45,0.4886
7085,134.08,0.3708
7086,2.54,0.38
7087,2.49,0.3323
7088,161.25,0.336
7089,112.08,0.3356
7090,138.63,0.4442
7091,2.0,0.4173
7092,135.33,0.4316
7093,128.37,0.4241
7094,129.58,0.5302
7095,129.5,0.5196
7096,131.82,0.595
7097,122.35,0.6002
7098,220.62,0.6601
7099,135.94,0.6987
7100,202.68,0.7819
7101,179.15,0.7583
7102,224.08,0.7567
7103,191.72,0.7005
7104,134.06,0.718
7105,133.87,0.5367
7106,200.57,0.5639
7107,2.25,0.6168
7108,225.04,0.6125
7109,198.79,0.4504
7110,128.55,0.5992
7111,2.25,0.5708
7112,184.37,0.5736
7113,190.25,0.6293
7114,202.2,0.8096
7115,196.71,0.7678
7116,222.81,0.721
7117,133.28,0.5573
7118,133.0,0.4787
7119,1.89,0.4673
7120,100.59,0.5325
7121,208.81,0.5922
7122,213.1,0.759
7123,206.04,0.7842
7124,205.94,0.7527
7125,131.37,0.759
7126,170.24,0.7677
7127,220.88,0.765
7128,216.69,0.8344
7129,202.59,0.6966
7130,216.27,0.518
7131,1.72,0.455
7132,2.4,0.4565
7133,139.57,0.446
7134,204.38,0.6117
7135,203.51,0.7762
7136,204.39,0.8297
7137,203.68,0.8302
7138,205.01,0.8341
7139,205.01,0.6691
7140,208.29,0.504
7141,2.44,0.3377
7142,1.7,0.2531
7143,1.64,0.236
7144,101.44,0.3906
7145,187.4,0.3912
7146,191.57,0.3908
7147,2.4,0.4131
7148,1.2,0.3653
7149,128.75,0.3651
7150,128.92,0.3646
7151,191.29,0.5313
7152,1.78,0.5862
7153,205.18,0.6391
7154,195.91,0.6417
7155,193.63,0.7985
7156,194.45,0.6326
7157,193.57,0.6549
7158,2.3,0.6503
7159,223.18,0.635
7160,187.98,0.643
7161,175.72,0.785
7162,203.41,0.7468
7163,176.0,0.7174
7164,176.36,0.6982
7165,152.07,0.7
7166,152.26,0.5573
7167,205.52,0.4142
7168,1.43,0.4087
7169,1.32,0.4586
7170,145.35,0.3892
7171,213.29,0.5679
7172,120.66,0.7326
7173,220.02,0.7798
7174,202.76,0.7628
7175,203.18,0.8417
7176,192.42,0.7753
7177,217.26,0.7179
7178,138.75,0.7075
7179,132.54,0.7271
7180,190.42,0.7131
7181,216.45,0.763
7182,200.19,0.7634
7183,199.72,0.7487
7184,133.04,0.573
7185,172.48,0.4104
7186,1.5,0.2481
7187,1.18,0.2338
7188,1.21,0.2395
7189,115.56,0.3997
7190,179.53,0.4002
7191,197.47,0.4002
7192,1.7,0.4825
7193,1.27,0.5125
7194,216.25,0.5131
7195,216.19,0.6741
7196,198.18,0.7225
7197,198.67,0.5478
7198,60.52,0.4788
7199,2.5,0.4256
7200,131.78,0.4031
7201,133.18,0.5189
7202,171.08,0.6708
7203,202.24,0.6699
7204,188.32,0.7391
7205,130.68,0.7797
7206,217.82,0.7784
7207,220.72,0.6264
7208,200.64,0.6852
7209,2.36,0.6601
7210,202.64,0.6269
7211,187.09,0.4648
7212,180.14,0.5647
7213,2.32,0.5111
7214,124.58,0.543
7215,137.04,0.5473
7216,226.14,0.7227
7217,185.4,0.6218
7218,216.88,0.5114
7219,1.15,0.4351
7220,1.94,0.3942
7221,132.82,0.371
7222,135.39,0.4802
7223,188.49,0.5875
7224,134.69,0.5879
7225,133.26,0.6311
7226,133.28,0.6491
7227,188.22,0.5409
7228,210.56,0.5912
7229,2.29,0.6448
7230,194.84,0.654
7231,198.88,0.4836
7232,199.48,0.6415
7233,2.1,0.6508
7234,195.37,0.6628
7235,206.22,0.6479
7236,213.59,0.8055
7237,181.26,0.647
7238,194.86,0.4799
7239,1.48,0.3066
7240,1.8,0.1601
7241,1.55,0.0023
7242,2.13,0.0024
7243,1.8,0.121
7244,1.6,0.2401
7245,146.87,0.3959
7246,147.24,0.5568
7247,192.74,0.6963
7248,198.61,0.578
7249,172.22,0.6345
7250,2.21,0.6015
7251,216.38,0.5638
7252,152.35,0.4244
7253,152.54,0.5876
7254,1.67,0.565
7255,201.79,0.5947
7256,188.81,0.6243
7257,188.68,0.7756
7258,188.75,0.7206
7259,186.74,0.6738
7260,134.44,0.6798
7261,131.54,0.6701
7262,196.11,0.6973
7263,176.91,0.6795
7264,220.01,0.5735
7265,112.61,0.5068
7266,1.87,0.5313
7267,114.48,0.5237
7268,206.88,0.433
7269,210.72,0.4328
7270,1.72,0.4519
7271,1.62,0.4695
7272,137.77,0.2988
7273,228.41,0.4742
7274,2.0,0.5812
7275,216.25,0.6461
7276,132.57,0.5727
7277,217.08,0.7457
7278,138.68,0.6769
7279,213.62,0.6677
7280,132.05,0.6627
7281,121.31,0.6418
7282,210.92,0.5918
7283,113.12,0.5834
7284,152.46,0.6193
7285,121.84,0.5869
7286,165.23,0.6346
7287,171.24,0.6506
7288,171.52,0.5522
7289,172.02,0.6214
7290,1.52,0.6507
7291,249.78,0.685
7292,207.12,0.5466
7293,213.53,0.5474
7294,2.67,0.5157
7295,2.44,0.4448
7296,211.03,0.3685
7297,120.4,0.4644
7298,120.16,0.6551
7299,120.03,0.6667
7300,235.78,0.7588
7301,225.22,0.833
7302,232.95,0.9027
7303,210.93,0.7117
7304,205.4,0.7103
7305,2.02,0.6709
7306,223.59,0.6679
7307,184.78,0.6758
7308,207.15,0.8502
7309,215.16,0.6695
7310,215.28,0.6711
7311,2.56,0.6454
7312,186.78,0.6547
7313,175.75,0.4803
7314,226.45,0.4796
7315,1.94,0.5232
7316,1.78,0.5757
7317,240.09,0.5868
7318,239.98,0.5901
7319,240.05,0.5936
7320,5.95,0.5953
7321,6.03,0.5819
7322,242.23,0.5478
7323,223.56,0.6848
7324,198.26,0.7727
7325,173.62,0.6671
7326,113.56,0.6446
7327,113.02,0.4849
7328,196.09,0.3444
7329,2.78,0.2532
7330,1.74,0.3151
7331,2.04,0.32
7332,188.72,0.4401
7333,202.17,0.4398
7334,149.7,0.5748
7335,1.29,0.5411
7336,167.23,0.5089
7337,147.52,0.5304
7338,162.72,0.673
7339,176.02,0.5383
7340,175.75,0.4977
7341,2.5,0.5162
7342,97.8,0.5497
7343,185.36,0.5833
7344,217.0,0.7677
7345,216.91,0.8677
7346,228.06,0.8888
7347,220.15,0.8731
7348,211.16,0.8502
7349,197.74,0.8325
7350,188.95,0.6554
7351,206.34,0.657
7352,3.48,0.6702
7353,213.19,0.687
7354,213.8,0.5213
7355,209.61,0.7217
7356,3.56,0.7186
7357,248.72,0.7322
7358,209.29,0.7214
7359,230.48,0.8885
7360,196.37,0.869
7361,208.02,0.8418
7362,224.84,0.7958
7363,175.99,0.7796
7364,174.19,0.7539
7365,176.63,0.7494
7366,176.61,0.7815
7367,219.34,0.7441
7368,215.2,0.7087
7369,128.47,0.5653
7370,133.26,0.388
7371,1.2,0.3955
7372,2.44,0.4176
7373,224.45,0.4438
7374,155.42,0.4447
7375,165.29,0.6235
7376,2.3,0.6222
7377,221.18,0.6778
7378,222.92,0.725
7379,223.43,0.8898
7380,223.02,0.7106
7381,203.88,0.7107
7382,1.94,0.6966
7383,223.04,0.6783
7384,206.18,0.6611
7385,200.72,0.8178
7386,182.79,0.7998
7387,193.66,0.7961
7388,201.02,0.7716
7389,201.67,0.7825
7390,170.76,0.6257
7391,196.06,0.463
7392,1.91,0.4689
7393,2.0,0.4846
7394,208.8,0.4329
7395,190.0,0.4326
7396,132.82,0.6029
7397,1.55,0.5416
7398,210.38,0.4958
7399,133.8,0.5652
7400,133.96,0.7242
7401,217.65,0.7343
7402,196.09,0.7966
7403,222.77,0.8352
7404,210.0,0.7566
7405,181.14,0.7355
7406,121.46,0.6925
7407,170.28,0.6785
7408,170.26,0.6501
7409,192.8,0.6704
7410,146.37,0.7196
7411,146.39,0.7775
7412,230.46,0.7653
7413,241.1,0.7941
7414,177.81,0.8211
7415,181.61,0.7797
7416,179.49,0.7396
7417,179.72,0.7512
7418,192.08,0.775
7419,191.96,0.7844
7420,210.78,0.6386
7421,190.97,0.4829
7422,1.37,0.4963
7423,1.57,0.433
7424,208.43,0.4371
7425,133.29,0.5936
7426,195.96,0.761
7427,192.82,0.7446
7428,206.4,0.8022
7429,188.37,0.8125
7430,203.76,0.7634
7431,208.52,0.5965
7432,132.78,0.6022
7433,2.25,0.6009
7434,195.3,0.596
7435,202.2,0.6064
7436,202.55,0.7235
7437,145.49,0.7364
7438,145.46,0.6919
7439,211.1,0.6669
7440,147.73,0.7057
7441,171.94,0.5883
7442,193.0,0.4171
7443,1.9,0.444
7444,1.56,0.4943
7445,180.68,0.3379
7446,233.48,0.3375
7447,1.68,0.4817
7448,1.38,0.5135
7449,178.04,0.4803
7450,219.52,0.6537
7451,192.84,0.654
7452,213.91,0.5912
7453,1.7,0.5511
7454,101.2,0.5451
7455,170.47,0.5426
7456,185.56,0.7005
7457,210.76,0.8031
7458,194.89,0.8046
7459,226.72,0.7946
7460,172.24,0.7768
7461,173.34,0.7834
7462,188.97,0.7619
7463,203.05,0.7433
7464,200.44,0.7094
7465,149.44,0.7199
7466,131.81,0.7327
7467,201.89,0.7477
7468,218.64,0.7454
7469,218.86,0.8262
7470,146.6,0.8193
7471,230.69,0.6419
7472,193.44,0.4645
7473,1.56,0.4908
7474,1.84,0.4474
7475,178.83,0.4448
7476,177.62,0.4445
7477,190.28,0.5923
7478,1.1,0.611
7479,182.7,0.6343
7480,201.74,0.6474
7481,206.04,0.8054
7482,206.34,0.657
7483,194.38,0.6062
7484,1.12,0.5539
7485,139.67,0.4944
7486,142.08,0.4559
7487,133.48,0.5755
7488,147.27,0.6059
7489,147.51,0.6427
7490,176.81,0.6863
7491,187.08,0.7312
7492,186.88,0.6121
7493,202.16,0.6119
7494,1.8,0.6241
7495,176.63,0.6177
7496,201.92,0.4547
7497,179.14,0.6213
7498,2.65,0.5856
7499,205.66,0.5784
7500,132.93,0.6047
7501,193.12,0.7627
7502,211.38,0.7564
7503,195.84,0.7499
7504,198.02,0.5931
7505,125.0,0.4217
7506,1.28,0.2629
7507,1.68,0.1029
7508,1.56,0.0018
7509,2.28,0.0021
7510,1.36,0.1097
7511,1.65,0.2698
7512,133.25,0.4501
7513,197.43,0.583
7514,222.92,0.6861
7515,163.85,0.7339
7516,127.76,0.5739
7517,191.76,0.3935
7518,1.7,0.3735
7519,2.2,0.4143
7520,139.42,0.4027
7521,177.73,0.5464
7522,177.51,0.6645
7523,177.55,0.7008
7524,146.66,0.7145
7525,183.76,0.7209
7526,194.47,0.7199
7527,185.37,0.7813
7528,176.31,0.8066
7529,221.82,0.6486
7530,214.68,0.5774
7531,1.25,0.5976
7532,98.24,0.5634
7533,200.97,0.39
7534,180.08,0.5672
7535,2.45,0.665
7536,218.08,0.6507
7537,217.88,0.5806
7538,183.42,0.7415
7539,94.32,0.725
7540,199.31,0.7084
7541,197.91,0.7166
7542,197.62,0.7938
7543,193.42,0.7431
7544,188.78,0.7374
7545,137.3,0.7371
7546,190.86,0.7007
7547,197.35,0.672
7548,148.78,0.6799
7549,153.72,0.6489
7550,146.93,0.661
7551,152.92,0.5408
7552,212.21,0.4164
7553,1.68,0.2973
7554,1.55,0.1735
7555,1.26,0.1723
7556,1.44,0.3268
7557,210.78,0.4872
7558,190.66,0.6699
7559,197.82,0.8102
7560,224.72,0.7795
7561,173.06,0.7647
7562,173.32,0.7439
7563,172.46,0.7304
7564,172.48,0.7436
7565,208.19,0.6043
7566,189.11,0.4654
7567,3.01,0.4243
7568,2.49,0.3543
7569,122.21,0.3558
7570,122.59,0.4938
7571,190.93,0.6131
7572,171.76,0.6675
7573,148.42,0.7376
7574,188.8,0.5831
7575,208.42,0.5277
7576,1.85,0.5787
7577,103.95,0.5809
7578,210.84,0.5597
7579,191.47,0.744
7580,182.55,0.845
7581,227.3,0.7808
7582,227.44,0.7329
7583,132.39,0.6574
7584,132.85,0.4724
7585,90.15,0.4094
7586,0.99,0.4238
7587,150.36,0.4781
7588,150.06,0.4062
7589,199.3,0.5775
7590,2.2,0.6424
7591,210.54,0.6724
7592,229.71,0.5119
7593,186.79,0.5126
7594,2.97,0.3425
7595,3.05,0.3279
7596,2.4,0.3529
7597,211.81,0.5297
7598,217.46,0.7068
7599,219.16,0.8883
7600,219.8,0.8237
7601,224.38,0.7977
7602,132.76,0.7265
7603,185.73,0.7202
7604,132.0,0.5386
7605,212.06,0.4322
7606,2.33,0.4519
7607,2.56,0.5159
7608,209.85,0.516
7609,210.22,0.6875
7610,212.22,0.8573
7611,212.18,0.8677
7612,210.19,0.8904
7613,222.64,0.9035
7614,237.95,0.8943
7615,228.26,0.7778
7616,200.98,0.7675
7617,67.57,0.7582
7618,210.07,0.7526
7619,226.55,0.7667
7620,221.42,0.8672
7621,218.23,0.8589
7622,190.58,0.8458
7623,199.82,0.8369
7624,210.57,0.8308
7625,210.5,0.8472
7626,210.87,0.7744
7627,210.54,0.7682
7628,110.77,0.7525
7629,203.07,0.7276
7630,191.2,0.7116
7631,180.48,0.7775
7632,190.97,0.7684
7633,191.34,0.7892
7634,192.0,0.8258
7635,216.6,0.6719
7636,225.26,0.689
7637,2.68,0.7051
7638,212.27,0.6351
7639,211.71,0.4528
7640,130.92,0.5489
7641,2.31,0.4867
7642,120.25,0.4218
7643,136.19,0.4223
7644,132.24,0.5788
7645,131.56,0.4815
7646,193.77,0.5471
7647,1.23,0.5794
7648,216.38,0.6381
7649,171.83,0.4808
7650,203.35,0.482
7651,1.3,0.4639
7652,2.7,0.4476
7653,194.26,0.4494
7654,151.92,0.5989
7655,205.49,0.5982
7656,184.18,0.4412
7657,1.88,0.4419
7658,2.26,0.399
7659,152.76,0.4226
7660,152.94,0.492
7661,213.12,0.5884
7662,86.68,0.6278
7663,120.24,0.6731
7664,200.99,0.6404
7665,208.31,0.7279
7666,173.14,0.782
7667,193.71,0.7343
7668,186.42,0.6807
7669,142.59,0.6798
7670,142.83,0.6657
7671,171.95,0.6531
7672,176.55,0.678
7673,170.96,0.7197
7674,173.04,0.7479
7675,193.86,0.605
7676,206.52,0.5721
7677,1.64,0.5562
7678,130.72,0.5747
7679,153.56,0.4075
7680,216.49,0.4075
7681,2.0,0.4536
7682,1.65,0.4853
7683,187.09,0.4684
7684,192.35,0.6377
7685,195.9,0.7928
7686,209.1,0.642
7687,191.32,0.6563
7688,2.66,0.6003
7689,209.88,0.5354
7690,127.3,0.5254
7691,129.81,0.631
7692,178.99,0.4606
7693,131.86,0.4679
7694,1.48,0.523
7695,136.21,0.535
7696,197.19,0.4286
7697,193.7,0.5836
7698,1.68,0.6485
7699,191.15,0.6385
7700,215.57,0.4815
7701,184.92,0.4815
7702,1.68,0.4466
7703,1.62,0.3702
7704,148.46,0.3979
7705,122.1,0.5843
7706,218.82,0.7349
7707,229.74,0.7165
7708,185.87,0.7751
7709,125.96,0.7549
7710,193.81,0.7254
7711,194.12,0.7308
7712,193.65,0.737
7713,192.37,0.734
7714,133.57,0.7487
7715,190.12,0.7435
7716,212.16,0.5882
7717,187.3,0.6262
7718,2.28,0.6295
7719,180.09,0.6147
7720,194.16,0.4628
7721,194.08,0.6424
7722,1.49,0.661
7723,221.99,0.662
7724,202.84,0.6628
7725,195.4,0.8272
7726,195.01,0.8066
7727,202.67,0.8017
7728,196.77,0.8074
7729,196.76,0.7918
7730,202.42,0.7437
7731,175.97,0.7017
7732,143.86,0.5419
7733,145.36,0.3776
7734,1.26,0.4185
7735,1.4,0.4411
7736,225.99,0.4826
7737,171.49,0.4827
7738,196.13,0.6587
7739,1.43,0.599
7740,216.74,0.6122
7741,152.99,0.4529
7742,187.53,0.6035
7743,1.34,0.6121
7744,185.67,0.6575
7745,227.25,0.6524
7746,208.53,0.7999
7747,181.3,0.8339
7748,181.77,0.8061
7749,227.16,0.637
7750,193.25,0.6497
7751,1.74,0.6717
7752,196.86,0.6864
7753,208.68,0.702
7754,245.11,0.874
7755,212.26,0.89
7756,212.17,0.7209
7757,216.49,0.5225
7758,1.76,0.5108
7759,2.5,0.5139
7760,197.84,0.4884
7761,216.04,0.4888
7762,185.28,0.6844
7763,2.25,0.6919
7764,241.82,0.6557
7765,207.02,0.6893
7766,171.7,0.8446
7767,226.38,0.8424
7768,192.18,0.8533
7769,239.23,0.7154
7770,220.34,0.5723
7771,2.95,0.5278
7772,51.4,0.4963
7773,137.64,0.5142
7774,200.7,0.6813
7775,242.34,0.7997
7776,207.28,0.8476
7777,196.28,0.6855
7778,196.26,0.4893
7779,2.41,0.4952
7780,2.25,0.52
7781,214.47,0.4603
7782,226.69,0.4597
7783,123.2,0.6317
7784,1.68,0.6332
7785,212.64,0.6159
7786,216.32,0.6731
7787,205.5,0.8217
7788,193.18,0.8436
7789,183.48,0.8321
7790,239.49,0.8419
7791,202.18,0.8569
7792,217.52,0.9024
7793,211.56,0.8877
7794,239.13,0.7243
7795,221.49,0.5484
7796,2.34,0.3773
7797,2.27,0.1838
7798,2.34,0.2077
7799,2.3,0.3648
7800,250.75,0.5218
7801,194.59,0.5208
7802,194.34,0.5214
7803,1.06,0.4615
7804,3.05,0.4587
7805,177.45,0.4556
7806,191.2,0.6101
7807,190.5,0.6102
7808,190.09,0.4671
7809,3.2,0.5006
7810,2.31,0.4547
7811,232.22,0.469
7812,134.42,0.6589
7813,207.55,0.8265
7814,235.52,0.7894
7815,207.37,0.8322
7816,186.72,0.8314
7817,186.82,0.8285
7818,206.6,0.6606
7819,232.0,0.6643
7820,1.88,0.6773
7821,191.26,0.6741
7822,202.82,0.4859
7823,202.64,0.6796
7824,1.74,0.7265
7825,238.82,0.7366
7826,248.67,0.7297
7827,215.22,0.8968
7828,194.11,0.8577
7829,206.16,0.7928
7830,191.0,0.7278
7831,169.28,0.7288
7832,135.78,0.7213
7833,195.32,0.726
7834,196.95,0.7306
7835,196.73,0.7631
7836,174.98,0.7171
7837,175.44,0.7106
7838,139.08,0.713
7839,189.02,0.5715
7840,199.6,0.5841
7841,1.9,0.6352
7842,190.93,0.6455
7843,201.55,0.6524
7844,201.64,0.8127
7845,208.04,0.8107
7846,197.98,0.8231
7847,188.48,0.8351
7848,216.66,0.8429
7849,216.4,0.7602
7850,217.6,0.7086
7851,96.8,0.6521
7852,125.34,0.5961
7853,147.56,0.5769
7854,147.92,0.6548
7855,194.1,0.7145
7856,192.03,0.7665
7857,198.38,0.8127
7858,211.2,0.8057
7859,204.42,0.6512
7860,185.52,0.6516
7861,3.0,0.6262
7862,198.9,0.6217
7863,180.13,0.4721
7864,198.87,0.6349
7865,2.54,0.6276
7866,202.24,0.6359
7867,189.92,0.6385
7868,190.24,0.7999
7869,202.11,0.6368
7870,199.92,0.6578
7871,2.72,0.6445
7872,215.65,0.6211
7873,173.94,0.5999
7874,173.54,0.716
7875,173.97,0.6507
7876,144.72,0.6189
7877,135.82,0.6357
7878,134.98,0.6478
7879,194.13,0.5309
7880,188.71,0.4217
7881,1.8,0.4777
7882,2.25,0.4769
7883,203.41,0.4899
7884,193.19,0.4899
7885,204.63,0.6612
7886,1.83,0.616
7887,211.75,0.6309
7888,148.11,0.6591
7889,211.44,0.6605
7890,239.14,0.4903
7891,3.5,0.5604
7892,3.59,0.5715
7893,233.8,0.5443
7894,225.08,0.72
7895,205.77,0.8555
7896,218.47,0.8166
7897,169.38,0.7726
7898,186.18,0.7657
7899,171.26,0.7023
7900,197.37,0.7328
7901,140.92,0.7403
7902,206.64,0.7195
7903,195.36,0.5606
7904,145.87,0.4477
7905,3.01,0.4731
7906,2.8,0.4931
7907,237.63,0.5528
7908,219.81,0.7293
7909,218.98,0.9253
7910,218.88,0.732
7911,242.54,0.7559
7912,1.27,0.7367
7913,249.0,0.6726
7914,195.47,0.6092
7915,140.43,0.7353
7916,165.08,0.6592
7917,155.46,0.6266
7918,155.87,0.5142
7919,155.69,0.3811
7920,2.9,0.256
7921,2.29,0.2893
7922,2.33,0.3073
7923,196.64,0.4503
7924,177.75,0.4495
7925,177.77,0.4718
7926,1.3,0.4645
7927,29.68,0.4982
7928,187.72,0.4726
7929,218.97,0.5912
7930,146.4,0.7004
7931,146.41,0.6595
7932,163.25,0.6363
7933,137.72,0.679
7934,190.51,0.7327
7935,198.7,0.7746
7936,212.04,0.823
7937,214.58,0.8653
7938,196.95,0.8734
7939,242.25,0.8839
7940,208.63,0.7114
7941,224.84,0.5532
7942,3.49,0.5418
7943,3.44,0.5652
7944,228.37,0.5342
7945,237.24,0.7194
7946,186.92,0.8789
7947,230.05,0.8542
7948,198.5,0.8224
7949,198.2,0.8318
7950,198.35,0.8063
7951,198.35,0.8311
7952,198.91,0.8537
7953,228.87,0.8653
7954,225.86,0.8468
7955,212.54,0.846
7956,175.62,0.8127
7957,197.96,0.7863
7958,188.17,0.7696
7959,193.53,0.8155
7960,192.18,0.8373
7961,231.68,0.685
7962,224.66,0.5998
7963,1.8,0.5521
7964,89.34,0.518
7965,133.84,0.3358
7966,190.04,0.4919
7967,1.67,0.5637
7968,192.78,0.6097
7969,177.22,0.6149
7970,190.04,0.7931
7971,196.5,0.7932
7972,219.67,0.8026
7973,192.86,0.6485
7974,188.76,0.4889
7975,1.54,0.43
7976,1.16,0.4356
7977,147.67,0.4479
7978,199.74,0.5671
7979,203.77,0.6866
7980,147.38,0.7241
7981,147.28,0.5629
7982,193.55,0.576
7983,2.6,0.6359
7984,219.73,0.6898
7985,220.75,0.5335
7986,213.21,0.6294
7987,2.3,0.5934
7988,119.87,0.5743
7989,175.69,0.5528
7990,197.45,0.7144
7991,186.95,0.6175
7992,199.89,0.4756
7993,1.4,0.4879
7994,2.11,0.4775
7995,212.46,0.4873
7996,174.26,0.6341
7997,211.89,0.7745
7998,180.96,0.743
7999,173.78,0.7575
8000,174.02,0.7441
8001,191.92,0.7562
8002,195.52,0.6268
8003,195.73,0.6569
8004,15.58,0.6747
8005,210.74,0.5795
8006,213.74,0.4209
8007,79.11,0.5544
8008,1.7,0.539
8009,178.81,0.521
8010,191.93,0.6123
8011,191.69,0.7579
8012,190.87,0.6129
8013,179.77,0.5738
8014,1.48,0.5402
8015,144.03,0.5051
8016,150.57,0.5241
8017,147.93,0.6583
8018,203.08,0.653
8019,165.61,0.6359
8020,137.56,0.5168
8021,129.72,0.3526
8022,2.15,0.2196
8023,2.27,0.2765
8024,2.87,0.3398
8025,207.17,0.4984
8026,207.16,0.4988
8027,196.18,0.6694
8028,2.7,0.6646
8029,211.62,0.6607
8030,201.28,0.6659
8031,202.46,0.8148
8032,202.53,0.6436
8033,184.76,0.6485
8034,2.26,0.6277
8035,207.29,0.6163
8036,176.99,0.6164
8037,188.61,0.7656
8038,184.9,0.7362
8039,184.78,0.6981
8040,171.32,0.6655
8041,130.32,0.6814
8042,148.75,0.532
8043,204.38,0.3934
8044,1.96,0.4603
8045,1.82,0.5122
8046,212.12,0.5377
8047,212.19,0.6687
8048,235.68,0.7879
8049,162.16,0.7351
8050,147.66,0.6736
8051,147.53,0.6016
8052,136.9,0.6232
8053,147.66,0.5038
8054,188.6,0.4926
8055,1.58,0.5465
8056,133.78,0.599
8057,202.91,0.6148
8058,211.9,0.7723
8059,207.87,0.7857
8060,194.27,0.7676
8061,150.19,0.7517
8062,180.76,0.5839
8063,192.38,0.5275
8064,2.59,0.5605
8065,125.32,0.5713
8066,190.55,0.4167
8067,194.03,0.4173
8068,3.25,0.5056
8069,3.24,0.5543
8070,233.35,0.6002
8071,250.16,0.7842
8072,250.18,0.9861
8073,228.29,1.0
8074,250.31,0.9822
8075,250.34,0.9703
8076,228.41,0.9355
8077,235.61,0.7336
8078,185.68,0.7318
8079,3.31,0.6919
8080,248.12,0.6925
8081,179.68,0.7341
8082,236.31,0.9239
8083,236.51,0.7239
8084,235.6,0.7433
8085,3.44,0.7193
8086,203.41,0.7015
8087,206.86,0.5122
8088,214.84,0.5126
8089,3.98,0.5194
8090,3.98,0.5236
8091,211.68,0.5409
8092,211.99,0.7394
8093,235.98,0.8846
8094,246.84,0.9136
8095,181.65,0.7421
8096,247.16,0.5522
8097,2.17,0.5301
8098,3.6,0.5639
8099,219.8,0.4708
8100,223.0,0.5648
8101,133.26,0.6615
8102,117.22,0.6614
8103,121.86,0.6613
8104,219.65,0.5548
8105,222.96,0.6069
8106,3.02,0.6722
8107,180.88,0.4945
8108,201.8,0.4728
8109,2.19,0.6474
8110,196.48,0.6755
8111,216.52,0.6898
8112,215.32,0.8444
8113,219.23,0.7995
8114,191.41,0.7381
8115,141.47,0.6755
8116,141.46,0.6523
8117,138.7,0.5997
8118,190.94,0.5882
8119,127.0,0.5756
8120,127.45,0.6173
8121,125.97,0.6202
8122,189.74,0.6206
8123,194.49,0.6554
8124,127.54,0.5537
8125,169.97,0.5586
8126,1.61,0.5729
8127,195.64,0.5736
8128,212.07,0.4369
8129,128.31,0.6052
8130,2.8,0.6391
8131,207.52,0.6262
8132,237.04,0.6815
8133,196.26,0.8392
8134,196.03,0.6705
8135,195.76,0.6515
8136,1.09,0.6331
8137,213.82,0.5878
8138,173.75,0.5939
8139,140.63,0.7591
8140,203.13,0.7515
8141,203.3,0.777
8142,204.46,0.8293
8143,204.96,0.8289
8144,204.61,0.6647
8145,202.6,0.4992
8146,2.5,0.4897
8147,1.95,0.4801
8148,193.29,0.4243
8149,192.94,0.5947
8150,134.36,0.7527
8151,210.88,0.754
8152,195.23,0.7048
8153,194.94,0.751
8154,132.78,0.5809
8155,190.78,0.5256
8156,2.88,0.5147
8157,127.56,0.5549
8158,181.63,0.5213
8159,181.93,0.6407
8160,149.6,0.6402
8161,148.95,0.6601
8162,127.03,0.6593
8163,205.94,0.685
8164,180.99,0.5651
8165,181.06,0.4631
8166,2.2,0.4625
8167,2.28,0.4771
8168,205.2,0.4606
8169,198.81,0.4602
8170,160.88,0.562
8171,1.75,0.5058
8172,126.8,0.5452
8173,136.45,0.5818
8174,246.98,0.7772
8175,205.72,0.675
8176,240.73,0.7351
8177,1.84,0.6927
8178,209.97,0.7146
8179,195.06,0.5194
8180,232.49,0.6853
8181,1.96,0.6707
8182,204.82,0.6772
8183,192.09,0.6397
8184,203.05,0.7907
8185,186.58,0.6255
8186,186.72,0.666
8187,2.67,0.6081
8188,241.69,0.614
8189,132.13,0.4635
8190,193.87,0.4633
8191,2.56,0.3896
8192,2.5,0.4054
8193,151.46,0.395
8194,151.49,0.5822
8195,181.14,0.7696
8196,231.62,0.7504
8197,231.67,0.628
8198,128.04,0.4814
8199,1.67,0.2934
8200,1.86,0.2866
8201,1.6,0.3072
8202,223.43,0.3602
8203,153.23,0.4643
8204,66.44,0.5697
8205,129.2,0.389
8206,130.57,0.384
8207,2.36,0.439
8208,147.09,0.4379
8209,133.74,0.3326
8210,127.82,0.5174
8211,1.81,0.5093
8212,228.45,0.5093
8213,137.2,0.4995
8214,133.65,0.5927
8215,115.84,0.5082
8216,115.92,0.5179
8217,125.07,0.5659
8218,149.07,0.5668
8219,192.26,0.5677
8220,116.98,0.5613
8221,117.0,0.5527
8222,117.28,0.5099
8223,138.52,0.5139
8224,139.9,0.5138
8225,121.92,0.5706
8226,116.86,0.4591
8227,186.79,0.5016
8228,2.12,0.5202
8229,191.88,0.543
8230,144.67,0.3922
8231,144.7,0.5462
8232,2.38,0.5409
8233,190.53,0.5739
8234,185.38,0.6062
8235,185.0,0.7515
8236,184.27,0.5972
8237,180.1,0.6275
8238,1.79,0.6568
8239,222.43,0.6104
8240,220.82,0.6372
8241,127.54,0.7791
8242,212.84,0.7841
8243,175.42,0.7572
8244,228.55,0.8189
8245,187.9,0.7997
8246,203.02,0.6583
8247,189.38,0.6421
8248,2.42,0.6335
8249,208.75,0.6299
8250,177.36,0.4771
8251,198.56,0.6508
8252,2.52,0.655
8253,214.92,0.6852
8254,213.84,0.6986
8255,214.34,0.8726
8256,214.89,0.8737
8257,215.44,0.8077
8258,216.24,0.7673
8259,133.12,0.745
8260,164.88,0.7571
8261,187.68,0.7667
8262,230.26,0.7643
8263,227.89,0.8091
8264,130.2,0.8143
8265,219.69,0.7843
8266,194.06,0.5995
8267,193.6,0.4956
8268,1.74,0.4915
8269,3.12,0.4903
8270,214.66,0.5131
8271,192.64,0.514
8272,221.49,0.6849
8273,2.88,0.6837
8274,212.18,0.6271
8275,213.15,0.5469
8276,123.33,0.6939
8277,123.39,0.6776
8278,182.76,0.6732
8279,192.2,0.6779
8280,207.86,0.7447
8281,129.06,0.7236
8282,205.06,0.7364
8283,156.97,0.7365
8284,207.8,0.8139
8285,208.06,0.8291
8286,223.66,0.861
8287,223.67,0.8817
8288,196.0,0.8834
8289,233.15,0.8507
8290,210.12,0.6691
8291,183.65,0.5098
8292,1.5,0.4926
8293,1.18,0.4604
8294,212.07,0.4498
8295,170.79,0.5882
8296,170.7,0.761
8297,170.79,0.5886
8298,212.55,0.6342
8299,1.1,0.6496
8300,226.61,0.6648
8301,189.59,0.6601
8302,189.4,0.8178
8303,206.75,0.8013
8304,194.07,0.8149
8305,206.34,0.7647
8306,206.33,0.6996
8307,127.89,0.543
8308,127.15,0.5127
8309,2.5,0.5
8310,169.33,0.5518
8311,190.68,0.4492
8312,191.36,0.4485
8313,1.54,0.4664
8314,1.66,0.4766
8315,191.31,0.4863
8316,203.15,0.6569
8317,203.13,0.7993
8318,210.31,0.7865
8319,175.9,0.7785
8320,175.64,0.6136
8321,193.27,0.6006
8322,1.4,0.6209
8323,194.42,0.6334
8324,200.72,0.5798
8325,191.04,0.7398
8326,127.6,0.7435
8327,197.21,0.5808
8328,198.97,0.4257
8329,1.68,0.445
8330,1.32,0.4053
8331,151.19,0.4179
8332,148.62,0.5897
8333,214.38,0.7265
8334,211.78,0.7449
8335,168.68,0.7609
8336,173.71,0.7227
8337,168.19,0.7015
8338,167.71,0.7216
8339,185.75,0.7449
8340,193.39,0.6093
8341,202.12,0.473
8342,2.35,0.3225
8343,1.0,0.3187
8344,1.57,0.3157
8345,188.76,0.4762
8346,198.5,0.6373
8347,198.65,0.7893
8348,198.13,0.6375
8349,187.44,0.5686
8350,3.14,0.5298
8351,114.12,0.5223
8352,151.28,0.3709
8353,188.93,0.5251
8354,2.19,0.5861
8355,191.81,0.6215
8356,188.76,0.6339
8357,194.5,0.7991
8358,204.1,0.8047
8359,204.3,0.7706
8360,198.73,0.7174
8361,146.95,0.728
8362,129.52,0.7383
8363,216.98,0.7532
8364,216.97,0.8089
8365,216.98,0.8707
8366,215.08,0.8615
8367,205.08,0.8006
8368,205.76,0.6244
8369,142.4,0.4499
8370,1.52,0.4646
8371,1.6,0.4687
8372,223.03,0.354
8373,210.8,0.4363
8374,2.02,0.5865
8375,102.25,0.6094
8376,185.31,0.6027
8377,251.1,0.7128
8378,202.58,0.8132
8379,136.72,0.822
8380,225.08,0.786
8381,196.07,0.7898
8382,207.04,0.8473
8383,207.18,0.8453
8384,207.11,0.8865
8385,222.6,0.9187
8386,246.48,0.9506
8387,246.4,0.9827
8388,246.26,0.9872
8389,246.37,0.787
8390,228.05,0.7711
8391,1.67,0.7278
8392,226.91,0.586
8393,193.31,0.401
8394,72.84,0.5986
8395,1.76,0.5648
8396,243.42,0.578
8397,185.53,0.6804
8398,209.52,0.8704
8399,198.12,0.6735
8400,234.19,0.5251
8401,2.43,0.5383
8402,4.1,0.5371
8403,225.57,0.5004
8404,196.64,0.6527
8405,189.3,0.8226
8406,188.83,0.8062
8407,211.85,0.8206
8408,205.58,0.8409
8409,214.2,0.8773
8410,214.16,0.9069
8411,233.38,0.8797
8412,248.01,0.8586
8413,172.35,0.6851
8414,188.33,0.4964
8415,1.96,0.4582
8416,2.55,0.4932
8417,201.33,0.4627
8418,215.11,0.5844
8419,151.02,0.7442
8420,150.82,0.7594
8421,198.08,0.7509
8422,219.88,0.7826
8423,204.74,0.8036
8424,189.84,0.7855
8425,176.42,0.6078
8426,175.96,0.6119
8427,2.5,0.6314
8428,209.74,0.649
8429,213.79,0.5064
8430,197.84,0.5056
8431,1.56,0.4476
8432,1.5,0.3863
8433,138.86,0.3867
8434,138.75,0.5565
8435,198.37,0.6546
8436,209.22,0.6551
8437,121.55,0.6365
8438,139.47,0.584
8439,116.02,0.529
8440,134.07,0.4307
8441,141.97,0.4288
8442,1.25,0.4301
8443,137.2,0.4734
8444,117.6,0.4607
8445,187.01,0.5728
8446,126.47,0.4627
8447,138.35,0.477
8448,2.49,0.4829
8449,135.09,0.5439
8450,194.24,0.4331
8451,201.18,0.5606
8452,2.73,0.5733
8453,158.5,0.5353
8454,150.65,0.3724
8455,147.7,0.4794
8456,1.87,0.4958
8457,133.65,0.5186
8458,178.58,0.5437
8459,178.55,0.707
8460,178.45,0.7297
8461,201.62,0.7486
8462,161.44,0.7209
8463,201.6,0.7326
8464,144.66,0.678
8465,192.84,0.6679
8466,134.76,0.505
8467,149.16,0.4969
8468,2.28,0.4507
8469,134.71,0.4774
8470,136.44,0.3569
8471,167.42,0.4995
8472,1.66,0.5288
8473,176.8,0.5918
8474,170.47,0.4562
8475,213.58,0.456
8476,1.49,0.4883
8477,1.49,0.5414
8478,216.23,0.5419
8479,235.48,0.7427
8480,214.22,0.7462
8481,247.1,0.5739
8482,5.8,0.5834
8483,5.39,0.5929
8484,247.17,0.571
8485,225.84,0.7259
8486,220.24,0.7234
8487,195.3,0.5231
8488,2.3,0.3407
8489,2.16,0.1625
8490,2.74,0.0051
8491,2.26,0.0051
8492,2.76,0.1705
8493,2.25,0.3394
8494,204.55,0.4934
8495,209.26,0.4926
8496,190.72,0.6871
8497,1.82,0.624
8498,240.18,0.6201
8499,127.34,0.5798
8500,204.42,0.7572
8501,141.51,0.728
8502,218.76,0.7909
8503,204.43,0.7297
8504,204.32,0.718
8505,129.55,0.6461
8506,127.23,0.5748
8507,130.75,0.5142
8508,117.29,0.5221
8509,130.19,0.5219
8510,139.12,0.532
8511,127.08,0.4377
8512,143.11,0.4381
8513,1.9,0.4304
8514,130.7,0.4337
8515,129.62,0.3184
8516,131.2,0.4231
8517,2.09,0.4121
8518,129.98,0.4052
8519,117.19,0.396
8520,121.16,0.4938
8521,120.02,0.3897
8522,121.71,0.4738
8523,2.54,0.4831
8524,220.08,0.5397
8525,132.57,0.5327
8526,189.22,0.68
8527,113.14,0.6159
8528,182.81,0.6301
8529,141.6,0.6081
8530,150.05,0.6308
8531,162.22,0.4826
8532,140.9,0.368
8533,1.52,0.3648
8534,1.42,0.362
8535,146.09,0.3786
8536,158.84,0.438
8537,161.25,0.5502
8538,74.18,0.5872
8539,138.66,0.6366
8540,191.31,0.684
8541,219.35,0.777
8542,219.15,0.6656
8543,188.03,0.688
8544,2.31,0.6782
8545,218.77,0.6757
8546,207.39,0.7106
8547,216.1,0.8763
8548,230.71,0.8603
8549,205.0,0.8473
8550,199.11,0.8277
8551,191.54,0.6405
8552,192.17,0.4749
8553,1.68,0.4901
8554,2.45,0.5106
8555,217.62,0.4907
8556,216.72,0.4911
8557,167.8,0.6516
8558,2.14,0.6357
8559,198.8,0.6205
8560,198.18,0.645
8561,198.08,0.8039
8562,197.83,0.798
8563,196.46,0.7906
8564,191.64,0.7995
8565,189.04,0.8346
8566,208.99,0.814
8567,240.84,0.7971
8568,171.27,0.7904
8569,170.92,0.7781
8570,180.78,0.748
8571,194.04,0.7655
8572,204.01,0.6268
8573,192.64,0.5905
8574,1.3,0.5935
8575,136.38,0.5877
8576,197.65,0.4314
8577,196.95,0.4317
8578,1.43,0.4369
8579,1.64,0.3954
8580,142.78,0.3951
8581,146.87,0.5467
8582,196.52,0.6115
8583,186.88,0.4958
8584,81.01,0.481
8585,1.16,0.4261
8586,128.8,0.3795
8587,129.38,0.4705
8588,129.89,0.5757
8589,192.31,0.5761
8590,129.8,0.577
8591,129.28,0.5819
8592,130.5,0.4259
8593,135.92,0.4787
8594,1.48,0.5426
8595,194.33,0.5937
8596,207.46,0.484
8597,193.0,0.5848
8598,1.74,0.6032
8599,124.76,0.5375
8600,216.92,0.5229
8601,127.07,0.6722
8602,175.12,0.6765
8603,184.36,0.6054
8604,130.07,0.6114
8605,129.96,0.6224
8606,134.35,0.6262
8607,188.55,0.6746
8608,189.1,0.6753
8609,189.2,0.7414
8610,130.88,0.743
8611,215.22,0.7668
8612,190.51,0.7752
8613,218.19,0.6692
8614,199.43,0.6637
8615,1.2,0.6509
8616,208.5,0.6402
8617,174.93,0.4786
8618,205.12,0.6337
8619,1.7,0.6219
8620,190.9,0.6375
8621,194.1,0.6283
8622,194.0,0.7851
8623,193.87,0.7893
8624,193.47,0.7911
8625,196.13,0.7888
8626,196.23,0.7776
8627,191.23,0.7842
8628,180.15,0.7695
8629,201.6,0.7554
8630,178.1,0.7453
8631,179.01,0.7442
8632,178.82,0.726
8633,178.8,0.7303
8634,179.36,0.5854
8635,183.37,0.5914
8636,1.78,0.5561
8637,186.12,0.4112
8638,135.57,0.4297
8639,2.1,0.5934
8640,206.06,0.6069
8641,202.04,0.6514
8642,202.6,0.8069
8643,190.02,0.6399
8644,192.32,0.6287
8645,1.77,0.6118
8646,188.37,0.606
8647,181.88,0.6259
8648,182.88,0.8015
8649,216.72,0.757
8650,216.62,0.7535
8651,133.96,0.7509
8652,177.6,0.7203
8653,179.59,0.5446
8654,179.35,0.436
8655,1.62,0.4676
8656,1.12,0.4778
8657,216.26,0.4817
8658,192.05,0.4817
8659,184.2,0.5953
8660,1.64,0.5779
8661,140.0,0.5805
8662,195.01,0.5892
8663,195.26,0.7049
8664,194.8,0.5923
8665,143.18,0.5378
8666,2.26,0.485
8667,128.33,0.4662
8668,130.68,0.4749
8669,171.76,0.6401
8670,153.82,0.5364
8671,204.39,0.6121
8672,1.46,0.6009
8673,223.32,0.6042
8674,158.03,0.4382
8675,157.88,0.5453
8676,1.32,0.536
8677,132.43,0.5276
8678,212.04,0.4
8679,147.72,0.4002
8680,1.73,0.3871
8681,1.6,0.3826
8682,116.35,0.4213
8683,206.53,0.5874
8684,195.16,0.7381
8685,204.87,0.7949
8686,186.0,0.6275
8687,185.78,0.6083
8688,1.72,0.6187
8689,171.66,0.631
8690,217.62,0.583
8691,201.12,0.6947
8692,127.02,0.7389
8693,138.31,0.6739
8694,225.75,0.5108
8695,138.16,0.5675
8696,1.62,0.6009
8697,196.3,0.5629
8698,179.24,0.4518
8699,179.2,0.4528
8700,2.24,0.4042
8701,2.85,0.4168
8702,136.94,0.437
8703,194.57,0.5876
8704,203.96,0.779
8705,186.4,0.8315
8706,237.0,0.8342
8707,201.18,0.6691
8708,197.87,0.6276
8709,2.0,0.5772
8710,135.65,0.5474
8711,175.3,0.3869
8712,164.74,0.5266
8713,1.54,0.5633
8714,172.94,0.5605
8715,180.48,0.4274
8716,171.87,0.589
8717,2.0,0.6053
8718,199.25,0.6154
8719,192.88,0.4772
8720,192.8,0.679
8721,2.79,0.6834
8722,248.88,0.6883
8723,204.64,0.6406
8724,198.86,0.7864
8725,134.5,0.7346
8726,181.13,0.6774
8727,185.44,0.6594
8728,134.69,0.694
8729,176.83,0.6907
8730,176.88,0.6462
8731,177.1,0.6574
8732,130.92,0.6206
8733,148.38,0.6211
8734,131.85,0.6164
8735,177.47,0.5109
8736,171.42,0.5454
8737,1.75,0.5606
8738,190.62,0.5239
8739,150.42,0.3858
8740,132.68,0.5443
8741,2.46,0.5344
8742,195.66,0.5568
8743,178.44,0.5978
8744,177.85,0.7449
8745,182.82,0.6809
8746,182.39,0.6966
8747,117.41,0.735
8748,197.7,0.7721
8749,224.82,0.7279
8750,228.18,0.7368
8751,128.25,0.7721
8752,128.41,0.7666
8753,240.88,0.7571
8754,218.0,0.8142
8755,216.61,0.7118
8756,198.04,0.5166
8757,3.22,0.5395
8758,2.09,0.5047
8759,246.02,0.5306
8760,174.04,0.5301
8761,229.72,0.7094
8762,2.5,0.6971
8763,221.47,0.7429
8764,231.03,0.7362
8765,230.08,0.939
8766,221.43,0.7615
8767,250.59,0.7574
8768,4.37,0.7541
8769,226.07,0.7219
8770,226.05,0.6655
8771,182.01,0.7938
8772,181.52,0.7142
8773,161.42,0.7087
8774,128.59,0.7328
8775,219.44,0.7464
8776,211.48,0.6166
8777,198.06,0.6237
8778,2.72,0.621
8779,137.2,0.5213
8780,216.14,0.3615
8781,89.54,0.5189
8782,2.59,0.5655
8783,195.21,0.5472
8784,194.26,0.6324
8785,193.69,0.79
8786,193.86,0.6323
8787,195.33,0.678
8788,2.26,0.6235
8789,250.24,0.5764
8790,127.01,0.5291
8791,136.16,0.6931
8792,137.58,0.6545
8793,202.87,0.7165
8794,202.98,0.7655
8795,202.82,0.7598
8796,196.2,0.7564
8797,130.5,0.7928
8798,198.77,0.7799
8799,247.49,0.7723
8800,187.09,0.6671
8801,186.83,0.5057
8802,1.83,0.4684
8803,1.32,0.4789
8804,201.9,0.4888
8805,199.97,0.629
8806,198.94,0.7683
8807,173.23,0.7436
8808,171.82,0.6888
8809,171.68,0.7056
8810,132.88,0.7237
8811,219.54,0.7397
8812,195.38,0.7058
8813,191.38,0.7743
8814,130.12,0.7745
8815,216.71,0.773
8816,219.81,0.6181
8817,193.52,0.514
8818,1.86,0.4523
8819,2.87,0.3881
8820,141.2,0.3881
8821,141.21,0.5893
8822,193.6,0.7062
8823,247.91,0.6936
8824,145.97,0.68
8825,125.77,0.6238
8826,124.53,0.5237
8827,124.93,0.5228
8828,125.39,0.5807
8829,144.84,0.6669
8830,196.65,0.7383
8831,230.01,0.7659
8832,212.28,0.7716
8833,159.11,0.7677
8834,151.84,0.7297
8835,191.82,0.7092
8836,183.52,0.7511
8837,187.19,0.6281
8838,210.44,0.553
8839,1.39,0.5564
8840,99.88,0.5268
8841,187.69,0.3556
8842,150.94,0.4633
8843,1.06,0.5294
8844,133.15,0.5234
8845,180.74,0.5475
8846,180.31,0.6945
8847,180.51,0.7296
8848,180.84,0.7259
8849,176.02,0.6829
8850,176.33,0.6524
8851,127.62,0.6513
8852,143.28,0.6727
8853,179.42,0.649
8854,202.17,0.6511
8855,147.42,0.6404
8856,130.15,0.6085
8857,130.14,0.4448
8858,140.43,0.4962
8859,1.88,0.5309
8860,210.31,0.5857
8861,172.66,0.4722
8862,197.16,0.4719
8863,1.64,0.4157
8864,1.48,0.3908
8865,141.59,0.346
8866,142.15,0.4612
8867,142.33,0.5775
8868,142.6,0.5797
8869,143.74,0.5692
8870,144.34,0.6172
8871,129.22,0.6695
8872,201.07,0.6904
8873,206.59,0.6923
8874,169.36,0.7477
8875,146.68,0.5849
8876,196.89,0.4169
8877,1.91,0.2795
8878,1.14,0.1616
8879,1.23,0.1624
8880,2.51,0.3043
8881,197.85,0.4648
8882,175.51,0.4657
8883,197.5,0.5592
8884,2.3,0.5219
8885,116.83,0.5461
8886,152.26,0.508
8887,205.12,0.6574
8888,150.91,0.5634
8889,185.02,0.4411
8890,1.89,0.4431
8891,2.56,0.4719
8892,207.58,0.4777
8893,186.18,0.6543
8894,192.15,0.6537
8895,217.84,0.4853
8896,1.91,0.5024
8897,1.58,0.5147
8898,207.1,0.4545
8899,207.1,0.6405
8900,144.26,0.8289
8901,229.4,0.8527
8902,232.05,0.6856
8903,236.22,0.721
8904,2.7,0.693
8905,187.62,0.6731
8906,195.14,0.6401
8907,207.63,0.7977
8908,195.86,0.8119
8909,195.56,0.8396
8910,205.02,0.6711
8911,228.98,0.6636
8912,1.49,0.6605
8913,186.74,0.6493
8914,191.73,0.6344
8915,191.3,0.8055
8916,210.77,0.816
8917,210.74,0.8078
8918,199.61,0.6527
8919,181.76,0.4818
8920,1.5,0.4228
8921,1.73,0.3763
8922,138.62,0.3987
8923,142.62,0.4637
8924,209.21,0.5717
8925,81.05,0.6135
8926,133.86,0.6549
8927,189.72,0.6376
8928,193.24,0.7254
8929,188.08,0.7709
8930,188.42,0.7972
8931,189.53,0.8181
8932,221.88,0.8257
8933,218.88,0.8375
8934,197.38,0.8385
8935,202.83,0.8151
8936,190.68,0.7943
8937,193.35,0.7505
8938,193.4,0.749
8939,143.82,0.5944
8940,200.97,0.4378
8941,1.57,0.4425
8942,1.81,0.4401
8943,199.1,0.455
8944,140.82,0.5849
8945,219.27,0.6794
8946,160.43,0.6271
8947,117.42,0.6097
8948,135.1,0.5365
8949,119.64,0.4079
8950,129.71,0.4063
8951,3.07,0.3942
8952,115.49,0.3945
8953,120.3,0.2905
8954,120.01,0.4006
8955,2.45,0.4086
8956,137.79,0.4219
8957,125.22,0.4213
8958,136.54,0.5171
8959,119.31,0.4069
8960,119.67,0.4948
8961,2.93,0.4974
8962,232.77,0.5064
8963,139.7,0.4116
8964,130.34,0.4122
8965,3.7,0.3217
8966,3.68,0.315
8967,122.12,0.3087
8968,131.47,0.4181
8969,122.62,0.5052
8970,137.52,0.4076
8971,110.2,0.3957
8972,2.75,0.3958
8973,116.95,0.3779
8974,122.7,0.3891
8975,115.67,0.4915
8976,123.87,0.4944
8977,128.0,0.5128
8978,120.45,0.4209
8979,145.32,0.3219
8980,3.24,0.22
8981,2.69,0.2233
8982,3.36,0.2019
8983,124.56,0.3001
8984,119.14,0.2996
8985,123.35,0.4665
8986,2.06,0.4646
8987,207.54,0.4671
8988,122.26,0.513
8989,122.17,0.6603
8990,179.49,0.5996
8991,182.27,0.6776
8992,133.21,0.7554
8993,217.74,0.756
8994,217.38,0.762
8995,180.15,0.8418
8996,189.66,0.8525
8997,230.84,0.8601
8998,230.83,0.878
8999,226.65,0.9143
9000,202.08,0.7273
9001,234.08,0.7082
9002,2.01,0.6967
9003,207.53,0.7078
9004,212.48,0.518
9005,215.76,0.6822
9006,1.9,0.6899
9007,202.83,0.6716
9008,216.92,0.6388
9009,190.1,0.7811
9010,175.65,0.7904
9011,176.0,0.788
9012,214.24,0.7985
9013,213.88,0.8019
9014,203.04,0.801
9015,179.73,0.7686
9016,174.88,0.7585
9017,174.64,0.7483
9018,201.52,0.7572
9019,190.62,0.7792
9020,190.63,0.7801
9021,201.72,0.617
9022,175.73,0.5659
9023,2.0,0.5148
9024,128.12,0.5333
9025,128.1,0.3909
9026,224.41,0.5802
9027,1.5,0.6649
9028,233.58,0.7497
9029,231.81,0.6984
9030,231.72,0.8288
9031,161.75,0.8014
9032,161.0,0.7181
9033,199.99,0.6914
9034,129.94,0.7384
9035,199.02,0.7861
9036,219.34,0.7956
9037,219.32,0.7956
9038,211.63,0.831
9039,129.88,0.8178
9040,242.33,0.6399
9041,203.18,0.4684
9042,1.75,0.5154
9043,1.77,0.4596
9044,187.48,0.4422
9045,173.96,0.4422
9046,181.89,0.584
9047,1.76,0.5752
9048,175.28,0.5851
9049,176.67,0.5519
9050,186.14,0.7051
9051,141.23,0.564
9052,189.23,0.5325
9053,2.57,0.4843
9054,138.19,0.486
9055,127.22,0.4509
9056,143.25,0.6256
9057,146.37,0.6391
9058,216.2,0.6896
9059,154.78,0.6789
9060,189.0,0.6657
9061,130.08,0.4909
9062,130.22,0.5338
9063,2.44,0.536
9064,207.22,0.5895
9065,191.7,0.4842
9066,195.5,0.4837
9067,1.37,0.4187
9068,1.89,0.3666
9069,127.63,0.3111
9070,127.98,0.4151
9071,127.65,0.5797
9072,128.59,0.6515
9073,203.26,0.6526
9074,215.42,0.7103
9075,129.41,0.7593
9076,198.24,0.7467
9077,188.44,0.6763
9078,187.94,0.6763
9079,129.24,0.6625
9080,129.42,0.6684
9081,181.3,0.5675
9082,195.73,0.6045
9083,64.5,0.6478
9084,174.5,0.6488
9085,182.37,0.4902
9086,182.51,0.4389
9087,1.76,0.4537
9088,1.7,0.4246
9089,192.66,0.3956
9090,146.74,0.514
9091,147.04,0.6338
9092,146.54,0.5979
9093,148.26,0.6489
9094,148.74,0.6547
9095,209.23,0.6431
9096,154.08,0.6468
9097,132.33,0.636
9098,152.85,0.5816
9099,135.54,0.5701
9100,142.64,0.6193
9101,140.05,0.6565
9102,192.48,0.5476
9103,198.31,0.5983
9104,2.4,0.659
9105,204.56,0.6767
9106,214.37,0.5164
9107,214.15,0.6855
9108,2.17,0.6678
9109,209.25,0.6613
9110,182.95,0.6553
9111,206.46,0.8153
9112,206.71,0.7752
9113,197.97,0.7383
9114,160.21,0.6371
9115,137.78,0.6255
9116,82.64,0.5814
9117,192.52,0.5686
9118,144.03,0.6133
9119,144.55,0.7258
9120,192.45,0.7252
9121,220.23,0.791
9122,191.81,0.6742
9123,224.49,0.6634
9124,1.74,0.6417
9125,179.24,0.6611
9126,193.67,0.4791
9127,215.56,0.5821
9128,1.8,0.543
9129,127.75,0.4918
9130,131.46,0.434
9131,130.95,0.5864
9132,144.89,0.6618
9133,188.26,0.7383
9134,220.02,0.8087
9135,225.06,0.816
9136,216.96,0.7692
9137,153.85,0.6961
9138,131.09,0.6186
9139,130.56,0.5481
9140,130.22,0.6141
9141,130.72,0.5079
9142,234.66,0.4036
9143,1.17,0.2994
9144,2.9,0.3618
9145,2.8,0.3507
9146,207.04,0.538
9147,220.99,0.5373
9148,230.32,0.6954
9149,2.14,0.6891
9150,196.17,0.6544
9151,199.31,0.6116
9152,178.58,0.716
9153,177.98,0.6669
9154,129.75,0.6752
9155,136.15,0.7004
9156,209.52,0.7255
9157,209.43,0.8085
9158,208.61,0.8838
9159,231.28,0.9078
9160,228.24,0.9104
9161,238.86,0.9032
9162,212.62,0.8924
9163,199.91,0.7083
9164,218.04,0.6881
9165,3.02,0.6761
9166,214.1,0.6175
9167,197.92,0.4406
9168,128.31,0.5969
9169,1.54,0.572
9170,194.32,0.5631
9171,183.55,0.6208
9172,187.01,0.7826
9173,199.0,0.7873
9174,199.46,0.8008
9175,200.08,0.7733
9176,200.08,0.7261
9177,153.34,0.7191
9178,141.24,0.6724
9179,190.9,0.6556
9180,142.97,0.6815
9181,179.46,0.6925
9182,185.09,0.6617
9183,154.7,0.733
9184,153.15,0.787
9185,230.27,0.7686
9186,245.45,0.775
9187,162.68,0.6515
9188,162.43,0.4651
9189,2.16,0.3735
9190,2.24,0.4022
9191,133.4,0.4309
9192,197.74,0.5839
9193,197.52,0.5851
9194,189.31,0.4781
9195,3.7,0.5013
9196,2.59,0.5047
9197,226.02,0.5105
9198,201.75,0.6522
9199,196.4,0.801
9200,177.02,0.784
9201,184.64,0.7932
9202,205.2,0.7827
9203,212.98,0.8219
9204,183.6,0.6727
9205,224.91,0.6592
9206,2.18,0.5918
9207,188.72,0.5482
9208,130.51,0.5675
9209,130.24,0.6937
9210,248.56,0.709
9211,156.51,0.7068
9212,207.49,0.7246
9213,127.77,0.6459
9214,152.02,0.5205
9215,152.33,0.4628
9216,3.09,0.5275
9217,136.91,0.5715
9218,206.84,0.6151
9219,205.94,0.78
9220,205.58,0.8367
9221,204.89,0.8418
9222,206.23,0.7858
9223,213.06,0.795
9224,137.5,0.6299
9225,216.82,0.5466
9226,2.86,0.4774
9227,104.34,0.5302
9228,128.48,0.3549
9229,202.0,0.5132
9230,2.4,0.5343
9231,196.57,0.6146
9232,130.18,0.64
9233,226.67,0.7983
9234,233.01,0.8254
9235,196.08,0.8085
9236,229.75,0.7494
9237,109.51,0.6652
9238,154.37,0.6119
9239,129.93,0.5469
9240,130.93,0.5927
9241,150.23,0.6133
9242,165.52,0.683
9243,179.59,0.7397
9244,215.21,0.7835
9245,200.26,0.6503
9246,203.82,0.6955
9247,2.55,0.6384
9248,234.97,0.6338
9249,145.25,0.4686
9250,194.66,0.5729
9251,1.77,0.4869
9252,130.15,0.5424
9253,129.76,0.572
9254,213.13,0.6826
9255,230.84,0.6881
9256,137.09,0.6913
9257,136.91,0.6737
9258,133.64,0.5945
9259,191.61,0.5908
9260,133.99,0.5859
9261,132.57,0.6272
9262,130.84,0.6313
9263,184.15,0.6824
9264,196.69,0.6852
9265,196.49,0.5799
9266,135.94,0.6013
9267,2.13,0.5599
9268,210.22,0.563
9269,146.06,0.4532
9270,200.38,0.6335
9271,1.53,0.5663
9272,222.78,0.6237
9273,127.98,0.6187
9274,216.28,0.7964
9275,194.23,0.7925
9276,218.94,0.866
9277,218.0,0.7977
9278,217.85,0.8004
9279,132.76,0.8124
9280,197.5,0.819
9281,233.68,0.7927
9282,226.03,0.836
9283,185.73,0.8262
9284,185.71,0.787
9285,185.47,0.7642
9286,185.7,0.8019
9287,198.16,0.794
9288,231.91,0.8299
9289,176.01,0.6795
9290,229.35,0.5194
9291,1.77,0.5013
9292,2.3,0.5114
9293,209.74,0.4776
9294,188.38,0.6267
9295,188.03,0.7331
9296,184.11,0.733
9297,132.51,0.7174
9298,209.59,0.7101
9299,169.26,0.7146
9300,179.1,0.7648
9301,189.68,0.7383
9302,193.9,0.7449
9303,177.12,0.7681
9304,177.44,0.7786
9305,207.41,0.6218
9306,202.5,0.4786
9307,2.08,0.4611
9308,2.0,0.4461
9309,156.03,0.4408
9310,189.02,0.4413
9311,196.0,0.5471
9312,2.7,0.5903
9313,131.44,0.5903
9314,208.89,0.5849
9315,189.08,0.7521
9316,189.42,0.8384
9317,207.13,0.8259
9318,237.12,0.8537
9319,193.6,0.8562
9320,222.98,0.8706
9321,192.58,0.8589
9322,224.68,0.8477
9323,222.86,0.8136
9324,179.9,0.8094
9325,181.16,0.8168
9326,187.49,0.6359
9327,233.72,0.4901
9328,1.55,0.4476
9329,1.62,0.4071
9330,129.08,0.3641
9331,137.95,0.5545
9332,181.2,0.661
9333,234.41,0.7216
9334,131.96,0.7696
9335,203.14,0.7284
9336,196.7,0.6439
9337,130.75,0.6615
9338,131.13,0.6714
9339,153.52,0.6977
9340,215.2,0.6973
9341,228.88,0.6973
9342,130.19,0.6911
9343,131.2,0.6254
9344,145.87,0.5863
9345,134.84,0.6278
9346,181.08,0.5223
9347,180.91,0.5169
9348,2.18,0.5691
9349,139.27,0.5619
9350,198.64,0.4151
9351,172.28,0.4143
9352,1.35,0.4222
9353,1.2,0.3789
9354,148.96,0.3888
9355,145.66,0.524
9356,184.45,0.6543
9357,166.7,0.5346
9358,160.64,0.4176
9359,2.45,0.2687
9360,2.56,0.2976
9361,2.28,0.3136
9362,202.02,0.4664
9363,180.3,0.466
9364,189.32,0.6303
9365,2.08,0.6109
9366,203.33,0.6365
9367,178.2,0.4835
9368,211.7,0.6254
9369,2.12,0.6042
9370,175.61,0.6048
9371,177.42,0.5404
9372,178.9,0.6951
9373,132.94,0.7062
9374,191.43,0.727
9375,189.12,0.747
9376,202.89,0.8133
9377,203.35,0.8245
9378,214.04,0.8523
9379,205.18,0.6879
9380,223.12,0.5239
9381,1.76,0.3512
9382,2.78,0.3405
9383,2.77,0.286
9384,192.1,0.4485
9385,156.44,0.6059
9386,200.49,0.7515
9387,195.32,0.5964
9388,180.94,0.6235
9389,2.33,0.5797
9390,189.67,0.5402
9391,146.84,0.5152
9392,147.04,0.6918
9393,150.35,0.737
9394,218.4,0.8171
9395,244.9,0.8395
9396,244.88,0.8231
9397,174.38,0.8005
9398,130.27,0.7664
9399,190.82,0.7113
9400,203.18,0.766
9401,177.45,0.7923
9402,241.35,0.7955
9403,162.34,0.6324
9404,194.74,0.4888
9405,3.63,0.4265
9406,1.82,0.4508
9407,165.16,0.294
9408,192.06,0.2917
9409,2.94,0.3965
9410,0.79,0.3624
9411,130.01,0.3077
9412,123.53,0.3991
9413,125.03,0.5062
9414,114.86,0.5014
9415,131.79,0.5004
9416,124.06,0.4989
9417,122.32,0.5217
9418,123.2,0.5083
9419,142.79,0.517
9420,115.38,0.5168
9421,134.78,0.5181
9422,122.02,0.4954
9423,124.76,0.5052
9424,115.06,0.5033
9425,127.36,0.506
9426,132.42,0.4061
9427,125.3,0.3142
9428,2.58,0.2124
9429,2.6,0.2042
9430,2.84,0.205
9431,122.47,0.311
9432,126.22,0.3114
9433,132.22,0.425
9434,3.14,0.4322
9435,141.79,0.446
9436,131.34,0.4433
9437,143.0,0.5315
9438,129.0,0.5313
9439,111.04,0.5284
9440,141.54,0.5137
9441,127.76,0.5109
9442,125.03,0.5192
9443,125.56,0.5161
9444,121.26,0.513
9445,137.64,0.5053
9446,124.05,0.4046
9447,115.6,0.3065
9448,2.32,0.1959
9449,1.24,0.2076
9450,2.35,0.2845
9451,138.37,0.4565
9452,209.75,0.4567
9453,212.66,0.4568
9454,1.52,0.4692
9455,2.48,0.4233
9456,153.51,0.4106
9457,153.57,0.5749
9458,197.12,0.7364
9459,202.56,0.6126
9460,200.02,0.6452
9461,2.02,0.6419
9462,193.47,0.6374
9463,193.13,0.6365
9464,197.1,0.787
9465,198.88,0.7868
9466,186.08,0.7354
9467,193.32,0.7447
9468,130.2,0.735
9469,208.45,0.5847
9470,187.04,0.6067
9471,2.23,0.6663
9472,220.16,0.4973
9473,203.2,0.3469
9474,1.63,0.5103
9475,3.14,0.4756
9476,202.04,0.4671
9477,177.77,0.6165
9478,192.81,0.7132
9479,184.34,0.6474
9480,121.52,0.6758
9481,121.54,0.6951
9482,212.48,0.7211
9483,216.41,0.7694
9484,216.12,0.8185
9485,180.6,0.8041
9486,181.58,0.7414
9487,194.87,0.7139
9488,139.81,0.7476
9489,182.44,0.6012
9490,221.82,0.6201
9491,2.5,0.6719
9492,217.97,0.6786
9493,203.14,0.4986
9494,190.66,0.7019
9495,1.67,0.6792
9496,251.12,0.6686
9497,190.24,0.6675
9498,190.18,0.8212
9499,189.31,0.7924
9500,189.74,0.8127
9501,215.81,0.768
9502,215.07,0.7665
9503,135.52,0.7201
9504,187.5,0.7058
9505,132.88,0.6378
9506,198.43,0.6348
9507,131.88,0.5893
9508,131.76,0.5976
9509,131.86,0.5959
9510,143.12,0.4901
9511,196.3,0.4976
9512,2.51,0.5143
9513,140.84,0.5615
9514,152.36,0.5506
9515,200.84,0.7044
9516,182.94,0.745
9517,190.64,0.7762
9518,190.48,0.7682
9519,190.56,0.7753
9520,191.08,0.7864
9521,191.66,0.6324
9522,204.25,0.478
9523,2.01,0.4762
9524,1.72,0.4839
9525,188.89,0.4619
9526,201.05,0.6241
9527,177.33,0.8027
9528,200.44,0.6506
9529,220.25,0.4876
9530,2.75,0.344
9531,1.72,0.2998
9532,1.6,0.2645
9533,146.37,0.4299
9534,177.02,0.4296
9535,205.16,0.5739
9536,1.34,0.6125
9537,178.08,0.5594
9538,193.67,0.5188
9539,112.0,0.6668
9540,155.57,0.6687
9541,182.31,0.6764
9542,180.43,0.5866
9543,203.07,0.4605
9544,2.22,0.3124
9545,1.2,0.2673
9546,1.15,0.2767
9547,125.24,0.3898
9548,214.63,0.3909
9549,140.59,0.3918
9550,2.54,0.2906
9551,2.2,0.1162
9552,1.51,0.1273
9553,1.2,0.2468
9554,154.28,0.3241
9555,148.62,0.324
9556,96.84,0.4765
9557,1.32,0.5057
9558,187.76,0.5126
9559,190.02,0.553
9560,157.12,0.6699
9561,146.28,0.6345
9562,144.23,0.4812
9563,144.49,0.457
9564,2.45,0.4785
9565,127.51,0.4632
9566,172.58,0.4484
9567,125.58,0.5498
9568,126.38,0.595
9569,126.52,0.6033
9570,182.71,0.5306
9571,182.75,0.5367
9572,36.72,0.5591
9573,133.82,0.5348
9574,153.86,0.3871
9575,153.02,0.3583
9576,2.1,0.4122
9577,1.46,0.4054
9578,199.78,0.4394
9579,145.58,0.5938
9580,194.58,0.7215
9581,190.99,0.6766
9582,157.61,0.7142
9583,144.86,0.6781
9584,191.57,0.689
9585,150.46,0.7124
9586,204.36,0.7689
9587,186.24,0.7934
9588,213.9,0.829
9589,221.54,0.7765
9590,194.0,0.8032
9591,140.12,0.6304
9592,218.96,0.5792
9593,2.49,0.6105
9594,158.88,0.6572
9595,232.36,0.4798
9596,197.22,0.6703
9597,2.0,0.6966
9598,235.44,0.613
9599,191.04,0.5761
9600,130.18,0.7404
9601,152.04,0.7174
9602,202.98,0.7294
9603,207.37,0.8053
9604,205.7,0.8713
9605,222.96,0.8659
9606,232.82,0.871
9607,196.36,0.8935
9608,213.68,0.8863
9609,233.11,0.852
9610,214.26,0.6927
9611,190.81,0.5881
9612,1.54,0.5135
9613,85.72,0.4446
9614,141.86,0.2909
9615,129.86,0.4771
9616,2.88,0.5808
9617,229.33,0.6349
9618,212.46,0.66
9619,208.07,0.7889
9620,160.58,0.7553
9621,160.63,0.6885
9622,188.16,0.666
9623,130.82,0.6674
9624,180.44,0.7031
9625,162.38,0.7164
9626,204.22,0.7324
9627,204.44,0.7664
9628,150.45,0.7892
9629,222.06,0.7285
9630,190.24,0.7194
9631,130.0,0.5988
9632,193.27,0.583
9633,2.9,0.5732
9634,202.74,0.6263
9635,178.28,0.4702
9636,194.9,0.6179
9637,2.34,0.6132
9638,183.58,0.6149
9639,197.0,0.6158
9640,180.34,0.7661
9641,196.01,0.7753
9642,186.25,0.7742
9643,194.85,0.7829
9644,195.54,0.7789
9645,191.03,0.7831
9646,191.18,0.7632
9647,191.32,0.764
9648,170.49,0.7772
9649,196.5,0.7901
9650,207.2,0.8117
9651,206.98,0.6737
9652,217.7,0.6982
9653,1.68,0.6754
9654,226.56,0.6984
9655,179.2,0.5229
9656,235.18,0.6048
9657,2.98,0.6057
9658,101.89,0.6448
9659,227.64,0.5948
9660,227.07,0.7666
9661,173.95,0.6844
9662,213.2,0.5009
9663,1.34,0.4989
9664,3.1,0.4596
9665,224.64,0.3837
9666,125.87,0.4839
9667,120.4,0.5821
9668,123.86,0.552
9669,123.32,0.4528
9670,187.82,0.3581
9671,4.5,0.2612
9672,4.49,0.2816
9673,5.4,0.2324
9674,148.29,0.3308
9675,127.58,0.3309
9676,124.83,0.33
9677,4.68,0.3044
9678,4.26,0.3015
9679,117.0,0.3015
9680,124.01,0.3995
9681,124.87,0.5026
9682,124.48,0.4105
9683,130.39,0.4245
9684,4.4,0.4456
9685,141.13,0.471
9686,150.6,0.476
9687,155.63,0.6233
9688,136.46,0.659
9689,184.57,0.6825
9690,184.87,0.6748
9691,179.36,0.565
9692,146.22,0.4162
9693,2.08,0.3719
9694,2.52,0.3243
9695,130.78,0.3365
9696,121.03,0.3361
9697,161.17,0.5088
9698,1.6,0.5287
9699,213.8,0.5358
9700,155.15,0.5099
9701,129.64,0.6147
9702,129.54,0.564
9703,129.76,0.5653
9704,151.86,0.6173
9705,156.69,0.6793
9706,193.2,0.7454
9707,205.48,0.7934
9708,210.59,0.7947
9709,210.61,0.8109
9710,158.24,0.7598
9711,213.06,0.7534
9712,142.89,0.5822
9713,202.76,0.4539
9714,1.2,0.4266
9715,1.35,0.4568
9716,179.6,0.4413
9717,179.8,0.5918
9718,183.86,0.7233
9719,185.29,0.7092
9720,162.18,0.6956
9721,162.37,0.6788
9722,163.23,0.6616
9723,163.26,0.6637
9724,164.19,0.712
9725,164.77,0.7635
9726,221.52,0.7868
9727,226.16,0.8142
9728,191.86,0.8411
9729,197.69,0.7682
9730,197.62,0.6926
9731,132.32,0.6984
9732,133.68,0.702
9733,198.95,0.5418
9734,202.2,0.5263
9735,1.61,0.5764
9736,113.35,0.4153
9737,194.93,0.2517
9738,1.96,0.4286
9739,1.96,0.5141
9740,218.08,0.5106
9741,217.91,0.6556
9742,190.65,0.826
9743,179.36,0.8198
9744,210.42,0.6434
9745,210.51,0.4896
9746,2.1,0.3455
9747,2.5,0.1754
9748,3.04,0.1662
9749,2.36,0.3183
9750,199.22,0.4639
9751,188.16,0.5744
9752,180.67,0.7437
9753,138.19,0.5824
9754,209.5,0.5802
9755,1.84,0.6
9756,185.53,0.5953
9757,204.86,0.4265
9758,132.49,0.5271
9759,3.0,0.4845
9760,124.91,0.4667
9761,133.34,0.4751
9762,183.17,0.5797
9763,142.76,0.5855
9764,130.87,0.585
9765,132.1,0.4377
9766,132.68,0.4386
9767,2.92,0.4426
9768,143.94,0.4677
9769,135.76,0.5175
9770,162.76,0.6735
9771,193.68,0.7137
9772,193.68,0.7607
9773,193.16,0.7998
9774,193.24,0.6431
9775,210.56,0.6667
9776,2.06,0.6849
9777,222.57,0.6475
9778,215.4,0.4778
9779,147.42,0.6663
9780,3.05,0.6382
9781,232.59,0.6155
9782,188.26,0.6482
9783,187.57,0.828
9784,187.47,0.8201
9785,222.98,0.8258
9786,222.9,0.8554
9787,195.26,0.8799
9788,223.73,0.8755
9789,217.5,0.8541
9790,217.53,0.7952
9791,196.78,0.7759
9792,123.23,0.7129
9793,200.11,0.6635
9794,140.4,0.5039
9795,157.1,0.5006
9796,1.48,0.4345
9797,119.27,0.436
9798,119.28,0.3091
9799,142.19,0.4188
9800,1.91,0.4912
9801,135.58,0.5406
9802,207.83,0.5817
9803,179.82,0.7375
9804,192.38,0.7685
9805,192.56,0.7656
9806,173.45,0.7978
9807,204.26,0.8035
9808,219.24,0.6478
9809,199.34,0.508
9810,2.09,0.4974
9811,2.51,0.4739
9812,191.2,0.461
9813,190.5,0.6116
9814,183.63,0.6115
9815,186.35,0.4573
9816,2.3,0.4081
9817,2.56,0.3744
9818,130.38,0.341
9819,142.34,0.5443
9820,145.56,0.6465
9821,250.97,0.665
9822,127.56,0.6762
9823,153.07,0.6816
9824,155.94,0.6736
9825,152.18,0.743
9826,241.2,0.7757
9827,212.49,0.827
9828,193.04,0.8299
9829,218.76,0.7995
9830,155.66,0.7478
9831,204.0,0.7121
9832,149.24,0.6555
9833,149.4,0.6505
9834,149.52,0.4863
9835,149.56,0.4649
9836,3.16,0.4433
9837,122.98,0.4701
9838,122.98,0.3491
9839,182.32,0.3481
9840,1.54,0.4159
9841,1.93,0.4835
9842,205.98,0.5023
9843,205.61,0.6688
9844,205.32,0.8171
9845,205.26,0.6499
9846,183.37,0.6393
9847,1.45,0.6249
9848,192.58,0.6139
9849,187.74,0.6273
9850,191.77,0.7875
9851,199.8,0.6314
9852,197.46,0.661
9853,1.6,0.695
9854,223.95,0.7119
9855,233.3,0.552
9856,220.48,0.7121
9857,1.94,0.6843
9858,197.42,0.6651
9859,189.9,0.4867
9860,209.79,0.4862
9861,2.3,0.4542
9862,1.26,0.424
9863,158.37,0.4162
9864,152.95,0.5385
9865,200.23,0.7072
9866,151.84,0.7474
9867,207.7,0.731
9868,207.53,0.6744
9869,132.84,0.7062
9870,131.02,0.6429
9871,190.74,0.6053
9872,130.25,0.6434
9873,161.53,0.6952
9874,179.51,0.7199
9875,194.34,0.6149
9876,220.95,0.5939
9877,1.82,0.6055
9878,135.89,0.605
9879,193.61,0.4268
9880,193.78,0.5174
9881,3.0,0.5901
9882,112.64,0.6158
9883,224.74,0.6347
9884,225.14,0.8034
9885,216.89,0.7133
9886,209.38,0.5323
9887,2.44,0.4576
9888,3.22,0.4479
9889,133.78,0.4238
9890,205.03,0.5886
9891,179.92,0.7021
9892,204.07,0.7086
9893,142.01,0.6966
9894,141.82,0.711
9895,190.32,0.7132
9896,197.52,0.5982
9897,206.8,0.6482
9898,1.23,0.5973
9899,203.04,0.6016
9900,128.0,0.4344
9901,202.83,0.5378
9902,2.26,0.5233
9903,127.66,0.5335
9904,185.33,0.4825
9905,140.52,0.6287
9906,140.46,0.7032
9907,181.1,0.7124
9908,218.76,0.7834
9909,196.56,0.8131
9910,227.43,0.8491
9911,176.76,0.8545
9912,225.11,0.8377
9913,225.46,0.8079
9914,176.01,0.8289
9915,190.91,0.6473
9916,202.46,0.4641
9917,3.01,0.4373
9918,1.33,0.3908
9919,143.21,0.3795
9920,134.06,0.3784
9921,188.6,0.5003
9922,1.64,0.5026
9923,150.43,0.5689
9924,146.06,0.5787
9925,215.22,0.7525
9926,200.49,0.8243
9927,214.3,0.8787
9928,238.31,0.7066
9929,212.51,0.5466
9930,4.69,0.565
9931,4.79,0.5635
9932,236.77,0.4504
9933,236.58,0.6317
9934,74.11,0.8058
9935,226.45,0.7902
9936,217.78,0.5984
9937,217.68,0.5392
9938,1.99,0.5091
9939,1.7,0.4534
9940,189.59,0.4481
9941,149.69,0.4477
9942,211.1,0.6301
9943,1.49,0.5845
9944,224.88,0.5612
9945,133.8,0.5429
9946,121.18,0.6501
9947,188.76,0.6449
9948,132.65,0.7098
9949,218.42,0.6122
9950,213.22,0.6631
9951,1.84,0.6533
9952,250.97,0.5734
9953,120.66,0.5018
9954,120.7,0.5018
9955,125.66,0.2976
9956,1.8,0.2001
9957,1.12,0.2871
9958,1.4,0.2786
9959,227.12,0.3717
9960,115.37,0.3725
9961,115.61,0.3732
9962,2.09,0.3
9963,2.3,0.301
9964,137.61,0.3229
9965,116.54,0.4161
9966,142.38,0.5192
9967,116.12,0.5016
9968,128.45,0.5012
9969,116.03,0.531
9970,116.14,0.5957
9971,178.76,0.6002
9972,195.27,0.6424
9973,134.04,0.5495
9974,167.61,0.5901
9975,2.46,0.5382
9976,228.4,0.5489
9977,131.78,0.4133
9978,147.15,0.559
9979,1.74,0.5288
9980,180.68,0.5309
9981,191.54,0.4119
9982,134.24,0.5222
9983,1.59,0.4916
9984,136.76,0.4427
9985,143.21,0.4424
9986,131.66,0.5512
9987,133.97,0.5512
9988,134.69,0.5457
9989,136.69,0.6296
9990,136.53,0.6076
9991,234.24,0.613
9992,107.06,0.6396
9993,141.29,0.6533
9994,169.28,0.5714
9995,153.28,0.6268
9996,134.01,0.6747
9997,174.92,0.725
9998,199.8,0.6013
9999,230.89,0.6121
10000,1.87,0.5897
10001,147.26,0.449
10002,147.52,0.4081
10003,27.65,0.5502
10004,180.84,0.5736
10005,175.77,0.5968
10006,175.9,0.718
10007,175.85,0.7327
10008,175.92,0.6798
10009,198.9,0.6996
10010,110.94,0.6816
10011,200.2,0.6586
10012,153.84,0.6262
10013,147.73,0.7007
10014,159.27,0.7022
10015,202.04,0.7426
10016,202.09,0.7298
10017,203.25,0.7403
10018,132.09,0.5776
10019,172.11,0.5688
10020,2.96,0.5467
10021,191.39,0.6031
10022,176.21,0.4648
10023,201.1,0.6166
10024,2.85,0.5866
10025,188.65,0.611
10026,154.75,0.615
10027,206.02,0.7542
10028,206.03,0.6011
10029,173.17,0.5822
10030,1.36,0.5703
10031,131.62,0.5582
10032,191.41,0.5733
10033,191.29,0.7285
10034,191.61,0.7772
10035,191.18,0.7357
10036,191.23,0.7483
10037,140.57,0.7603
10038,206.7,0.6058
10039,206.29,0.4506
10040,2.2,0.5079
10041,1.46,0.4875
10042,210.62,0.4929
10043,181.71,0.492
10044,212.97,0.6552
10045,1.02,0.6465
10046,201.14,0.6528
10047,199.92,0.6426
10048,189.47,0.7865
10049,200.53,0.7665
10050,176.96,0.7677
10051,176.73,0.7622
10052,201.44,0.7481
10053,182.72,0.7674
10054,183.22,0.6243
10055,200.67,0.4611
10056,1.65,0.4216
10057,1.75,0.3828
10058,134.44,0.3383
10059,135.66,0.4405
10060,146.29,0.5624
10061,126.64,0.6382
10062,150.87,0.5286
10063,227.21,0.4103
10064,1.59,0.4185
10065,1.56,0.4448
10066,136.65,0.3674
10067,183.1,0.4895
10068,132.49,0.5965
10069,150.98,0.6681
10070,132.42,0.6287
10071,224.32,0.6924
10072,134.86,0.724
10073,210.4,0.771
10074,189.64,0.7391
10075,189.96,0.6309
10076,185.29,0.5385
10077,2.49,0.5556
10078,97.29,0.5735
10079,210.61,0.4234
10080,211.86,0.6015
10081,1.66,0.6764
10082,220.41,0.6763
10083,188.92,0.5045
10084,210.44,0.5046
10085,1.62,0.502
10086,1.86,0.5161
10087,217.27,0.5126
10088,206.11,0.6145
10089,206.14,0.7756
10090,126.34,0.7685
10091,198.84,0.7804
10092,208.68,0.717
10093,220.65,0.6152
10094,128.56,0.6405
10095,1.84,0.5906
10096,229.8,0.5829
10097,147.58,0.4797
10098,211.26,0.48
10099,2.26,0.294
10100,2.26,0.1745
10101,2.26,0.1682
10102,1.43,0.3327
10103,203.53,0.4427
10104,203.4,0.5595
10105,136.94,0.7177
10106,145.12,0.7236
10107,194.92,0.7165
10108,210.73,0.7686
10109,194.74,0.8083
10110,200.74,0.7255
10111,193.64,0.7284
10112,93.65,0.6968
10113,214.26,0.6966
10114,156.02,0.7023
10115,200.5,0.7922
10116,200.62,0.6183
10117,203.7,0.6606
10118,1.44,0.6791
10119,207.86,0.6677
10120,223.06,0.5026
10121,186.68,0.7012
10122,1.7,0.6551
10123,244.4,0.6424
10124,151.52,0.4911
10125,207.46,0.6415
10126,1.66,0.6057
10127,185.65,0.6459
10128,200.62,0.6397
10129,200.7,0.8017
10130,199.9,0.8195
10131,199.85,0.8112
10132,207.33,0.8029
10133,190.46,0.7898
10134,190.58,0.7572
10135,183.91,0.7448
10136,159.93,0.7464
10137,192.21,0.7502
10138,192.41,0.7442
10139,195.26,0.7812
10140,176.55,0.6252
10141,205.18,0.5756
10142,1.31,0.5801
10143,131.83,0.6011
10144,200.66,0.4347
10145,202.34,0.5169
10146,1.52,0.5329
10147,101.94,0.4968
10148,151.43,0.4799
10149,156.49,0.666
10150,181.66,0.7709
10151,229.12,0.8353
10152,230.3,0.8882
10153,230.27,0.9033
10154,221.16,0.8267
10155,200.09,0.7889
10156,135.41,0.7239
10157,184.04,0.6951
10158,150.81,0.6781
10159,185.91,0.6844
10160,179.32,0.7107
10161,143.05,0.5894
10162,216.24,0.5964
10163,2.4,0.6038
10164,194.56,0.6075
10165,188.33,0.4322
10166,147.6,0.5381
10167,1.74,0.5129
10168,131.97,0.4932
10169,163.72,0.532
10170,164.24,0.6458
10171,195.1,0.654
10172,140.99,0.636
10173,141.95,0.5032
10174,141.71,0.4908
10175,1.76,0.5292
10176,179.9,0.5407
10177,188.04,0.5393
10178,156.01,0.7169
10179,139.97,0.7488
10180,219.06,0.7862
10181,218.92,0.661
10182,233.72,0.7133
10183,2.85,0.7012
10184,204.03,0.6304
10185,204.19,0.4425
10186,132.28,0.5525
10187,3.9,0.5665
10188,137.4,0.5661
10189,221.25,0.624
10190,203.62,0.7763
10191,203.17,0.8312
10192,190.12,0.7715
10193,204.62,0.6065
10194,148.17,0.4421
10195,1.76,0.289
10196,2.15,0.1237
10197,2.8,0.1127
10198,2.34,0.2217
10199,134.78,0.3294
10200,135.03,0.4325
10201,133.95,0.4317
10202,128.95,0.3231
10203,1.3,0.3763
10204,1.92,0.4305
10205,200.2,0.4866
10206,200.16,0.691
10207,197.64,0.8539
10208,251.39,0.8776
10209,201.2,0.8388
10210,229.1,0.8014
10211,152.74,0.7404
10212,151.9,0.6884
10213,176.76,0.6648
10214,137.55,0.653
10215,200.26,0.6886
10216,138.27,0.6939
10217,195.52,0.7317
10218,183.18,0.7025
10219,183.76,0.6864
10220,164.63,0.6604
10221,118.49,0.5122
10222,163.76,0.4249
10223,1.84,0.4156
10224,77.03,0.4361
10225,153.26,0.3039
10226,143.55,0.3037
10227,2.0,0.3398
10228,1.64,0.3144
10229,121.22,0.297
10230,122.2,0.395
10231,122.17,0.5002
10232,121.96,0.5076
10233,130.26,0.506
10234,130.28,0.5057
10235,120.31,0.5049
10236,121.78,0.4986
10237,120.92,0.4923
10238,122.58,0.4937
10239,122.58,0.5339
10240,122.01,0.5865
10241,170.93,0.5885
10242,185.3,0.4897
10243,124.99,0.5441
10244,1.83,0.5643
10245,188.55,0.57
10246,195.63,0.4691
10247,192.24,0.47
10248,1.52,0.4646
10249,3.0,0.4835
10250,181.86,0.4846
10251,218.77,0.6387
10252,193.62,0.757
10253,190.06,0.7741
10254,147.73,0.7069
10255,202.76,0.742
10256,136.54,0.6934
10257,236.56,0.7455
10258,130.65,0.753
10259,211.37,0.8197
10260,212.02,0.8079
10261,218.07,0.8826
10262,222.2,0.818
10263,221.98,0.7453
10264,132.31,0.7382
10265,123.19,0.7221
10266,209.34,0.543
10267,202.52,0.603
10268,2.86,0.6848
10269,205.74,0.6221
10270,223.15,0.5647
10271,132.74,0.6705
10272,132.22,0.6942
10273,132.34,0.7037
10274,234.76,0.707
10275,234.8,0.6567
10276,136.7,0.6785
10277,70.74,0.6283
10278,158.94,0.5461
10279,173.38,0.5734
10280,134.26,0.6789
10281,170.13,0.7248
10282,199.74,0.7328
10283,215.15,0.6245
10284,183.14,0.6487
10285,1.74,0.6647
10286,199.76,0.6394
10287,219.34,0.4911
10288,184.11,0.6621
10289,1.8,0.6538
10290,210.9,0.6299
10291,189.66,0.6351
10292,190.09,0.7454
10293,190.43,0.7186
10294,136.67,0.7398
10295,178.23,0.7334
10296,215.54,0.6996
10297,182.24,0.7101
10298,149.12,0.7246
10299,149.46,0.6618
10300,196.02,0.6261
10301,138.68,0.6129
10302,138.57,0.5989
10303,132.96,0.4398
10304,132.42,0.3275
10305,1.3,0.3428
10306,1.3,0.3627
10307,157.37,0.4379
10308,157.23,0.6256
10309,224.49,0.7326
10310,230.84,0.7653
10311,132.2,0.8286
10312,197.38,0.815
10313,234.66,0.7932
10314,207.9,0.7965
10315,204.16,0.7464
10316,136.18,0.7195
10317,136.16,0.6701
10318,201.71,0.6337
10319,147.46,0.6455
10320,159.71,0.6606
10321,150.56,0.6077
10322,154.62,0.5972
10323,137.0,0.4678
10324,134.58,0.3465
10325,1.42,0.3862
10326,2.14,0.4349
10327,203.27,0.5136
10328,196.52,0.5134
10329,230.92,0.6923
10330,1.12,0.6537
10331,221.01,0.6316
10332,156.05,0.5774
10333,169.52,0.7614
10334,164.62,0.582
10335,226.17,0.559
10336,1.6,0.5657
10337,127.9,0.5695
10338,177.71,0.5234
10339,169.25,0.6608
10340,169.74,0.6953
10341,169.73,0.7144
10342,170.07,0.7161
10343,201.06,0.7176
10344,171.37,0.5799
10345,171.52,0.6051
10346,1.38,0.5894
10347,200.81,0.5661
10348,181.87,0.4276
10349,142.84,0.4282
10350,2.13,0.3904
10351,2.13,0.3565
10352,154.53,0.4237
10353,140.42,0.5338
10354,225.1,0.6394
10355,136.78,0.661
10356,131.28,0.6935
10357,181.01,0.6557
10358,180.21,0.7276
10359,178.8,0.8032
10360,224.78,0.8159
10361,223.71,0.8418
10362,196.54,0.8333
10363,211.96,0.8044
10364,168.38,0.6224
10365,189.36,0.6287
10366,1.05,0.5936
10367,204.32,0.5995
10368,168.98,0.4464
10369,175.63,0.5476
10370,2.06,0.4919
10371,124.81,0.5255
10372,136.18,0.5479
10373,210.14,0.7122
10374,203.02,0.6117
10375,203.03,0.5017
10376,1.85,0.4845
10377,1.63,0.4558
10378,189.16,0.474
10379,167.89,0.6565
10380,225.32,0.6566
10381,225.1,0.503
10382,1.72,0.3674
10383,1.27,0.1844
10384,2.0,0.0016
10385,1.48,0.0019
10386,1.41,0.1121
10387,2.16,0.2308
10388,135.97,0.3679
10389,147.26,0.3686
10390,169.26,0.482
10391,2.26,0.5159
10392,140.79,0.5473
10393,177.44,0.582
10394,185.68,0.732
10395,211.72,0.7625
10396,185.83,0.769
10397,178.01,0.768
10398,185.41,0.7063
10399,184.46,0.6566
10400,136.25,0.6194
10401,125.07,0.6591
10402,132.42,0.6786
10403,234.0,0.6821
10404,208.36,0.5814
10405,140.48,0.4748
10406,1.9,0.4305
10407,2.0,0.4125
10408,179.79,0.3971
10409,186.38,0.3971
10410,121.66,0.5093
10411,1.84,0.5431
10412,139.3,0.4997
10413,221.13,0.5094
10414,133.32,0.6228
10415,133.55,0.682
10416,140.56,0.6532
10417,211.66,0.698
10418,185.93,0.7054
10419,188.09,0.7521
10420,142.6,0.6904
10421,197.69,0.7164
10422,136.26,0.6824
10423,217.71,0.5672
10424,146.53,0.407
10425,1.61,0.2974
10426,1.76,0.1209
10427,2.1,0.0028
10428,1.8,0.0035
10429,2.15,0.0039
10430,2.45,0.0033
10431,2.15,0.0033
10432,1.42,0.0027
10433,1.84,0.0026
10434,1.38,0.0029
10435,2.32,0.0039
10436,2.55,0.0039
10437,2.61,0.0044
10438,1.82,0.004
10439,2.0,0.003
10440,1.84,0.0026
10441,1.4,0.0027
10442,2.0,0.0021
10443,2.05,0.002
10444,1.19,0.0022
10445,1.7,0.0023
10446,1.75,0.0017
10447,2.05,0.0021
10448,1.29,0.0019
10449,1.67,0.0019
10450,1.5,0.0013
10451,1.81,0.0025
10452,1.31,0.0035
10453,2.66,0.0046
10454,2.89,0.0044
10455,2.85,0.0046
10456,1.6,0.0037
10457,1.6,0.0023
10458,1.52,0.0016
10459,1.2,0.0017
10460,1.96,0.0019
10461,1.72,0.0026
10462,1.82,0.0038
10463,2.45,0.0032
10464,2.67,0.0034
10465,1.24,0.0034
10466,1.86,0.0028
10467,1.88,0.0019
10468,1.72,0.0025
10469,1.62,0.0026
10470,1.91,0.0022
10471,1.94,0.0019
10472,1.5,0.0022
10473,1.25,0.0019
10474,2.0,0.0016
10475,1.6,0.0016
10476,1.5,0.0018
10477,1.5,0.0017
10478,1.6,0.0013
10479,1.76,0.0017
10480,1.23,0.0021
10481,1.9,0.003
10482,2.0,0.0032
10483,2.7,0.0033
10484,2.01,0.0028
10485,1.34,0.0022
10486,1.3,0.0019
10487,1.31,0.0014
10488,2.3,0.0022
10489,1.37,0.0028
10490,2.3,0.004
10491,2.07,0.0034
10492,2.8,0.0033
10493,1.6,0.0027
10494,1.23,0.0024
10495,1.52,0.0011
10496,1.72,0.001
10497,1.16,0.0016
10498,1.59,0.0015
10499,1.86,0.0013
10500,1.5,0.0014
10501,1.48,0.0013
10502,1.2,0.001
10503,1.55,0.0015
10504,1.49,0.0014
10505,2.06,0.0013
10506,1.32,0.0009
10507,1.14,0.0007
10508,1.03,0.0003
10509,1.2,0.0003
10510,1.6,0.0006
10511,1.4,0.0018
10512,1.4,0.0025
10513,2.6,0.0024
10514,1.98,0.0022
10515,1.44,0.0028
10516,1.26,0.0022
10517,2.12,0.0031
10518,1.84,0.0042
10519,3.05,0.0045
10520,2.8,0.0039
10521,1.66,0.0034
10522,1.4,0.0028
10523,1.2,0.0023
10524,2.35,0.002
10525,2.2,0.0023
10526,1.2,0.003
10527,1.76,0.0029
10528,2.13,0.0029
10529,2.25,0.003
10530,2.1,0.0029
10531,1.4,0.0026
10532,1.65,0.002
10533,1.7,0.0016
10534,1.5,0.0024
10535,1.67,0.0034
10536,2.36,0.0044
10537,2.88,0.0053
10538,2.86,0.0054
10539,2.6,0.0049
10540,1.8,0.0044
10541,1.85,0.0037
10542,2.16,0.0028
10543,2.06,0.0024
10544,1.45,0.0026
10545,1.3,0.0029
10546,2.2,0.0033
10547,2.44,0.0036
10548,2.61,0.0039
10549,1.74,0.0034
10550,1.71,0.0025
10551,1.54,0.0012
10552,1.43,0.0005
10553,1.0,0.0005
10554,0.93,0.0008
10555,1.61,0.0012
10556,1.97,0.0014
10557,1.92,0.0016
10558,1.19,0.0017
10559,1.19,0.0013
10560,1.75,0.001
10561,1.52,0.0013
10562,1.52,0.0017
10563,1.52,0.0015
10564,1.68,0.0019
10565,1.5,0.0019
10566,2.01,0.0025
10567,1.56,0.0028
10568,2.22,0.0031
10569,2.12,0.003
10570,1.78,0.0028
10571,1.89,0.0024
10572,1.34,0.002
10573,1.79,0.0016
10574,1.63,0.0013
10575,1.3,0.0013
10576,1.49,0.0012
10577,1.28,0.0013
10578,1.68,0.0015
10579,1.75,0.0018
10580,1.62,0.0026
10581,1.8,0.0035
10582,2.25,0.0041
10583,2.75,0.0039
10584,2.5,0.0038
10585,1.4,0.0032
10586,1.65,0.0026
10587,1.6,0.002
10588,1.95,0.0022
10589,1.8,0.0023
10590,1.6,0.0025
10591,1.86,0.0028
10592,1.76,0.0025
10593,2.31,0.0023
10594,1.43,0.0021
10595,1.38,0.0023
10596,1.67,0.0017
10597,1.92,0.0019
10598,1.6,0.002
10599,1.65,0.0018
10600,1.6,0.0025
10601,1.32,0.0028
10602,2.85,0.003
10603,1.97,0.0029
10604,1.9,0.0032
10605,1.5,0.0016
10606,1.61,0.001
10607,0.96,0.0005
10608,1.2,0.0009
10609,1.23,0.0007
10610,2.06,0.0012
10611,1.35,0.0015
10612,1.55,0.0018
10613,1.59,0.0013
10614,1.6,0.0013
10615,1.39,0.0012
10616,1.4,0.0008
10617,1.43,0.0014
10618,1.1,0.0014
10619,2.3,0.0017
10620,1.41,0.0024
10621,1.81,0.003
10622,2.3,0.0026
10623,1.83,0.0027
10624,1.76,0.0021
10625,1.5,0.0012
10626,1.1,0.0008
10627,1.19,0.0003
10628,1.35,0.0002
10629,1.15,0.0008
10630,1.45,0.0015
10631,1.72,0.0024
10632,2.16,0.004
10633,2.45,0.004
10634,3.02,0.004
10635,1.54,0.0045
10636,1.65,0.0049
10637,2.74,0.0041
10638,3.01,0.0043
10639,1.96,0.0049
10640,1.85,0.0051
10641,2.37,0.0049
10642,3.0,0.0055
10643,2.8,0.0052
10644,2.63,0.0047
10645,1.46,0.003
10646,1.78,0.0033
10647,0.98,0.0031
10648,3.15,0.0034
10649,2.33,0.0031
10650,1.82,0.0039
10651,1.48,0.0027
10652,1.9,0.002
10653,1.77,0.0018
10654,1.47,0.0016
10655,1.5,0.002
10656,1.23,0.002
10657,2.41,0.0031
10658,1.73,0.0037
10659,2.84,0.0038
10660,2.25,0.0033
10661,1.3,0.0033
10662,1.82,0.0021
10663,1.8,0.0019
10664,1.36,0.0022
10665,1.92,0.0019
10666,1.78,0.0021
10667,1.36,0.0033
10668,2.05,0.0027
10669,2.85,0.0026
10670,1.25,0.0036
10671,1.6,0.0028
10672,2.55,0.002
10673,1.08,0.0024
10674,1.95,0.0022
10675,1.7,0.0011
10676,1.34,0.0014
10677,1.23,0.0015
10678,1.45,0.0014
10679,2.05,0.0019
10680,1.55,0.0022
10681,2.04,0.0024
10682,1.5,0.0016
10683,1.78,0.0018
10684,1.04,0.0014
10685,1.74,0.0023
10686,1.6,0.0027
10687,2.58,0.0038
10688,2.25,0.0038
10689,2.4,0.0039
10690,1.7,0.0029
10691,1.74,0.0024
10692,1.35,0.0017
10693,1.74,0.0015
10694,1.5,0.0013
10695,1.46,0.0013
10696,1.46,0.0012
10697,1.42,0.0014
10698,1.52,0.0021
10699,1.74,0.0023
10700,2.4,0.0023
10701,1.7,0.0025
10702,1.4,0.0023
10703,1.72,0.0014
10704,1.56,0.0018
10705,1.3,0.0017
10706,2.2,0.0013
10707,1.19,0.0016
10708,1.29,0.0017
10709,1.88,0.0011
10710,1.42,0.0014
10711,1.46,0.0022
10712,1.66,0.0024
10713,2.17,0.0024
10714,2.12,0.0028
10715,1.5,0.0033
10716,1.88,0.0034
10717,2.26,0.003
10718,2.33,0.003
10719,1.7,0.0027
10720,1.5,0.0023
10721,1.5,0.0018
10722,1.72,0.0017
10723,1.7,0.0026
10724,1.6,0.0039
10725,2.66,0.0046
10726,3.01,0.0046
10727,2.54,0.005
10728,1.8,0.0039
10729,1.99,0.0031
10730,1.33,0.0023
10731,2.03,0.0018
10732,1.6,0.0012
10733,1.25,0.001
10734,1.2,0.0006
10735,1.1,0.0002
10736,1.5,0.0012
10737,1.09,0.0014
10738,2.47,0.0018
10739,1.48,0.0027
10740,1.6,0.0039
10741,2.6,0.0033
10742,2.6,0.0036
10743,1.72,0.0034
10744,1.8,0.0035
10745,1.38,0.0038
10746,2.74,0.0048
10747,2.97,0.0049
10748,2.98,0.0048
10749,1.85,0.0036
10750,1.26,0.0028
10751,1.26,0.0021
10752,1.99,0.003
10753,2.2,0.0037
10754,2.94,0.0039
10755,2.13,0.004
10756,1.48,0.0035
10757,2.08,0.0026
10758,1.6,0.0024
10759,1.83,0.0025
10760,1.89,0.0024
10761,1.54,0.0036
10762,2.07,0.0037
10763,2.96,0.0047
10764,2.05,0.0055
10765,3.07,0.0051
10766,2.53,0.0044
10767,1.63,0.0048
10768,2.06,0.0044
10769,2.5,0.004
10770,2.55,0.004
10771,2.08,0.0033
10772,1.6,0.0024
10773,1.3,0.0013
10774,1.3,0.0011
10775,1.3,0.0016
10776,1.75,0.0017
10777,2.2,0.0027
10778,1.5,0.0031
10779,2.45,0.0027
10780,1.8,0.0019
10781,1.25,0.0031
10782,1.3,0.0022
10783,2.92,0.0021
10784,1.4,0.0025
10785,1.7,0.0031
10786,1.7,0.0019
10787,1.96,0.0021
10788,1.5,0.0025
10789,1.66,0.0026
10790,2.13,0.0029
10791,1.9,0.0035
10792,2.28,0.0036
10793,2.3,0.0038
10794,1.71,0.0033
10795,2.38,0.0039
10796,1.36,0.004
10797,2.94,0.0038
10798,2.39,0.0032
10799,1.56,0.0032
10800,1.6,0.002
10801,1.4,0.0013
10802,1.42,0.001
10803,1.61,0.0011
10804,1.1,0.0013
10805,1.79,0.0012
10806,1.6,0.0014
10807,1.27,0.0018
10808,1.95,0.0013
10809,1.48,0.0016
10810,1.2,0.0019
10811,2.0,0.0016
10812,1.6,0.0018
10813,1.6,0.0021
10814,1.71,0.0026
10815,1.61,0.0026
10816,2.56,0.0033
10817,1.66,0.0036
10818,2.47,0.0034
10819,2.0,0.0026
10820,1.4,0.0024
10821,1.6,0.0019
10822,1.46,0.0017
10823,1.85,0.0017
10824,1.72,0.0018
10825,1.38,0.0017
10826,1.71,0.0014
10827,1.39,0.0011
10828,1.5,0.0012
10829,1.3,0.001
10830,1.5,0.0015
10831,1.5,0.0022
10832,2.0,0.0028
10833,2.32,0.0029
10834,2.1,0.0035
10835,1.6,0.0036
10836,2.26,0.003
10837,2.1,0.0024
10838,1.5,0.0027
10839,1.4,0.003
10840,2.0,0.0027
10841,2.65,0.0032
10842,1.75,0.0031
10843,2.1,0.0027
10844,1.25,0.0019
10845,1.55,0.0016
10846,1.56,0.001
10847,1.45,0.0019
10848,1.35,0.002
10849,2.36,0.0021
10850,1.7,0.0027
10851,1.7,0.0033
10852,2.16,0.0031
10853,2.1,0.0041
10854,2.1,0.0043
10855,2.89,0.0038
10856,2.0,0.0034
10857,1.5,0.003
10858,1.58,0.0022
10859,1.69,0.0023
10860,1.85,0.0025
10861,2.19,0.0032
10862,1.7,0.0034
10863,2.4,0.0032
10864,1.9,0.0031
10865,1.68,0.0033
10866,2.1,0.0031
10867,1.9,0.0026
10868,2.1,0.0025
10869,1.36,0.0021
10870,1.55,0.0023
10871,1.56,0.0015
10872,2.13,0.0013
10873,1.15,0.0012
10874,1.15,0.0013
10875,1.44,0.0012
10876,1.66,0.0016
10877,2.0,0.0023
10878,1.68,0.0028
10879,2.0,0.0026
10880,2.0,0.0022
10881,1.47,0.0023
10882,1.48,0.0019
10883,1.82,0.0018
10884,1.55,0.0022
10885,1.82,0.0032
10886,1.97,0.0034
10887,2.7,0.0039
10888,2.0,0.0043
10889,2.28,0.0036
10890,2.25,0.0027
10891,1.12,0.0021
10892,1.65,0.0019
10893,1.16,0.0016
10894,2.1,0.0023
10895,1.82,0.0021
10896,2.04,0.0028
10897,1.4,0.0024
10898,1.97,0.0019
10899,1.6,0.0017
10900,1.3,0.0021
10901,1.78,0.0021
10902,1.85,0.0021
10903,1.99,0.002
10904,1.62,0.0014
10905,1.17,0.0012
10906,0.97,0.0012
10907,1.7,0.0008
10908,1.94,0.0011
10909,1.17,0.0018
10910,1.53,0.0016
10911,1.8,0.002
10912,1.5,0.0027
10913,2.44,0.0031
10914,2.0,0.0027
10915,2.0,0.0026
10916,1.3,0.0024
10917,1.4,0.0022
10918,2.16,0.0017
10919,1.8,0.0025
10920,1.32,0.0026
10921,2.36,0.0025
10922,1.5,0.0027
10923,2.06,0.0031
10924,2.0,0.0038
10925,1.8,0.0048
10926,3.25,0.0049
10927,2.72,0.0047
10928,2.2,0.0047
10929,1.78,0.0037
10930,1.78,0.0034
10931,1.96,0.0034
10932,2.42,0.0034
10933,2.13,0.0039
10934,1.83,0.0043
10935,2.38,0.0043
10936,2.49,0.004
10937,2.36,0.0044
10938,1.77,0.0033
10939,2.33,0.0027
10940,1.02,0.0019
10941,1.79,0.0025
10942,1.3,0.0021
10943,2.61,0.0025
10944,1.74,0.0024
10945,1.59,0.0024
10946,1.59,0.0017
10947,1.34,0.0015
10948,1.75,0.0013
10949,1.48,0.0011
10950,1.35,0.0014
10951,1.4,0.0015
10952,1.73,0.0012
10953,1.8,0.0018
10954,1.18,0.0025
10955,2.0,0.0029
10956,2.3,0.0026
10957,2.2,0.003
10958,1.45,0.0022
10959,1.6,0.0017
10960,1.05,0.0014
10961,1.7,0.0016
10962,1.85,0.0013
10963,1.68,0.0027
10964,1.3,0.0038
10965,2.7,0.0038
10966,3.0,0.0036
10967,1.86,0.0036
10968,1.43,0.0025
10969,1.3,0.0023
10970,1.46,0.0025
10971,2.7,0.0027
10972,2.14,0.0031
10973,1.65,0.0032
10974,1.74,0.0027
10975,1.68,0.0028
10976,2.0,0.0031
10977,2.34,0.0026
10978,1.93,0.0029
10979,1.2,0.0025
10980,2.0,0.0017
10981,1.55,0.0018
10982,1.4,0.0029
10983,1.94,0.0025
10984,2.56,0.0025
10985,1.56,0.0024
10986,1.5,0.0021
10987,1.29,0.0012
10988,1.6,0.0014
10989,1.52,0.0016
10990,1.7,0.0025
10991,1.82,0.0031
10992,2.38,0.0037
10993,2.33,0.0041
10994,2.28,0.0038
10995,2.12,0.0034
10996,1.47,0.0026
10997,1.84,0.0026
10998,1.45,0.0024
10999,2.3,0.0022
11000,1.77,0.0018
11001,1.29,0.0017
11002,1.38,0.001
11003,1.28,0.0009
11004,1.42,0.0015
11005,1.7,0.0026
11006,2.03,0.0036
11007,2.72,0.0036
11008,2.45,0.0038
11009,1.43,0.0034
11010,1.9,0.0029
11011,1.6,0.002
11012,2.1,0.0021
11013,1.36,0.0018
11014,1.54,0.0023
11015,1.5,0.0019
11016,2.29,0.0022
11017,1.56,0.003
11018,1.8,0.0037
11019,2.45,0.0034
11020,2.41,0.0036
11021,1.94,0.0034
11022,1.7,0.0031
11023,1.64,0.0022
11024,2.07,0.0024
11025,1.33,0.0024
11026,2.1,0.002
11027,1.75,0.0017
11028,1.19,0.0021
11029,1.65,0.0021
11030,1.86,0.0022
11031,2.06,0.0022
11032,1.88,0.0022
