Frame,Raw_Intensity,Processed_Intensity
0,9.01,0.0137
1,8.52,0.0137
2,5.25,0.0137
3,5.15,0.0103
4,3.44,0.0065
5,4.75,0.006
6,3.88,0.0053
7,4.65,0.0078
8,4.25,0.0078
9,6.57,0.0098
10,4.66,0.0097
11,6.43,0.0113
12,4.54,0.0108
13,6.18,0.0103
14,5.92,0.0079
15,4.06,0.0073
16,3.54,0.0081
17,3.7,0.0072
18,7.16,0.0088
19,4.9,0.0093
20,6.05,0.011
21,4.16,0.01
22,5.81,0.0093
23,5.82,0.0095
24,4.08,0.0107
25,6.25,0.011
26,5.71,0.01
27,6.2,0.0104
28,4.5,0.0093
29,4.68,0.0084
30,4.8,0.0071
31,4.61,0.0067
32,4.55,0.0061
33,4.09,0.006
34,3.9,0.0062
35,4.74,0.0064
36,4.79,0.0065
37,4.86,0.0067
38,4.12,0.0064
39,4.18,0.0061
40,4.39,0.0061
41,4.35,0.0058
42,4.95,0.0067
43,3.75,0.0073
44,5.23,0.0081
45,5.1,0.0088
46,5.42,0.0095
47,5.75,0.0087
48,4.61,0.008
49,4.32,0.0066
50,4.18,0.006
51,3.68,0.0057
52,5.0,0.0052
53,4.34,0.0069
54,3.59,0.0105
55,6.28,0.0131
56,8.2,0.0177
57,8.2,0.021
58,10.02,0.024
59,7.67,0.0247
60,10.02,0.0218
61,9.06,0.0165
62,4.63,0.015
63,3.46,0.0115
64,5.8,0.0092
65,5.71,0.0118
66,6.15,0.0145
67,7.95,0.0132
68,6.8,0.0127
69,4.1,0.013
70,5.11,0.0132
71,6.59,0.0128
72,8.16,0.0147
73,6.28,0.0148
74,6.48,0.0136
75,5.2,0.0126
76,5.1,0.0122
77,6.9,0.0116
78,5.86,0.0121
79,5.7,0.0118
80,5.85,0.0098
81,4.72,0.0076
82,4.46,0.0061
83,3.02,0.0052
84,3.88,0.0063
85,4.75,0.0068
86,6.09,0.0068
87,5.13,0.0064
88,2.96,0.0061
89,3.45,0.0064
90,4.32,0.0059
91,6.42,0.0351
92,4.55,0.039
93,39.12,0.0866
94,8.28,0.1019
95,63.35,0.163
96,25.45,0.139
97,80.26,0.1665
98,9.37,0.1228
99,42.42,0.1096
100,9.14,0.0487
101,9.05,0.0445
102,4.79,0.0126
103,4.16,0.0077
104,2.93,0.0036
105,2.96,0.0031
106,4.0,0.0034
107,4.12,0.005
108,4.55,0.0068
109,4.95,0.0091
110,5.2,0.0097
111,6.79,0.0107
112,4.92,0.0098
113,5.85,0.0086
114,3.81,0.0061
115,3.69,0.0059
116,3.69,0.0047
117,4.72,0.0054
118,4.34,0.0061
119,4.68,0.0066
120,4.54,0.0057
121,4.3,0.0059
122,3.64,0.005
123,4.57,0.0053
124,3.49,0.0058
125,4.98,0.0069
126,4.94,0.0078
127,4.94,0.0102
128,5.71,0.0114
129,6.43,0.0144
130,6.52,0.0177
131,8.68,0.0201
132,8.96,0.021
133,8.76,0.02
134,7.57,0.0174
135,5.25,0.0142
136,5.4,0.0122
137,5.08,0.0101
138,6.25,0.0113
139,4.94,0.0111
140,6.75,0.0112
141,5.08,0.0107
142,5.27,0.0126
143,5.61,0.0124
144,7.31,0.0157
145,6.5,0.017
146,9.2,0.0168
147,6.86,0.014
148,5.4,0.0129
149,3.83,0.0094
150,5.15,0.0087
151,4.84,0.0092
152,5.9,0.0109
153,6.07,0.0099
154,6.0,0.0106
155,3.82,0.0105
156,5.7,0.0104
157,5.83,0.0095
158,5.91,0.0115
159,4.92,0.0107
160,6.32,0.0102
161,4.63,0.0093
162,5.25,0.0088
163,4.75,0.0071
164,4.4,0.0066
165,4.2,0.0062
166,4.03,0.0066
167,4.65,0.0063
168,5.25,0.0071
169,4.03,0.0079
170,5.25,0.0084
171,5.01,0.0078
172,5.29,0.0076
173,4.5,0.0064
174,3.8,0.0054
175,3.73,0.0041
176,3.82,0.0033
177,3.61,0.0032
178,3.47,0.0032
179,3.79,0.0054
180,3.62,0.0074
181,6.6,0.0097
182,6.1,0.0114
183,6.25,0.0124
184,5.99,0.0125
185,4.78,0.0126
186,6.74,0.0106
187,6.25,0.0099
188,3.73,0.0101
189,5.19,0.0098
190,5.03,0.009
191,6.36,0.0122
192,5.26,0.0127
193,7.68,0.0131
194,5.76,0.0115
195,5.56,0.0114
196,4.42,0.0088
197,5.1,0.0076
198,4.46,0.0099
199,4.24,0.0114
200,8.4,0.0119
201,6.29,0.0142
202,5.77,0.016
203,7.31,0.0173
204,6.48,0.0196
205,10.05,0.0184
206,9.05,0.0151
207,4.34,0.0141
208,3.2,0.0105
209,5.2,0.0075
210,5.61,0.007
211,5.3,0.0076
212,3.75,0.0081
213,3.97,0.0088
214,5.78,0.0097
215,6.52,0.0135
216,6.36,0.0155
217,8.48,0.0172
218,6.5,0.0175
219,7.8,0.0162
220,6.9,0.0134
221,4.75,0.0132
222,5.0,0.0119
223,6.25,0.0112
224,6.25,0.0137
225,5.99,0.0147
226,7.88,0.0139
227,6.23,0.0123
228,5.28,0.0116
229,4.2,0.0096
230,5.16,0.0093
231,5.4,0.0091
232,5.82,0.0098
233,5.04,0.0093
234,5.08,0.0092
235,4.56,0.0088
236,5.33,0.0085
237,5.33,0.0083
238,4.66,0.0079
239,4.8,0.0082
240,4.06,0.0084
241,5.65,0.0093
242,5.68,0.0102
243,5.7,0.0121
244,6.0,0.0124
245,6.35,0.0111
246,6.05,0.0096
247,4.0,0.007
248,3.93,0.0049
249,2.79,0.0034
250,3.68,0.0041
251,4.24,0.0041
252,4.83,0.0068
253,3.98,0.0081
254,6.08,0.0088
255,5.25,0.0098
256,5.15,0.0111
257,6.11,0.0115
258,5.55,0.012
259,6.6,0.0109
260,5.9,0.009
261,3.8,0.0079
262,3.75,0.006
263,4.1,0.0053
264,4.32,0.0063
265,4.99,0.0071
266,5.01,0.0072
267,4.78,0.0066
268,4.16,0.0058
269,3.66,0.0054
270,3.92,0.0052
271,4.53,0.0053
272,4.56,0.0069
273,4.3,0.0086
274,5.59,0.0102
275,6.06,0.0131
276,6.52,0.0147
277,8.2,0.015
278,6.3,0.0148
279,5.92,0.0133
280,5.78,0.0104
281,4.72,0.0087
282,4.6,0.0077
283,4.11,0.0074
284,4.76,0.0086
285,5.34,0.0099
286,6.23,0.0104
287,6.2,0.013
288,4.75,0.0156
289,7.99,0.018
290,8.6,0.02
291,9.12,0.0234
292,8.76,0.0196
293,8.86,0.0161
294,3.37,0.0123
295,4.25,0.0107
296,4.39,0.0082
297,6.79,0.0104
298,5.72,0.0108
299,6.1,0.01
300,4.74,0.0078
301,3.46,0.006
302,4.05,0.0052
303,3.47,0.0055
304,5.09,0.0069
305,5.18,0.0072
306,5.16,0.0079
307,4.37,0.0072
308,4.39,0.0067
309,4.16,0.0066
310,4.66,0.0076
311,4.96,0.0074
312,5.59,0.0085
313,4.18,0.0095
314,5.6,0.0115
315,5.86,0.0119
316,7.36,0.0143
317,6.1,0.0141
318,7.19,0.0151
319,5.33,0.012
320,7.11,0.0102
321,3.59,0.0075
322,3.81,0.0063
323,3.81,0.0029
324,3.85,0.0039
325,2.96,0.005
326,4.79,0.0054
327,5.16,0.0054
328,4.34,0.0077
329,3.78,0.0089
330,5.92,0.0098
331,6.25,0.0096
332,6.25,0.0097
333,4.11,0.0079
334,3.92,0.0081
335,3.67,0.008
336,6.47,0.0097
337,6.14,0.0103
338,6.2,0.011
339,4.62,0.0095
340,4.55,0.0085
341,4.64,0.0092
342,4.96,0.0096
343,7.0,0.0114
344,5.1,0.0133
345,6.83,0.0127
346,7.0,0.0111
347,4.14,0.0122
348,5.06,0.0141
349,6.48,0.0157
350,9.15,0.0197
351,9.06,0.0217
352,9.14,0.0199
353,7.44,0.0164
354,4.26,0.0127
355,4.8,0.0094
356,4.49,0.0076
357,5.03,0.0094
358,5.22,0.0101
359,6.48,0.0116
360,5.7,0.0121
361,6.3,0.0152
362,5.67,0.0153
363,9.07,0.0181
364,6.6,0.0195
365,9.18,0.0188
366,8.05,0.0147
367,4.8,0.0134
368,4.01,0.01
369,5.01,0.0075
370,4.94,0.009
371,4.92,0.0107
372,6.7,0.0101
373,6.02,0.0091
374,4.34,0.0079
375,3.7,0.005
376,3.44,0.003
377,3.15,0.0029
378,3.52,0.0032
379,4.15,0.0039
380,4.07,0.0037
381,4.36,0.0049
382,2.9,0.005
383,4.94,0.0058
384,4.36,0.0058
385,5.06,0.0067
386,4.34,0.0065
387,4.06,0.0079
388,4.63,0.0073
389,6.04,0.0071
390,4.4,0.0071
391,4.11,0.0067
392,4.0,0.0054
393,4.2,0.0051
394,4.43,0.0054
395,3.92,0.0059
396,4.55,0.0055
397,4.55,0.0048
398,3.72,0.0065
399,3.62,0.0066
400,6.0,0.0068
401,4.72,0.0077
402,4.73,0.0096
403,4.81,0.009
404,6.0,0.0096
405,5.27,0.0091
406,5.43,0.0097
407,4.11,0.0092
408,5.59,0.0098
409,5.36,0.0103
410,6.06,0.0121
411,5.99,0.0118
412,6.34,0.0111
413,5.28,0.0094
414,4.49,0.0091
415,3.98,0.0085
416,5.59,0.008
417,5.59,0.0096
418,4.71,0.0109
419,6.4,0.0118
420,5.63,0.0137
421,6.69,0.0164
422,8.0,0.0187
423,7.96,0.0219
424,9.25,0.0203
425,9.65,0.0157
426,4.65,0.0132
427,2.38,0.0102
428,4.78,0.0067
429,5.57,0.0075
430,5.38,0.0091
431,5.56,0.0095
432,4.39,0.0087
433,5.28,0.0099
434,4.54,0.0117
435,6.88,0.0137
436,7.85,0.0145
437,6.79,0.0158
438,6.36,0.0137
439,6.07,0.01
440,4.36,0.0078
441,3.21,0.0072
442,4.08,0.0071
443,5.58,0.0084
444,5.94,0.0094
445,6.05,0.0092
446,4.38,0.0078
447,3.84,0.0072
448,3.82,0.0058
449,5.17,0.0041
450,4.36,0.003
451,2.24,0.002
452,2.56,0.0008
453,2.59,0.0006
454,3.6,0.0021
455,4.1,0.0043
456,4.17,0.0059
457,5.25,0.0064
458,4.62,0.0071
459,4.22,0.0077
460,4.92,0.0075
461,4.94,0.0071
462,4.96,0.008
463,4.18,0.0077
464,5.32,0.0076
465,4.55,0.0072
466,4.86,0.0071
467,4.41,0.0069
468,4.1,0.0066
469,4.99,0.0074
470,4.16,0.0074
471,5.88,0.0091
472,4.47,0.01
473,6.13,0.0114
474,6.1,0.0115
475,5.9,0.0135
476,6.03,0.014
477,6.95,0.0136
478,6.79,0.0117
479,5.58,0.0107
480,3.48,0.0091
481,4.84,0.0082
482,5.01,0.0088
483,5.68,0.0115
484,6.34,0.0129
485,6.75,0.0141
486,6.63,0.0147
487,6.53,0.0145
488,6.42,0.0143
489,6.06,0.0138
490,6.48,0.0147
491,6.07,0.0145
492,7.62,0.0148
493,6.18,0.0145
494,6.36,0.0154
495,6.12,0.0145
496,7.17,0.015
497,6.54,0.0152
498,6.75,0.0153
499,6.68,0.0148
500,6.26,0.0152
501,6.52,0.0148
502,7.09,0.0147
503,6.14,0.0149
504,6.67,0.0149
505,6.42,0.0142
506,6.5,0.0145
507,6.29,0.0145
508,6.45,0.0146
509,6.76,0.0137
510,6.52,0.0138
511,5.34,0.0135
512,6.43,0.0133
513,6.04,0.0127
514,6.53,0.0134
515,5.83,0.0131
516,6.2,0.0139
517,6.01,0.0133
518,7.06,0.0137
519,5.74,0.0136
520,6.37,0.013
521,6.08,0.012
522,5.22,0.0125
523,5.89,0.0127
524,6.34,0.0123
525,6.55,0.0122
526,5.7,0.0116
527,5.04,0.0112
528,5.18,0.0108
529,5.82,0.0115
530,6.0,0.0121
531,6.6,0.0131
532,5.77,0.0122
533,6.46,0.0129
534,4.69,0.0122
535,6.88,0.0129
536,5.66,0.0123
537,6.64,0.0136
538,5.75,0.0125
539,6.38,0.0126
540,5.52,0.0111
541,5.74,0.0118
542,4.79,0.0104
543,6.6,0.0106
544,4.66,0.0106
545,5.78,0.0114
546,5.66,0.0109
547,5.77,0.0116
548,6.09,0.0114
549,5.44,0.0107
550,5.51,0.0105
551,4.91,0.01
552,5.41,0.0103
553,5.46,0.0103
554,5.9,0.0109
555,5.44,0.0117
556,5.66,0.0118
557,6.49,0.0124
558,5.6,0.0126
559,6.62,0.0136
560,5.62,0.0125
561,6.99,0.0135
562,5.1,0.013
563,6.76,0.0138
564,6.07,0.0126
565,6.58,0.0131
566,5.5,0.0123
567,5.75,0.0129
568,5.7,0.0138
569,6.91,0.0145
570,7.64,0.0149
571,6.38,0.0149
572,6.18,0.014
573,5.7,0.0124
574,5.89,0.0123
575,5.58,0.0122
576,6.35,0.0125
577,6.01,0.0113
578,6.0,0.0123
579,4.4,0.0119
580,6.82,0.0125
581,5.95,0.0128
582,6.71,0.0145
583,6.4,0.0139
584,6.44,0.0146
585,6.17,0.0137
586,6.82,0.0124
587,5.6,0.0118
588,4.71,0.0122
589,5.66,0.0123
590,6.71,0.0118
591,6.98,0.0124
592,4.91,0.0121
593,5.46,0.012
594,5.4,0.0113
595,6.51,0.0117
596,6.08,0.0127
597,5.48,0.0127
598,6.69,0.0126
599,5.39,0.0123
600,6.36,0.0134
601,5.77,0.0128
602,6.82,0.0141
603,5.96,0.0133
604,6.92,0.0135
605,5.4,0.0114
606,5.99,0.0118
607,4.21,0.0111
608,6.49,0.0118
609,6.11,0.0113
610,6.24,0.0124
611,5.32,0.0123
612,5.65,0.0135
613,6.33,0.0148
614,7.6,0.0158
615,7.8,0.0164
616,6.6,0.016
617,6.33,0.0164
618,5.92,0.0153
619,8.06,0.016
620,6.45,0.0155
621,7.44,0.0163
622,5.7,0.0149
623,6.94,0.0171
624,6.38,0.0175
625,9.11,0.0203
626,7.92,0.0216
627,9.15,0.0243
628,8.55,0.0243
629,9.8,0.0252
630,9.1,0.0243
631,9.1,0.0218
632,7.95,0.0181
633,5.44,0.0139
634,5.2,0.0089
635,3.88,0.0045
636,2.9,0.0021
637,2.5,0.0026
638,2.56,0.0047
639,5.8,0.0075
640,6.4,0.0119
641,6.45,0.0174
642,7.96,0.0205
643,9.35,0.0181
644,9.7,0.0149
645,3.34,0.0118
646,2.47,0.008
647,4.14,0.0045
648,4.7,0.0058
649,5.35,0.0079
650,4.95,0.0085
651,5.0,0.0103
652,4.94,0.0109
653,6.96,0.0131
654,6.0,0.0142
655,7.71,0.0161
656,6.38,0.0176
657,7.25,0.0167
658,8.9,0.0155
659,4.9,0.0143
660,6.2,0.0128
661,4.89,0.0093
662,5.38,0.0102
663,4.55,0.0094
664,6.02,0.0102
665,5.18,0.01
666,5.89,0.011
667,5.17,0.0108
668,5.78,0.0114
669,5.78,0.0103
670,5.96,0.0089
671,4.49,0.0076
672,3.4,0.0072
673,4.16,0.0061
674,5.25,0.0061
675,4.65,0.0066
676,4.56,0.0059
677,3.93,0.0049
678,3.34,0.0043
679,4.0,0.0049
680,3.94,0.005
681,5.2,0.0064
682,4.06,0.0065
683,5.13,0.006
684,4.07,0.0049
685,3.41,0.0054
686,3.74,0.0065
687,4.78,0.0075
688,6.44,0.0098
689,5.26,0.011
690,6.35,0.0104
691,5.19,0.0085
692,4.03,0.0087
693,4.08,0.0073
694,5.57,0.0069
695,4.54,0.0073
696,4.68,0.008
697,4.61,0.0083
698,4.87,0.0085
699,5.96,0.0096
700,4.84,0.0107
701,5.96,0.0125
702,6.03,0.0133
703,7.06,0.0139
704,6.97,0.0125
705,5.56,0.0116
706,4.33,0.0084
707,4.88,0.0069
708,3.04,0.0061
709,5.1,0.0067
710,4.62,0.0066
711,5.0,0.0093
712,4.83,0.0107
713,6.41,0.0141
714,6.84,0.0152
715,8.75,0.0184
716,6.46,0.02
717,8.76,0.018
718,8.39,0.0145
719,4.4,0.0118
720,4.4,0.0087
721,3.07,0.0053
722,4.93,0.0067
723,4.1,0.0069
724,6.25,0.0093
725,4.57,0.01
726,6.05,0.0125
727,5.8,0.0117
728,7.21,0.0113
729,5.32,0.0087
730,4.08,0.0077
731,2.71,0.0056
732,4.63,0.0051
733,4.64,0.0057
734,4.62,0.007
735,4.92,0.0071
736,4.25,0.0065
737,4.78,0.0063
738,3.9,0.0056
739,4.36,0.0053
740,4.08,0.0051
741,3.84,0.0051
742,4.52,0.0049
743,3.97,0.0032
744,4.08,0.0035
745,1.97,0.0025
746,4.16,0.0026
747,3.26,0.0027
748,4.18,0.0044
749,4.18,0.0043
750,4.08,0.005
751,3.97,0.0049
752,4.16,0.0049
753,4.05,0.0049
754,4.22,0.005
755,4.1,0.005
756,4.08,0.0055
757,4.08,0.0065
758,4.75,0.0083
759,5.46,0.0089
760,6.36,0.0104
761,4.78,0.0127
762,5.96,0.0132
763,7.6,0.0146
764,6.1,0.0162
765,8.0,0.0164
766,6.83,0.015
767,6.16,0.0154
768,5.94,0.0143
769,6.59,0.0149
770,6.58,0.0163
771,7.6,0.0179
772,7.83,0.0198
773,7.96,0.0211
774,9.01,0.0224
775,8.12,0.0226
776,9.25,0.0183
777,8.1,0.0131
778,2.58,0.0103
779,2.53,0.0063
780,4.69,0.0046
781,4.26,0.0075
782,6.0,0.01
783,6.25,0.0112
784,5.62,0.0126
785,6.12,0.0133
786,6.04,0.0145
787,6.82,0.0172
788,7.82,0.0186
789,8.86,0.0199
790,7.93,0.0177
791,7.66,0.0161
792,4.09,0.0126
793,5.81,0.0094
794,4.49,0.0072
795,4.03,0.0088
796,4.87,0.0086
797,6.05,0.01
798,5.61,0.0115
799,6.25,0.0114
800,5.88,0.0104
801,4.75,0.0097
802,4.75,0.01
803,4.76,0.0091
804,6.68,0.0087
805,4.79,0.0082
806,4.24,0.0076
807,4.08,0.0065
808,4.08,0.0064
809,5.25,0.0072
810,4.65,0.0081
811,5.21,0.0069
812,5.25,0.0064
813,2.56,0.0061
814,4.65,0.006
815,4.27,0.0058
816,5.15,0.0072
817,4.95,0.0067
818,4.3,0.0055
819,4.0,0.0056
820,2.86,0.0037
821,5.28,0.0031
822,2.52,0.0027
823,3.52,0.0034
824,3.52,0.0021
825,3.79,0.0029
826,3.67,0.003
827,3.52,0.0031
828,3.58,0.0029
829,3.72,0.0048
830,3.51,0.0071
831,6.02,0.0107
832,6.37,0.0138
833,8.05,0.0165
834,7.59,0.0174
835,6.79,0.0175
836,7.2,0.0169
837,6.52,0.0167
838,7.28,0.0186
839,7.27,0.0173
840,9.16,0.0187
841,5.66,0.0178
842,8.17,0.0192
843,6.25,0.0192
844,8.97,0.022
845,9.1,0.0227
846,9.17,0.0262
847,8.99,0.0268
848,10.65,0.0275
849,9.73,0.0273
850,9.96,0.0219
851,8.9,0.0152
852,2.32,0.0119
853,2.31,0.0088
854,5.64,0.0064
855,6.07,0.0102
856,6.04,0.0124
857,7.0,0.0129
858,4.96,0.0132
859,6.36,0.0137
860,6.4,0.016
861,6.64,0.0196
862,9.91,0.0194
863,9.36,0.0185
864,6.17,0.0183
865,5.22,0.0141
866,6.42,0.0111
867,4.67,0.0093
868,5.68,0.0087
869,3.95,0.0066
870,4.5,0.0065
871,3.8,0.0054
872,4.5,0.0058
873,4.38,0.0055
874,4.36,0.0056
875,4.21,0.0051
876,3.85,0.0049
877,3.93,0.0055
878,4.08,0.0054
879,5.2,0.0059
880,4.0,0.0064
881,4.55,0.0074
882,4.55,0.008
883,5.31,0.0093
884,5.91,0.0103
885,5.64,0.011
886,5.78,0.0108
887,5.45,0.0099
888,4.95,0.0095
889,4.9,0.0082
890,5.04,0.0074
891,4.2,0.0067
892,4.5,0.0062
893,4.08,0.0048
894,4.24,0.0041
895,3.3,0.004
896,3.41,0.004
897,4.34,0.0039
898,4.08,0.0056
899,4.07,0.0056
900,5.39,0.0051
901,3.4,0.0048
902,3.78,0.0043
903,3.69,0.0038
904,3.48,0.0048
905,4.71,0.007
906,4.62,0.0097
907,6.56,0.0122
908,7.06,0.0123
909,6.54,0.0128
910,4.85,0.0117
911,5.25,0.011
912,5.25,0.0107
913,6.1,0.0119
914,6.25,0.0126
915,6.25,0.0135
916,6.2,0.014
917,6.28,0.0135
918,6.74,0.0136
919,5.68,0.0137
920,6.37,0.0146
921,6.26,0.0163
922,7.42,0.016
923,8.92,0.0149
924,5.25,0.014
925,5.01,0.0124
926,5.2,0.0095
927,5.44,0.009
928,5.23,0.01
929,4.71,0.0106
930,6.25,0.0113
931,5.96,0.0129
932,6.28,0.0172
933,7.15,0.0187
934,10.09,0.022
935,8.04,0.0239
936,10.15,0.0211
937,8.6,0.0172
938,3.67,0.015
939,5.22,0.0109
940,5.3,0.0076
941,5.12,0.01
942,4.46,0.0106
943,6.74,0.012
944,5.9,0.0122
945,7.0,0.0139
946,5.38,0.0138
947,6.56,0.0125
948,6.71,0.0123
949,4.28,0.0129
950,6.71,0.0125
951,6.1,0.0112
952,6.04,0.0125
953,5.12,0.0114
954,5.97,0.0112
955,5.34,0.0112
956,5.79,0.0119
957,6.05,0.0112
958,6.05,0.0114
959,5.01,0.0113
960,5.64,0.0106
961,5.66,0.0099
962,5.2,0.0087
963,5.21,0.0062
964,3.49,0.0038
965,2.58,0.0016
966,2.58,0.0
967,2.5,0.0001
968,3.24,0.001
969,3.63,0.0017
970,3.67,0.0025
971,3.46,0.0028
972,3.45,0.0031
973,3.6,0.1954
974,4.01,0.3863
975,242.14,0.5789
976,240.1,0.7723
977,242.3,0.8725
978,243.44,0.6811
979,128.18,0.6703
980,4.9,0.6588
981,226.71,0.6422
982,227.98,0.5428
983,222.84,0.5422
984,4.99,0.3633
985,4.06,0.1833
986,4.91,0.0087
987,4.91,0.0092
988,6.25,0.0108
989,5.66,0.1141
990,6.0,0.2936
991,133.04,0.2957
992,227.47,0.2978
993,8.83,0.4549
994,8.25,0.5469
995,200.8,0.5347
996,247.19,0.5298
997,212.29,0.6324
998,2.78,0.5833
999,135.42,0.4919
1000,139.88,0.4298
1001,133.97,0.5423
1002,135.2,0.5399
1003,142.29,0.6208
1004,132.49,0.7093
1005,240.15,0.7948
1006,243.65,0.8672
1007,241.28,0.9472
1008,232.04,0.9396
1009,231.69,0.8934
1010,230.72,0.8634
1011,186.36,0.7918
1012,204.12,0.6088
1013,143.26,0.4263
1014,4.78,0.3795
1015,4.41,0.3491
1016,128.33,0.2386
1017,166.46,0.2397
1018,6.21,0.4322
1019,6.2,0.5243
1020,243.04,0.5832
1021,242.6,0.6993
1022,239.46,0.8238
1023,150.08,0.6313
1024,160.61,0.4413
1025,4.42,0.254
1026,7.0,0.1395
1027,7.2,0.0168
1028,8.16,0.0192
1029,8.39,0.02
1030,7.42,0.2148
1031,7.96,0.4005
1032,248.75,0.5854
1033,238.42,0.5868
1034,237.71,0.6869
1035,9.08,0.6882
1036,132.1,0.5007
1037,250.38,0.3117
1038,5.88,0.5013
1039,3.46,0.5929
1040,244.14,0.5885
1041,245.66,0.7738
1042,244.91,0.7746
1043,235.65,0.5818
1044,4.46,0.4939
1045,5.06,0.412
1046,136.67,0.4025
1047,143.32,0.5832
1048,223.9,0.7613
1049,228.57,0.8493
1050,225.8,0.924
1051,245.86,0.9446
1052,235.92,0.9114
1053,249.46,0.7358
1054,187.41,0.7104
1055,8.02,0.6814
1056,214.33,0.6306
1057,200.03,0.4831
1058,186.45,0.5829
1059,4.52,0.574
1060,131.78,0.5724
1061,203.29,0.5823
1062,198.1,0.689
1063,198.7,0.5869
1064,136.74,0.4283
1065,5.22,0.471
1066,6.7,0.5133
1067,251.0,0.6056
1068,251.17,0.8039
1069,251.15,0.8019
1070,251.06,0.6053
1071,4.26,0.5688
1072,7.21,0.5423
1073,205.89,0.4702
1074,218.3,0.4718
1075,161.69,0.6332
1076,6.3,0.6561
1077,207.27,0.6628
1078,234.27,0.6364
1079,226.58,0.8334
1080,129.04,0.8479
1081,250.59,0.8246
1082,225.16,0.8248
1083,205.42,0.8231
1084,226.82,0.7366
1085,126.95,0.7533
1086,143.37,0.7904
1087,245.86,0.6129
1088,251.36,0.5141
1089,6.79,0.4022
1090,4.45,0.2087
1091,4.55,0.1119
1092,6.0,0.2615
1093,131.32,0.2613
1094,192.36,0.262
1095,4.12,0.3932
1096,5.42,0.4487
1097,168.7,0.4309
1098,200.07,0.4332
1099,170.3,0.5381
1100,7.0,0.5139
1101,135.48,0.462
1102,138.72,0.4923
1103,135.65,0.6362
1104,207.97,0.5342
1105,185.34,0.5959
1106,9.11,0.6772
1107,215.16,0.7125
1108,236.49,0.766
1109,251.64,0.9576
1110,251.78,0.9508
1111,246.62,0.9376
1112,206.72,0.7367
1113,220.09,0.5376
1114,2.54,0.342
1115,4.93,0.1798
1116,4.15,0.1301
1117,5.66,0.233
1118,158.44,0.2603
1119,130.12,0.2622
1120,38.8,0.3758
1121,6.41,0.4199
1122,146.52,0.501
1123,213.12,0.582
1124,230.67,0.5834
1125,139.26,0.4709
1126,8.2,0.4778
1127,6.98,0.4915
1128,221.74,0.5767
1129,247.58,0.7643
1130,244.89,0.9542
1131,240.87,0.9698
1132,242.34,0.9651
1133,241.11,0.962
1134,241.72,0.896
1135,241.06,0.8868
1136,159.13,0.8776
1137,230.82,0.8596
1138,229.77,0.6695
1139,219.42,0.5463
1140,5.35,0.5279
1141,6.4,0.5442
1142,207.97,0.4532
1143,249.93,0.6138
1144,106.65,0.7893
1145,204.46,0.8235
1146,223.96,0.7298
1147,250.37,0.7981
1148,133.77,0.8321
1149,191.38,0.847
1150,246.66,0.7521
1151,242.36,0.6509
1152,132.72,0.5222
1153,8.25,0.5172
1154,31.85,0.5061
1155,240.52,0.4044
1156,228.5,0.4968
1157,6.7,0.6716
1158,122.8,0.6778
1159,248.58,0.4964
1160,248.24,0.4959
1161,3.59,0.4011
1162,6.08,0.3124
1163,5.25,0.2749
1164,138.51,0.4526
1165,201.77,0.4514
1166,223.99,0.4509
1167,4.59,0.3425
1168,4.63,0.1843
1169,4.1,0.0073
1170,5.54,0.0076
1171,4.6,0.0089
1172,4.94,0.0105
1173,6.19,0.0119
1174,6.15,0.014
1175,7.25,0.0153
1176,7.25,0.016
1177,6.53,0.1321
1178,7.01,0.2461
1179,150.12,0.245
1180,148.57,0.351
1181,5.88,0.4607
1182,137.99,0.5324
1183,143.0,0.6046
1184,239.06,0.7642
1185,238.09,0.8373
1186,203.76,0.9169
1187,228.62,0.7275
1188,241.68,0.5397
1189,4.28,0.5477
1190,5.24,0.5496
1191,213.6,0.4761
1192,231.07,0.6687
1193,150.46,0.8599
1194,243.13,0.8836
1195,242.23,0.7219
1196,243.04,0.6056
1197,30.6,0.5263
1198,6.2,0.4554
1199,144.82,0.421
1200,154.4,0.4018
1201,200.4,0.5239
1202,6.75,0.5339
1203,157.62,0.535
1204,157.2,0.4986
1205,155.74,0.6629
1206,155.34,0.5407
1207,210.45,0.5185
1208,6.0,0.5667
1209,129.75,0.6177
1210,215.44,0.4515
1211,218.65,0.4506
1212,4.41,0.3492
1213,4.83,0.1779
1214,4.06,0.0064
1215,3.04,0.0055
1216,5.98,0.0042
1217,3.34,0.1132
1218,3.16,0.2646
1219,139.22,0.4219
1220,190.73,0.424
1221,201.0,0.5356
1222,6.0,0.5356
1223,141.49,0.5165
1224,139.27,0.5091
1225,166.97,0.6206
1226,191.87,0.5104
1227,144.32,0.4035
1228,4.77,0.385
1229,6.74,0.339
1230,144.1,0.403
1231,134.79,0.5948
1232,223.67,0.5942
1233,242.58,0.4836
1234,6.01,0.5731
1235,6.92,0.5757
1236,245.82,0.4907
1237,226.86,0.4888
1238,137.13,0.638
1239,3.73,0.6201
1240,191.83,0.441
1241,223.67,0.3336
1242,4.8,0.4787
1243,4.0,0.4411
1244,183.66,0.4312
1245,145.1,0.6026
1246,211.48,0.7513
1247,217.27,0.7903
1248,188.39,0.86
1249,232.07,0.6945
1250,231.44,0.648
1251,6.25,0.6917
1252,159.7,0.6898
1253,242.6,0.647
1254,229.6,0.7776
1255,178.42,0.6539
1256,168.22,0.4643
1257,6.31,0.2864
1258,7.56,0.3424
1259,8.95,0.4071
1260,247.84,0.512
1261,248.51,0.5077
1262,136.3,0.6921
1263,2.24,0.6165
1264,237.62,0.571
1265,154.15,0.6183
1266,192.04,0.7671
1267,194.89,0.778
1268,186.74,0.7454
1269,251.15,0.5939
1270,113.73,0.4401
1271,4.25,0.2923
1272,4.25,0.0996
1273,3.48,0.207
1274,12.17,0.289
1275,246.84,0.4556
1276,105.9,0.5589
1277,210.9,0.5531
1278,131.51,0.359
1279,4.97,0.3922
1280,6.2,0.3824
1281,147.09,0.3482
1282,198.72,0.4661
1283,89.14,0.6618
1284,151.12,0.7443
1285,248.9,0.7765
1286,249.33,0.8799
1287,238.68,0.8564
1288,217.29,0.6586
1289,122.02,0.6441
1290,3.66,0.5747
1291,231.32,0.5164
1292,152.64,0.5344
1293,145.08,0.6416
1294,144.26,0.6429
1295,136.63,0.6346
1296,232.94,0.6884
1297,142.28,0.7177
1298,211.76,0.6125
1299,180.6,0.5052
1300,6.18,0.4991
1301,99.98,0.3335
1302,134.65,0.193
1303,6.5,0.3695
1304,6.4,0.4613
1305,225.03,0.5362
1306,213.78,0.7091
1307,227.56,0.8703
1308,220.78,0.8659
1309,206.37,0.8901
1310,219.49,0.9033
1311,243.75,0.8476
1312,243.96,0.6841
1313,151.73,0.6973
1314,3.68,0.6902
1315,235.87,0.682
1316,234.95,0.7012
1317,233.78,0.8608
1318,175.46,0.6737
1319,201.66,0.5945
1320,3.83,0.5247
1321,136.79,0.5405
1322,147.17,0.3826
1323,195.13,0.3833
1324,5.78,0.4462
1325,4.7,0.5123
1326,214.87,0.5183
1327,229.13,0.6991
1328,202.52,0.883
1329,229.98,0.8947
1330,232.74,0.8272
1331,229.27,0.7704
1332,145.55,0.6976
1333,132.05,0.6874
1334,139.73,0.6064
1335,220.06,0.5927
1336,128.85,0.4928
1337,128.63,0.3857
1338,8.08,0.2132
1339,6.98,0.1147
1340,6.24,0.1205
1341,6.73,0.2807
1342,135.77,0.2794
1343,206.65,0.3873
1344,5.44,0.5775
1345,139.99,0.6647
1346,242.52,0.6947
1347,243.94,0.8928
1348,243.84,0.7836
1349,251.09,0.5906
1350,4.58,0.5105
1351,3.21,0.4759
1352,144.68,0.4276
1353,200.9,0.5891
1354,191.15,0.5931
1355,204.82,0.4807
1356,8.16,0.5099
1357,5.42,0.551
1358,237.02,0.4965
1359,242.14,0.4941
1360,137.29,0.618
1361,5.15,0.5367
1362,159.04,0.4493
1363,136.27,0.3434
1364,133.65,0.5006
1365,6.01,0.5541
1366,200.09,0.5668
1367,225.33,0.6399
1368,152.1,0.8177
1369,224.29,0.6598
1370,226.42,0.4815
1371,4.29,0.3622
1372,4.25,0.3654
1373,4.25,0.3762
1374,228.25,0.5495
1375,239.82,0.55
1376,219.1,0.6681
1377,4.87,0.6859
1378,150.71,0.6622
1379,250.34,0.4895
1380,210.39,0.4895
1381,4.99,0.5576
1382,4.89,0.5536
1383,235.08,0.556
1384,245.4,0.5635
1385,213.4,0.7417
1386,14.32,0.7394
1387,225.83,0.7377
1388,232.14,0.7638
1389,243.37,0.9505
1390,245.76,0.9705
1391,245.75,0.9857
1392,250.71,0.9911
1393,250.98,0.7971
1394,250.08,0.7201
1395,5.22,0.7048
1396,150.2,0.6623
1397,231.78,0.6339
1398,198.24,0.822
1399,214.93,0.7057
1400,238.38,0.5229
1401,6.0,0.5603
1402,5.2,0.5555
1403,244.53,0.3671
1404,208.98,0.3648
1405,4.89,0.4873
1406,3.06,0.3755
1407,157.06,0.3955
1408,105.98,0.5787
1409,233.72,0.7734
1410,232.1,0.8264
1411,244.42,0.7456
1412,222.79,0.561
1413,5.8,0.378
1414,4.8,0.1861
1415,5.21,0.2074
1416,6.54,0.4024
1417,249.13,0.5933
1418,247.58,0.7832
1419,241.52,0.9768
1420,240.69,0.7799
1421,246.64,0.6787
1422,5.0,0.638
1423,122.03,0.5485
1424,191.07,0.3546
1425,129.69,0.3554
1426,6.25,0.3732
1427,6.0,0.3716
1428,144.04,0.4359
1429,189.18,0.6103
1430,209.42,0.7217
1431,222.39,0.751
1432,144.18,0.6024
1433,180.42,0.5826
1434,4.84,0.558
1435,184.93,0.5986
1436,191.88,0.5526
1437,194.48,0.6916
1438,123.45,0.5457
1439,177.18,0.3937
1440,3.96,0.2407
1441,3.46,0.2544
1442,4.8,0.1999
1443,140.43,0.2872
1444,109.62,0.2895
1445,112.16,0.3637
1446,6.31,0.3608
1447,96.81,0.3978
1448,136.79,0.4346
1449,155.49,0.555
1450,157.84,0.4831
1451,155.63,0.3778
1452,7.58,0.3801
1453,6.23,0.4346
1454,158.39,0.4755
1455,225.41,0.5985
1456,206.38,0.5971
1457,160.01,0.4745
1458,4.58,0.403
1459,6.32,0.4051
1460,136.71,0.3963
1461,209.03,0.3956
1462,149.09,0.5832
1463,3.69,0.6665
1464,238.99,0.6898
1465,239.98,0.5734
1466,237.88,0.7476
1467,4.84,0.7394
1468,219.63,0.6529
1469,228.84,0.5948
1470,132.76,0.6989
1471,165.74,0.5265
1472,133.93,0.4551
1473,5.94,0.5185
1474,140.24,0.3886
1475,211.45,0.284
1476,4.61,0.2829
1477,4.22,0.1736
1478,4.62,0.1938
1479,4.78,0.3807
1480,236.4,0.3811
1481,236.39,0.3816
1482,4.75,0.4925
1483,5.15,0.4283
1484,142.4,0.3844
1485,156.68,0.3845
1486,181.97,0.5619
1487,4.92,0.6265
1488,225.08,0.6797
1489,222.52,0.7216
1490,222.62,0.8866
1491,233.95,0.7101
1492,209.54,0.6924
1493,6.2,0.6939
1494,200.58,0.6814
1495,224.45,0.6827
1496,218.44,0.845
1497,211.13,0.8542
1498,207.44,0.8264
1499,212.07,0.6545
1500,189.98,0.4884
1501,5.29,0.3248
1502,5.2,0.1573
1503,4.55,0.2011
1504,4.42,0.3774
1505,244.26,0.433
1506,223.84,0.4331
1507,74.14,0.5861
1508,4.68,0.5207
1509,194.16,0.4683
1510,163.23,0.536
1511,158.76,0.6431
1512,158.07,0.4911
1513,137.49,0.5106
1514,5.68,0.5727
1515,187.47,0.5392
1516,235.71,0.5356
1517,116.61,0.7218
1518,133.02,0.7686
1519,236.46,0.704
1520,245.53,0.7297
1521,155.64,0.7383
1522,148.45,0.6703
1523,143.68,0.5963
1524,152.2,0.5854
1525,153.76,0.4695
1526,142.06,0.3596
1527,4.78,0.2417
1528,7.49,0.1243
1529,5.99,0.1147
1530,8.16,0.2282
1531,130.23,0.2271
1532,145.42,0.2279
1533,6.2,0.3362
1534,6.99,0.4137
1535,142.44,0.4811
1536,226.23,0.5874
1537,229.08,0.7028
1538,137.98,0.5936
1539,150.02,0.4154
1540,7.02,0.2355
1541,5.3,0.1285
1542,6.1,0.0124
1543,5.29,0.1049
1544,6.0,0.2327
1545,121.71,0.3361
1546,163.86,0.3347
1547,134.28,0.3342
1548,3.5,0.4259
1549,5.4,0.4843
1550,235.38,0.5666
1551,236.28,0.7539
1552,236.29,0.753
1553,235.8,0.5672
1554,4.26,0.5112
1555,5.0,0.4477
1556,166.88,0.3798
1557,157.54,0.4901
1558,151.67,0.6039
1559,140.96,0.644
1560,146.15,0.7002
1561,216.56,0.7773
1562,227.27,0.7808
1563,247.15,0.6678
1564,145.4,0.6874
1565,6.02,0.7064
1566,240.78,0.5118
1567,250.88,0.5288
1568,5.91,0.693
1569,166.4,0.6707
1570,209.69,0.6346
1571,213.12,0.8225
1572,206.13,0.8373
1573,238.89,0.7752
1574,184.73,0.7994
1575,132.64,0.8318
1576,243.2,0.8328
1577,246.28,0.8514
1578,240.15,0.9432
1579,207.77,0.9301
1580,246.38,0.8607
1581,227.04,0.864
1582,160.17,0.7317
1583,244.31,0.5368
1584,43.71,0.4686
1585,4.76,0.4935
1586,142.45,0.4013
1587,190.98,0.3703
1588,130.04,0.511
1589,5.29,0.5861
1590,179.17,0.6289
1591,235.6,0.717
1592,244.04,0.9105
1593,239.31,0.9365
1594,245.15,0.8938
1595,211.47,0.8961
1596,182.62,0.8567
1597,246.82,0.8575
1598,190.53,0.8622
1599,246.08,0.8368
1600,217.38,0.7932
1601,151.1,0.779
1602,192.72,0.759
1603,172.95,0.5885
1604,221.3,0.4715
1605,5.93,0.409
1606,6.05,0.3882
1607,115.24,0.2138
1608,147.17,0.2957
1609,5.05,0.4855
1610,107.49,0.547
1611,241.37,0.5517
1612,191.54,0.66
1613,152.99,0.7528
1614,139.26,0.7349
1615,222.55,0.7828
1616,219.27,0.8063
1617,250.93,0.7139
1618,182.12,0.6691
1619,24.66,0.6795
1620,167.04,0.6637
1621,232.19,0.7149
1622,231.3,0.886
1623,245.55,0.8635
1624,236.85,0.6852
1625,139.06,0.6919
1626,11.21,0.6623
1627,239.63,0.4732
1628,208.83,0.366
1629,2.4,0.4626
1630,6.12,0.3805
1631,130.96,0.399
1632,137.82,0.5607
1633,231.86,0.7108
1634,202.84,0.7935
1635,192.2,0.8383
1636,233.46,0.6563
1637,193.38,0.6203
1638,6.25,0.6612
1639,158.17,0.6268
1640,242.94,0.4749
1641,190.76,0.4738
1642,5.14,0.3501
1643,4.82,0.158
1644,4.79,0.0083
1645,4.75,0.1451
1646,5.22,0.3248
1647,174.73,0.5029
1648,227.6,0.5048
1649,225.6,0.5079
1650,7.16,0.5554
1651,9.04,0.552
1652,233.65,0.5662
1653,223.33,0.7533
1654,243.18,0.7507
1655,239.2,0.7148
1656,5.75,0.723
1657,189.14,0.7062
1658,233.59,0.6927
1659,222.26,0.8697
1660,222.5,0.7212
1661,225.22,0.6449
1662,5.03,0.6449
1663,139.02,0.6236
1664,222.2,0.4466
1665,196.08,0.4484
1666,5.81,0.504
1667,7.22,0.4908
1668,208.0,0.4181
1669,205.82,0.6069
1670,105.87,0.7741
1671,239.89,0.8026
1672,214.63,0.8346
1673,243.29,0.9478
1674,245.52,0.9477
1675,246.23,0.9757
1676,239.76,0.9522
1677,249.32,0.757
1678,214.23,0.7533
1679,3.39,0.7386
1680,241.68,0.7012
1681,221.58,0.5318
1682,202.93,0.7257
1683,4.22,0.7176
1684,243.73,0.6479
1685,231.64,0.4887
1686,135.24,0.5858
1687,5.51,0.5087
1688,124.64,0.4405
1689,148.06,0.3352
1690,147.06,0.4761
1691,4.7,0.4931
1692,180.26,0.4849
1693,145.72,0.5467
1694,137.81,0.7437
1695,223.72,0.6152
1696,248.9,0.6946
1697,20.95,0.7814
1698,244.25,0.798
1699,245.41,0.7796
1700,244.28,0.9299
1701,226.13,0.8877
1702,207.3,0.8416
1703,191.92,0.8073
1704,188.24,0.7604
1705,201.75,0.5966
1706,167.96,0.5514
1707,4.2,0.6025
1708,135.93,0.5818
1709,251.54,0.4486
1710,176.06,0.4489
1711,2.86,0.5342
1712,4.58,0.4928
1713,241.67,0.5208
1714,200.2,0.6352
1715,210.8,0.6356
1716,144.71,0.4457
1717,5.04,0.4862
1718,6.25,0.5074
1719,250.42,0.574
1720,237.13,0.7651
1721,227.17,0.9601
1722,242.0,0.9533
1723,248.04,0.964
1724,242.0,0.9762
1725,250.38,0.9277
1726,242.26,0.731
1727,181.96,0.7209
1728,4.08,0.6307
1729,229.54,0.455
1730,138.56,0.3129
1731,24.42,0.398
1732,5.73,0.3963
1733,109.56,0.4656
1734,227.52,0.6352
1735,224.45,0.8118
1736,234.65,0.9222
1737,224.7,0.9299
1738,246.43,0.8544
1739,237.14,0.8299
1740,130.8,0.8162
1741,204.32,0.8138
1742,207.69,0.8201
1743,243.48,0.867
1744,244.94,0.7057
1745,188.95,0.5433
1746,4.26,0.3543
1747,6.36,0.3566
1748,9.19,0.4016
1749,247.8,0.5139
1750,244.75,0.5158
1751,143.45,0.6912
1752,8.69,0.675
1753,226.65,0.6641
1754,227.79,0.7151
1755,231.14,0.8713
1756,206.71,0.8859
1757,202.34,0.8689
1758,244.87,0.8313
1759,206.62,0.8269
1760,184.5,0.6672
1761,201.25,0.4732
1762,4.42,0.3105
1763,4.31,0.2662
1764,4.92,0.2288
1765,129.51,0.3817
1766,154.9,0.383
1767,193.96,0.3827
1768,5.99,0.4389
1769,4.47,0.5095
1770,199.25,0.4984
1771,242.43,0.4957
1772,180.19,0.6862
1773,2.64,0.7279
1774,240.66,0.7302
1775,250.98,0.7847
1776,245.32,0.9836
1777,247.73,0.9627
1778,249.24,0.8858
1779,214.78,0.6905
1780,155.55,0.6869
1781,3.21,0.6804
1782,243.34,0.6678
1783,241.06,0.7029
1784,199.16,0.8702
1785,199.13,0.7939
1786,210.63,0.6043
1787,148.71,0.4484
1788,5.99,0.4085
1789,5.91,0.3592
1790,149.64,0.2443
1791,149.54,0.245
1792,6.25,0.3635
1793,6.78,0.3552
1794,152.89,0.3463
1795,139.34,0.4521
1796,138.5,0.5798
1797,137.47,0.57
1798,165.08,0.4624
1799,140.68,0.3557
1800,6.0,0.2513
1801,6.12,0.1241
1802,8.08,0.1476
1803,7.33,0.3173
1804,169.9,0.4645
1805,216.32,0.6562
1806,188.7,0.8464
1807,245.74,0.7156
1808,243.09,0.6526
1809,7.77,0.7025
1810,138.16,0.6058
1811,250.56,0.4154
1812,125.89,0.4138
1813,7.08,0.4165
1814,5.76,0.3705
1815,141.49,0.4296
1816,193.56,0.5385
1817,199.15,0.54
1818,142.05,0.4303
1819,7.66,0.473
1820,5.49,0.4244
1821,246.5,0.444
1822,138.84,0.5509
1823,166.44,0.6583
1824,140.12,0.4637
1825,138.73,0.3549
1826,5.2,0.2244
1827,3.94,0.1147
1828,4.59,0.1011
1829,4.09,0.2654
1830,121.92,0.3861
1831,208.96,0.3863
1832,153.55,0.4687
1833,4.84,0.4962
1834,106.18,0.4326
1835,156.03,0.412
1836,130.11,0.5118
1837,128.01,0.431
1838,128.56,0.3086
1839,6.1,0.2072
1840,4.18,0.2186
1841,4.42,0.3148
1842,142.19,0.5078
1843,247.85,0.6983
1844,245.32,0.8964
1845,240.43,0.9575
1846,250.05,0.9191
1847,217.87,0.8374
1848,200.3,0.6466
1849,143.96,0.5973
1850,3.88,0.6061
1851,188.98,0.6293
1852,228.72,0.5197
1853,229.06,0.6584
1854,8.08,0.7024
1855,175.91,0.7141
1856,243.47,0.7218
1857,243.3,0.9178
1858,238.62,0.9772
1859,251.02,0.967
1860,249.57,0.9571
1861,230.78,0.9427
1862,231.08,0.7445
1863,220.74,0.5472
1864,5.25,0.3656
1865,4.99,0.1825
1866,5.56,0.2011
1867,4.08,0.3931
1868,243.81,0.3937
1869,243.35,0.3929
1870,5.74,0.5832
1871,4.58,0.4976
1872,240.06,0.3049
1873,137.67,0.4832
1874,4.32,0.6787
1875,226.81,0.6847
1876,247.01,0.7718
1877,247.54,0.9612
1878,245.6,0.7814
1879,239.15,0.7748
1880,3.92,0.7687
1881,238.81,0.7733
1882,239.95,0.7782
1883,251.38,0.9748
1884,245.22,0.79
1885,247.7,0.5996
1886,9.64,0.4008
1887,3.93,0.206
1888,4.81,0.0097
1889,3.69,0.0068
1890,4.4,0.1799
1891,5.96,0.365
1892,218.59,0.4359
1893,234.28,0.4359
1894,91.66,0.5954
1895,4.38,0.5672
1896,203.63,0.5259
1897,183.67,0.626
1898,183.04,0.7361
1899,215.84,0.5768
1900,140.84,0.6289
1901,6.12,0.6816
1902,248.35,0.6928
1903,248.33,0.5855
1904,229.73,0.6679
1905,7.77,0.6621
1906,108.3,0.6488
1907,241.18,0.6254
1908,231.78,0.8166
1909,200.76,0.7346
1910,244.8,0.6563
1911,6.64,0.594
1912,144.12,0.6139
1913,154.57,0.4184
1914,225.4,0.4158
1915,2.47,0.4963
1916,3.4,0.5604
1917,243.88,0.5654
1918,234.02,0.5653
1919,231.71,0.5663
1920,2.24,0.5074
1921,4.72,0.4442
1922,170.78,0.385
1923,155.71,0.5407
1924,158.3,0.7176
1925,195.24,0.7603
1926,224.08,0.8255
1927,223.72,0.7028
1928,236.53,0.5487
1929,6.22,0.3726
1930,4.14,0.2741
1931,5.7,0.2629
1932,101.61,0.4283
1933,222.63,0.43
1934,211.33,0.4303
1935,6.25,0.4734
1936,6.08,0.4055
1937,155.03,0.3584
1938,138.48,0.5078
1939,152.94,0.5044
1940,191.46,0.3834
1941,1.86,0.4738
1942,5.0,0.5525
1943,250.51,0.591
1944,250.64,0.7812
1945,239.18,0.9375
1946,237.64,0.884
1947,198.85,0.7954
1948,184.14,0.7169
1949,140.72,0.636
1950,141.83,0.4813
1951,137.45,0.4385
1952,6.95,0.4919
1953,131.06,0.4898
1954,206.98,0.3825
1955,139.2,0.3811
1956,4.51,0.2789
1957,5.1,0.2206
1958,4.4,0.2535
1959,134.71,0.3649
1960,180.0,0.3644
1961,142.54,0.3659
1962,4.5,0.2608
1963,6.25,0.1204
1964,4.41,0.0113
1965,6.01,0.0124
1966,7.21,0.0121
1967,5.85,0.0124
1968,5.91,0.0126
1969,4.83,0.0103
1970,6.25,0.0097
1971,4.33,0.1259
1972,5.04,0.2943
1973,150.01,0.3996
1974,213.68,0.3988
1975,136.76,0.5881
1976,3.3,0.6658
1977,239.84,0.6704
1978,246.31,0.7415
1979,219.44,0.902
1980,224.88,0.903
1981,202.34,0.8798
1982,241.06,0.7108
1983,217.5,0.5348
1984,9.9,0.375
1985,6.64,0.1838
1986,4.22,0.2007
1987,3.96,0.3872
1988,238.53,0.5659
1989,241.05,0.7368
1990,228.26,0.7374
1991,216.09,0.548
1992,4.69,0.4486
1993,3.73,0.4356
1994,117.84,0.4404
1995,212.08,0.4404
1996,222.1,0.5469
1997,4.62,0.5543
1998,135.82,0.5382
1999,127.0,0.5216
2000,192.12,0.6516
2001,201.54,0.5458
2002,165.83,0.6422
2003,4.57,0.6799
2004,246.54,0.5729
2005,238.86,0.444
2006,68.86,0.4455
2007,6.02,0.2513
2008,6.51,0.2604
2009,5.7,0.4067
2010,250.22,0.5141
2011,250.24,0.5138
2012,139.15,0.679
2013,6.08,0.5633
2014,210.61,0.3667
2015,106.74,0.2613
2016,6.49,0.3581
2017,8.39,0.2949
2018,126.19,0.3144
2019,132.21,0.4072
2020,130.93,0.4943
2021,121.52,0.3968
2022,116.38,0.3753
2023,5.28,0.4606
2024,105.66,0.5643
2025,236.65,0.6508
2026,250.09,0.8412
2027,223.62,0.9385
2028,241.3,0.9418
2029,226.3,0.9241
2030,240.84,0.9283
2031,228.15,0.7367
2032,228.8,0.642
2033,3.76,0.6287
2034,108.83,0.6382
2035,224.32,0.4575
2036,239.91,0.4581
2037,4.8,0.509
2038,4.5,0.4272
2039,171.98,0.3573
2040,122.85,0.4577
2041,153.27,0.4586
2042,129.31,0.3246
2043,5.52,0.3864
2044,5.94,0.4531
2045,199.48,0.5301
2046,235.94,0.6709
2047,224.82,0.669
2048,180.02,0.619
2049,3.64,0.631
2050,137.42,0.627
2051,250.89,0.4839
2052,219.83,0.4844
2053,2.58,0.5718
2054,4.32,0.5678
2055,245.74,0.518
2056,245.92,0.6192
2057,158.07,0.8002
2058,128.12,0.7207
2059,228.73,0.7222
2060,147.08,0.7911
2061,247.86,0.8844
2062,243.4,0.8867
2063,243.81,0.8863
2064,231.63,0.6914
2065,146.57,0.6105
2066,6.25,0.5301
2067,143.06,0.4733
2068,144.14,0.5423
2069,161.16,0.6989
2070,232.22,0.5893
2071,200.32,0.4796
2072,7.21,0.3549
2073,8.07,0.2314
2074,6.55,0.1793
2075,79.09,0.2906
2076,135.8,0.2892
2077,145.24,0.3921
2078,6.25,0.4479
2079,134.12,0.5388
2080,148.35,0.5304
2081,248.5,0.6422
2082,134.75,0.5877
2083,144.93,0.5803
2084,66.59,0.5611
2085,139.11,0.6202
2086,224.68,0.6846
2087,208.1,0.8139
2088,224.68,0.9029
2089,226.9,0.8604
2090,249.52,0.8859
2091,172.01,0.8427
2092,239.68,0.6643
2093,171.14,0.5962
2094,5.73,0.5861
2095,165.04,0.5317
2096,159.48,0.3984
2097,172.25,0.3984
2098,5.8,0.4382
2099,5.8,0.5122
2100,214.33,0.5583
2101,251.26,0.6704
2102,229.42,0.8307
2103,144.83,0.8323
2104,204.56,0.6346
2105,216.25,0.4548
2106,6.15,0.343
2107,6.5,0.3064
2108,6.25,0.3126
2109,159.2,0.5099
2110,223.89,0.5097
2111,250.76,0.5101
2112,6.25,0.3872
2113,6.73,0.2122
2114,6.82,0.1174
2115,6.99,0.2406
2116,133.17,0.2711
2117,158.97,0.2673
2118,44.53,0.3909
2119,2.1,0.4811
2120,160.23,0.5429
2121,245.04,0.6959
2122,235.64,0.8765
2123,234.21,0.9311
2124,226.06,0.9237
2125,227.9,0.7376
2126,235.81,0.5537
2127,4.9,0.3755
2128,6.25,0.332
2129,5.06,0.257
2130,174.05,0.3795
2131,142.74,0.5491
2132,156.87,0.7377
2133,216.48,0.6979
2134,238.94,0.7829
2135,124.68,0.8277
2136,248.08,0.8222
2137,212.43,0.6329
2138,209.68,0.7211
2139,4.24,0.7241
2140,234.0,0.7393
2141,251.84,0.7519
2142,231.26,0.9359
2143,225.35,0.752
2144,232.37,0.6434
2145,5.98,0.6354
2146,117.22,0.6397
2147,221.34,0.6337
2148,230.62,0.8075
2149,224.88,0.9149
2150,221.54,0.9292
2151,250.42,0.9275
2152,238.97,0.9376
2153,228.58,0.763
2154,237.37,0.5655
2155,5.08,0.4937
2156,5.51,0.4335
2157,149.9,0.3584
2158,154.06,0.3586
2159,144.16,0.5428
2160,5.32,0.6113
2161,233.92,0.6886
2162,234.89,0.7739
2163,249.92,0.8797
2164,249.81,0.6948
2165,136.62,0.6815
2166,4.65,0.5883
2167,218.31,0.498
2168,134.42,0.5089
2169,137.81,0.6186
2170,150.21,0.6175
2171,140.61,0.6647
2172,217.01,0.5572
2173,192.91,0.4401
2174,4.55,0.3315
2175,5.02,0.1609
2176,5.94,0.2061
2177,5.42,0.3079
2178,249.04,0.3074
2179,130.7,0.4281
2180,4.45,0.5801
2181,155.52,0.5169
2182,193.86,0.5025
2183,170.77,0.609
2184,112.81,0.4883
2185,136.48,0.4396
2186,5.9,0.4639
2187,133.44,0.4852
2188,200.92,0.5381
2189,139.18,0.6214
2190,202.14,0.6533
2191,109.18,0.5842
2192,173.03,0.5824
2193,115.2,0.5314
2194,137.0,0.4476
2195,138.81,0.3928
2196,5.26,0.4419
2197,105.08,0.4902
2198,176.13,0.3823
2199,196.94,0.3824
2200,5.0,0.3981
2201,5.3,0.4363
2202,124.59,0.441
2203,223.52,0.5556
2204,202.72,0.5561
2205,147.12,0.4603
2206,5.9,0.4394
2207,5.8,0.4716
2208,197.64,0.4586
2209,242.63,0.6436
2210,131.0,0.8123
2211,235.26,0.834
2212,215.02,0.8209
2213,224.49,0.892
2214,226.38,0.8525
2215,219.21,0.6841
2216,186.26,0.689
2217,6.27,0.6615
2218,230.6,0.6764
2219,192.28,0.5294
2220,237.66,0.6824
2221,3.97,0.6773
2222,195.94,0.7033
2223,224.32,0.6931
2224,224.45,0.8715
2225,225.02,0.8626
2226,225.15,0.8196
2227,184.92,0.6423
2228,171.02,0.4675
2229,4.68,0.2914
2230,8.32,0.3211
2231,6.79,0.3596
2232,221.7,0.4674
2233,218.8,0.6298
2234,138.33,0.7778
2235,209.6,0.6028
2236,190.3,0.6205
2237,4.7,0.6879
2238,240.75,0.7168
2239,221.9,0.5672
2240,245.5,0.6566
2241,4.78,0.6569
2242,115.58,0.6569
2243,241.16,0.6569
2244,221.88,0.8512
2245,245.5,0.7617
2246,245.59,0.6709
2247,4.69,0.6174
2248,128.59,0.5455
2249,155.57,0.5504
2250,156.24,0.7471
2251,251.76,0.6484
2252,248.49,0.5267
2253,6.25,0.4062
2254,4.69,0.2082
2255,6.89,0.0134
2256,6.2,0.0133
2257,6.95,0.1764
2258,6.15,0.3002
2259,206.95,0.4624
2260,160.36,0.463
2261,207.25,0.6603
2262,7.75,0.6955
2263,250.74,0.7395
2264,250.58,0.7524
2265,214.94,0.9291
2266,223.3,0.9263
2267,226.81,0.91
2268,247.22,0.9377
2269,230.44,0.9462
2270,249.27,0.9455
2271,233.8,0.9401
2272,225.94,0.91
2273,240.6,0.7126
2274,193.04,0.5281
2275,4.5,0.3499
2276,5.09,0.1591
2277,5.01,0.166
2278,4.05,0.3255
2279,201.54,0.4431
2280,202.28,0.4433
2281,150.93,0.6124
2282,5.24,0.6491
2283,213.73,0.6627
2284,247.04,0.7308
2285,219.05,0.8195
2286,235.48,0.6493
2287,115.17,0.6425
2288,2.66,0.6568
2289,238.64,0.6586
2290,236.77,0.5731
2291,237.68,0.6871
2292,9.24,0.6745
2293,143.94,0.5866
2294,223.01,0.4014
2295,127.8,0.4019
2296,8.14,0.289
2297,9.76,0.2246
2298,4.03,0.318
2299,143.13,0.4222
2300,243.58,0.4184
2301,137.35,0.4193
2302,5.06,0.4421
2303,5.15,0.4269
2304,171.38,0.4878
2305,224.78,0.6723
2306,212.8,0.7053
2307,233.87,0.5697
2308,46.06,0.5904
2309,3.24,0.6034
2310,250.42,0.5981
2311,228.96,0.6666
2312,227.26,0.7717
2313,131.06,0.6808
2314,133.46,0.6125
2315,137.78,0.5364
2316,144.26,0.4352
2317,132.89,0.4337
2318,5.59,0.4785
2319,131.59,0.5204
2320,193.4,0.4187
2321,196.2,0.4188
2322,6.7,0.5122
2323,5.76,0.5418
2324,247.42,0.567
2325,230.03,0.7441
2326,227.45,0.7431
2327,226.3,0.5475
2328,4.59,0.4761
2329,4.81,0.4452
2330,141.57,0.4176
2331,189.14,0.5254
2332,192.07,0.6359
2333,138.28,0.6771
2334,141.79,0.6377
2335,192.68,0.5951
2336,140.28,0.6027
2337,139.24,0.4904
2338,147.62,0.5066
2339,2.66,0.5809
2340,212.7,0.6553
2341,232.44,0.5381
2342,231.45,0.6572
2343,2.31,0.6696
2344,150.35,0.5848
2345,228.05,0.5271
2346,127.34,0.6363
2347,159.9,0.616
2348,137.72,0.602
2349,125.1,0.5908
2350,210.67,0.4657
2351,113.45,0.3589
2352,4.8,0.2623
2353,5.34,0.096
2354,5.39,0.0075
2355,4.43,0.0067
2356,3.74,0.0062
2357,3.75,0.0062
2358,4.8,0.1222
2359,5.41,0.2316
2360,148.22,0.3776
2361,139.35,0.3788
2362,184.82,0.4711
2363,6.25,0.5428
2364,119.88,0.5753
2365,237.09,0.6272
2366,179.61,0.8217
2367,249.22,0.8936
2368,247.34,0.8844
2369,209.08,0.7442
2370,225.64,0.5468
2371,5.84,0.3523
2372,4.42,0.1875
2373,6.25,0.1555
2374,4.75,0.2633
2375,185.9,0.4558
2376,139.52,0.6393
2377,243.12,0.6395
2378,233.77,0.4961
2379,4.95,0.5534
2380,8.13,0.5583
2381,210.51,0.4778
2382,249.25,0.4799
2383,133.99,0.6521
2384,7.48,0.5856
2385,221.67,0.5053
2386,128.09,0.51
2387,149.67,0.6194
2388,139.81,0.446
2389,143.13,0.4987
2390,6.71,0.5494
2391,193.44,0.6104
2392,212.46,0.6625
2393,215.52,0.8403
2394,207.68,0.8683
2395,227.14,0.8087
2396,228.2,0.7847
2397,138.58,0.8003
2398,185.75,0.6204
2399,227.02,0.4403
2400,4.07,0.4405
2401,4.95,0.2944
2402,138.71,0.116
2403,4.68,0.2441
2404,5.78,0.3552
2405,162.9,0.3557
2406,142.76,0.4638
2407,139.28,0.6587
2408,138.67,0.7185
2409,247.44,0.7744
2410,237.1,0.6664
2411,212.04,0.6703
2412,5.39,0.6431
2413,143.56,0.6324
2414,213.67,0.5759
2415,223.79,0.7321
2416,142.02,0.8164
2417,199.01,0.8438
2418,248.14,0.6718
2419,247.63,0.6715
2420,10.5,0.7068
2421,141.71,0.7005
2422,242.79,0.5045
2423,240.32,0.4997
2424,4.65,0.5632
2425,4.48,0.5605
2426,220.43,0.5595
2427,239.48,0.7463
2428,239.06,0.9343
2429,236.3,0.9452
2430,237.48,0.9196
2431,234.02,0.7316
2432,207.68,0.7213
2433,6.04,0.7093
2434,223.54,0.6398
2435,222.57,0.5858
2436,147.88,0.7355
2437,140.7,0.559
2438,191.64,0.3833
2439,4.7,0.268
2440,4.77,0.3218
2441,4.85,0.3527
2442,207.47,0.5343
2443,229.85,0.6587
2444,229.86,0.8323
2445,159.0,0.8273
2446,220.19,0.761
2447,201.28,0.6791
2448,147.65,0.6546
2449,128.21,0.4798
2450,128.69,0.3204
2451,3.45,0.2066
2452,3.67,0.3009
2453,6.52,0.3971
2454,245.11,0.5765
2455,248.0,0.5777
2456,225.81,0.7749
2457,5.22,0.7472
2458,251.07,0.6999
2459,210.78,0.5218
2460,189.31,0.545
2461,4.98,0.5003
2462,33.96,0.4907
2463,195.72,0.3399
2464,198.83,0.4488
2465,2.36,0.5537
2466,139.97,0.5031
2467,163.98,0.4787
2468,133.0,0.5942
2469,168.64,0.5605
2470,145.57,0.5577
2471,98.09,0.6489
2472,160.54,0.7117
2473,246.15,0.7888
2474,246.45,0.8565
2475,241.19,0.8445
2476,182.05,0.6497
2477,145.64,0.5748
2478,4.56,0.5547
2479,153.68,0.4129
2480,216.2,0.2999
2481,6.25,0.4083
2482,5.52,0.4483
2483,138.99,0.3851
2484,203.22,0.3836
2485,137.84,0.5714
2486,4.38,0.6514
2487,238.4,0.6635
2488,238.15,0.7008
2489,218.23,0.701
2490,184.18,0.5122
2491,4.6,0.4934
2492,4.28,0.5136
2493,214.88,0.5616
2494,243.22,0.7548
2495,243.67,0.9357
2496,244.24,0.9469
2497,228.56,0.7548
2498,228.72,0.563
2499,5.1,0.3703
2500,5.86,0.1913
2501,5.3,0.2067
2502,6.54,0.3225
2503,247.87,0.3477
2504,148.66,0.3482
2505,37.1,0.4657
2506,5.91,0.4049
2507,152.22,0.3882
2508,172.5,0.4687
2509,128.03,0.5914
2510,136.83,0.5955
2511,158.04,0.5661
2512,157.31,0.4686
2513,136.03,0.4944
2514,7.25,0.5585
2515,168.78,0.6222
2516,237.52,0.6983
2517,236.23,0.8586
2518,230.45,0.7257
2519,206.02,0.5372
2520,3.88,0.3489
2521,3.88,0.2978
2522,2.7,0.3333
2523,167.11,0.5326
2524,250.1,0.5369
2525,250.91,0.5422
2526,9.24,0.5782
2527,9.29,0.5597
2528,211.78,0.5408
2529,227.11,0.693
2530,227.53,0.6891
2531,197.96,0.5216
2532,4.38,0.445
2533,4.14,0.4455
2534,132.09,0.4614
2535,228.21,0.6312
2536,217.63,0.6329
2537,214.96,0.5738
2538,6.25,0.5158
2539,58.78,0.4657
2540,156.25,0.2961
2541,155.51,0.2961
2542,4.78,0.3595
2543,6.17,0.3481
2544,137.42,0.3296
2545,142.05,0.3306
2546,132.59,0.4323
2547,6.01,0.4546
2548,132.36,0.5334
2549,165.03,0.6185
2550,239.75,0.8101
2551,238.12,0.9063
2552,243.51,0.9518
2553,251.64,0.9551
2554,221.45,0.9466
2555,243.82,0.918
2556,227.66,0.9064
2557,208.03,0.9096
2558,237.18,0.9043
2559,225.45,0.7227
2560,237.3,0.5595
2561,2.52,0.3717
2562,5.66,0.194
2563,4.35,0.1126
2564,5.08,0.2701
2565,136.34,0.2704
2566,197.9,0.3809
2567,5.94,0.4867
2568,141.34,0.5163
2569,136.27,0.5488
2570,173.14,0.7422
2571,238.13,0.8113
2572,245.75,0.8958
2573,226.99,0.7647
2574,241.08,0.5799
2575,10.56,0.5629
2576,9.01,0.5008
2577,224.63,0.3106
2578,150.02,0.4485
2579,5.26,0.5536
2580,181.58,0.5074
2581,139.24,0.3897
2582,167.47,0.5158
2583,4.0,0.5629
2584,161.67,0.5616
2585,239.93,0.4305
2586,137.6,0.4309
2587,4.98,0.4996
2588,4.5,0.4845
2589,246.86,0.4864
2590,221.17,0.5941
2591,140.0,0.5953
2592,138.44,0.401
2593,6.01,0.4125
2594,6.01,0.4893
2595,235.38,0.501
2596,235.24,0.5002
2597,152.89,0.5006
2598,5.0,0.3174
2599,6.6,0.3227
2600,8.25,0.3958
2601,241.75,0.5862
2602,243.55,0.5848
2603,241.09,0.7575
2604,4.81,0.6705
2605,222.42,0.5751
2606,133.82,0.3852
2607,125.3,0.4923
2608,5.63,0.5061
2609,137.65,0.5901
2610,239.52,0.6487
2611,237.95,0.7949
2612,197.93,0.6887
2613,186.89,0.5002
2614,6.05,0.4745
2615,5.77,0.4922
2616,206.12,0.5144
2617,219.79,0.6909
2618,214.41,0.8137
2619,224.95,0.7786
2620,157.99,0.7406
2621,162.68,0.7158
2622,172.56,0.5393
2623,183.7,0.5231
2624,6.12,0.5034
2625,137.86,0.4808
2626,138.31,0.3375
2627,144.56,0.4287
2628,6.0,0.4829
2629,119.22,0.5353
2630,205.05,0.6042
2631,203.32,0.7629
2632,229.94,0.67
2633,202.8,0.68
2634,4.0,0.681
2635,217.42,0.6821
2636,204.62,0.7199
2637,231.28,0.8855
2638,249.66,0.8976
2639,209.28,0.9159
2640,232.49,0.8644
2641,227.27,0.8438
2642,167.39,0.6782
2643,224.16,0.4939
2644,3.91,0.506
2645,4.0,0.5409
2646,242.28,0.4732
2647,210.66,0.4738
2648,140.23,0.5822
2649,4.63,0.5893
2650,138.5,0.5803
2651,251.03,0.5706
2652,199.48,0.6692
2653,128.22,0.5624
2654,126.88,0.4742
2655,6.05,0.4585
2656,141.72,0.5174
2657,179.96,0.5516
2658,201.35,0.7044
2659,169.25,0.72
2660,195.48,0.7538
2661,161.03,0.5935
2662,221.93,0.4604
2663,2.51,0.3078
2664,4.25,0.1815
2665,6.25,0.1286
2666,4.45,0.2331
2667,156.32,0.2346
2668,132.12,0.4061
2669,6.1,0.5762
2670,218.92,0.5597
2671,215.27,0.5636
2672,135.92,0.6717
2673,136.99,0.5005
2674,140.07,0.5131
2675,6.65,0.5712
2676,230.88,0.6468
2677,208.0,0.7243
2678,230.69,0.9076
2679,236.2,0.911
2680,233.91,0.9342
2681,235.11,0.9065
2682,236.72,0.8764
2683,196.35,0.6912
2684,198.91,0.5993
2685,4.24,0.6036
2686,121.24,0.5669
2687,242.08,0.4106
2688,150.74,0.4108
2689,5.16,0.4269
2690,4.54,0.3578
2691,141.11,0.3385
2692,156.48,0.4448
2693,126.74,0.4762
2694,137.03,0.3672
2695,43.41,0.2455
2696,5.98,0.1473
2697,5.62,0.1844
2698,5.04,0.2858
2699,182.93,0.3948
2700,169.12,0.5928
2701,141.22,0.7071
2702,251.06,0.5624
2703,146.83,0.4306
2704,3.49,0.3219
2705,5.67,0.2377
2706,6.42,0.319
2707,146.68,0.3204
2708,247.64,0.3195
2709,5.25,0.5164
2710,4.58,0.6001
2711,250.52,0.5905
2712,250.48,0.7797
2713,235.65,0.7804
2714,239.83,0.5823
2715,5.46,0.3851
2716,4.91,0.1999
2717,5.99,0.1179
2718,6.0,0.2285
2719,138.16,0.2284
2720,142.65,0.2271
2721,4.72,0.3225
2722,4.38,0.3182
2723,124.33,0.3412
2724,132.79,0.3418
2725,171.25,0.4499
2726,5.45,0.4598
2727,138.43,0.4566
2728,136.59,0.3239
2729,128.85,0.4073
2730,6.63,0.4959
2731,108.91,0.5857
2732,248.22,0.6812
2733,248.02,0.8751
2734,247.25,0.929
2735,246.98,0.9234
2736,175.7,0.8149
2737,241.27,0.7354
2738,113.59,0.7014
2739,148.71,0.6867
2740,204.81,0.6506
2741,157.44,0.7222
2742,196.55,0.7293
2743,202.37,0.571
2744,157.42,0.4504
2745,8.52,0.2976
2746,7.93,0.2447
2747,7.13,0.2291
2748,136.73,0.337
2749,138.12,0.3371
2750,142.28,0.4301
2751,8.12,0.4457
2752,122.38,0.4601
2753,156.06,0.4702
2754,156.06,0.4678
2755,154.74,0.4732
2756,5.2,0.5255
2757,129.1,0.5822
2758,220.9,0.4614
2759,226.33,0.4595
2760,5.0,0.3577
2761,2.81,0.2849
2762,2.87,0.2168
2763,130.66,0.3532
2764,141.79,0.3548
2765,174.14,0.356
2766,4.84,0.3563
2767,4.41,0.3575
2768,131.01,0.3715
2769,143.24,0.3724
2770,191.46,0.4929
2771,6.0,0.5439
2772,153.78,0.5866
2773,194.27,0.5602
2774,196.23,0.6676
2775,158.63,0.549
2776,139.24,0.5839
2777,6.65,0.6134
2778,237.6,0.6731
2779,232.76,0.7152
2780,232.71,0.8663
2781,191.38,0.8455
2782,194.04,0.7933
2783,211.82,0.7174
2784,168.01,0.6929
2785,138.59,0.5413
2786,161.02,0.3758
2787,6.13,0.3639
2788,6.6,0.3771
2789,153.24,0.2493
2790,154.89,0.248
2791,2.64,0.4327
2792,4.54,0.5038
2793,235.59,0.5528
2794,241.42,0.7469
2795,215.62,0.8887
2796,243.25,0.7021
2797,180.34,0.5109
2798,4.21,0.4449
2799,4.47,0.396
2800,133.76,0.3691
2801,182.61,0.3692
2802,146.93,0.3684
2803,4.42,0.4551
2804,3.44,0.4964
2805,241.27,0.3819
2806,233.83,0.4961
2807,4.87,0.6747
2808,146.04,0.6343
2809,224.87,0.4478
2810,191.28,0.4463
2811,2.6,0.3306
2812,2.91,0.1528
2813,2.57,0.187
2814,4.5,0.3727
2815,233.65,0.3745
2816,232.87,0.3773
2817,5.07,0.3769
2818,6.04,0.1921
2819,4.06,0.0078
2820,4.5,0.0088
2821,4.4,0.1296
2822,6.25,0.321
2823,155.84,0.4869
2824,241.43,0.4869
2825,210.11,0.4855
2826,4.49,0.3639
2827,4.45,0.3488
2828,5.08,0.3411
2829,222.78,0.5265
2830,200.48,0.526
2831,234.36,0.6021
2832,3.9,0.6186
2833,99.43,0.645
2834,243.2,0.6508
2835,233.21,0.8423
2836,241.6,0.7653
2837,241.23,0.5729
2838,4.06,0.5617
2839,4.66,0.5434
2840,219.34,0.5478
2841,218.8,0.7428
2842,246.72,0.7439
2843,245.86,0.7081
2844,6.05,0.701
2845,174.97,0.6267
2846,209.96,0.4347
2847,154.59,0.4383
2848,7.74,0.4116
2849,10.54,0.3454
2850,141.88,0.2269
2851,127.91,0.3459
2852,7.66,0.5363
2853,155.24,0.615
2854,246.61,0.7074
2855,239.42,0.8663
2856,242.59,0.8619
2857,204.56,0.7773
2858,149.85,0.7657
2859,141.67,0.766
2860,225.08,0.7941
2861,243.02,0.8668
2862,239.34,0.9454
2863,239.98,0.933
2864,239.18,0.9303
2865,209.69,0.9322
2866,239.63,0.7433
2867,241.66,0.5553
2868,5.84,0.5522
2869,6.01,0.4857
2870,205.92,0.4097
2871,157.12,0.4101
2872,147.51,0.411
2873,6.25,0.25
2874,7.16,0.2036
2875,6.27,0.1969
2876,99.59,0.3764
2877,139.27,0.3759
2878,228.79,0.4878
2879,6.49,0.5782
2880,145.12,0.6644
2881,211.6,0.6328
2882,246.19,0.7816
2883,189.64,0.7711
2884,190.86,0.6046
2885,132.13,0.4107
2886,5.24,0.2617
2887,5.78,0.1108
2888,4.88,0.1943
2889,3.76,0.358
2890,235.66,0.3932
2891,208.12,0.3932
2892,49.5,0.3935
2893,4.87,0.2082
2894,4.09,0.045
2895,6.0,0.0088
2896,5.68,0.0099
2897,4.7,0.0103
2898,6.16,0.0104
2899,4.67,0.1633
2900,6.1,0.2633
2901,195.18,0.2633
2902,128.76,0.3895
2903,6.19,0.5528
2904,161.11,0.5399
2905,208.61,0.4406
2906,179.13,0.4402
2907,5.67,0.3139
2908,5.7,0.2661
2909,4.51,0.3212
2910,149.26,0.4735
2911,247.54,0.4735
2912,194.46,0.4749
2913,5.66,0.5308
2914,6.32,0.5198
2915,218.58,0.5448
2916,233.91,0.6931
2917,225.42,0.6919
2918,189.47,0.52
2919,4.89,0.4457
2920,5.49,0.4667
2921,141.76,0.4887
2922,251.41,0.6526
2923,216.74,0.8106
2924,208.12,0.8785
2925,201.38,0.8576
2926,225.92,0.8774
2927,225.5,0.9095
2928,241.3,0.7515
2929,247.94,0.6961
2930,5.5,0.6422
2931,157.18,0.5595
2932,158.77,0.3652
2933,138.75,0.5533
2934,6.96,0.6014
2935,238.77,0.6719
2936,216.86,0.7593
2937,246.12,0.8587
2938,247.09,0.6732
2939,130.22,0.6718
2940,8.74,0.6763
2941,215.13,0.6298
2942,251.71,0.6771
2943,189.46,0.7853
2944,188.84,0.7592
2945,142.91,0.6662
2946,182.76,0.6284
2947,136.4,0.5645
2948,142.6,0.452
2949,109.6,0.3068
2950,3.47,0.3686
2951,2.7,0.442
2952,213.04,0.3573
2953,233.58,0.5287
2954,4.62,0.7219
2955,215.94,0.701
2956,242.24,0.6799
2957,187.17,0.8706
2958,207.36,0.8488
2959,241.13,0.6573
2960,188.85,0.5114
2961,4.79,0.3492
2962,6.3,0.1597
2963,6.25,0.0125
2964,6.25,0.0124
2965,6.25,0.0109
2966,4.72,0.161
2967,4.4,0.3331
2968,192.36,0.4405
2969,219.69,0.4419
2970,139.32,0.5524
2971,6.56,0.4991
2972,141.4,0.3257
2973,126.18,0.2187
2974,4.77,0.3393
2975,6.65,0.3475
2976,156.04,0.3722
2977,151.62,0.5267
2978,156.79,0.637
2979,196.28,0.7046
2980,143.48,0.7627
2981,239.86,0.8148
2982,223.59,0.8362
2983,221.46,0.8997
2984,222.78,0.8472
2985,222.18,0.671
2986,174.74,0.647
2987,5.22,0.583
2988,191.65,0.561
2989,143.48,0.4233
2990,194.83,0.5135
2991,4.11,0.5212
2992,117.01,0.5298
2993,201.18,0.3748
2994,154.15,0.4655
2995,2.7,0.5731
2996,116.55,0.6092
2997,250.36,0.6817
2998,246.01,0.7687
2999,243.95,0.6778
3000,110.61,0.4801
3001,3.89,0.4251
3002,5.2,0.416
3003,177.81,0.3396
3004,232.67,0.3403
3005,15.9,0.3425
3006,4.7,0.204
3007,7.98,0.2187
3008,6.1,0.4083
3009,250.92,0.5184
3010,250.89,0.5166
3011,141.25,0.7131
3012,5.71,0.709
3013,249.8,0.51
3014,245.85,0.3995
3015,4.07,0.5595
3016,4.28,0.4987
3017,204.08,0.4146
3018,174.45,0.5157
3019,141.58,0.5155
3020,129.39,0.4725
3021,4.09,0.5303
3022,150.71,0.5962
3023,246.16,0.6919
3024,223.31,0.8696
3025,248.0,0.9325
3026,224.4,0.9114
3027,228.74,0.8662
3028,219.92,0.6705
3029,167.3,0.4931
3030,5.31,0.3123
3031,4.52,0.2471
3032,4.53,0.2251
3033,139.16,0.3313
3034,139.91,0.3316
3035,137.1,0.5029
3036,4.8,0.5636
3037,216.92,0.6331
3038,214.51,0.7106
3039,226.02,0.8791
3040,233.25,0.7078
3041,213.7,0.6838
3042,4.55,0.6962
3043,184.66,0.6165
3044,241.43,0.5585
3045,134.38,0.6682
3046,141.82,0.636
3047,140.58,0.5543
3048,144.73,0.5579
3049,140.09,0.6056
3050,138.86,0.4968
3051,201.02,0.3844
3052,5.64,0.3747
3053,5.4,0.3748
3054,128.02,0.3431
3055,139.06,0.4469
3056,161.64,0.5554
3057,134.39,0.5657
3058,139.86,0.6275
3059,140.86,0.6042
3060,215.71,0.6041
3061,132.7,0.6313
3062,134.22,0.5227
3063,173.63,0.4631
3064,6.2,0.5267
3065,141.81,0.5457
3066,211.54,0.6088
3067,157.83,0.7234
3068,251.79,0.6129
3069,148.38,0.4465
3070,4.81,0.3236
3071,5.25,0.2021
3072,5.44,0.2746
3073,101.05,0.4628
3074,238.31,0.4622
3075,238.11,0.4622
3076,4.61,0.4928
3077,5.32,0.4167
3078,139.07,0.3443
3079,143.99,0.4587
3080,148.3,0.5039
3081,146.4,0.3967
3082,61.43,0.4795
3083,6.1,0.5206
3084,246.69,0.5553
3085,199.2,0.5108
3086,189.51,0.5107
3087,6.15,0.3155
3088,6.05,0.2698
3089,4.71,0.2235
3090,142.54,0.3077
3091,132.01,0.3066
3092,110.56,0.4141
3093,4.66,0.4806
3094,138.04,0.4839
3095,224.99,0.3975
3096,136.09,0.3988
3097,3.46,0.4857
3098,6.31,0.5023
3099,245.78,0.5903
3100,245.54,0.7837
3101,245.16,0.9748
3102,243.25,0.9178
3103,243.33,0.8358
3104,175.03,0.7797
3105,143.91,0.7153
3106,175.54,0.5238
3107,163.43,0.3865
3108,5.9,0.3823
3109,4.84,0.4244
3110,138.7,0.4541
3111,227.78,0.4541
3112,200.16,0.6416
3113,5.95,0.7233
3114,237.3,0.7154
3115,239.96,0.5592
3116,217.98,0.6714
3117,6.6,0.6744
3118,145.02,0.6757
3119,241.0,0.6547
3120,241.62,0.8233
3121,191.94,0.7111
3122,215.54,0.5202
3123,5.99,0.5269
3124,4.27,0.5371
3125,250.0,0.368
3126,204.48,0.3678
3127,5.91,0.3686
3128,5.72,0.1704
3129,5.3,0.1595
3130,4.3,0.2489
3131,190.94,0.3535
3132,116.78,0.3537
3133,135.38,0.4632
3134,5.58,0.419
3135,140.03,0.427
3136,136.07,0.323
3137,126.72,0.4168
3138,6.4,0.4812
3139,121.96,0.5476
3140,219.84,0.6438
3141,218.39,0.8324
3142,246.07,0.7394
3143,240.25,0.5672
3144,6.58,0.3963
3145,6.32,0.3621
3146,6.5,0.325
3147,203.67,0.5151
3148,194.21,0.6823
3149,242.37,0.8508
3150,213.6,0.8767
3151,215.45,0.7234
3152,235.76,0.5318
3153,4.16,0.4749
3154,4.84,0.504
3155,142.99,0.4202
3156,251.58,0.4203
3157,131.85,0.522
3158,4.2,0.5391
3159,130.98,0.5081
3160,164.16,0.5554
3161,213.14,0.6884
3162,190.58,0.5862
3163,169.08,0.4588
3164,4.27,0.2935
3165,6.15,0.1444
3166,8.16,0.2016
3167,5.75,0.394
3168,240.03,0.3959
3169,242.77,0.5092
3170,8.56,0.7049
3171,148.67,0.7101
3172,248.31,0.5175
3173,246.51,0.5135
3174,4.0,0.587
3175,3.58,0.5042
3176,239.8,0.3097
3177,145.64,0.3101
3178,5.4,0.4245
3179,4.51,0.3941
3180,145.32,0.4404
3181,202.2,0.6275
3182,202.98,0.8227
3183,237.34,0.7081
3184,246.64,0.548
3185,3.22,0.3872
3186,3.62,0.3371
3187,3.7,0.3111
3188,175.16,0.4816
3189,214.42,0.4823
3190,214.57,0.6728
3191,4.52,0.7212
3192,239.96,0.7409
3193,235.1,0.7461
3194,238.86,0.9361
3195,221.03,0.9433
3196,240.06,0.7617
3197,248.87,0.5757
3198,9.96,0.5729
3199,8.24,0.5567
3200,217.57,0.5208
3201,220.04,0.6983
3202,204.29,0.6937
3203,230.1,0.5216
3204,2.43,0.3475
3205,4.25,0.1873
3206,4.15,0.0051
3207,5.68,0.008
3208,4.2,0.1232
3209,6.0,0.2627
3210,147.09,0.4537
3211,177.07,0.591
3212,242.52,0.6931
3213,174.51,0.5782
3214,132.6,0.5967
3215,4.52,0.5931
3216,200.1,0.634
3217,238.06,0.5311
3218,225.16,0.6161
3219,5.0,0.6123
3220,109.95,0.5463
3221,195.34,0.4791
3222,156.32,0.6005
3223,141.84,0.6739
3224,155.46,0.7038
3225,201.03,0.7184
3226,232.36,0.7113
3227,174.4,0.7499
3228,133.11,0.6941
3229,203.2,0.6874
3230,131.88,0.7288
3231,224.09,0.813
3232,225.73,0.8139
3233,237.5,0.8569
3234,204.37,0.6819
3235,185.11,0.6285
3236,7.19,0.5538
3237,159.5,0.3946
3238,144.9,0.3624
3239,7.0,0.5018
3240,145.17,0.5708
3241,180.05,0.6345
3242,245.0,0.7557
3243,223.88,0.788
3244,157.28,0.7494
3245,185.18,0.7177
3246,132.22,0.7246
3247,205.72,0.7854
3248,232.36,0.8248
3249,232.68,0.9098
3250,234.02,0.932
3251,237.6,0.8571
3252,233.34,0.6732
3253,139.44,0.488
3254,4.68,0.3004
3255,4.4,0.2101
3256,5.0,0.2898
3257,121.35,0.394
3258,238.22,0.3945
3259,133.92,0.4985
3260,5.04,0.5112
3261,133.86,0.4451
3262,137.17,0.4646
3263,156.25,0.586
3264,158.06,0.5919
3265,155.61,0.644
3266,141.23,0.5223
3267,201.76,0.3985
3268,5.3,0.3944
3269,4.6,0.4004
3270,150.5,0.2779
3271,148.71,0.2783
3272,49.81,0.2784
3273,5.84,0.1606
3274,4.66,0.044
3275,4.45,0.0076
3276,4.23,0.1817
3277,4.66,0.3569
3278,221.64,0.4258
3279,221.96,0.4265
3280,89.88,0.603
3281,5.09,0.6194
3282,223.48,0.6273
3283,241.96,0.6401
3284,231.74,0.64
3285,105.71,0.4632
3286,5.0,0.4686
3287,4.3,0.4515
3288,248.61,0.3698
3289,210.54,0.3693
3290,4.45,0.3696
3291,4.32,0.1725
3292,4.68,0.1159
3293,4.26,0.2234
3294,140.41,0.3312
3295,137.72,0.4113
3296,137.99,0.5118
3297,103.92,0.51
3298,128.98,0.4027
3299,138.08,0.2966
3300,4.71,0.3919
3301,6.39,0.4889
3302,222.2,0.5779
3303,249.18,0.7734
3304,248.4,0.7763
3305,247.17,0.6005
3306,9.96,0.5072
3307,4.25,0.478
3308,133.51,0.4378
3309,212.2,0.4347
3310,197.3,0.4367
3311,6.09,0.3339
3312,6.74,0.1681
3313,6.0,0.1295
3314,6.71,0.2422
3315,149.38,0.2422
3316,145.85,0.3519
3317,6.71,0.4588
3318,142.0,0.4564
3319,139.29,0.3431
3320,146.42,0.342
3321,5.37,0.4072
3322,5.36,0.4774
3323,222.87,0.5464
3324,226.23,0.7306
3325,231.99,0.9231
3326,233.83,0.8923
3327,243.94,0.913
3328,184.72,0.883
3329,251.92,0.8743
3330,194.76,0.8734
3331,223.1,0.8883
3332,242.84,0.8688
3333,203.1,0.7151
3334,227.77,0.5391
3335,4.24,0.3467
3336,4.82,0.1863
3337,4.37,0.187
3338,4.16,0.2933
3339,228.63,0.2935
3340,136.04,0.2947
3341,5.12,0.296
3342,5.79,0.117
3343,5.77,0.1329
3344,6.71,0.2553
3345,155.81,0.3193
3346,156.86,0.3179
3347,85.13,0.3144
3348,3.98,0.192
3349,2.45,0.0683
3350,3.96,0.0029
3351,3.55,0.0028
3352,4.09,0.0053
3353,3.76,0.0059
3354,5.54,0.0075
3355,4.8,0.009
3356,5.51,0.0108
3357,5.99,0.1038
3358,5.99,0.2968
3359,120.84,0.4835
3360,244.06,0.4829
3361,237.02,0.6672
3362,5.18,0.7677
3363,234.57,0.7659
3364,245.44,0.7707
3365,241.86,0.9178
3366,242.92,0.7328
3367,187.5,0.6512
3368,5.2,0.5712
3369,144.36,0.5449
3370,142.57,0.5679
3371,210.39,0.7577
3372,215.98,0.8364
3373,240.5,0.9219
3374,241.99,0.9535
3375,248.61,0.9246
3376,249.51,0.7384
3377,180.17,0.6566
3378,9.7,0.6263
3379,140.47,0.5117
3380,211.04,0.3707
3381,107.41,0.4195
3382,5.44,0.4147
3383,70.11,0.3635
3384,134.57,0.4054
3385,147.5,0.5393
3386,159.44,0.4876
3387,171.43,0.3845
3388,5.96,0.2699
3389,6.82,0.1432
3390,5.42,0.1487
3391,2.32,0.2752
3392,178.29,0.2734
3393,162.78,0.2744
3394,4.55,0.4257
3395,6.7,0.4101
3396,189.88,0.4261
3397,158.92,0.4275
3398,182.69,0.6208
3399,6.25,0.6619
3400,246.32,0.5403
3401,240.83,0.3996
3402,8.21,0.4785
3403,8.25,0.4665
3404,104.04,0.464
3405,231.48,0.6135
3406,237.7,0.8049
3407,193.54,0.9167
3408,245.58,0.8292
3409,242.73,0.824
3410,122.9,0.8251
3411,231.29,0.7658
3412,194.88,0.727
3413,172.03,0.7737
3414,194.72,0.7164
3415,180.8,0.5649
3416,160.22,0.4312
3417,7.02,0.2797
3418,6.24,0.2535
3419,6.9,0.2392
3420,148.32,0.3479
3421,142.5,0.3476
3422,141.82,0.5075
3423,5.82,0.4882
3424,205.16,0.4992
3425,124.34,0.5117
3426,156.24,0.6138
3427,157.32,0.4529
3428,132.4,0.4504
3429,5.56,0.4147
3430,121.34,0.3772
3431,111.98,0.2737
3432,110.73,0.2721
3433,4.09,0.3682
3434,3.63,0.4719
3435,240.47,0.3865
3436,240.62,0.388
3437,4.76,0.3888
3438,5.96,0.1997
3439,4.7,0.1146
3440,5.95,0.2242
3441,135.06,0.3321
3442,140.72,0.4467
3443,139.7,0.6217
3444,146.78,0.7052
3445,222.99,0.7819
3446,238.59,0.8579
3447,235.74,0.8847
3448,234.04,0.7088
3449,179.96,0.7065
3450,4.92,0.7106
3451,235.66,0.717
3452,240.86,0.7428
3453,242.02,0.9189
3454,211.87,0.9292
3455,223.3,0.9269
3456,248.4,0.9333
3457,238.07,0.7657
3458,249.96,0.6292
3459,4.04,0.6167
3460,53.98,0.5751
3461,232.97,0.3774
3462,186.47,0.3783
3463,4.88,0.4491
3464,5.18,0.3746
3465,141.74,0.3667
3466,140.62,0.4674
3467,176.68,0.5823
3468,129.64,0.585
3469,147.65,0.5857
3470,145.17,0.5638
3471,141.44,0.6028
3472,149.57,0.4871
3473,177.92,0.5518
3474,4.16,0.6235
3475,225.38,0.7054
3476,230.44,0.7173
3477,251.02,0.8468
3478,192.7,0.6681
3479,164.75,0.5857
3480,3.78,0.5508
3481,128.36,0.5151
3482,207.77,0.386
3483,148.39,0.3873
3484,4.63,0.4117
3485,5.4,0.4133
3486,158.7,0.4496
3487,209.66,0.5598
3488,193.44,0.7288
3489,141.32,0.758
3490,214.92,0.5954
3491,194.84,0.4426
3492,8.11,0.332
3493,4.01,0.23
3494,4.14,0.2582
3495,88.48,0.4367
3496,229.8,0.619
3497,229.4,0.8027
3498,230.02,0.9155
3499,231.97,0.8358
3500,228.24,0.754
3501,131.06,0.6723
3502,127.9,0.4908
3503,128.74,0.409
3504,6.96,0.4077
3505,126.83,0.4317
3506,129.46,0.5235
3507,157.7,0.607
3508,242.52,0.5088
3509,110.48,0.4077
3510,5.04,0.2833
3511,4.16,0.0911
3512,3.5,0.0062
3513,4.2,0.0058
3514,5.2,0.0073
3515,4.51,0.0092
3516,6.08,0.1967
3517,5.79,0.3862
3518,236.68,0.4963
3519,240.19,0.497
3520,140.96,0.6934
3521,6.98,0.7031
3522,249.35,0.6602
3523,248.7,0.5529
3524,186.94,0.7164
3525,7.91,0.684
3526,209.78,0.5943
3527,209.11,0.5575
3528,137.48,0.7056
3529,141.36,0.5419
3530,191.54,0.4781
3531,6.75,0.4774
3532,130.1,0.5543
3533,136.49,0.5655
3534,236.82,0.7563
3535,205.34,0.655
3536,243.35,0.5945
3537,4.47,0.5681
3538,61.54,0.5163
3539,204.04,0.3249
3540,141.15,0.3261
3541,6.05,0.4361
3542,5.98,0.3996
3543,197.86,0.379
3544,158.76,0.5594
3545,115.61,0.7191
3546,229.71,0.7441
3547,203.99,0.7429
3548,228.96,0.7795
3549,157.27,0.5987
3550,160.99,0.4397
3551,5.51,0.2598
3552,6.79,0.138
3553,5.95,0.0136
3554,6.25,0.1257
3555,6.79,0.3216
3556,144.42,0.4785
3557,249.78,0.675
3558,200.4,0.8706
3559,249.96,0.7593
3560,249.2,0.5629
3561,6.52,0.5154
3562,6.25,0.4235
3563,141.51,0.228
3564,135.93,0.2266
3565,6.86,0.4057
3566,4.77,0.4455
3567,228.32,0.4864
3568,190.82,0.6642
3569,186.75,0.7652
3570,227.29,0.5839
3571,129.9,0.5866
3572,3.52,0.5457
3573,194.2,0.4729
3574,136.02,0.5248
3575,137.14,0.6956
3576,194.2,0.7051
3577,215.27,0.7078
3578,205.99,0.5996
3579,139.34,0.4452
3580,2.97,0.274
3581,2.85,0.2134
3582,2.99,0.2726
3583,130.8,0.4623
3584,212.73,0.4643
3585,238.16,0.4656
3586,5.36,0.4873
3587,4.57,0.4415
3588,157.74,0.3621
3589,155.91,0.3626
3590,139.83,0.3621
3591,5.98,0.342
3592,3.86,0.4107
3593,132.8,0.4762
3594,241.18,0.6299
3595,221.03,0.8068
3596,196.53,0.8869
3597,223.13,0.8552
3598,232.2,0.8425
3599,201.83,0.7987
3600,205.26,0.6226
3601,142.31,0.5317
3602,4.75,0.4862
3603,119.48,0.4391
3604,145.39,0.3292
3605,146.88,0.4528
3606,6.04,0.541
3607,158.03,0.6074
3608,228.79,0.6884
3609,227.74,0.8826
3610,247.36,0.9279
3611,246.84,0.9378
3612,214.17,0.8975
3613,241.05,0.7473
3614,177.71,0.7056
3615,61.22,0.6898
3616,195.06,0.4992
3617,194.67,0.3598
3618,4.7,0.5141
3619,4.88,0.5333
3620,252.45,0.5231
3621,218.93,0.5238
3622,182.0,0.6432
3623,5.61,0.5642
3624,152.84,0.5136
3625,154.52,0.3721
3626,156.21,0.5272
3627,6.6,0.5803
3628,197.94,0.5583
3629,218.6,0.56
3630,127.25,0.6618
3631,158.32,0.6696
3632,132.86,0.6698
3633,207.52,0.5744
3634,218.9,0.4546
3635,9.0,0.3548
3636,9.81,0.3826
3637,9.02,0.395
3638,241.97,0.5664
3639,234.36,0.7284
3640,221.53,0.7242
3641,210.57,0.5325
3642,3.93,0.4476
3643,4.28,0.4599
3644,129.03,0.416
3645,236.78,0.4162
3646,156.16,0.5951
3647,4.16,0.6899
3648,226.11,0.6558
3649,246.63,0.7276
3650,194.43,0.918
3651,245.22,0.9149
3652,240.24,0.9003
3653,222.2,0.928
3654,228.56,0.9223
3655,228.76,0.9149
3656,238.2,0.9343
3657,231.0,0.7912
3658,246.31,0.6114
3659,51.11,0.4258
3660,5.77,0.245
3661,8.15,0.0525
3662,6.76,0.0179
3663,7.74,0.2031
3664,8.2,0.364
3665,235.37,0.4212
3666,207.58,0.4206
3667,77.68,0.595
3668,7.1,0.5054
3669,224.36,0.4384
3670,124.29,0.4912
3671,124.52,0.6002
3672,143.08,0.4243
3673,142.35,0.4376
3674,6.2,0.4644
3675,140.77,0.4842
3676,157.82,0.5227
3677,167.54,0.7122
3678,190.11,0.7919
3679,241.2,0.6699
3680,239.62,0.5405
3681,6.5,0.3928
3682,7.1,0.2807
3683,6.96,0.2698
3684,102.28,0.464
3685,226.1,0.4656
3686,247.22,0.4658
3687,9.09,0.4976
3688,7.22,0.5118
3689,141.76,0.4938
3690,243.6,0.6659
3691,225.03,0.6646
3692,222.46,0.5544
3693,5.62,0.5135
3694,5.08,0.4978
3695,192.87,0.5153
3696,205.51,0.7073
3697,244.16,0.8111
3698,243.74,0.842
3699,133.74,0.8412
3700,231.23,0.8403
3701,204.54,0.8381
3702,243.06,0.7369
3703,241.0,0.6879
3704,8.2,0.6487
3705,170.5,0.5678
3706,155.98,0.3785
3707,142.75,0.3775
3708,6.27,0.3961
3709,7.0,0.4193
3710,193.55,0.4877
3711,184.66,0.6662
3712,227.62,0.6651
3713,227.51,0.5163
3714,5.69,0.5678
3715,9.06,0.5832
3716,248.56,0.5706
3717,246.64,0.7211
3718,211.93,0.9133
3719,192.22,0.9081
3720,247.4,0.9021
3721,242.12,0.922
3722,239.22,0.7723
3723,236.53,0.5755
3724,6.7,0.5657
3725,3.33,0.5425
3726,230.05,0.3552
3727,210.4,0.4377
3728,4.27,0.6144
3729,109.04,0.6153
3730,222.37,0.5645
3731,231.19,0.7286
3732,147.45,0.783
3733,207.7,0.767
3734,176.54,0.639
3735,202.46,0.5245
3736,72.54,0.5595
3737,5.48,0.6196
3738,251.03,0.6512
3739,251.1,0.7535
3740,241.61,0.8504
3741,199.37,0.6511
3742,125.7,0.4528
3743,3.91,0.2623
3744,5.25,0.209
3745,5.39,0.2209
3746,133.32,0.3303
3747,140.47,0.3306
3748,139.45,0.5172
3749,5.7,0.5315
3750,236.67,0.613
3751,151.05,0.6366
3752,241.57,0.7678
3753,168.64,0.5817
3754,168.47,0.4654
3755,5.94,0.2749
3756,6.78,0.1453
3757,5.44,0.2053
3758,7.94,0.3568
3759,242.82,0.4938
3760,193.81,0.6127
3761,176.58,0.7994
3762,152.94,0.7947
3763,239.45,0.6441
3764,236.9,0.5076
3765,7.1,0.4937
3766,7.31,0.4089
3767,135.78,0.2232
3768,134.34,0.2277
3769,6.65,0.4224
3770,12.66,0.4863
3771,248.7,0.5785
3772,215.04,0.7736
3773,248.56,0.937
3774,248.54,0.9283
3775,215.33,0.7582
3776,237.86,0.5619
3777,4.21,0.5573
3778,5.15,0.5794
3779,242.76,0.391
3780,242.8,0.3916
3781,4.23,0.4931
3782,4.95,0.4356
3783,130.98,0.3384
3784,171.56,0.3387
3785,122.24,0.5285
3786,4.62,0.6182
3787,240.28,0.4836
3788,242.2,0.3899
3789,4.67,0.4862
3790,6.06,0.4591
3791,124.01,0.4333
3792,206.7,0.5436
3793,210.18,0.6821
3794,141.37,0.6943
3795,177.83,0.6847
3796,139.21,0.7075
3797,194.76,0.7604
3798,238.42,0.6217
3799,207.0,0.6683
3800,5.87,0.6936
3801,196.94,0.6838
3802,226.15,0.6994
3803,226.22,0.807
3804,226.42,0.6526
3805,139.2,0.5647
3806,5.52,0.507
3807,117.2,0.4521
3808,154.61,0.3453
3809,158.42,0.5104
3810,6.76,0.581
3811,210.16,0.6509
3812,204.83,0.719
3813,241.28,0.9073
3814,242.85,0.9397
3815,240.15,0.9401
3816,250.4,0.7491
3817,205.3,0.6788
3818,4.45,0.6077
3819,155.72,0.5157
3820,151.93,0.354
3821,136.38,0.4662
3822,4.8,0.5163
3823,143.64,0.5725
3824,217.8,0.466
3825,221.54,0.4659
3826,4.34,0.5479
3827,4.67,0.569
3828,245.41,0.523
3829,243.91,0.5237
3830,164.52,0.5235
3831,5.17,0.3301
3832,4.42,0.2443
3833,5.69,0.2164
3834,137.52,0.3219
3835,129.85,0.3233
3836,135.99,0.4428
3837,6.25,0.4422
3838,153.84,0.4468
3839,136.74,0.4466
3840,135.59,0.5666
3841,135.75,0.4468
3842,154.96,0.3412
3843,5.36,0.235
3844,5.75,0.129
3845,3.93,0.0081
3846,4.39,0.0295
3847,4.99,0.1327
3848,31.95,0.2378
3849,133.65,0.2388
3850,134.27,0.3925
3851,5.61,0.5395
3852,195.62,0.6059
3853,214.1,0.6072
3854,216.06,0.722
3855,135.82,0.6766
3856,147.99,0.7049
3857,139.3,0.7318
3858,249.24,0.8137
3859,249.36,0.8813
3860,237.44,0.9491
3861,231.69,0.9345
3862,223.41,0.8382
3863,231.18,0.6521
3864,129.88,0.4705
3865,6.78,0.2951
3866,6.52,0.2095
3867,5.92,0.3062
3868,125.04,0.4121
3869,249.76,0.4116
3870,138.09,0.4117
3871,5.9,0.5129
3872,6.1,0.5132
3873,250.52,0.6033
3874,250.06,0.7556
3875,249.86,0.7556
3876,194.74,0.5572
3877,6.1,0.5414
3878,4.51,0.454
3879,230.46,0.4068
3880,141.54,0.5133
3881,136.16,0.6719
3882,138.12,0.5999
3883,201.18,0.6724
3884,141.18,0.7492
3885,231.37,0.8251
3886,231.39,0.6669
3887,232.24,0.7092
3888,5.1,0.7125
3889,193.62,0.5834
3890,235.48,0.4001
3891,71.3,0.5196
3892,4.99,0.4606
3893,153.19,0.3761
3894,120.5,0.4253
3895,130.75,0.5432
3896,132.32,0.4239
3897,151.18,0.3314
3898,5.27,0.4095
3899,5.81,0.4883
3900,227.53,0.5475
3901,230.03,0.7018
3902,224.62,0.8915
3903,196.5,0.824
3904,240.99,0.7878
3905,143.9,0.7278
3906,185.15,0.5727
3907,150.24,0.528
3908,4.19,0.5424
3909,185.61,0.5438
3910,161.77,0.4266
3911,186.86,0.5433
3912,4.88,0.5419
3913,148.84,0.5972
3914,183.92,0.5927
3915,230.37,0.702
3916,181.2,0.6917
3917,140.42,0.7234
3918,136.1,0.5405
3919,223.2,0.5934
3920,3.65,0.6686
3921,246.75,0.7564
3922,233.72,0.7427
3923,244.95,0.883
3924,206.16,0.8715
3925,177.56,0.7882
3926,232.52,0.5965
3927,130.43,0.4352
3928,7.24,0.414
3929,6.19,0.3364
3930,151.35,0.3356
3931,136.32,0.3337
3932,129.38,0.4947
3933,4.89,0.5627
3934,205.84,0.6412
3935,235.68,0.7002
3936,233.63,0.8077
3937,202.52,0.8141
3938,138.14,0.793
3939,213.86,0.6091
3940,209.51,0.6342
3941,5.59,0.7103
3942,233.6,0.5429
3943,232.56,0.4645
3944,6.22,0.6605
3945,112.32,0.6733
3946,248.66,0.4932
3947,249.41,0.4971
3948,9.31,0.592
3949,11.08,0.5532
3950,229.99,0.3536
3951,200.54,0.3507
3952,1.88,0.5081
3953,5.7,0.4406
3954,206.25,0.4258
3955,146.27,0.5576
3956,182.17,0.6851
3957,165.33,0.7105
3958,163.84,0.5974
3959,237.66,0.4554
3960,6.1,0.4743
3961,6.1,0.4622
3962,188.74,0.4033
3963,148.87,0.4033
3964,164.56,0.5586
3965,6.09,0.5708
3966,198.72,0.6003
3967,203.9,0.4721
3968,185.44,0.5802
3969,5.61,0.5886
3970,140.11,0.5381
3971,209.09,0.3916
3972,141.37,0.39
3973,3.75,0.4759
3974,3.65,0.5016
3975,246.54,0.5802
3976,240.96,0.7635
3977,238.83,0.7626
3978,231.1,0.568
3979,2.53,0.576
3980,5.2,0.5371
3981,250.85,0.5081
3982,190.61,0.5108
3983,195.18,0.5114
3984,5.89,0.3139
3985,5.89,0.1658
3986,6.0,0.0137
3987,6.96,0.014
3988,6.64,0.1191
3989,6.25,0.3
3990,136.15,0.4737
3991,230.34,0.4718
3992,222.3,0.5681
3993,4.3,0.5656
3994,125.68,0.576
3995,133.01,0.514
3996,243.31,0.6554
3997,145.4,0.6785
3998,179.63,0.6854
3999,154.27,0.6057
4000,141.61,0.4939
4001,144.42,0.4552
4002,6.78,0.4177
4003,131.65,0.3071
4004,107.76,0.1942
4005,4.55,0.368
4006,4.48,0.4564
4007,222.22,0.522
4008,241.28,0.5219
4009,189.11,0.6504
4010,4.35,0.5814
4011,163.78,0.5443
4012,136.68,0.397
4013,195.27,0.5457
4014,6.52,0.5949
4015,188.73,0.6644
4016,224.8,0.6967
4017,222.81,0.8815
4018,235.4,0.7352
4019,235.59,0.66
4020,7.29,0.6703
4021,131.59,0.6722
4022,235.55,0.4857
4023,237.76,0.4833
4024,4.4,0.3804
4025,4.28,0.1937
4026,4.03,0.0058
4027,4.03,0.007
4028,4.84,0.0071
4029,5.86,0.0086
4030,4.4,0.2061
4031,5.96,0.3169
4032,248.87,0.3169
4033,142.18,0.5064
4034,5.96,0.6956
4035,239.32,0.6658
4036,240.51,0.7147
4037,211.9,0.8703
4038,202.89,0.6807
4039,198.81,0.4918
4040,4.29,0.3264
4041,6.26,0.1673
4042,6.79,0.1628
4043,5.72,0.31
4044,193.19,0.5008
4045,186.8,0.6858
4046,242.8,0.8786
4047,236.18,0.923
4048,244.74,0.7745
4049,248.32,0.5809
4050,2.6,0.5618
4051,2.72,0.5582
4052,212.62,0.4733
4053,240.26,0.4751
4054,143.0,0.5996
4055,4.9,0.5886
4056,157.04,0.5896
4057,198.95,0.6737
4058,241.54,0.8395
4059,247.19,0.9125
4060,210.54,0.8846
4061,247.5,0.6938
4062,164.38,0.6752
4063,5.0,0.704
4064,224.14,0.6995
4065,246.22,0.5692
4066,241.95,0.7529
4067,2.85,0.7281
4068,232.69,0.7239
4069,193.37,0.5326
4070,241.06,0.6209
4071,4.78,0.6147
4072,112.27,0.4625
4073,225.05,0.2718
4074,4.61,0.3821
4075,4.72,0.47
4076,141.48,0.4833
4077,221.28,0.6773
4078,241.49,0.8415
4079,245.17,0.9292
4080,208.34,0.9524
4081,250.18,0.7626
4082,250.04,0.5695
4083,6.16,0.4065
4084,5.72,0.3594
4085,6.25,0.2758
4086,191.85,0.3826
4087,146.36,0.4921
4088,138.56,0.6396
4089,141.45,0.4886
4090,189.18,0.4816
4091,4.67,0.5582
4092,137.66,0.6395
4093,233.56,0.4892
4094,242.21,0.4883
4095,2.85,0.492
4096,3.55,0.42
4097,142.28,0.3375
4098,144.3,0.4429
4099,139.89,0.546
4100,133.47,0.5449
4101,131.46,0.5517
4102,140.83,0.4425
4103,152.71,0.5364
4104,4.6,0.5669
4105,249.87,0.633
4106,169.26,0.6924
4107,222.73,0.8846
4108,226.36,0.8693
4109,242.91,0.8927
4110,230.96,0.7179
4111,198.31,0.6417
4112,5.9,0.548
4113,131.89,0.4818
4114,126.72,0.3267
4115,148.99,0.4644
4116,6.0,0.5163
4117,176.53,0.6085
4118,196.23,0.6725
4119,241.12,0.7564
4120,228.26,0.6177
4121,110.14,0.566
4122,4.5,0.508
4123,132.12,0.5061
4124,169.25,0.6038
4125,225.92,0.7914
4126,231.21,0.6903
4127,237.18,0.659
4128,6.71,0.6297
4129,130.45,0.5464
4130,189.62,0.3588
4131,127.9,0.4641
4132,4.53,0.5516
4133,137.3,0.5109
4134,239.01,0.4113
4135,139.14,0.5272
4136,4.31,0.5432
4137,148.33,0.4661
4138,157.08,0.4723
4139,143.4,0.5839
4140,146.83,0.4697
4141,142.76,0.4695
4142,6.74,0.5254
4143,156.79,0.6024
4144,212.65,0.636
4145,242.35,0.7794
4146,184.39,0.8348
4147,184.54,0.8557
4148,225.54,0.8398
4149,238.53,0.8706
4150,222.58,0.7266
4151,222.64,0.5495
4152,5.94,0.4619
4153,5.96,0.396
4154,129.94,0.3593
4155,140.94,0.3595
4156,177.1,0.4783
4157,6.16,0.4887
4158,153.24,0.4871
4159,142.84,0.4579
4160,138.93,0.5777
4161,140.99,0.4593
4162,154.69,0.5204
4163,6.4,0.5733
4164,218.64,0.6536
4165,204.55,0.7233
4166,240.53,0.9051
4167,241.07,0.9161
4168,231.79,0.9076
4169,232.31,0.8249
4170,194.01,0.7732
4171,137.97,0.5911
4172,176.93,0.5118
4173,6.05,0.4636
4174,133.96,0.3565
4175,134.24,0.219
4176,5.2,0.3854
4177,6.5,0.476
4178,212.32,0.5635
4179,246.36,0.7573
4180,242.66,0.945
4181,245.48,0.9459
4182,239.28,0.9308
4183,213.39,0.8422
4184,227.65,0.758
4185,132.75,0.6898
4186,141.18,0.6774
4187,154.72,0.6055
4188,197.99,0.6069
4189,138.49,0.6019
4190,134.49,0.5832
4191,135.03,0.4528
4192,131.54,0.4445
4193,36.28,0.5183
4194,128.12,0.5727
4195,226.08,0.4701
4196,202.44,0.445
4197,4.29,0.3454
4198,5.25,0.1673
4199,4.6,0.1096
4200,5.22,0.2173
4201,130.93,0.2179
4202,137.8,0.2191
4203,6.02,0.3213
4204,6.02,0.3274
4205,132.0,0.2191
4206,138.44,0.2179
4207,3.57,0.4079
4208,4.47,0.4521
4209,241.66,0.3439
4210,186.8,0.3444
4211,4.26,0.344
4212,4.21,0.152
4213,3.96,0.1941
4214,3.56,0.3014
4215,239.09,0.4022
4216,137.23,0.5438
4217,129.23,0.6603
4218,179.53,0.5941
4219,148.02,0.6086
4220,156.99,0.6666
4221,155.15,0.6326
4222,201.19,0.6834
4223,137.38,0.7496
4224,211.04,0.8122
4225,238.96,0.7631
4226,232.82,0.7656
4227,140.32,0.718
4228,140.42,0.632
4229,152.08,0.5896
4230,132.35,0.5701
4231,180.27,0.5475
4232,116.14,0.4284
4233,112.37,0.3283
4234,4.38,0.2889
4235,8.24,0.2988
4236,131.38,0.2116
4237,128.51,0.3077
4238,4.25,0.4318
4239,123.56,0.4412
4240,162.06,0.4469
4241,143.07,0.5727
4242,135.58,0.6466
4243,160.23,0.6415
4244,215.2,0.7049
4245,155.72,0.7601
4246,221.62,0.791
4247,204.04,0.7328
4248,198.61,0.7623
4249,142.94,0.7864
4250,192.29,0.825
4251,251.52,0.8563
4252,251.86,0.7462
4253,237.48,0.7108
4254,6.4,0.6901
4255,148.46,0.6301
4256,225.77,0.4418
4257,177.52,0.4409
4258,4.01,0.448
4259,5.31,0.3929
4260,157.28,0.378
4261,157.43,0.5217
4262,159.0,0.6318
4263,182.23,0.6848
4264,141.8,0.5615
4265,222.96,0.4368
4266,4.58,0.4689
4267,4.37,0.4682
4268,222.08,0.2921
4269,140.92,0.2928
4270,4.6,0.4675
4271,5.5,0.4456
4272,220.98,0.4925
4273,194.9,0.4943
4274,199.04,0.6795
4275,6.9,0.6906
4276,235.0,0.5899
4277,234.77,0.4368
4278,70.11,0.5393
4279,9.15,0.5513
4280,134.02,0.5634
4281,249.84,0.7087
4282,249.79,0.8621
4283,250.3,0.7565
4284,199.31,0.5573
4285,3.07,0.36
4286,2.96,0.2734
4287,5.16,0.2675
4288,142.9,0.4512
4289,192.0,0.4533
4290,230.86,0.4554
4291,5.58,0.5066
4292,7.76,0.5439
4293,206.36,0.5256
4294,238.25,0.6667
4295,208.08,0.8328
4296,180.52,0.8487
4297,213.74,0.66
4298,226.02,0.6725
4299,4.33,0.6993
4300,223.56,0.7008
4301,213.75,0.6998
4302,215.64,0.8774
4303,224.74,0.8774
4304,224.51,0.8927
4305,223.64,0.7225
4306,232.68,0.7107
4307,4.64,0.7223
4308,210.04,0.7396
4309,238.98,0.5557
4310,245.03,0.5557
4311,4.68,0.3892
4312,4.7,0.1994
4313,3.58,0.0055
4314,3.58,0.0065
4315,4.63,0.1303
4316,5.9,0.2415
4317,158.27,0.3476
4318,141.38,0.3483
4319,135.16,0.5048
4320,5.58,0.4911
4321,199.89,0.4907
4322,141.31,0.5359
4323,140.8,0.6925
4324,191.32,0.5354
4325,199.63,0.5397
4326,5.18,0.6227
4327,146.67,0.6642
4328,243.63,0.6653
4329,242.76,0.8317
4330,201.04,0.9124
4331,211.44,0.9116
4332,246.74,0.7204
4333,242.64,0.5636
4334,5.67,0.3968
4335,6.73,0.2021
4336,4.65,0.1948
4337,5.3,0.1927
4338,233.55,0.1903
4339,3.11,0.3849
4340,3.78,0.5696
4341,245.84,0.5686
4342,234.3,0.6906
4343,232.29,0.7921
4344,154.37,0.5975
4345,129.7,0.4122
4346,4.6,0.2285
4347,4.5,0.2156
4348,4.53,0.2557
4349,138.42,0.3713
4350,179.31,0.3727
4351,148.04,0.5254
4352,6.19,0.5376
4353,193.86,0.511
4354,153.58,0.3962
4355,146.26,0.5797
4356,5.68,0.6089
4357,233.77,0.5933
4358,230.07,0.482
4359,134.2,0.4864
4360,8.23,0.4977
4361,11.24,0.5125
4362,247.76,0.6026
4363,248.36,0.7826
4364,245.92,0.9719
4365,231.4,0.9727
4366,245.96,0.7768
4367,248.74,0.5818
4368,5.54,0.3979
4369,4.06,0.2022
4370,3.38,0.1997
4371,3.36,0.3907
4372,245.68,0.5692
4373,242.28,0.7497
4374,225.44,0.8986
4375,227.11,0.7037
4376,188.06,0.6047
4377,4.03,0.539
4378,119.54,0.4934
4379,143.91,0.3453
4380,170.54,0.4367
4381,4.53,0.5286
4382,117.28,0.6045
4383,233.52,0.6559
4384,238.06,0.8407
4385,234.25,0.9281
4386,233.62,0.938
4387,225.59,0.9288
4388,245.86,0.9114
4389,226.71,0.8813
4390,212.65,0.8772
4391,196.3,0.8257
4392,220.43,0.8079
4393,182.06,0.7535
4394,204.6,0.7305
4395,145.29,0.5573
4396,167.72,0.5355
4397,5.69,0.4903
4398,154.99,0.4997
4399,148.63,0.3708
4400,156.86,0.4744
4401,7.96,0.548
4402,134.17,0.5994
4403,246.16,0.5845
4404,212.41,0.6973
4405,138.35,0.5956
4406,147.82,0.5115
4407,8.1,0.5261
4408,141.93,0.6091
4409,230.44,0.6024
4410,241.28,0.7093
4411,139.54,0.7908
4412,140.68,0.8008
4413,242.99,0.7614
4414,242.74,0.6544
4415,192.53,0.5458
4416,6.79,0.354
4417,6.06,0.2901
4418,5.25,0.254
4419,163.48,0.4135
4420,147.76,0.4141
4421,204.51,0.5625
4422,6.75,0.5859
4423,189.28,0.6305
4424,192.48,0.6213
4425,203.06,0.7644
4426,193.12,0.8006
4427,184.24,0.8383
4428,234.13,0.8172
4429,239.28,0.8437
4430,176.89,0.8771
4431,225.94,0.8677
4432,225.6,0.8609
4433,222.53,0.7245
4434,230.78,0.5485
4435,7.81,0.3738
4436,7.78,0.2006
4437,9.0,0.1955
4438,7.8,0.3852
4439,224.43,0.4856
4440,242.98,0.484
4441,132.3,0.673
4442,6.94,0.6919
4443,242.13,0.6964
4444,247.89,0.7899
4445,248.62,0.9491
4446,248.2,0.7578
4447,204.26,0.7566
4448,4.97,0.7104
4449,246.48,0.6765
4450,191.32,0.6703
4451,206.1,0.8004
4452,196.62,0.7793
4453,166.24,0.7376
4454,220.33,0.7113
4455,139.66,0.7168
4456,173.42,0.5883
4457,203.46,0.4834
4458,6.89,0.4965
4459,90.3,0.5094
4460,155.94,0.3489
4461,189.34,0.3468
4462,4.55,0.4752
4463,4.3,0.5497
4464,249.44,0.5973
4465,248.35,0.7939
4466,248.27,0.9512
4467,248.34,0.9377
4468,199.36,0.9046
4469,232.72,0.8255
4470,207.28,0.7301
4471,150.18,0.7325
4472,130.01,0.7311
4473,202.44,0.7481
4474,230.94,0.7456
4475,228.38,0.8061
4476,147.11,0.6463
4477,204.98,0.6037
4478,4.3,0.5286
4479,178.18,0.5266
4480,135.24,0.3643
4481,144.56,0.3636
4482,3.76,0.4057
4483,3.46,0.4461
4484,230.36,0.5283
4485,185.37,0.7135
4486,246.48,0.829
4487,233.34,0.8148
4488,146.71,0.7875
4489,212.71,0.7463
4490,151.52,0.7151
4491,195.38,0.6016
4492,194.74,0.5888
4493,5.92,0.6257
4494,196.9,0.5662
4495,197.29,0.521
4496,121.54,0.6517
4497,138.73,0.4967
4498,167.93,0.4394
4499,4.75,0.4678
4500,126.26,0.4825
4501,156.77,0.352
4502,156.92,0.4527
4503,6.16,0.5497
4504,129.63,0.6169
4505,246.53,0.6711
4506,240.0,0.8023
4507,224.16,0.7016
4508,168.86,0.5061
4509,4.78,0.5148
4510,4.02,0.5363
4511,250.88,0.6024
4512,250.81,0.8008
4513,250.76,1.0
4514,250.83,0.9089
4515,250.98,0.7104
4516,137.94,0.5126
4517,4.66,0.3149
4518,5.5,0.2467
4519,5.72,0.2707
4520,166.38,0.3742
4521,167.81,0.3733
4522,132.88,0.5082
4523,4.45,0.5159
4524,172.92,0.5069
4525,175.96,0.512
4526,156.72,0.6345
4527,139.2,0.6784
4528,156.33,0.6951
4529,227.3,0.5744
4530,196.72,0.468
4531,7.0,0.5106
4532,7.24,0.4338
4533,209.2,0.4074
4534,132.1,0.5399
4535,163.98,0.6446
4536,171.33,0.5913
4537,137.0,0.4886
4538,143.13,0.3606
4539,4.8,0.339
4540,5.2,0.4141
4541,144.63,0.4068
4542,230.07,0.4081
4543,134.09,0.5991
4544,6.38,0.6835
4545,242.07,0.6941
4546,249.26,0.7087
4547,243.17,0.901
4548,152.25,0.7094
4549,244.76,0.6127
4550,4.49,0.5282
4551,129.38,0.5349
4552,138.49,0.526
4553,160.44,0.714
4554,233.72,0.6144
4555,237.6,0.5071
4556,5.96,0.3822
4557,5.38,0.1981
4558,5.57,0.0114
4559,5.5,0.1755
4560,6.15,0.2766
4561,209.32,0.2759
4562,130.74,0.2751
4563,4.71,0.3779
4564,4.5,0.3924
4565,133.62,0.4398
4566,227.34,0.6095
4567,189.54,0.7663
4568,215.12,0.6625
4569,198.82,0.5569
4570,4.97,0.5191
4571,96.42,0.4863
4572,142.63,0.5176
4573,174.54,0.7101
4574,237.58,0.8029
4575,243.64,0.7941
4576,211.46,0.7478
4577,131.78,0.6482
4578,117.1,0.5079
4579,114.06,0.4515
4580,69.72,0.4671
4581,141.55,0.5093
4582,151.1,0.4218
4583,169.44,0.371
4584,5.62,0.4043
4585,6.69,0.4277
4586,182.79,0.4872
4587,180.18,0.6842
4588,243.2,0.6843
4589,249.83,0.5448
4590,6.84,0.4822
4591,9.87,0.4837
4592,102.48,0.4787
4593,245.13,0.6271
4594,243.6,0.801
4595,190.86,0.8728
4596,225.5,0.8583
4597,191.47,0.6655
4598,227.12,0.5179
4599,4.54,0.341
4600,7.87,0.3683
4601,6.16,0.3583
4602,225.34,0.5305
4603,214.76,0.6442
4604,218.04,0.8289
4605,148.82,0.8345
4606,235.13,0.8465
4607,232.31,0.8346
4608,229.65,0.8844
4609,203.3,0.6984
4610,210.52,0.6413
4611,4.53,0.5793
4612,161.55,0.5923
4613,152.74,0.6241
4614,219.36,0.7779
4615,249.98,0.8462
4616,195.26,0.9075
4617,246.19,0.9228
4618,228.8,0.8784
4619,238.3,0.7247
4620,194.92,0.5302
4621,4.71,0.5042
4622,4.99,0.462
4623,196.64,0.3086
4624,185.96,0.4496
4625,4.75,0.5734
4626,179.46,0.5535
4627,158.55,0.5852
4628,171.92,0.7818
4629,225.24,0.8375
4630,248.5,0.8992
4631,248.61,0.9406
4632,235.06,0.9407
4633,223.16,0.7443
4634,225.39,0.5475
4635,5.04,0.5122
4636,4.59,0.5164
4637,191.31,0.5213
4638,228.36,0.6933
4639,231.37,0.6948
4640,218.4,0.5455
4641,6.37,0.4712
4642,6.25,0.3892
4643,136.25,0.3148
4644,129.65,0.3143
4645,126.12,0.4802
4646,5.75,0.5289
4647,212.02,0.6073
4648,196.62,0.6681
4649,226.86,0.665
4650,201.44,0.4979
4651,1.99,0.3419
4652,4.78,0.1635
4653,3.18,0.1646
4654,5.69,0.3063
4655,202.84,0.3468
4656,177.7,0.3484
4657,54.97,0.5169
4658,5.12,0.5334
4659,214.69,0.555
4660,223.31,0.514
4661,204.47,0.6986
4662,4.05,0.7204
4663,234.0,0.6014
4664,241.74,0.442
4665,75.83,0.5399
4666,6.75,0.4697
4667,125.46,0.4652
4668,146.99,0.5623
4669,236.15,0.7404
4670,196.2,0.8203
4671,227.54,0.8945
4672,224.62,0.7073
4673,238.87,0.6426
4674,4.05,0.6466
4675,116.04,0.648
4676,232.55,0.4582
4677,226.33,0.4587
4678,3.59,0.368
4679,4.64,0.1843
4680,3.56,0.0051
4681,4.74,0.0916
4682,4.2,0.2141
4683,110.85,0.3253
4684,156.45,0.3272
4685,141.5,0.3287
4686,7.06,0.3433
4687,6.02,0.3333
4688,129.04,0.3398
4689,144.03,0.4585
4690,149.55,0.627
4691,154.22,0.6377
4692,214.98,0.7177
4693,142.27,0.7884
4694,243.22,0.8476
4695,237.25,0.8286
4696,227.56,0.7193
4697,191.45,0.5287
4698,6.8,0.3418
4699,6.84,0.1614
4700,5.54,0.0098
4701,3.88,0.0081
4702,3.5,0.1314
4703,4.72,0.2744
4704,159.69,0.3715
4705,182.86,0.3734
4706,124.24,0.5143
4707,5.79,0.5701
4708,179.5,0.5572
4709,228.84,0.5701
4710,166.86,0.6718
4711,140.3,0.5311
4712,131.86,0.5049
4713,5.05,0.5648
4714,196.37,0.6457
4715,241.11,0.7312
4716,240.56,0.9188
4717,237.88,0.7656
4718,237.6,0.6792
4719,6.44,0.6871
4720,134.01,0.584
4721,250.34,0.3973
4722,110.08,0.397
4723,6.1,0.4838
4724,6.12,0.4834
4725,241.56,0.4005
4726,249.85,0.503
4727,7.28,0.6684
4728,133.2,0.6459
4729,211.18,0.5487
4730,213.72,0.6478
4731,129.35,0.6596
4732,130.12,0.4947
4733,147.81,0.3272
4734,6.69,0.2277
4735,6.07,0.1278
4736,6.07,0.0143
4737,6.15,0.0145
4738,7.12,0.1192
4739,6.96,0.2966
4740,135.83,0.4373
4741,226.13,0.4369
4742,180.49,0.5394
4743,6.71,0.5895
4744,133.99,0.5605
4745,197.98,0.4197
4746,190.12,0.4194
4747,6.02,0.4867
4748,6.28,0.5237
4749,217.42,0.566
4750,243.84,0.7572
4751,242.57,0.9319
4752,243.1,0.8983
4753,222.86,0.9026
4754,175.81,0.8708
4755,249.17,0.8339
4756,203.16,0.7721
4757,197.34,0.7617
4758,146.18,0.7507
4759,162.93,0.7747
4760,235.6,0.8031
4761,232.92,0.8786
4762,232.5,0.7527
4763,239.82,0.6822
4764,6.8,0.6191
4765,148.22,0.6041
4766,154.63,0.4146
4767,213.94,0.4876
4768,4.9,0.5687
4769,97.25,0.6062
4770,248.73,0.5505
4771,201.18,0.6799
4772,144.91,0.6046
4773,165.32,0.4083
4774,3.86,0.4403
4775,5.3,0.5174
4776,240.87,0.5778
4777,240.49,0.7308
4778,240.26,0.8328
4779,193.58,0.7491
4780,131.76,0.5583
4781,137.04,0.3688
4782,3.97,0.2168
4783,5.25,0.2302
4784,5.2,0.306
4785,148.3,0.4106
4786,231.07,0.4106
4787,133.69,0.5509
4788,5.25,0.5555
4789,179.1,0.4956
4790,154.08,0.5073
4791,156.78,0.6579
4792,148.21,0.5167
4793,191.89,0.4878
4794,4.06,0.555
4795,118.25,0.6271
4796,240.17,0.662
4797,237.49,0.8606
4798,235.26,0.7697
4799,250.24,0.5799
4800,5.57,0.4972
4801,4.81,0.4625
4802,134.96,0.2641
4803,192.3,0.2643
4804,4.22,0.3745
4805,5.8,0.4387
4806,141.4,0.3738
4807,214.6,0.3745
4808,111.78,0.568
4809,5.2,0.6529
4810,245.64,0.6617
4811,246.73,0.7351
4812,225.45,0.8801
4813,202.77,0.8409
4814,185.06,0.8402
4815,197.0,0.6632
4816,245.9,0.698
4817,6.0,0.7345
4818,245.8,0.7729
4819,230.4,0.5796
4820,244.56,0.6959
4821,6.29,0.6996
4822,150.1,0.5206
4823,250.5,0.3305
4824,8.37,0.4999
4825,8.89,0.5544
4826,216.4,0.4648
4827,217.57,0.4636
4828,139.45,0.5661
4829,6.84,0.5108
4830,136.0,0.4374
4831,147.8,0.4505
4832,126.68,0.5978
4833,155.6,0.6514
4834,189.55,0.6799
4835,202.36,0.7481
4836,183.16,0.825
4837,211.32,0.7828
4838,250.9,0.7324
4839,137.18,0.7008
4840,139.9,0.7231
4841,143.94,0.7164
4842,239.03,0.8017
4843,242.51,0.6944
4844,243.05,0.6359
4845,6.79,0.6455
4846,71.44,0.6454
4847,250.88,0.4546
4848,242.4,0.4547
4849,6.58,0.5913
4850,6.9,0.5714
4851,240.71,0.5564
4852,226.3,0.7492
4853,223.8,0.9346
4854,245.52,0.9206
4855,236.8,0.9391
4856,223.44,0.9187
4857,249.18,0.9051
4858,198.48,0.8807
4859,228.68,0.8601
4860,206.6,0.6636
4861,197.81,0.5079
4862,5.56,0.3287
4863,5.54,0.1675
4864,6.4,0.1869
4865,6.79,0.3511
4866,221.82,0.5254
4867,209.1,0.5242
4868,221.76,0.522
4869,4.81,0.5357
4870,4.06,0.5559
4871,238.89,0.4852
4872,234.13,0.62
4873,134.03,0.7263
4874,171.94,0.6435
4875,135.86,0.5587
4876,136.27,0.5557
4877,128.94,0.5209
4878,130.4,0.5187
4879,128.71,0.5584
4880,133.15,0.5848
4881,185.49,0.6676
4882,161.68,0.7549
4883,233.06,0.7664
4884,236.94,0.6193
4885,147.48,0.5961
4886,3.08,0.5435
4887,132.9,0.4786
4888,167.88,0.365
4889,156.44,0.3675
4890,6.6,0.2657
4891,6.25,0.2409
4892,6.6,0.3082
4893,137.21,0.4917
4894,239.84,0.494
4895,234.15,0.4939
4896,9.11,0.3906
4897,6.5,0.2037
4898,9.1,0.02
4899,8.1,0.0171
4900,6.42,0.0162
4901,5.5,0.013
4902,5.4,0.0115
4903,5.08,0.0111
4904,6.29,0.0109
4905,5.9,0.0109
4906,5.18,0.2041
4907,5.5,0.3965
4908,244.55,0.5461
4909,244.82,0.7265
4910,191.48,0.921
4911,228.81,0.8957
4912,246.61,0.8673
4913,213.25,0.9078
4914,209.63,0.7272
4915,241.59,0.6386
4916,5.0,0.6321
4917,136.71,0.627
4918,205.14,0.6269
4919,203.37,0.8072
4920,241.5,0.8865
4921,228.55,0.9152
4922,234.97,0.9449
4923,240.79,0.9377
4924,240.13,0.7576
4925,232.62,0.5718
4926,5.2,0.5569
4927,4.66,0.5434
4928,222.23,0.5123
4929,223.43,0.5118
4930,194.08,0.7081
4931,4.53,0.6593
4932,248.04,0.5931
4933,161.78,0.5511
4934,141.32,0.6854
4935,142.02,0.4919
4936,171.06,0.52
4937,8.16,0.5859
4938,196.59,0.6561
4939,223.02,0.6511
4940,229.06,0.7635
4941,164.83,0.7288
4942,147.58,0.6583
4943,153.5,0.6361
4944,135.67,0.6774
4945,201.48,0.5632
4946,216.04,0.446
4947,6.0,0.4601
4948,8.21,0.4352
4949,153.18,0.2658
4950,170.54,0.2674
4951,6.07,0.3854
4952,7.97,0.4184
4953,154.54,0.4683
4954,194.01,0.6322
4955,232.38,0.7961
4956,209.38,0.854
4957,211.09,0.7026
4958,226.42,0.6086
4959,6.25,0.5488
4960,115.78,0.5179
4961,135.23,0.4471
4962,172.8,0.5791
4963,138.68,0.49
4964,169.93,0.3856
4965,5.3,0.2516
4966,5.76,0.2704
4967,6.68,0.2887
4968,162.0,0.4044
4969,192.56,0.4046
4970,148.77,0.4039
4971,6.04,0.384
4972,5.82,0.3862
4973,137.26,0.4082
4974,195.29,0.5137
4975,176.06,0.514
4976,136.88,0.4089
4977,6.15,0.2566
4978,6.96,0.1186
4979,6.5,0.1198
4980,4.96,0.298
4981,138.41,0.4077
4982,227.1,0.4058
4983,142.88,0.5106
4984,4.22,0.5099
4985,134.88,0.4755
4986,137.56,0.364
4987,184.44,0.4544
4988,4.56,0.4858
4989,116.4,0.4828
4990,173.78,0.3381
4991,133.8,0.4078
4992,5.0,0.4394
4993,91.05,0.4278
4994,155.56,0.4472
4995,159.4,0.6257
4996,157.86,0.7508
4997,226.33,0.7831
4998,246.08,0.775
4999,195.64,0.8143
5000,149.41,0.8139
5001,206.54,0.7298
5002,225.87,0.6742
5003,141.8,0.6661
5004,126.68,0.5045
5005,139.35,0.327
5006,6.25,0.218
5007,5.69,0.1193
5008,6.65,0.1178
5009,4.42,0.2219
5010,137.5,0.2233
5011,135.23,0.2955
5012,7.46,0.4412
5013,96.14,0.4786
5014,185.11,0.5036
5015,183.8,0.6822
5016,166.25,0.7998
5017,228.95,0.8312
5018,241.93,0.8725
5019,224.03,0.9265
5020,235.03,0.9302
5021,233.25,0.9216
5022,233.54,0.8451
5023,231.27,0.7924
5024,129.16,0.7782
5025,169.65,0.7575
5026,215.68,0.5736
5027,207.84,0.4748
5028,3.26,0.4323
5029,6.64,0.4534
5030,116.92,0.3987
5031,241.88,0.4001
5032,140.0,0.5183
5033,4.96,0.6022
5034,153.27,0.5607
5035,220.95,0.5685
5036,190.45,0.6793
5037,149.65,0.7566
5038,142.32,0.7563
5039,249.05,0.7566
5040,220.66,0.8304
5041,190.84,0.9179
5042,241.14,0.9042
5043,250.79,0.923
5044,232.04,0.7726
5045,244.03,0.5817
5046,4.28,0.383
5047,4.49,0.2008
5048,4.49,0.1104
5049,6.05,0.2184
5050,132.0,0.3018
5051,138.17,0.3022
5052,107.82,0.4614
5053,5.04,0.5432
5054,203.37,0.6182
5055,233.46,0.7309
5056,231.18,0.8398
5057,247.58,0.679
5058,140.01,0.4937
5059,4.0,0.4234
5060,3.75,0.3401
5061,143.96,0.3374
5062,144.29,0.4528
5063,136.71,0.595
5064,147.11,0.678
5065,180.08,0.6865
5066,246.87,0.7282
5067,154.85,0.7226
5068,188.39,0.7194
5069,140.15,0.6908
5070,176.16,0.7645
5071,211.32,0.6173
5072,246.31,0.5084
5073,5.8,0.5225
5074,5.18,0.5508
5075,193.62,0.5071
5076,246.43,0.687
5077,192.14,0.7181
5078,228.76,0.5656
5079,43.83,0.4801
5080,4.45,0.5085
5081,140.45,0.508
5082,227.38,0.6722
5083,228.08,0.7914
5084,247.47,0.681
5085,152.3,0.5
5086,3.53,0.5102
5087,2.97,0.3137
5088,240.69,0.1943
5089,3.84,0.3854
5090,4.23,0.4955
5091,240.56,0.4351
5092,139.38,0.4359
5093,165.86,0.437
5094,4.79,0.2473
5095,5.64,0.2485
5096,5.4,0.2641
5097,140.84,0.4288
5098,185.16,0.4289
5099,208.96,0.6179
5100,5.86,0.6712
5101,239.68,0.6845
5102,206.88,0.5206
5103,201.65,0.707
5104,5.85,0.6445
5105,236.88,0.6435
5106,162.22,0.4855
5107,205.6,0.4853
5108,5.73,0.2981
5109,5.72,0.173
5110,4.69,0.0948
5111,7.16,0.1811
5112,108.59,0.1825
5113,112.72,0.2945
5114,7.49,0.3946
5115,143.53,0.4453
5116,131.26,0.4415
5117,171.52,0.5393
5118,107.96,0.5285
5119,128.83,0.4369
5120,130.12,0.4569
5121,17.62,0.5231
5122,196.32,0.5662
5123,190.02,0.653
5124,182.27,0.8281
5125,237.78,0.8595
5126,234.79,0.809
5127,235.17,0.8564
5128,127.38,0.7701
5129,241.12,0.584
5130,130.77,0.5741
5131,4.07,0.5905
5132,222.91,0.4023
5133,147.72,0.3042
5134,7.76,0.4949
5135,9.05,0.51
5136,240.58,0.5853
5137,241.62,0.7298
5138,241.12,0.7247
5139,186.92,0.5346
5140,2.65,0.4491
5141,4.93,0.4465
5142,135.59,0.4248
5143,237.96,0.5381
5144,160.02,0.6927
5145,143.04,0.7679
5146,196.59,0.7424
5147,228.92,0.7803
5148,206.27,0.7972
5149,207.07,0.6438
5150,164.02,0.5523
5151,6.3,0.513
5152,115.56,0.4556
5153,157.52,0.3266
5154,135.85,0.3974
5155,4.09,0.4707
5156,94.06,0.5225
5157,206.52,0.6153
5158,221.67,0.8033
5159,250.94,0.9196
5160,237.23,0.9545
5161,238.22,0.7807
5162,249.74,0.5847
5163,6.22,0.3985
5164,7.93,0.3683
5165,6.32,0.358
5166,200.85,0.5171
5167,236.95,0.515
5168,203.45,0.5141
5169,5.41,0.3566
5170,5.09,0.1685
5171,5.67,0.1841
5172,3.7,0.3617
5173,222.76,0.3596
5174,225.68,0.4803
5175,2.47,0.6694
5176,155.29,0.6511
5177,238.16,0.6048
5178,200.1,0.7892
5179,168.24,0.8419
5180,231.1,0.7986
5181,220.66,0.6412
5182,184.4,0.6048
5183,5.04,0.6208
5184,122.99,0.63
5185,251.06,0.4844
5186,232.0,0.4846
5187,3.94,0.3899
5188,5.2,0.1925
5189,5.59,0.0104
5190,6.34,0.0109
5191,6.19,0.1329
5192,4.55,0.2557
5193,156.55,0.3815
5194,157.74,0.3814
5195,162.41,0.4844
5196,6.05,0.4858
5197,132.28,0.4761
5198,158.23,0.4548
5199,145.77,0.6229
5200,136.01,0.698
5201,214.41,0.696
5202,225.43,0.7744
5203,155.74,0.8305
5204,243.01,0.8377
5205,205.46,0.8336
5206,223.42,0.7122
5207,220.3,0.5203
5208,5.25,0.3581
5209,5.05,0.1819
5210,4.32,0.0087
5211,5.05,0.0093
5212,5.49,0.2031
5213,6.06,0.3975
5214,245.34,0.5059
5215,245.36,0.6858
5216,139.44,0.8791
5217,228.55,0.88
5218,245.72,0.8612
5219,246.43,0.9122
5220,222.08,0.7297
5221,202.61,0.7275
5222,2.26,0.722
5223,242.96,0.7231
5224,239.68,0.6754
5225,223.37,0.803
5226,143.51,0.6108
5227,160.49,0.5689
5228,4.67,0.5673
5229,187.66,0.6236
5230,221.39,0.4976
5231,213.38,0.5164
5232,4.21,0.5627
5233,28.08,0.5437
5234,245.0,0.3759
5235,197.84,0.3776
5236,5.34,0.5457
5237,6.3,0.5383
5238,236.46,0.5696
5239,235.86,0.6803
5240,236.62,0.7797
5241,142.66,0.5938
5242,129.49,0.4075
5243,5.95,0.2197
5244,4.87,0.2491
5245,3.84,0.3234
5246,179.12,0.4607
5247,221.62,0.4588
5248,176.12,0.65
5249,2.5,0.7004
5250,240.95,0.718
5251,241.59,0.5808
5252,243.47,0.715
5253,6.04,0.6446
5254,168.88,0.5673
5255,153.61,0.3769
5256,145.79,0.377
5257,7.32,0.4278
5258,6.25,0.4903
5259,231.8,0.5738
5260,231.08,0.7516
5261,249.4,0.9453
5262,227.76,0.957
5263,246.41,0.7747
5264,246.28,0.5758
5265,5.1,0.3968
5266,2.8,0.3106
5267,5.76,0.2208
5268,139.59,0.3301
5269,134.87,0.4395
5270,140.68,0.5397
5271,138.38,0.4315
5272,130.05,0.4299
5273,5.37,0.4405
5274,132.89,0.4536
5275,153.82,0.3537
5276,154.62,0.477
5277,6.25,0.4962
5278,158.19,0.5654
5279,156.75,0.6206
5280,239.56,0.7433
5281,223.12,0.6223
5282,158.38,0.501
5283,8.2,0.4186
5284,6.31,0.392
5285,137.4,0.2684
5286,190.16,0.2666
5287,5.04,0.4419
5288,6.0,0.5108
5289,223.64,0.5404
5290,222.83,0.657
5291,226.86,0.7988
5292,149.69,0.6212
5293,181.77,0.5657
5294,3.46,0.5806
5295,154.0,0.6504
5296,245.29,0.5092
5297,236.27,0.6031
5298,6.76,0.6034
5299,119.86,0.5309
5300,154.39,0.4663
5301,155.39,0.5885
5302,156.08,0.6884
5303,158.27,0.6767
5304,243.74,0.6565
5305,139.96,0.7162
5306,130.38,0.7456
5307,230.05,0.7428
5308,194.77,0.814
5309,240.27,0.7742
5310,228.16,0.5907
5311,81.02,0.4356
5312,2.59,0.2456
5313,2.5,0.1621
5314,4.64,0.291
5315,124.58,0.4074
5316,240.9,0.4094
5317,146.94,0.6056
5318,4.91,0.7073
5319,247.88,0.7153
5320,250.7,0.7936
5321,250.88,0.9435
5322,243.93,0.7496
5323,190.86,0.5522
5324,7.43,0.3533
5325,5.96,0.1613
5326,4.2,0.1302
5327,5.99,0.234
5328,152.23,0.2346
5329,136.15,0.3804
5330,6.69,0.5788
5331,185.02,0.6465
5332,251.98,0.5407
5333,236.13,0.5387
5334,4.91,0.5829
5335,4.2,0.5739
5336,239.9,0.3887
5337,240.85,0.3896
5338,6.52,0.5839
5339,5.98,0.5893
5340,245.06,0.5949
5341,246.69,0.7868
5342,247.69,0.9447
5343,244.52,0.7502
5344,201.69,0.7435
5345,3.9,0.687
5346,238.37,0.6453
5347,177.76,0.6153
5348,192.78,0.7204
5349,164.43,0.6384
5350,134.27,0.6782
5351,136.66,0.6391
5352,227.1,0.5888
5353,144.28,0.6104
5354,102.07,0.67
5355,161.12,0.5962
5356,210.5,0.4843
5357,135.64,0.4076
5358,5.5,0.3842
5359,6.96,0.3255
5360,132.1,0.3583
5361,137.76,0.4695
5362,176.34,0.5775
5363,143.35,0.5825
5364,140.84,0.5879
5365,138.28,0.4492
5366,144.5,0.4191
5367,4.4,0.4404
5368,105.99,0.453
5369,167.25,0.341
5370,153.94,0.3421
5371,5.63,0.2622
5372,5.7,0.1321
5373,6.98,0.015
5374,5.92,0.128
5375,8.71,0.2564
5376,145.82,0.4177
5377,164.91,0.4166
5378,206.88,0.5159
5379,4.64,0.5858
5380,131.84,0.6493
5381,232.45,0.6435
5382,243.67,0.8326
5383,199.64,0.73
5384,239.11,0.5474
5385,4.64,0.5115
5386,6.05,0.5273
5387,199.1,0.4024
5388,219.3,0.4035
5389,84.22,0.4018
5390,6.05,0.2446
5391,3.95,0.0714
5392,4.18,0.0086
5393,4.5,0.0079
5394,6.41,0.0099
5395,5.17,0.1177
5396,6.4,0.287
5397,137.8,0.2852
5398,214.46,0.3861
5399,4.16,0.4961
5400,130.31,0.4974
5401,142.82,0.4373
5402,139.35,0.5602
5403,139.92,0.5821
5404,156.58,0.6497
5405,157.44,0.542
5406,226.58,0.4342
5407,5.9,0.5038
5408,6.25,0.5687
5409,242.92,0.5735
5410,237.82,0.7177
5411,232.6,0.8614
5412,184.68,0.8122
5413,184.43,0.6247
5414,181.91,0.4413
5415,5.36,0.3954
5416,5.22,0.4283
5417,127.76,0.3937
5418,225.22,0.3927
5419,138.95,0.5545
5420,4.08,0.6131
5421,205.87,0.6148
5422,200.44,0.6732
5423,227.3,0.8659
5424,211.42,0.8682
5425,242.96,0.8331
5426,208.77,0.7706
5427,156.9,0.7145
5428,149.75,0.6644
5429,141.94,0.6558
5430,180.8,0.6363
5431,198.1,0.628
5432,132.69,0.6851
5433,139.53,0.71
5434,212.64,0.5557
5435,211.79,0.4542
5436,6.74,0.5309
5437,6.81,0.4614
5438,234.71,0.297
5439,126.45,0.4715
5440,7.92,0.6663
5441,223.05,0.6769
5442,248.44,0.7412
5443,247.78,0.9371
5444,206.26,0.9209
5445,250.77,0.8803
5446,202.91,0.8632
5447,198.16,0.8381
5448,226.57,0.8298
5449,175.16,0.8613
5450,240.44,0.7052
5451,241.94,0.5259
5452,4.63,0.388
5453,4.33,0.1981
5454,4.12,0.0064
5455,4.95,0.1072
5456,4.25,0.2146
5457,129.62,0.3219
5458,137.57,0.3227
5459,137.06,0.3247
5460,6.02,0.3125
5461,6.69,0.3286
5462,114.46,0.3929
5463,157.54,0.5605
5464,216.88,0.5712
5465,213.76,0.4838
5466,19.92,0.4707
5467,6.1,0.4975
5468,141.35,0.5269
5469,250.11,0.6963
5470,250.16,0.8694
5471,229.98,0.9352
5472,220.66,0.8711
5473,223.05,0.8451
5474,170.59,0.8244
5475,217.91,0.6504
5476,204.36,0.5805
5477,4.91,0.6236
5478,136.42,0.6278
5479,223.98,0.4676
5480,223.06,0.4684
5481,5.73,0.5524
5482,5.97,0.5648
5483,240.49,0.5792
5484,239.4,0.6875
5485,240.89,0.88
5486,140.07,0.8748
5487,244.56,0.6883
5488,234.07,0.6858
5489,8.19,0.7686
5490,237.77,0.7571
5491,242.79,0.5725
5492,230.24,0.6534
5493,5.25,0.656
5494,108.52,0.6065
5495,240.98,0.4246
5496,181.44,0.4239
5497,4.6,0.4476
5498,4.44,0.3641
5499,137.88,0.2326
5500,137.44,0.3333
5501,18.4,0.5202
5502,129.52,0.5994
5503,236.16,0.6356
5504,236.02,0.7326
5505,182.36,0.7901
5506,138.61,0.7727
5507,200.92,0.6228
5508,214.58,0.4803
5509,50.11,0.3731
5510,5.72,0.2144
5511,5.6,0.2031
5512,4.22,0.3098
5513,200.55,0.4657
5514,182.39,0.6315
5515,198.98,0.7179
5516,211.2,0.5603
5517,111.43,0.5326
5518,5.1,0.4951
5519,148.07,0.4558
5520,152.38,0.3699
5521,162.57,0.462
5522,4.9,0.5287
5523,119.24,0.5908
5524,230.85,0.628
5525,229.31,0.8082
5526,208.67,0.902
5527,228.36,0.7192
5528,235.62,0.5393
5529,4.21,0.3744
5530,6.25,0.1925
5531,4.13,0.1107
5532,2.88,0.2348
5533,134.2,0.4251
5534,158.06,0.6142
5535,242.23,0.8012
5536,238.54,0.6964
5537,234.76,0.6815
5538,4.29,0.6147
5539,139.57,0.525
5540,159.33,0.3401
5541,127.32,0.3669
5542,5.56,0.4213
5543,37.57,0.4568
5544,207.02,0.5363
5545,203.3,0.7175
5546,225.9,0.6903
5547,230.26,0.5267
5548,3.8,0.5323
5549,4.21,0.5437
5550,210.24,0.4324
5551,239.95,0.5329
5552,92.27,0.7276
5553,128.43,0.7543
5554,245.59,0.7304
5555,243.43,0.839
5556,210.28,0.8732
5557,226.89,0.6793
5558,170.84,0.6396
5559,5.24,0.5981
5560,194.09,0.4217
5561,158.92,0.2888
5562,8.11,0.4335
5563,6.05,0.3923
5564,184.72,0.389
5565,143.04,0.5081
5566,154.76,0.6916
5567,155.8,0.7358
5568,233.53,0.8147
5569,239.6,0.6947
5570,240.88,0.5736
5571,5.9,0.3901
5572,5.68,0.3223
5573,6.01,0.242
5574,155.57,0.4195
5575,141.25,0.6003
5576,226.04,0.6123
5577,229.82,0.491
5578,20.91,0.5754
5579,5.2,0.5605
5580,245.9,0.486
5581,207.51,0.4736
5582,137.49,0.5751
5583,5.5,0.4905
5584,131.02,0.4588
5585,141.05,0.475
5586,168.17,0.6239
5587,157.58,0.5219
5588,190.07,0.4149
5589,4.55,0.284
5590,8.45,0.2844
5591,5.88,0.2783
5592,158.1,0.3878
5593,182.4,0.3863
5594,140.37,0.4906
5595,6.56,0.5476
5596,135.28,0.5757
5597,228.78,0.4654
5598,217.22,0.4633
5599,3.63,0.5487
5600,3.87,0.5343
5601,241.23,0.4918
5602,210.96,0.6855
5603,164.48,0.8678
5604,243.81,0.8283
5605,229.89,0.7724
5606,192.18,0.7788
5607,141.64,0.7447
5608,172.47,0.7288
5609,201.48,0.6693
5610,210.19,0.5581
5611,118.45,0.6212
5612,3.75,0.661
5613,250.77,0.6855
5614,250.82,0.696
5615,240.52,0.8375
5616,131.53,0.7568
5617,179.19,0.5587
5618,150.62,0.3738
5619,5.24,0.392
5620,11.33,0.3646
5621,154.08,0.2477
5622,145.18,0.2487
5623,5.62,0.4409
5624,6.49,0.5088
5625,249.63,0.5737
5626,238.31,0.7522
5627,225.67,0.806
5628,226.93,0.608
5629,73.22,0.6183
5630,4.08,0.6303
5631,251.14,0.5934
5632,240.46,0.6889
5633,181.29,0.8359
5634,191.62,0.7899
5635,186.28,0.7415
5636,194.1,0.7403
5637,180.5,0.7375
5638,179.82,0.5919
5639,188.13,0.5455
5640,5.76,0.5593
5641,136.46,0.5359
5642,197.61,0.388
5643,150.92,0.3873
5644,4.7,0.4745
5645,4.86,0.5092
5646,244.6,0.5843
5647,240.63,0.7818
5648,244.09,0.963
5649,249.58,0.9341
5650,229.53,0.7447
5651,208.78,0.5524
5652,5.7,0.3562
5653,5.72,0.2141
5654,6.27,0.1989
5655,53.38,0.3515
5656,189.87,0.5465
5657,194.95,0.7049
5658,247.51,0.8408
5659,202.7,0.8325
5660,221.87,0.8346
5661,179.54,0.7473
5662,197.58,0.5887
5663,139.24,0.5361
5664,6.05,0.5179
5665,156.62,0.4863
5666,156.99,0.5003
5667,158.43,0.6215
5668,156.58,0.4993
5669,156.32,0.3771
5670,5.2,0.448
5671,5.45,0.4463
5672,246.36,0.5146
5673,154.4,0.7063
5674,241.03,0.8536
5675,242.88,0.8087
5676,188.02,0.8436
5677,190.72,0.7912
5678,197.67,0.7011
5679,176.12,0.5531
5680,131.11,0.5147
5681,4.56,0.5399
5682,143.09,0.541
5683,228.96,0.4374
5684,177.5,0.635
5685,2.59,0.7003
5686,249.55,0.6998
5687,224.02,0.7476
5688,228.35,0.9352
5689,236.78,0.7376
5690,235.18,0.5602
5691,4.55,0.38
5692,4.12,0.3449
5693,4.88,0.3364
5694,193.34,0.5173
5695,224.6,0.5195
5696,228.85,0.5202
5697,6.87,0.3698
5698,5.7,0.1947
5699,6.82,0.0177
5700,7.58,0.0195
5701,9.3,0.1833
5702,9.16,0.2827
5703,208.84,0.2807
5704,130.02,0.3952
5705,5.15,0.5092
5706,151.21,0.4543
5707,150.53,0.5428
5708,140.77,0.7016
5709,239.73,0.5845
5710,202.07,0.4664
5711,6.01,0.3564
5712,4.12,0.167
5713,4.4,0.2052
5714,4.8,0.3463
5715,249.43,0.3465
5716,181.06,0.4483
5717,4.36,0.562
5718,130.62,0.5049
5719,145.72,0.3639
5720,178.68,0.3643
5721,6.25,0.4599
5722,4.86,0.5232
5723,249.12,0.3864
5724,224.21,0.3878
5725,9.06,0.5803
5726,7.98,0.575
5727,243.56,0.597
5728,242.5,0.7782
5729,251.5,0.9649
5730,233.73,0.9605
5731,239.4,0.769
5732,238.11,0.5702
5733,5.09,0.4876
5734,5.0,0.4812
5735,131.32,0.477
5736,231.48,0.6538
5737,232.97,0.7554
5738,224.25,0.653
5739,130.92,0.4699
5740,4.46,0.2855
5741,4.35,0.2259
5742,4.34,0.2316
5743,150.43,0.3334
5744,137.93,0.3353
5745,130.65,0.3355
5746,6.78,0.3227
5747,4.6,0.4065
5748,134.5,0.4792
5749,241.89,0.481
5750,220.71,0.4825
5751,9.1,0.3812
5752,6.45,0.1924
5753,8.82,0.1997
5754,7.86,0.3942
5755,229.78,0.5514
5756,250.22,0.5475
5757,201.33,0.7371
5758,3.98,0.7369
5759,243.0,0.7309
5760,229.54,0.5721
5761,242.79,0.6824
5762,4.42,0.6025
5763,140.74,0.5445
5764,143.92,0.3534
5765,157.6,0.4215
5766,5.85,0.4342
5767,88.92,0.4505
5768,156.39,0.4373
5769,164.24,0.5443
5770,141.22,0.5852
5771,138.46,0.5664
5772,139.64,0.5862
5773,133.15,0.6455
5774,188.72,0.73
5775,214.8,0.8121
5776,243.17,0.8983
5777,241.46,0.9459
5778,240.03,0.8794
5779,247.68,0.6891
5780,132.43,0.4995
5781,7.22,0.3089
5782,6.31,0.2873
5783,3.71,0.3687
5784,220.93,0.5185
5785,233.4,0.5169
5786,192.91,0.6139
5787,4.27,0.6151
5788,124.0,0.596
5789,222.4,0.6118
5790,209.74,0.7767
5791,212.53,0.8796
5792,208.73,0.8682
5793,251.64,0.7853
5794,208.18,0.8143
5795,107.0,0.8468
5796,248.5,0.794
5797,248.94,0.6296
5798,186.22,0.7162
5799,4.39,0.6887
5800,214.37,0.4945
5801,214.38,0.3492
5802,8.14,0.4538
5803,6.14,0.4779
5804,134.05,0.423
5805,244.18,0.4226
5806,146.29,0.5969
5807,7.65,0.6468
5808,222.32,0.6075
5809,195.84,0.6482
5810,195.48,0.7939
5811,196.77,0.8103
5812,188.28,0.8058
5813,242.73,0.6542
5814,190.16,0.4986
5815,7.58,0.3513
5816,3.79,0.1583
5817,5.66,0.2037
5818,3.46,0.3963
5819,246.48,0.5925
5820,246.35,0.7733
5821,247.11,0.7739
5822,229.84,0.5785
5823,4.12,0.5254
5824,4.23,0.517
5825,180.58,0.4603
5826,236.68,0.4607
5827,159.55,0.6514
5828,4.55,0.6428
5829,240.72,0.5971
5830,169.84,0.6645
5831,180.1,0.8375
5832,243.07,0.8144
5833,219.0,0.8366
5834,212.15,0.785
5835,197.37,0.7649
5836,116.11,0.7466
5837,218.1,0.7443
5838,196.36,0.7443
5839,209.34,0.6555
5840,197.3,0.4831
5841,6.05,0.3281
5842,4.32,0.2144
5843,4.22,0.22
5844,68.27,0.3833
5845,204.28,0.3831
5846,208.5,0.383
5847,4.17,0.4827
5848,4.0,0.432
5849,191.99,0.38
5850,141.32,0.4831
5851,144.01,0.5907
5852,132.08,0.5502
5853,137.4,0.5595
5854,141.77,0.6126
5855,152.88,0.6229
5856,209.82,0.5158
5857,144.84,0.5756
5858,4.6,0.6427
5859,215.91,0.6019
5860,236.09,0.4885
5861,159.28,0.4882
5862,4.23,0.3186
5863,4.23,0.2252
5864,5.64,0.2636
5865,120.27,0.4244
5866,206.88,0.4243
5867,203.6,0.4238
5868,4.05,0.4435
5869,4.98,0.4021
5870,144.74,0.4363
5871,155.52,0.6316
5872,246.11,0.6334
5873,246.18,0.5221
5874,7.14,0.5681
5875,6.79,0.5674
5876,212.5,0.4757
5877,245.31,0.4747
5878,132.44,0.474
5879,5.96,0.4256
5880,5.82,0.4074
5881,152.54,0.4214
5882,222.75,0.4209
5883,149.85,0.4201
5884,5.26,0.4951
5885,4.79,0.5128
5886,245.61,0.4144
5887,244.7,0.5121
5888,27.8,0.7029
5889,126.48,0.6987
5890,241.35,0.689
5891,240.34,0.8649
5892,232.64,0.9659
5893,245.96,0.8939
5894,251.71,0.8469
5895,152.1,0.8457
5896,181.98,0.6506
5897,231.17,0.4524
5898,4.08,0.3336
5899,6.0,0.1912
5900,4.82,0.1946
5901,5.33,0.3946
5902,235.47,0.4878
5903,251.96,0.4917
5904,121.66,0.5883
5905,9.57,0.599
5906,125.19,0.5506
5907,248.64,0.456
5908,191.94,0.6369
5909,4.38,0.7261
5910,233.95,0.7148
5911,235.73,0.7493
5912,234.62,0.8318
5913,234.74,0.647
5914,106.7,0.4611
5915,4.79,0.2751
5916,5.18,0.0896
5917,4.11,0.2058
5918,4.73,0.3648
5919,250.78,0.4839
5920,201.89,0.5628
5921,152.92,0.6833
5922,101.89,0.631
5923,154.14,0.4736
5924,185.96,0.4833
5925,6.65,0.5142
5926,164.93,0.4799
5927,140.22,0.3338
5928,111.66,0.3322
5929,4.8,0.3925
5930,4.67,0.472
5931,239.62,0.5837
5932,238.79,0.7607
5933,250.22,0.96
5934,224.24,0.9374
5935,251.73,0.9334
5936,211.6,0.9198
5937,233.9,0.8996
5938,233.39,0.8834
5939,199.12,0.8322
5940,231.61,0.7636
5941,148.23,0.76
5942,148.85,0.7708
5943,228.93,0.711
5944,212.49,0.5952
5945,157.43,0.6112
5946,4.62,0.5463
5947,168.72,0.3791
5948,148.51,0.2573
5949,5.12,0.2586
5950,6.4,0.1267
5951,6.25,0.1158
5952,5.14,0.2925
5953,135.08,0.42
5954,224.18,0.4203
5955,164.45,0.4218
5956,6.6,0.3178
5957,7.0,0.1436
5958,6.2,0.0158
5959,8.2,0.0149
5960,5.95,0.0126
5961,5.47,0.012
5962,4.17,0.0096
5963,5.49,0.0097
5964,5.25,0.01
5965,6.05,0.2064
5966,5.82,0.3959
5967,247.71,0.5604
5968,240.4,0.5595
5969,209.24,0.6539
5970,4.92,0.5808
5971,122.93,0.5119
5972,157.03,0.449
5973,154.92,0.5675
5974,131.29,0.6429
5975,151.8,0.6904
5976,216.45,0.5717
5977,215.9,0.6263
5978,7.77,0.6813
5979,198.98,0.6862
5980,219.99,0.6321
5981,222.55,0.7885
5982,148.8,0.6315
5983,201.69,0.4579
5984,4.36,0.2822
5985,4.78,0.1678
5986,4.61,0.1149
5987,7.05,0.2524
5988,136.07,0.3366
5989,174.78,0.4462
5990,109.17,0.5495
5991,140.57,0.5287
5992,135.06,0.4939
5993,110.35,0.5191
5994,131.58,0.5509
5995,140.5,0.4461
5996,179.93,0.5218
5997,5.16,0.5918
5998,204.19,0.636
5999,218.37,0.61
6000,195.32,0.7778
6001,147.73,0.6167
6002,213.09,0.6063
6003,4.49,0.606
6004,205.53,0.6479
6005,194.96,0.4794
6006,199.64,0.4806
6007,4.12,0.5019
6008,5.98,0.5318
6009,232.01,0.374
6010,231.95,0.5724
6011,4.03,0.7683
6012,250.08,0.7814
6013,248.94,0.7651
6014,248.27,0.8833
6015,211.68,0.6867
6016,150.65,0.4908
6017,6.25,0.2952
6018,6.1,0.2861
6019,5.7,0.3601
6020,200.45,0.4621
6021,242.35,0.5668
6022,132.71,0.7412
6023,135.89,0.6671
6024,222.03,0.6226
6025,108.52,0.5198
6026,187.19,0.5528
6027,5.25,0.4952
6028,176.82,0.5401
6029,150.64,0.3934
6030,164.1,0.3952
6031,5.38,0.4482
6032,7.49,0.4667
6033,242.54,0.5168
6034,173.5,0.6751
6035,226.24,0.6743
6036,201.68,0.4864
6037,6.44,0.5487
6038,9.54,0.5685
6039,250.8,0.5102
6040,250.79,0.5075
6041,129.43,0.5022
6042,3.03,0.305
6043,2.99,0.2486
6044,6.36,0.3069
6045,180.84,0.489
6046,201.66,0.4915
6047,228.82,0.5942
6048,6.13,0.5752
6049,133.7,0.5239
6050,157.22,0.3448
6051,138.04,0.4638
6052,6.78,0.4657
6053,153.74,0.4575
6054,136.07,0.5395
6055,147.03,0.708
6056,239.72,0.7747
6057,215.67,0.777
6058,236.47,0.8597
6059,138.88,0.8674
6060,249.6,0.8634
6061,249.28,0.8671
6062,210.68,0.9247
6063,241.04,0.8916
6064,210.31,0.871
6065,208.56,0.7838
6066,223.71,0.594
6067,102.61,0.6079
6068,5.68,0.5811
6069,227.59,0.5658
6070,175.27,0.4867
6071,204.7,0.5768
6072,4.54,0.5151
6073,117.5,0.5486
6074,151.05,0.4992
6075,216.73,0.6862
6076,143.52,0.7713
6077,236.33,0.8353
6078,223.06,0.6652
6079,230.48,0.7194
6080,5.75,0.699
6081,210.72,0.6871
6082,211.08,0.6901
6083,208.28,0.8743
6084,234.19,0.8516
6085,234.19,0.8766
6086,182.54,0.7139
6087,242.07,0.5316
6088,6.54,0.5441
6089,8.15,0.5872
6090,249.67,0.5551
6091,235.96,0.5559
6092,202.36,0.7487
6093,7.54,0.7107
6094,247.18,0.6866
6095,202.5,0.7081
6096,206.13,0.8521
6097,228.95,0.8274
6098,186.1,0.8584
6099,216.6,0.8529
6100,240.88,0.8227
6101,199.3,0.826
6102,191.52,0.8067
6103,190.24,0.7502
6104,192.67,0.773
6105,170.77,0.7884
6106,227.66,0.6385
6107,210.59,0.4862
6108,4.32,0.532
6109,3.82,0.5338
6110,227.58,0.367
6111,229.9,0.3666
6112,3.85,0.5122
6113,3.8,0.5061
6114,184.36,0.4868
6115,220.01,0.5901
6116,205.94,0.7516
6117,131.89,0.6078
6118,204.07,0.5571
6119,6.13,0.5566
6120,157.06,0.6326
6121,205.29,0.6678
6122,226.14,0.8423
6123,247.78,0.9167
6124,222.48,0.861
6125,249.3,0.6824
6126,136.18,0.4863
6127,4.78,0.3103
6128,4.55,0.2265
6129,4.3,0.2429
6130,145.4,0.3529
6131,156.51,0.3545
6132,141.16,0.3556
6133,6.5,0.3527
6134,5.7,0.3839
6135,141.81,0.4547
6136,195.24,0.6508
6137,228.85,0.651
6138,249.68,0.5399
6139,5.99,0.5452
6140,4.08,0.5301
6141,201.71,0.5103
6142,210.23,0.6175
6143,225.1,0.6178
6144,138.86,0.5702
6145,4.48,0.5526
6146,142.66,0.5209
6147,188.38,0.4123
6148,185.81,0.5283
6149,4.2,0.5291
6150,148.38,0.5097
6151,143.58,0.3647
6152,164.42,0.4584
6153,6.0,0.5271
6154,120.42,0.5835
6155,233.5,0.6214
6156,213.46,0.7848
6157,211.5,0.6897
6158,208.59,0.5051
6159,2.48,0.4882
6160,4.58,0.4878
6161,192.52,0.4958
6162,211.01,0.6819
6163,218.58,0.8728
6164,233.15,0.8982
6165,241.24,0.911
6166,224.12,0.7377
6167,226.84,0.5525
6168,3.74,0.3611
6169,3.44,0.3499
6170,4.01,0.3364
6171,210.17,0.5317
6172,210.09,0.5328
6173,245.96,0.6459
6174,4.79,0.6413
6175,144.17,0.5795
6176,204.46,0.491
6177,133.5,0.6498
6178,136.2,0.5383
6179,201.76,0.3767
6180,5.9,0.2735
6181,4.1,0.3122
6182,5.5,0.3347
6183,184.16,0.5156
6184,229.69,0.5156
6185,230.2,0.5145
6186,4.16,0.5672
6187,4.08,0.3893
6188,249.52,0.2097
6189,9.14,0.3187
6190,7.46,0.5069
6191,139.33,0.3916
6192,237.38,0.3883
6193,106.65,0.5617
6194,5.08,0.6526
6195,222.36,0.6507
6196,252.11,0.7639
6197,235.0,0.9591
6198,246.97,0.9488
6199,247.06,0.9391
6200,209.68,0.9489
6201,239.98,0.8614
6202,247.2,0.8619
6203,138.5,0.848
6204,247.69,0.7546
6205,192.38,0.717
6206,124.27,0.7243
6207,200.59,0.633
6208,147.54,0.4816
6209,134.43,0.3852
6210,4.67,0.4258
6211,4.79,0.4332
6212,250.89,0.435
6213,156.73,0.4358
6214,136.67,0.6309
6215,5.69,0.6275
6216,246.65,0.6962
6217,246.64,0.7859
6218,241.92,0.9763
6219,247.88,0.9496
6220,241.76,0.8859
6221,213.54,0.6949
6222,167.64,0.4989
6223,5.16,0.3077
6224,4.85,0.2441
6225,4.7,0.2523
6226,134.73,0.3591
6227,177.72,0.4715
6228,137.6,0.6302
6229,144.2,0.5355
6230,201.48,0.5867
6231,17.32,0.6696
6232,241.26,0.5566
6233,240.34,0.3985
6234,4.06,0.533
6235,5.5,0.4588
6236,184.12,0.4217
6237,149.18,0.607
6238,194.37,0.7826
6239,233.76,0.8181
6240,223.23,0.8992
6241,228.14,0.749
6242,249.83,0.5655
6243,8.1,0.3908
6244,6.29,0.3929
6245,6.62,0.3938
6246,230.68,0.5898
6247,251.0,0.7699
6248,251.06,0.9233
6249,229.62,0.7409
6250,196.81,0.667
6251,4.56,0.652
6252,159.26,0.6609
6253,232.5,0.5042
6254,240.62,0.5033
6255,2.56,0.5778
6256,3.51,0.5877
6257,251.58,0.5897
6258,244.78,0.7824
6259,243.14,0.7823
6260,241.5,0.5833
6261,3.37,0.4799
6262,4.84,0.4415
6263,116.57,0.4156
6264,195.49,0.4167
6265,209.37,0.5799
6266,4.72,0.6884
6267,207.22,0.7286
6268,251.07,0.568
6269,245.44,0.5707
6270,10.14,0.4116
6271,8.07,0.3987
6272,10.0,0.3883
6273,235.05,0.5707
6274,232.57,0.7402
6275,236.28,0.8652
6276,218.28,0.8557
6277,164.93,0.8285
6278,223.32,0.7949
6279,198.83,0.7306
6280,194.54,0.603
6281,138.59,0.6172
6282,6.7,0.6497
6283,240.97,0.6953
6284,239.09,0.7855
6285,251.17,0.939
6286,250.4,0.7505
6287,197.02,0.6626
6288,7.24,0.5861
6289,130.12,0.5023
6290,156.33,0.3491
6291,146.44,0.4581
6292,7.08,0.5262
6293,142.37,0.508
6294,214.63,0.3948
6295,133.77,0.4842
6296,6.06,0.525
6297,117.9,0.5311
6298,192.96,0.6104
6299,222.14,0.7971
6300,232.19,0.8928
6301,237.52,0.925
6302,236.55,0.9326
6303,232.91,0.9377
6304,231.58,0.915
6305,238.46,0.85
6306,209.39,0.7712
6307,155.96,0.7039
6308,135.18,0.7032
6309,148.16,0.7114
6310,237.56,0.5888
6311,219.52,0.4834
6312,3.96,0.4789
6313,4.49,0.485
6314,142.65,0.4103
6315,245.05,0.4124
6316,126.96,0.6085
6317,6.51,0.6914
6318,247.62,0.6906
6319,245.52,0.7328
6320,244.08,0.7332
6321,179.22,0.5381
6322,7.04,0.5355
6323,5.72,0.5333
6324,242.26,0.5849
6325,241.38,0.7779
6326,243.14,0.9723
6327,246.44,0.9755
6328,246.69,0.9749
6329,246.24,0.9719
6330,240.59,0.9132
6331,239.42,0.7184
6332,173.66,0.6258
6333,5.25,0.5613
6334,131.41,0.3722
6335,160.55,0.2376
6336,5.03,0.3839
6337,6.7,0.4616
6338,186.64,0.5171
6339,227.75,0.6984
6340,229.4,0.7988
6341,229.76,0.6556
6342,131.26,0.5248
6343,9.11,0.5406
6344,65.48,0.556
6345,249.03,0.6501
6346,248.86,0.8361
6347,247.9,0.9767
6348,239.78,0.9686
6349,239.76,0.7718
6350,238.98,0.5765
6351,4.93,0.387
6352,5.66,0.3131
6353,4.84,0.3147
6354,148.15,0.4776
6355,240.94,0.4773
6356,206.91,0.4772
6357,5.39,0.5166
6358,4.63,0.5105
6359,197.01,0.4973
6360,233.43,0.6821
6361,190.57,0.6827
6362,234.4,0.5291
6363,5.43,0.3461
6364,6.58,0.3062
6365,6.48,0.2949
6366,141.12,0.471
6367,220.39,0.47
6368,223.75,0.4695
6369,5.35,0.3601
6370,5.89,0.187
6371,5.54,0.011
6372,5.75,0.0102
6373,5.45,0.2042
6374,4.44,0.3948
6375,246.36,0.5348
6376,241.88,0.6525
6377,179.38,0.845
6378,151.28,0.8387
6379,243.12,0.7688
6380,238.62,0.7801
6381,155.2,0.7994
6382,193.39,0.6084
6383,175.21,0.5311
6384,6.25,0.562
6385,142.78,0.4087
6386,193.62,0.2724
6387,3.28,0.2723
6388,6.2,0.1612
6389,6.12,0.1246
6390,5.07,0.2351
6391,148.15,0.3554
6392,140.34,0.3553
6393,155.3,0.3567
6394,6.1,0.3475
6395,6.71,0.3441
6396,136.74,0.2244
6397,136.12,0.3363
6398,7.0,0.5198
6399,144.84,0.5986
6400,234.18,0.6741
6401,234.39,0.8675
6402,229.73,0.8707
6403,246.86,0.6852
6404,148.81,0.4987
6405,4.11,0.3182
6406,3.2,0.1242
6407,6.0,0.0092
6408,6.25,0.0109
6409,6.25,0.2036
6410,6.25,0.3929
6411,242.12,0.5818
6412,240.69,0.582
6413,240.46,0.6919
6414,6.5,0.6976
6415,142.45,0.6173
6416,249.25,0.4304
6417,141.07,0.4318
6418,8.7,0.5139
6419,8.35,0.5104
6420,244.17,0.5943
6421,244.95,0.787
6422,245.09,0.7837
6423,247.62,0.5911
6424,4.2,0.5662
6425,5.4,0.5317
6426,214.11,0.4753
6427,202.28,0.6525
6428,177.66,0.7306
6429,223.92,0.5624
6430,102.28,0.5116
6431,5.53,0.5325
6432,139.36,0.4577
6433,203.48,0.3798
6434,131.26,0.492
6435,5.62,0.4785
6436,144.65,0.4276
6437,122.67,0.3254
6438,140.38,0.4287
6439,4.47,0.4376
6440,133.76,0.4645
6441,155.69,0.4635
6442,155.94,0.5889
6443,139.26,0.486
6444,159.92,0.3658
6445,6.11,0.3548
6446,6.73,0.4014
6447,142.28,0.3702
6448,197.05,0.4764
6449,121.27,0.4746
6450,137.73,0.364
6451,4.54,0.4008
6452,5.08,0.4916
6453,242.74,0.3859
6454,233.76,0.495
6455,6.69,0.6147
6456,139.81,0.5482
6457,153.48,0.3636
6458,160.28,0.3631
6459,4.9,0.2552
6460,6.14,0.2375
6461,6.0,0.2191
6462,131.57,0.3385
6463,137.48,0.3371
6464,152.91,0.3369
6465,4.35,0.2347
6466,5.77,0.1289
6467,4.88,0.011
6468,6.25,0.013
6469,6.79,0.0141
6470,6.78,0.0156
6471,7.2,0.0151
6472,6.66,0.0141
6473,5.65,0.0142
6474,5.63,0.0157
6475,6.81,0.2129
6476,9.14,0.4108
6477,251.1,0.5651
6478,251.11,0.563
6479,196.86,0.7529
6480,4.2,0.7134
6481,244.68,0.6935
6482,202.1,0.7365
6483,226.42,0.933
6484,250.09,0.9317
6485,247.87,0.9607
6486,243.06,0.9695
6487,238.04,0.9517
6488,237.38,0.9426
6489,227.96,0.9385
6490,236.65,0.936
6491,238.0,0.8588
6492,234.86,0.8299
6493,141.77,0.8139
6494,192.06,0.6272
6495,216.86,0.4428
6496,6.5,0.484
6497,6.25,0.3339
6498,192.76,0.1644
6499,5.99,0.3623
6500,6.72,0.5603
6501,251.82,0.5716
6502,251.79,0.7651
6503,206.74,0.8744
6504,245.95,0.6746
6505,142.28,0.6657
6506,4.08,0.6509
6507,240.66,0.5958
6508,188.48,0.4848
6509,177.62,0.4854
6510,4.65,0.2946
6511,4.8,0.3007
6512,4.06,0.3013
6513,196.1,0.459
6514,178.31,0.4614
6515,200.17,0.5625
6516,7.83,0.5294
6517,129.44,0.4908
6518,155.02,0.3325
6519,130.48,0.3297
6520,3.88,0.3625
6521,4.4,0.3486
6522,170.08,0.3525
6523,137.78,0.4949
6524,135.28,0.4967
6525,180.43,0.3644
6526,6.64,0.4205
6527,6.02,0.4478
6528,207.41,0.4319
6529,169.09,0.612
6530,160.68,0.7829
6531,230.02,0.6185
6532,217.82,0.6535
6533,3.58,0.7128
6534,212.56,0.6947
6535,234.23,0.5222
6536,207.48,0.701
6537,4.04,0.7119
6538,225.26,0.528
6539,226.04,0.3944
6540,6.25,0.5149
6541,41.81,0.4456
6542,153.41,0.3735
6543,139.4,0.4834
6544,136.64,0.6459
6545,142.53,0.7182
6546,243.2,0.7412
6547,243.12,0.6356
6548,167.94,0.6461
6549,5.67,0.573
6550,155.54,0.5455
6551,152.5,0.5169
6552,209.09,0.6923
6553,132.46,0.7698
6554,223.2,0.7839
6555,251.61,0.6172
6556,169.91,0.6292
6557,2.41,0.6143
6558,147.36,0.5689
6559,204.78,0.4355
6560,195.26,0.5367
6561,4.53,0.5691
6562,127.85,0.5101
6563,187.53,0.4674
6564,131.71,0.6033
6565,142.26,0.601
6566,173.0,0.6316
6567,125.06,0.5286
6568,225.47,0.4174
6569,4.04,0.2824
6570,4.34,0.1865
6571,5.67,0.1919
6572,6.15,0.3766
6573,232.14,0.5715
6574,233.0,0.767
6575,246.06,0.7676
6576,248.02,0.5838
6577,6.84,0.5557
6578,4.34,0.444
6579,198.14,0.3557
6580,107.51,0.4498
6581,138.56,0.6214
6582,123.55,0.629
6583,217.1,0.7063
6584,207.51,0.7816
6585,203.44,0.686
6586,231.87,0.6261
6587,5.06,0.574
6588,142.84,0.5598
6589,142.85,0.4822
6590,185.8,0.5926
6591,135.72,0.6303
6592,141.9,0.6316
6593,189.6,0.488
6594,144.48,0.3828
6595,7.72,0.273
6596,5.34,0.1245
6597,5.77,0.1984
6598,5.5,0.377
6599,236.03,0.5376
6600,229.23,0.7121
6601,204.38,0.7119
6602,222.17,0.5258
6603,5.25,0.3456
6604,5.25,0.1848
6605,5.82,0.0102
6606,5.01,0.0096
6607,5.75,0.188
6608,4.4,0.369
6609,226.45,0.5405
6610,230.22,0.5407
6611,217.76,0.6318
6612,6.0,0.555
6613,117.24,0.4954
6614,131.34,0.3254
6615,156.22,0.3253
6616,7.04,0.2354
6617,5.85,0.1347
6618,5.76,0.1348
6619,6.59,0.2479
6620,156.33,0.409
6621,147.25,0.5684
6622,205.57,0.5671
6623,203.35,0.4456
6624,5.0,0.3304
6625,5.76,0.1681
6626,4.32,0.2039
6627,4.43,0.3992
6628,247.66,0.5953
6629,247.14,0.7736
6630,248.96,0.9504
6631,225.41,0.9534
6632,223.61,0.9556
6633,251.39,0.9535
6634,249.8,0.7781
6635,246.37,0.6025
6636,7.99,0.4038
6637,5.91,0.3026
6638,4.94,0.2737
6639,124.31,0.3882
6640,210.53,0.3885
6641,150.02,0.3895
6642,6.25,0.3976
6643,6.25,0.3377
6644,134.31,0.2216
6645,136.31,0.2214
6646,6.02,0.2212
6647,5.97,0.1179
6648,6.02,0.1876
6649,6.22,0.3466
6650,222.73,0.4584
6651,203.18,0.5705
6652,144.58,0.6785
6653,145.04,0.6184
6654,140.1,0.5631
6655,148.26,0.4497
6656,134.52,0.336
6657,4.0,0.2265
6658,4.1,0.2167
6659,4.3,0.2162
6660,136.14,0.3251
6661,133.87,0.3251
6662,139.0,0.4419
6663,4.14,0.4435
6664,149.18,0.5161
6665,138.1,0.5707
6666,223.85,0.7441
6667,206.66,0.7909
6668,219.21,0.7883
6669,207.22,0.7887
6670,134.88,0.7358
6671,224.32,0.7199
6672,141.09,0.6585
6673,199.46,0.5553
6674,131.05,0.5654
6675,7.0,0.6067
6676,236.82,0.5511
6677,192.26,0.449
6678,130.61,0.5736
6679,4.36,0.5681
6680,161.58,0.5622
6681,229.96,0.4624
6682,184.92,0.6419
6683,6.82,0.6909
6684,226.99,0.6988
6685,222.36,0.712
6686,239.75,0.8937
6687,201.21,0.9128
6688,232.14,0.8909
6689,250.69,0.7016
6690,195.21,0.5434
6691,5.04,0.5462
6692,5.04,0.537
6693,235.68,0.4945
6694,239.27,0.5043
6695,142.5,0.6985
6696,17.12,0.7066
6697,245.88,0.5173
6698,245.71,0.4072
6699,4.54,0.5056
6700,6.0,0.4259
6701,139.2,0.3406
6702,146.98,0.3423
6703,139.92,0.5361
6704,6.74,0.6247
6705,246.21,0.7066
6706,249.04,0.7967
6707,248.6,0.9878
6708,251.56,0.9906
6709,243.66,0.9003
6710,249.76,0.7024
6711,137.12,0.5029
6712,3.18,0.5023
6713,4.21,0.4526
6714,242.9,0.5195
6715,188.12,0.5219
6716,220.05,0.5239
6717,6.25,0.3333
6718,6.61,0.1867
6719,6.65,0.1167
6720,6.35,0.2376
6721,133.19,0.2375
6722,156.15,0.2378
6723,6.57,0.3631
6724,7.0,0.4282
6725,161.67,0.4708
6726,213.96,0.6201
6727,208.9,0.7568
6728,191.75,0.6315
6729,176.5,0.5226
6730,6.2,0.5501
6731,78.98,0.5567
6732,242.96,0.5862
6733,200.04,0.7575
6734,212.96,0.6995
6735,218.69,0.5086
6736,7.0,0.5121
6737,6.32,0.5392
6738,204.38,0.4766
6739,246.52,0.6687
6740,141.07,0.8621
6741,245.15,0.8904
6742,246.17,0.6937
6743,239.46,0.5847
6744,2.6,0.3903
6745,6.0,0.1968
6746,4.03,0.1174
6747,6.25,0.2523
6748,141.07,0.2529
6749,169.88,0.2557
6750,6.71,0.2549
6751,7.46,0.147
6752,5.36,0.0154
6753,7.21,0.0155
6754,6.71,0.015
6755,6.84,0.0152
6756,6.84,0.015
6757,5.63,0.0148
6758,6.99,0.0147
6759,6.47,0.0143
6760,6.68,0.1366
6761,6.36,0.2571
6762,157.29,0.3687
6763,156.38,0.4456
6764,144.82,0.639
6765,101.97,0.713
6766,246.22,0.7874
6767,249.03,0.8712
6768,248.58,0.8982
6769,248.79,0.7032
6770,135.36,0.6921
6771,4.54,0.6707
6772,235.23,0.4787
6773,222.08,0.3731
6774,10.72,0.3745
6775,4.46,0.1897
6776,6.25,0.2014
6777,6.05,0.368
6778,236.64,0.4685
6779,217.22,0.4692
6780,129.1,0.47
6781,7.19,0.4723
6782,6.94,0.4736
6783,239.49,0.3775
6784,218.87,0.4759
6785,10.01,0.67
6786,129.14,0.6766
6787,247.59,0.6971
6788,247.66,0.8893
6789,244.34,0.9802
6790,248.22,0.9761
6791,241.9,0.779
6792,242.48,0.5856
6793,3.28,0.5864
6794,4.6,0.5616
6795,249.26,0.5294
6796,211.03,0.7208
6797,202.61,0.8205
6798,240.58,0.7341
6799,128.27,0.5695
6800,142.03,0.4105
6801,6.95,0.3315
6802,5.48,0.3159
6803,142.67,0.2046
6804,108.96,0.2022
6805,4.04,0.3957
6806,3.92,0.4784
6807,245.39,0.5889
6808,245.22,0.7443
6809,245.94,0.9291
6810,196.78,0.9212
6811,232.99,0.7265
6812,235.69,0.532
6813,3.7,0.3768
6814,4.85,0.1925
6815,4.37,0.1147
6816,4.48,0.2346
6817,139.23,0.3467
6818,152.32,0.448
6819,143.79,0.5685
6820,130.08,0.4602
6821,153.82,0.4426
6822,4.96,0.4318
6823,130.48,0.4471
6824,130.44,0.3281
6825,149.04,0.4732
6826,6.25,0.5589
6827,184.86,0.5564
6828,236.7,0.6031
6829,127.42,0.7981
6830,206.91,0.849
6831,248.08,0.8578
6832,247.88,0.7581
6833,247.67,0.5953
6834,3.84,0.3994
6835,4.96,0.284
6836,5.21,0.285
6837,104.8,0.4831
6838,249.0,0.4864
6839,249.45,0.4902
6840,9.01,0.4125
6841,9.98,0.2597
6842,8.38,0.2522
6843,59.59,0.4329
6844,240.16,0.428
6845,233.04,0.4267
6846,3.9,0.4869
6847,6.79,0.4016
6848,134.25,0.3236
6849,134.32,0.4483
6850,136.36,0.4475
6851,158.5,0.4486
6852,5.79,0.5391
6853,135.6,0.5798
6854,246.54,0.5605
6855,186.78,0.6636
6856,134.58,0.709
6857,133.68,0.6997
6858,191.93,0.7502
6859,235.02,0.8426
6860,249.35,0.738
6861,249.18,0.5876
6862,3.88,0.5126
6863,5.52,0.4787
6864,141.98,0.3874
6865,207.29,0.3881
6866,136.02,0.4981
6867,4.72,0.4706
6868,141.99,0.4135
6869,107.83,0.4281
6870,136.5,0.5308
6871,154.09,0.4203
6872,132.11,0.5002
6873,4.93,0.5651
6874,206.93,0.5991
6875,216.92,0.6027
6876,196.29,0.7208
6877,136.63,0.747
6878,151.37,0.6959
6879,239.35,0.7333
6880,153.62,0.7855
6881,242.65,0.6688
6882,201.32,0.4815
6883,6.71,0.5354
6884,7.03,0.5405
6885,220.56,0.3862
6886,248.9,0.4667
6887,10.02,0.6569
6888,106.52,0.6609
6889,242.89,0.6435
6890,225.5,0.8255
6891,227.33,0.8902
6892,235.64,0.7525
6893,186.71,0.5755
6894,72.16,0.5161
6895,6.15,0.4956
6896,153.62,0.5392
6897,210.16,0.6702
6898,240.86,0.8596
6899,234.52,0.9093
6900,240.99,0.9394
6901,215.26,0.7486
6902,247.46,0.6592
6903,4.37,0.6186
6904,123.57,0.5672
6905,190.75,0.371
6906,151.51,0.373
6907,4.2,0.3938
6908,6.85,0.3689
6909,149.32,0.4376
6910,159.9,0.6185
6911,236.66,0.7936
6912,228.56,0.8575
6913,223.97,0.7351
6914,228.53,0.5515
6915,8.04,0.5465
6916,9.1,0.5553
6917,222.33,0.5719
6918,234.82,0.7411
6919,249.22,0.9188
6920,217.79,0.9399
6921,229.47,0.9284
6922,248.47,0.7311
6923,220.56,0.7394
6924,4.53,0.7281
6925,228.06,0.6256
6926,215.56,0.4521
6927,121.35,0.4531
6928,5.4,0.3782
6929,5.85,0.3763
6930,135.22,0.4553
6931,213.14,0.563
6932,219.35,0.6695
6933,138.9,0.6755
6934,137.9,0.5085
6935,142.7,0.3354
6936,5.99,0.2281
6937,4.7,0.2837
6938,5.91,0.2808
6939,206.89,0.382
6940,139.02,0.5451
6941,131.5,0.7207
6942,206.9,0.5586
6943,223.67,0.6402
6944,5.92,0.7273
6945,240.15,0.7537
6946,239.53,0.5772
6947,239.59,0.5759
6948,4.87,0.386
6949,4.34,0.3053
6950,4.61,0.2285
6951,139.57,0.3787
6952,144.26,0.3796
6953,191.16,0.4954
6954,5.5,0.5514
6955,148.18,0.6042
6956,209.0,0.619
6957,209.7,0.7993
6958,209.44,0.6838
6959,229.12,0.5192
6960,4.93,0.3535
6961,4.92,0.1878
6962,4.25,0.0072
6963,3.99,0.0076
6964,5.24,0.2021
6965,5.42,0.3642
6966,246.13,0.4778
6967,205.23,0.4771
6968,144.79,0.6636
6969,4.36,0.6579
6970,236.65,0.6906
6971,239.08,0.7706
6972,245.79,0.9639
6973,244.01,0.976
6974,243.98,0.9584
6975,251.6,0.763
6976,217.26,0.7617
6977,3.58,0.7428
6978,242.44,0.7318
6979,220.49,0.5585
6980,237.97,0.5589
6981,2.44,0.3669
6982,4.0,0.1925
6983,4.4,0.0038
6984,4.24,0.1628
6985,4.0,0.3371
6986,199.6,0.447
6987,220.1,0.4477
6988,140.71,0.6391
6989,5.04,0.6614
6990,241.3,0.6795
6991,227.3,0.6747
6992,242.48,0.8137
6993,134.8,0.6238
6994,177.43,0.5895
6995,5.75,0.5196
6996,184.88,0.5908
6997,155.76,0.6423
6998,223.13,0.8318
6999,241.18,0.848
7000,240.75,0.88
7001,204.96,0.9032
7002,195.42,0.825
7003,251.97,0.636
7004,144.16,0.4754
7005,6.48,0.4353
7006,5.82,0.384
7007,145.64,0.2726
7008,188.43,0.2718
7009,6.06,0.3909
7010,5.42,0.3836
7011,153.45,0.4048
7012,136.62,0.5679
7013,214.75,0.7072
7014,208.27,0.7823
7015,178.13,0.8742
7016,246.62,0.9026
7017,250.47,0.9251
7018,250.06,0.9722
7019,236.17,0.963
7020,236.42,0.9328
7021,235.31,0.8602
7022,213.0,0.812
7023,159.98,0.7755
7024,176.46,0.7115
7025,191.14,0.6639
7026,155.92,0.6633
7027,154.06,0.5264
7028,159.15,0.3773
7029,6.81,0.3674
7030,6.2,0.3651
7031,143.74,0.3659
7032,151.21,0.4871
7033,160.06,0.4872
7034,157.06,0.3759
7035,6.36,0.2597
7036,5.81,0.1357
7037,7.08,0.2113
7038,6.33,0.3788
7039,250.74,0.5083
7040,214.13,0.6286
7041,166.38,0.7461
7042,156.18,0.7375
7043,151.97,0.6723
7044,240.08,0.5428
7045,133.4,0.5894
7046,5.81,0.644
7047,213.89,0.6273
7048,219.7,0.5239
7049,219.32,0.6361
7050,5.2,0.5726
7051,144.94,0.5041
7052,135.19,0.4383
7053,134.74,0.5368
7054,137.73,0.4246
7055,127.33,0.3189
7056,5.86,0.3368
7057,4.07,0.3377
7058,157.04,0.2384
7059,138.82,0.2371
7060,4.22,0.2373
7061,4.25,0.1141
7062,4.23,0.2022
7063,4.28,0.3726
7064,248.1,0.4805
7065,215.52,0.4805
7066,137.99,0.6719
7067,4.24,0.6677
7068,241.66,0.5002
7069,242.86,0.5659
7070,7.81,0.7621
7071,219.42,0.7659
7072,247.49,0.7511
7073,246.37,0.9228
7074,224.56,0.7552
7075,220.64,0.6632
7076,11.73,0.6364
7077,133.32,0.642
7078,213.15,0.5901
7079,231.54,0.69
7080,156.28,0.6855
7081,135.59,0.6938
7082,127.7,0.6211
7083,223.47,0.6054
7084,141.46,0.5009
7085,136.74,0.4045
7086,6.02,0.3366
7087,8.26,0.3604
7088,139.21,0.3624
7089,171.05,0.3608
7090,139.19,0.5512
7091,4.04,0.6402
7092,244.33,0.7026
7093,249.5,0.7791
7094,248.5,0.893
7095,233.94,0.6993
7096,145.35,0.6135
7097,4.12,0.5537
7098,143.12,0.5381
7099,174.35,0.6197
7100,214.6,0.73
7101,246.6,0.6211
7102,140.85,0.5858
7103,8.03,0.6032
7104,130.59,0.5884
7105,236.16,0.4795
7106,228.32,0.4771
7107,5.8,0.5501
7108,5.04,0.5483
7109,221.16,0.3662
7110,233.92,0.3647
7111,2.5,0.5467
7112,3.97,0.5551
7113,230.7,0.5524
7114,231.54,0.7444
7115,230.62,0.925
7116,240.46,0.9275
7117,227.9,0.7484
7118,233.92,0.6707
7119,9.41,0.6783
7120,134.25,0.63
7121,249.94,0.4452
7122,168.06,0.4409
7123,4.79,0.3369
7124,4.06,0.1391
7125,5.25,0.0075
7126,4.64,0.1191
7127,4.91,0.2889
7128,143.22,0.4777
7129,214.58,0.4779
7130,239.32,0.4793
7131,4.87,0.5504
7132,6.68,0.5777
7133,231.34,0.5847
7134,248.5,0.7783
7135,247.99,0.7757
7136,244.86,0.5922
7137,3.44,0.5212
7138,3.84,0.4321
7139,160.47,0.3988
7140,137.51,0.5333
7141,203.54,0.6378
7142,170.24,0.5137
7143,133.46,0.5114
7144,6.6,0.5478
7145,134.66,0.5825
7146,248.67,0.4829
7147,213.27,0.5923
7148,9.89,0.6828
7149,142.27,0.6606
7150,246.81,0.4924
7151,221.19,0.5661
7152,4.69,0.6155
7153,101.33,0.5241
7154,203.51,0.5175
7155,133.54,0.6477
7156,212.91,0.5725
7157,166.14,0.4127
7158,8.11,0.3102
7159,5.42,0.3328
7160,6.48,0.3921
7161,240.88,0.5778
7162,239.7,0.5782
7163,238.28,0.7314
7164,5.97,0.6481
7165,196.41,0.6009
7166,137.56,0.4137
7167,181.16,0.4139
7168,6.25,0.456
7169,6.17,0.5217
7170,248.63,0.382
7171,218.99,0.5526
7172,7.94,0.7446
7173,217.84,0.7376
7174,244.19,0.7568
7175,239.96,0.9439
7176,242.84,0.8975
7177,239.91,0.8721
7178,160.21,0.8629
7179,212.71,0.8539
7180,228.56,0.8471
7181,231.71,0.8718
7182,231.47,0.8794
7183,190.87,0.8624
7184,222.06,0.8078
7185,207.5,0.6252
7186,164.01,0.4754
7187,5.12,0.3013
7188,5.12,0.247
7189,6.25,0.2905
7190,140.18,0.394
7191,217.85,0.3931
7192,133.45,0.5755
7193,4.09,0.649
7194,232.34,0.664
7195,231.34,0.7512
7196,236.42,0.9283
7197,241.66,0.7481
7198,223.57,0.7545
7199,8.96,0.764
7200,239.28,0.7625
7201,248.21,0.7757
7202,239.75,0.9672
7203,239.94,0.9729
7204,246.4,0.779
7205,246.35,0.593
7206,7.83,0.4067
7207,9.08,0.2115
7208,9.01,0.1093
7209,4.33,0.272
7210,119.71,0.381
7211,209.52,0.3775
7212,144.19,0.4708
7213,4.64,0.5022
7214,120.03,0.5226
7215,158.61,0.5864
7216,234.84,0.7261
7217,223.37,0.6335
7218,177.84,0.5094
7219,5.16,0.5163
7220,4.8,0.5325
7221,243.42,0.3961
7222,243.35,0.5107
7223,8.74,0.6909
7224,147.31,0.6935
7225,228.21,0.6987
7226,246.68,0.8947
7227,249.79,0.9248
7228,251.77,0.8073
7229,184.62,0.8085
7230,82.47,0.721
7231,248.12,0.5219
7232,141.41,0.3779
7233,4.91,0.4097
7234,6.05,0.4036
7235,121.92,0.4832
7236,240.56,0.6738
7237,239.99,0.8638
7238,241.35,0.9562
7239,241.61,0.9487
7240,236.49,0.9398
7241,231.24,0.8564
7242,228.97,0.6644
7243,137.85,0.6575
7244,3.64,0.6554
7245,227.93,0.6595
7246,228.56,0.7357
7247,234.06,0.7374
7248,232.41,0.5582
7249,5.76,0.5662
7250,5.68,0.5687
7251,238.48,0.4927
7252,237.12,0.4924
7253,138.23,0.6891
7254,5.39,0.6819
7255,249.59,0.6802
7256,229.52,0.6947
7257,234.97,0.813
7258,156.31,0.7369
7259,152.06,0.6723
7260,155.21,0.4886
7261,149.35,0.3674
7262,7.25,0.2484
7263,6.1,0.2214
7264,4.49,0.2105
7265,121.72,0.4033
7266,135.8,0.5823
7267,246.32,0.7481
7268,228.08,0.6529
7269,210.01,0.5473
7270,3.7,0.5469
7271,4.9,0.56
7272,245.82,0.4163
7273,244.27,0.5272
7274,31.87,0.7176
7275,141.15,0.6764
7276,241.0,0.6512
7277,194.78,0.8214
7278,213.05,0.8619
7279,242.88,0.8145
7280,191.37,0.853
7281,182.18,0.879
7282,242.56,0.7838
7283,245.3,0.7416
7284,124.8,0.7092
7285,139.0,0.6983
7286,142.08,0.6644
7287,229.04,0.5675
7288,203.21,0.458
7289,4.7,0.5266
7290,3.23,0.5065
7291,227.1,0.5021
7292,204.12,0.5022
7293,197.82,0.5037
7294,4.84,0.4313
7295,5.01,0.4199
7296,137.38,0.3793
7297,189.97,0.4975
7298,147.52,0.4985
7299,151.36,0.3934
7300,6.25,0.3496
7301,6.99,0.4029
7302,135.77,0.3833
7303,213.56,0.3815
7304,127.01,0.5384
7305,4.01,0.5304
7306,201.57,0.3795
7307,125.85,0.2791
7308,26.47,0.2794
7309,2.57,0.1201
7310,4.4,0.126
7311,4.0,0.2925
7312,133.22,0.3937
7313,232.88,0.3942
7314,127.98,0.3941
7315,5.1,0.4679
7316,3.9,0.3862
7317,224.66,0.4784
7318,131.56,0.6669
7319,242.29,0.668
7320,238.81,0.4923
7321,5.36,0.5482
7322,6.75,0.5306
7323,200.82,0.4556
7324,220.48,0.4566
7325,145.81,0.4578
7326,6.66,0.303
7327,8.25,0.2414
7328,8.9,0.239
7329,144.03,0.3529
7330,142.92,0.4526
7331,147.87,0.5697
7332,131.82,0.6293
7333,154.1,0.517
7334,217.94,0.505
7335,3.69,0.5924
7336,132.92,0.6349
7337,240.24,0.6566
7338,206.76,0.8544
7339,244.88,0.7512
7340,248.97,0.666
7341,4.9,0.6495
7342,134.57,0.5701
7343,186.31,0.3729
7344,146.43,0.3727
7345,4.55,0.2703
7346,4.56,0.1251
7347,7.65,0.0112
7348,6.28,0.0121
7349,5.26,0.0134
7350,5.65,0.0135
7351,6.15,0.2018
7352,7.75,0.3935
7353,239.79,0.4911
7354,242.9,0.4895
7355,126.7,0.6537
7356,4.21,0.6523
7357,211.25,0.6467
7358,238.16,0.736
7359,235.96,0.9235
7360,237.32,0.757
7361,236.77,0.5686
7362,4.75,0.382
7363,4.55,0.1933
7364,4.59,0.0063
7365,3.4,0.0066
7366,4.94,0.0067
7367,5.12,0.1925
7368,4.69,0.366
7369,234.9,0.5278
7370,218.56,0.5275
7371,205.57,0.5273
7372,4.64,0.4646
7373,4.52,0.4544
7374,157.1,0.4519
7375,205.9,0.6201
7376,202.47,0.792
7377,213.29,0.8404
7378,217.6,0.869
7379,217.16,0.9035
7380,241.3,0.9335
7381,245.27,0.9404
7382,250.5,0.9494
7383,226.13,0.9367
7384,228.3,0.9232
7385,225.61,0.9083
7386,228.46,0.9194
7387,232.04,0.8824
7388,239.89,0.8275
7389,182.44,0.7714
7390,157.58,0.5904
7391,158.87,0.3999
7392,7.65,0.3751
7393,3.65,0.3539
7394,151.7,0.2292
7395,131.35,0.2263
7396,4.24,0.2282
7397,4.06,0.1094
7398,6.04,0.1788
7399,4.39,0.3418
7400,217.33,0.4714
7401,206.42,0.4713
7402,164.74,0.4726
7403,5.88,0.3019
7404,5.94,0.141
7405,5.76,0.0131
7406,6.92,0.014
7407,6.13,0.0126
7408,7.0,0.0129
7409,4.21,0.0121
7410,6.18,0.0145
7411,5.92,0.0162
7412,9.07,0.1616
7413,9.04,0.3569
7414,184.55,0.4799
7415,248.36,0.4765
7416,158.42,0.4749
7417,4.79,0.4254
7418,7.1,0.3379
7419,123.11,0.3223
7420,139.93,0.5021
7421,139.09,0.6921
7422,227.66,0.7482
7423,242.69,0.8308
7424,192.66,0.9145
7425,242.36,0.9267
7426,242.83,0.92
7427,242.8,0.9362
7428,234.46,0.9341
7429,212.68,0.8981
7430,239.73,0.8589
7431,198.22,0.6732
7432,194.15,0.6806
7433,4.26,0.6868
7434,221.84,0.727
7435,247.41,0.5741
7436,248.08,0.7585
7437,4.65,0.7776
7438,232.86,0.7764
7439,245.48,0.7748
7440,245.94,0.8851
7441,246.13,0.7003
7442,141.42,0.5062
7443,3.64,0.5098
7444,4.91,0.4164
7445,250.4,0.4974
7446,130.27,0.6895
7447,241.89,0.6907
7448,241.81,0.494
7449,6.38,0.5561
7450,6.6,0.4771
7451,207.16,0.3906
7452,143.94,0.3909
7453,134.65,0.5658
7454,6.71,0.5783
7455,223.46,0.6563
7456,222.69,0.5506
7457,240.61,0.7293
7458,3.59,0.743
7459,228.28,0.7294
7460,240.48,0.7064
7461,205.8,0.8629
7462,212.08,0.8233
7463,197.58,0.8116
7464,179.27,0.8253
7465,225.91,0.853
7466,222.8,0.8562
7467,246.48,0.8734
7468,201.49,0.8733
7469,200.67,0.8963
7470,225.74,0.9
7471,251.32,0.7433
7472,251.04,0.5868
7473,7.2,0.5043
7474,6.69,0.4216
7475,123.39,0.3282
7476,148.79,0.3278
7477,135.2,0.4586
7478,6.79,0.4606
7479,168.8,0.4509
7480,125.88,0.5189
7481,136.74,0.6908
7482,219.54,0.7308
7483,219.87,0.7355
7484,218.43,0.6327
7485,131.72,0.4631
7486,9.25,0.4751
7487,9.3,0.4922
7488,234.76,0.5774
7489,239.62,0.6826
7490,237.38,0.818
7491,139.69,0.8232
7492,177.18,0.6346
7493,241.23,0.4488
7494,5.75,0.4674
7495,7.0,0.436
7496,162.79,0.2437
7497,138.18,0.2439
7498,2.81,0.3509
7499,5.97,0.3299
7500,139.7,0.4194
7501,136.73,0.616
7502,249.15,0.8038
7503,246.58,0.8761
7504,238.83,0.7764
7505,229.37,0.5801
7506,13.08,0.386
7507,5.73,0.383
7508,5.98,0.392
7509,235.15,0.5754
7510,240.42,0.767
7511,240.56,0.9427
7512,243.24,0.8723
7513,223.85,0.7794
7514,147.9,0.7859
7515,125.22,0.7898
7516,248.56,0.6133
7517,248.1,0.4975
7518,4.97,0.4002
7519,4.38,0.2043
7520,4.52,0.1282
7521,5.69,0.2313
7522,153.73,0.2323
7523,132.83,0.2336
7524,5.7,0.3526
7525,6.05,0.4266
7526,153.22,0.4937
7527,245.51,0.6812
7528,216.09,0.8519
7529,238.14,0.9245
7530,217.71,0.9143
7531,243.22,0.7467
7532,232.84,0.5588
7533,8.25,0.3874
7534,5.25,0.3042
7535,5.2,0.2448
7536,140.06,0.3501
7537,159.1,0.3506
7538,138.82,0.3788
7539,5.91,0.3789
7540,40.14,0.3527
7541,140.18,0.4117
7542,126.67,0.5911
7543,212.0,0.5622
7544,228.3,0.4533
7545,4.25,0.3551
7546,5.25,0.189
7547,4.89,0.0091
7548,6.05,0.0104
7549,5.18,0.2016
7550,5.94,0.3497
7551,242.26,0.4958
7552,188.49,0.6016
7553,187.28,0.6017
7554,136.35,0.4114
7555,6.0,0.4547
7556,6.33,0.495
7557,242.18,0.3925
7558,237.29,0.4944
7559,9.21,0.6538
7560,132.36,0.613
7561,203.97,0.5409
7562,191.64,0.699
7563,147.84,0.7152
7564,205.3,0.6659
7565,152.41,0.6255
7566,142.83,0.6807
7567,141.57,0.7176
7568,216.24,0.7453
7569,251.02,0.7862
7570,186.8,0.6742
7571,193.51,0.6911
7572,2.78,0.5905
7573,237.2,0.4417
7574,126.24,0.2903
7575,2.3,0.4403
7576,5.79,0.3867
7577,188.73,0.4
7578,170.85,0.4048
7579,142.73,0.6023
7580,8.14,0.6131
7581,250.72,0.6303
7582,202.17,0.7107
7583,192.13,0.8967
7584,242.39,0.697
7585,238.82,0.5365
7586,3.09,0.3838
7587,3.09,0.1918
7588,2.91,0.0028
7589,4.29,0.0037
7590,4.49,0.005
7591,4.25,0.0923
7592,4.6,0.2079
7593,111.19,0.3231
7594,147.67,0.3245
7595,147.26,0.4265
7596,6.05,0.5048
7597,130.97,0.5069
7598,208.31,0.3923
7599,150.3,0.5063
7600,5.16,0.529
7601,147.33,0.4767
7602,159.12,0.4727
7603,143.52,0.5996
7604,145.31,0.4865
7605,162.48,0.3634
7606,7.12,0.3657
7607,6.5,0.3601
7608,146.41,0.2356
7609,138.37,0.2351
7610,8.16,0.2347
7611,6.48,0.1224
7612,5.92,0.2094
7613,7.25,0.4015
7614,246.26,0.4919
7615,246.3,0.5262
7616,118.54,0.7174
7617,48.5,0.7159
7618,244.27,0.5203
7619,244.4,0.429
7620,3.82,0.5031
7621,5.26,0.4322
7622,140.47,0.3612
7623,156.3,0.4755
7624,156.32,0.5431
7625,145.57,0.4349
7626,89.14,0.4291
7627,6.25,0.5016
7628,149.1,0.5823
7629,246.2,0.7095
7630,245.7,0.8967
7631,246.89,0.7788
7632,238.28,0.5836
7633,2.92,0.4957
7634,4.25,0.4065
7635,136.72,0.219
7636,136.3,0.3541
7637,5.8,0.4712
7638,170.4,0.4819
7639,149.37,0.376
7640,150.05,0.5643
7641,5.0,0.5893
7642,239.26,0.6481
7643,201.37,0.7207
7644,222.23,0.9126
7645,240.07,0.7243
7646,243.0,0.5656
7647,5.78,0.3912
7648,4.59,0.3095
7649,5.99,0.2288
7650,138.76,0.3768
7651,142.96,0.3779
7652,189.22,0.474
7653,6.05,0.4753
7654,125.08,0.4788
7655,140.36,0.3312
7656,147.33,0.3315
7657,6.21,0.3569
7658,6.37,0.3805
7659,156.65,0.3089
7660,169.62,0.4699
7661,58.49,0.6303
7662,205.88,0.6986
7663,205.2,0.7631
7664,241.33,0.9172
7665,249.58,0.9376
7666,249.59,0.9683
7667,231.24,0.9166
7668,243.16,0.7202
7669,177.29,0.625
7670,6.08,0.5972
7671,131.53,0.5576
7672,196.8,0.5807
7673,194.03,0.7586
7674,205.96,0.8082
7675,226.62,0.7643
7676,193.06,0.612
7677,142.3,0.5595
7678,5.23,0.5031
7679,140.88,0.4608
7680,156.69,0.3509
7681,140.66,0.5277
7682,5.98,0.6004
7683,224.41,0.6337
7684,231.05,0.6813
7685,198.01,0.6795
7686,199.66,0.5027
7687,3.7,0.5145
7688,5.3,0.5193
7689,245.6,0.5071
7690,204.03,0.5096
7691,184.55,0.5099
7692,6.8,0.3153
7693,5.64,0.154
7694,4.32,0.0102
7695,4.06,0.0096
7696,6.25,0.0099
7697,6.02,0.1134
7698,5.99,0.225
7699,132.72,0.3331
7700,142.41,0.3326
7701,140.26,0.3331
7702,5.4,0.4207
7703,6.58,0.5026
7704,241.38,0.5921
7705,243.94,0.7451
7706,251.24,0.743
7707,195.04,0.5519
7708,3.98,0.4772
7709,4.45,0.3886
7710,151.4,0.3957
7711,141.35,0.5842
7712,203.79,0.5841
7713,237.76,0.4655
7714,4.35,0.5497
7715,4.3,0.5679
7716,245.71,0.4862
7717,226.44,0.4862
7718,136.46,0.6738
7719,4.28,0.5894
7720,236.86,0.4106
7721,141.12,0.3051
7722,4.8,0.4226
7723,5.64,0.3552
7724,149.89,0.3669
7725,153.36,0.4899
7726,155.56,0.6711
7727,157.4,0.7249
7728,230.22,0.6173
7729,216.64,0.6035
7730,19.9,0.5964
7731,138.44,0.5417
7732,148.66,0.5086
7733,162.34,0.6615
7734,175.63,0.646
7735,209.51,0.6961
7736,119.22,0.5834
7737,210.75,0.4457
7738,22.58,0.4755
7739,4.96,0.5789
7740,246.41,0.5202
7741,247.41,0.5093
7742,138.04,0.7048
7743,8.98,0.7078
7744,247.42,0.7053
7745,250.07,0.7617
7746,244.36,0.9461
7747,207.92,0.7495
7748,237.66,0.6973
7749,3.66,0.68
7750,185.32,0.657
7751,222.96,0.6261
7752,179.36,0.7762
7753,199.35,0.7873
7754,189.75,0.7732
7755,199.16,0.8259
7756,205.38,0.8642
7757,244.7,0.7149
7758,246.94,0.5592
7759,4.63,0.5864
7760,6.05,0.5898
7761,239.11,0.497
7762,248.98,0.4994
7763,131.78,0.5019
7764,7.65,0.317
7765,9.19,0.313
7766,9.82,0.3779
7767,243.99,0.521
7768,212.31,0.5177
7769,185.05,0.6873
7770,5.05,0.6853
7771,220.16,0.6943
7772,241.5,0.7261
7773,223.44,0.9054
7774,224.47,0.8392
7775,227.37,0.6493
7776,138.1,0.4755
7777,6.0,0.2996
7778,7.95,0.1199
7779,6.38,0.1265
7780,4.65,0.2327
7781,146.2,0.2311
7782,137.68,0.229
7783,5.98,0.3437
7784,3.86,0.3401
7785,146.85,0.3393
7786,141.66,0.3388
7787,136.77,0.341
7788,5.31,0.2292
7789,6.62,0.3087
7790,8.2,0.3914
7791,240.18,0.496
7792,239.42,0.4935
7793,134.97,0.6044
7794,3.52,0.5831
7795,145.72,0.4993
7796,213.66,0.5112
7797,135.59,0.6308
7798,149.76,0.518
7799,151.82,0.442
7800,5.76,0.4369
7801,119.46,0.421
7802,129.34,0.3029
7803,130.0,0.3024
7804,5.32,0.2103
7805,5.26,0.1915
7806,5.22,0.1939
7807,106.0,0.2995
7808,133.04,0.3019
7809,136.22,0.3031
7810,8.2,0.4202
7811,6.76,0.5121
7812,251.22,0.5135
7813,246.94,0.5113
7814,138.0,0.6224
7815,5.37,0.5354
7816,144.52,0.341
7817,143.44,0.2338
7818,5.87,0.233
7819,5.12,0.2964
7820,4.28,0.3653
7821,223.19,0.5201
7822,228.92,0.5184
7823,197.76,0.6642
7824,2.97,0.6745
7825,185.11,0.6842
7826,235.93,0.6697
7827,240.98,0.8619
7828,179.76,0.7177
7829,241.29,0.5316
7830,6.25,0.4854
7831,5.2,0.4531
7832,183.69,0.2631
7833,139.77,0.2619
7834,5.68,0.2614
7835,4.75,0.1167
7836,4.6,0.1957
7837,4.32,0.3614
7838,237.66,0.5123
7839,211.18,0.5124
7840,191.78,0.6364
7841,4.7,0.5702
7842,158.08,0.5141
7843,155.67,0.3648
7844,141.54,0.4905
7845,6.66,0.5176
7846,160.58,0.5832
7847,191.76,0.6669
7848,236.93,0.8289
7849,245.38,0.7039
7850,207.41,0.5527
7851,5.7,0.3651
7852,4.24,0.1706
7853,4.31,0.0077
7854,4.29,0.0075
7855,5.34,0.0075
7856,5.47,0.0085
7857,4.23,0.1154
7858,5.58,0.3129
7859,136.79,0.3131
7860,250.29,0.3137
7861,5.74,0.5113
7862,4.99,0.5034
7863,250.56,0.3073
7864,126.93,0.4693
7865,7.16,0.6443
7866,206.6,0.608
7867,222.03,0.6866
7868,205.5,0.8607
7869,224.35,0.8853
7870,223.02,0.8405
7871,237.17,0.6784
7872,166.4,0.5014
7873,4.62,0.429
7874,4.88,0.3314
7875,133.18,0.338
7876,116.22,0.453
7877,174.6,0.6395
7878,147.21,0.7315
7879,236.02,0.6425
7880,247.31,0.5049
7881,5.82,0.5224
7882,4.08,0.4464
7883,168.9,0.253
7884,141.71,0.2524
7885,7.57,0.3777
7886,5.06,0.3516
7887,159.5,0.3711
7888,136.52,0.4772
7889,165.84,0.5897
7890,139.15,0.4661
7891,144.6,0.5264
7892,6.22,0.5811
7893,211.31,0.653
7894,233.54,0.6485
7895,228.39,0.7509
7896,139.04,0.5853
7897,133.09,0.5728
7898,6.05,0.5579
7899,217.98,0.6076
7900,209.98,0.5045
7901,200.6,0.5973
7902,5.27,0.534
7903,121.18,0.3701
7904,139.49,0.2131
7905,6.75,0.2144
7906,5.95,0.1212
7907,6.84,0.118
7908,5.58,0.2338
7909,135.6,0.2333
7910,150.28,0.2336
7911,5.37,0.2347
7912,7.2,0.1307
7913,6.9,0.0147
7914,6.71,0.0158
7915,6.46,0.0151
7916,6.66,0.0153
7917,6.43,0.0155
7918,7.16,0.0141
7919,6.9,0.0128
7920,4.7,0.0137
7921,5.05,0.1196
7922,7.53,0.2844
7923,138.48,0.4831
7924,211.27,0.4826
7925,251.08,0.4791
7926,4.35,0.4802
7927,3.24,0.4277
7928,139.78,0.3329
7929,146.29,0.4655
7930,133.51,0.4664
7931,168.74,0.3572
7932,4.4,0.4217
7933,4.3,0.4949
7934,226.3,0.5401
7935,224.22,0.7172
7936,224.88,0.8695
7937,223.91,0.8683
7938,193.2,0.8589
7939,224.73,0.6822
7940,212.62,0.5063
7941,5.82,0.3551
7942,5.71,0.3266
7943,5.75,0.2827
7944,189.41,0.3904
7945,158.27,0.3891
7946,139.35,0.4905
7947,4.08,0.5061
7948,131.48,0.5746
7949,208.7,0.6563
7950,243.26,0.8401
7951,240.54,0.808
7952,232.0,0.8184
7953,91.74,0.816
7954,221.57,0.8166
7955,240.32,0.815
7956,241.28,0.9334
7957,229.97,0.8825
7958,238.56,0.8215
7959,158.45,0.7533
7960,164.67,0.5728
7961,156.75,0.3849
7962,6.1,0.4177
7963,5.66,0.4174
7964,199.1,0.4029
7965,164.25,0.4017
7966,138.86,0.6
7967,4.55,0.6308
7968,251.54,0.6811
7969,237.24,0.7655
7970,226.7,0.9446
7971,243.42,0.9044
7972,226.69,0.8891
7973,201.72,0.7101
7974,218.22,0.5182
7975,4.74,0.5136
7976,5.5,0.4756
7977,221.0,0.4315
7978,154.62,0.43
7979,163.51,0.4289
7980,2.84,0.2536
7981,4.18,0.1332
7982,3.71,0.0065
7983,5.28,0.186
7984,6.48,0.3524
7985,225.4,0.4909
7986,210.51,0.4909
7987,175.4,0.6326
7988,5.25,0.5652
7989,182.18,0.4998
7990,141.81,0.4716
7991,129.4,0.607
7992,140.47,0.4644
7993,173.1,0.5445
7994,5.41,0.6235
7995,241.14,0.6964
7996,227.31,0.75
7997,230.84,0.7499
7998,239.58,0.5588
7999,5.25,0.5299
8000,4.25,0.4957
8001,191.47,0.4063
8002,188.45,0.4124
8003,128.77,0.5286
8004,12.75,0.5553
8005,148.36,0.4066
8006,224.62,0.3059
8007,4.07,0.409
8008,3.89,0.4845
8009,140.51,0.4974
8010,242.02,0.6604
8011,240.57,0.8307
8012,206.2,0.8871
8013,215.09,0.7973
8014,210.43,0.796
8015,130.66,0.8058
8016,238.91,0.7729
8017,218.44,0.8004
8018,174.25,0.87
8019,244.56,0.8707
8020,216.96,0.8913
8021,239.74,0.9468
8022,243.98,0.7557
8023,243.06,0.6799
8024,7.66,0.6728
8025,122.93,0.6373
8026,230.89,0.445
8027,200.04,0.4426
8028,4.62,0.5137
8029,4.69,0.5244
8030,211.12,0.5613
8031,244.06,0.7115
8032,245.79,0.8275
8033,190.87,0.7721
8034,148.51,0.7342
8035,142.49,0.7284
8036,197.09,0.7623
8037,238.58,0.8299
8038,232.83,0.7198
8039,232.38,0.5657
8040,6.0,0.3787
8041,6.0,0.1968
8042,6.74,0.0143
8043,7.26,0.0141
8044,6.1,0.1373
8045,5.75,0.258
8046,158.83,0.3266
8047,156.35,0.4385
8048,92.36,0.5613
8049,144.83,0.5421
8050,157.93,0.5913
8051,135.04,0.6981
8052,217.4,0.724
8053,224.68,0.6001
8054,177.0,0.6819
8055,4.25,0.6984
8056,236.51,0.7161
8057,237.82,0.7722
8058,246.74,0.9616
8059,246.51,0.7747
8060,239.07,0.775
8061,4.74,0.762
8062,238.22,0.7269
8063,230.58,0.5389
8064,203.03,0.6133
8065,6.02,0.6138
8066,96.99,0.5875
8067,238.84,0.4278
8068,197.9,0.6026
8069,5.04,0.7101
8070,222.76,0.7024
8071,230.26,0.7407
8072,229.34,0.9332
8073,245.4,0.7561
8074,243.62,0.5734
8075,3.29,0.3916
8076,3.66,0.1971
8077,3.92,0.1808
8078,4.24,0.3346
8079,223.42,0.4474
8080,194.05,0.6207
8081,143.51,0.8126
8082,218.82,0.8087
8083,242.12,0.6561
8084,218.57,0.6481
8085,4.86,0.6011
8086,133.53,0.5087
8087,160.58,0.3375
8088,127.56,0.3384
8089,6.25,0.3394
8090,6.04,0.3293
8091,134.74,0.345
8092,148.11,0.4617
8093,146.94,0.5788
8094,151.0,0.5894
8095,151.23,0.474
8096,147.86,0.3592
8097,5.04,0.4179
8098,4.61,0.4525
8099,223.83,0.4427
8100,194.02,0.5501
8101,135.76,0.7453
8102,138.27,0.7452
8103,246.62,0.7571
8104,223.66,0.6522
8105,208.76,0.6972
8106,5.65,0.6265
8107,194.19,0.4513
8108,158.85,0.2882
8109,6.53,0.4169
8110,6.5,0.4587
8111,165.22,0.4419
8112,246.05,0.6246
8113,137.94,0.737
8114,233.14,0.6071
8115,145.82,0.4445
8116,4.23,0.5199
8117,44.37,0.4437
8118,231.51,0.5095
8119,138.62,0.6174
8120,227.39,0.5851
8121,137.96,0.4021
8122,4.35,0.4716
8123,4.64,0.4504
8124,224.76,0.429
8125,201.06,0.6258
8126,111.5,0.8219
8127,248.31,0.7603
8128,247.74,0.6072
8129,148.49,0.6935
8130,11.19,0.6453
8131,218.47,0.6414
8132,188.57,0.7128
8133,242.96,0.7918
8134,237.0,0.6205
8135,109.1,0.5956
8136,6.12,0.5376
8137,157.71,0.5093
8138,170.98,0.5473
8139,201.99,0.7254
8140,156.12,0.7826
8141,227.03,0.8428
8142,228.59,0.6844
8143,245.57,0.5623
8144,5.62,0.3834
8145,4.8,0.2028
8146,5.2,0.1139
8147,4.64,0.2235
8148,135.35,0.3756
8149,141.47,0.4722
8150,193.41,0.6598
8151,125.0,0.7439
8152,237.21,0.8254
8153,239.68,0.8654
8154,242.5,0.928
8155,243.02,0.7415
8156,202.6,0.7491
8157,5.92,0.7404
8158,249.09,0.7265
8159,231.79,0.7451
8160,225.78,0.9182
8161,225.67,0.8314
8162,220.46,0.8294
8163,141.51,0.652
8164,229.3,0.4734
8165,5.9,0.2984
8166,4.11,0.1892
8167,3.57,0.1875
8168,6.12,0.1863
8169,227.22,0.1884
8170,4.4,0.2903
8171,6.68,0.3954
8172,129.87,0.3816
8173,136.45,0.4911
8174,210.13,0.5899
8175,140.16,0.49
8176,129.13,0.537
8177,6.0,0.4812
8178,194.74,0.4943
8179,140.94,0.5172
8180,156.49,0.6579
8181,157.44,0.689
8182,180.44,0.6906
8183,233.37,0.6696
8184,142.92,0.6576
8185,130.46,0.5168
8186,142.6,0.4469
8187,5.85,0.5162
8188,146.65,0.523
8189,228.88,0.4116
8190,138.92,0.412
8191,4.48,0.2983
8192,6.25,0.1734
8193,5.76,0.1861
8194,74.01,0.3071
8195,154.68,0.3078
8196,154.47,0.3088
8197,7.14,0.2544
8198,6.92,0.1347
8199,6.65,0.0154
8200,6.26,0.0143
8201,6.5,0.0152
8202,5.79,0.0151
8203,8.07,0.0162
8204,6.52,0.0156
8205,7.62,0.0175
8206,5.74,0.0164
8207,8.15,0.1165
8208,6.74,0.2798
8209,130.58,0.3958
8210,210.08,0.3934
8211,149.62,0.5716
8212,5.17,0.667
8213,227.66,0.6978
8214,248.83,0.7675
8215,248.28,0.7709
8216,236.02,0.5915
8217,9.36,0.572
8218,5.24,0.539
8219,224.7,0.5343
8220,207.37,0.6414
8221,230.18,0.7502
8222,142.21,0.6971
8223,140.09,0.6587
8224,158.88,0.478
8225,159.78,0.3698
8226,6.04,0.262
8227,8.1,0.2619
8228,6.42,0.2448
8229,158.78,0.3464
8230,138.55,0.3449
8231,132.05,0.4325
8232,6.25,0.4735
8233,115.01,0.4656
8234,209.57,0.4751
8235,128.84,0.6228
8236,143.77,0.5341
8237,189.36,0.4827
8238,5.1,0.5304
8239,145.78,0.608
8240,187.96,0.6359
8241,240.04,0.7956
8242,223.98,0.8727
8243,203.09,0.8899
8244,241.29,0.8218
8245,209.29,0.7477
8246,155.63,0.5874
8247,132.13,0.3969
8248,4.28,0.3884
8249,5.16,0.4245
8250,198.76,0.4213
8251,200.44,0.4201
8252,128.05,0.6171
8253,2.88,0.6458
8254,249.4,0.673
8255,234.28,0.7609
8256,234.24,0.9493
8257,237.0,0.9436
8258,236.44,0.7578
8259,242.42,0.5722
8260,3.81,0.5834
8261,4.19,0.5949
8262,250.84,0.5957
8263,250.78,0.77
8264,243.32,0.7714
8265,219.92,0.5724
8266,6.0,0.374
8267,4.12,0.1812
8268,4.74,0.1311
8269,4.3,0.3067
8270,157.71,0.3139
8271,223.8,0.3131
8272,13.06,0.5053
8273,3.69,0.5741
8274,242.62,0.5683
8275,243.02,0.7588
8276,216.57,0.8568
8277,249.24,0.6644
8278,125.26,0.5885
8279,4.1,0.5237
8280,148.85,0.4331
8281,136.25,0.3369
8282,136.97,0.3383
8283,5.9,0.2214
8284,5.9,0.1143
8285,3.88,0.0085
8286,3.4,0.0085
8287,5.89,0.0082
8288,5.84,0.2006
8289,5.58,0.3903
8290,242.39,0.5676
8291,238.62,0.5661
8292,225.77,0.565
8293,3.98,0.4831
8294,4.16,0.4159
8295,140.9,0.3606
8296,155.3,0.4629
8297,157.16,0.4653
8298,130.82,0.3557
8299,7.1,0.2359
8300,5.0,0.2212
8301,6.74,0.2315
8302,138.94,0.4249
8303,143.64,0.6188
8304,246.87,0.8053
8305,245.48,0.8082
8306,237.98,0.8067
8307,142.43,0.6112
8308,141.81,0.5263
8309,4.46,0.486
8310,140.25,0.4813
8311,187.99,0.3703
8312,136.62,0.37
8313,4.2,0.4159
8314,4.06,0.3721
8315,197.18,0.3756
8316,133.68,0.4858
8317,140.96,0.6803
8318,140.88,0.7032
8319,245.15,0.7935
8320,225.54,0.8606
8321,245.64,0.9077
8322,224.27,0.7132
8323,199.18,0.7274
8324,4.08,0.7246
8325,243.11,0.6939
8326,242.17,0.7145
8327,186.18,0.889
8328,224.76,0.6984
8329,220.44,0.694
8330,6.74,0.7452
8331,236.78,0.7649
8332,249.66,0.5952
8333,249.16,0.6921
8334,10.06,0.7027
8335,126.86,0.6938
8336,249.95,0.6828
8337,238.56,0.8647
8338,235.6,0.953
8339,235.49,0.9432
8340,236.4,0.8655
8341,237.79,0.7787
8342,142.24,0.6999
8343,127.96,0.6208
8344,137.84,0.6013
8345,138.24,0.6726
8346,213.65,0.5728
8347,230.59,0.4653
8348,4.26,0.3587
8349,4.56,0.3353
8350,6.08,0.2769
8351,184.58,0.3942
8352,158.22,0.396
8353,149.64,0.5615
8354,6.9,0.585
8355,211.22,0.638
8356,213.74,0.7033
8357,223.9,0.8574
8358,230.64,0.6934
8359,197.91,0.6366
8360,7.96,0.6553
8361,143.24,0.6683
8362,247.06,0.6333
8363,246.81,0.7982
8364,154.56,0.7761
8365,212.41,0.7173
8366,115.87,0.679
8367,174.05,0.7332
8368,199.38,0.567
8369,221.79,0.4785
8370,6.25,0.4445
8371,6.25,0.441
8372,131.83,0.4158
8373,195.08,0.4162
8374,190.53,0.6098
8375,6.74,0.7022
8376,246.31,0.6751
8377,246.32,0.689
8378,161.52,0.8388
8379,207.76,0.6436
8380,192.53,0.6289
8381,4.23,0.6776
8382,228.15,0.7032
8383,221.88,0.7364
8384,239.53,0.8923
8385,233.63,0.9025
8386,197.5,0.8429
8387,240.88,0.6573
8388,147.9,0.476
8389,9.45,0.3192
8390,8.83,0.3234
8391,3.1,0.3978
8392,246.14,0.3924
8393,240.03,0.3886
8394,2.84,0.5536
8395,4.12,0.462
8396,207.66,0.426
8397,132.6,0.5832
8398,195.37,0.6863
8399,197.73,0.5238
8400,131.92,0.5277
8401,6.25,0.5026
8402,137.34,0.5406
8403,164.36,0.6158
8404,244.76,0.8133
8405,225.21,0.86
8406,251.03,0.9213
8407,195.29,0.9188
8408,240.33,0.9356
8409,241.74,0.7383
8410,246.0,0.7382
8411,6.44,0.6711
8412,195.13,0.5915
8413,157.13,0.3979
8414,143.07,0.3978
8415,6.01,0.4206
8416,6.25,0.4799
8417,223.46,0.5633
8418,230.58,0.7583
8419,246.57,0.7561
8420,247.78,0.5793
8421,3.48,0.5818
8422,4.23,0.5564
8423,233.7,0.521
8424,215.03,0.6831
8425,203.86,0.8743
8426,204.48,0.8866
8427,241.34,0.8856
8428,248.91,0.7253
8429,213.84,0.5628
8430,5.1,0.372
8431,3.06,0.3663
8432,4.77,0.3755
8433,241.81,0.4364
8434,225.19,0.551
8435,80.67,0.6598
8436,145.08,0.6212
8437,139.74,0.5528
8438,193.94,0.6208
8439,140.34,0.6492
8440,164.95,0.5414
8441,180.4,0.5525
8442,5.99,0.5826
8443,207.77,0.6513
8444,177.66,0.708
8445,250.05,0.8069
8446,250.7,0.7285
8447,128.66,0.7124
8448,110.54,0.6544
8449,157.7,0.5854
8450,178.22,0.4865
8451,165.15,0.4806
8452,6.0,0.4678
8453,103.18,0.4366
8454,141.88,0.3088
8455,139.46,0.4459
8456,6.74,0.4742
8457,176.03,0.4837
8458,138.22,0.4883
8459,153.63,0.5985
8460,145.13,0.5894
8461,143.49,0.609
8462,164.74,0.4889
8463,162.47,0.3762
8464,4.74,0.4622
8465,5.44,0.5317
8466,250.1,0.4904
8467,250.83,0.6889
8468,111.35,0.7166
8469,250.78,0.5197
8470,39.8,0.3222
8471,6.0,0.2377
8472,5.93,0.1226
8473,6.56,0.2151
8474,108.08,0.3076
8475,154.46,0.3076
8476,120.77,0.4153
8477,5.88,0.5206
8478,140.08,0.5183
8479,238.63,0.5384
8480,151.66,0.5393
8481,145.7,0.4309
8482,7.0,0.4372
8483,5.6,0.5133
8484,246.44,0.5067
8485,246.1,0.61
8486,137.54,0.7141
8487,135.07,0.6715
8488,134.63,0.6719
8489,193.62,0.7598
8490,246.58,0.7975
8491,246.58,0.6938
8492,181.82,0.7234
8493,5.96,0.7086
8494,230.36,0.5135
8495,228.25,0.37
8496,4.67,0.4797
8497,3.9,0.4041
8498,141.93,0.3357
8499,136.69,0.4413
8500,143.44,0.5643
8501,135.62,0.5727
8502,156.4,0.6193
8503,152.34,0.5072
8504,194.44,0.505
8505,4.41,0.5413
8506,132.9,0.5261
8507,201.39,0.371
8508,133.49,0.3715
8509,2.24,0.4367
8510,4.98,0.4275
8511,213.71,0.4454
8512,189.96,0.5593
8513,155.7,0.6816
8514,143.53,0.6365
8515,156.6,0.4877
8516,157.81,0.3678
8517,5.45,0.4387
8518,7.03,0.5154
8519,231.47,0.5911
8520,251.66,0.7857
8521,251.66,0.783
8522,246.78,0.704
8523,3.65,0.6919
8524,133.56,0.6064
8525,236.66,0.4113
8526,145.63,0.4119
8527,4.85,0.3078
8528,4.45,0.2396
8529,4.49,0.3103
8530,152.04,0.49
8531,233.35,0.4898
8532,227.62,0.491
8533,4.19,0.4943
8534,5.92,0.4276
8535,156.23,0.3797
8536,150.65,0.4415
8537,168.22,0.6022
8538,80.76,0.6526
8539,205.14,0.7068
8540,218.79,0.7483
8541,217.78,0.86
8542,219.67,0.8094
8543,219.35,0.7555
8544,142.31,0.584
8545,152.03,0.5376
8546,5.07,0.4696
8547,162.18,0.4647
8548,135.01,0.4659
8549,136.3,0.586
8550,153.47,0.6446
8551,153.94,0.6253
8552,234.89,0.5194
8553,111.08,0.3997
8554,4.99,0.4689
8555,5.02,0.4282
8556,239.77,0.342
8557,184.48,0.4496
8558,4.23,0.6144
8559,138.34,0.5921
8560,209.37,0.6343
8561,212.14,0.8218
8562,236.72,0.8922
8563,236.74,0.7281
8564,225.67,0.5635
8565,5.88,0.4868
8566,8.04,0.4756
8567,141.66,0.4729
8568,222.81,0.6437
8569,222.29,0.7595
8570,217.68,0.6494
8571,151.63,0.4747
8572,5.15,0.2997
8573,6.15,0.2462
8574,5.36,0.2502
8575,151.32,0.3525
8576,156.65,0.3515
8577,131.94,0.3519
8578,4.95,0.4278
8579,5.8,0.4969
8580,245.51,0.5901
8581,242.24,0.7444
8582,247.59,0.7432
8583,196.21,0.5488
8584,4.3,0.479
8585,4.46,0.408
8586,155.73,0.3855
8587,159.58,0.5712
8588,168.3,0.6285
8589,234.58,0.508
8590,75.47,0.3859
8591,6.32,0.2566
8592,8.13,0.0723
8593,8.05,0.0167
8594,6.08,0.1796
8595,6.47,0.3496
8596,208.36,0.5135
8597,218.9,0.5119
8598,211.26,0.511
8599,4.04,0.3468
8600,5.34,0.3068
8601,4.86,0.3097
8602,169.26,0.4557
8603,214.84,0.4557
8604,185.05,0.4567
8605,5.44,0.4402
8606,6.02,0.3813
8607,148.88,0.3877
8608,141.82,0.5789
8609,192.96,0.7729
8610,242.42,0.8084
8611,246.64,0.6989
8612,192.89,0.5485
8613,5.98,0.3586
8614,6.6,0.3402
8615,6.91,0.3834
8616,223.87,0.5746
8617,246.4,0.5743
8618,243.0,0.7601
8619,6.32,0.7819
8620,237.17,0.7703
8621,250.91,0.774
8622,232.05,0.9688
8623,247.6,0.7805
8624,247.84,0.6898
8625,3.75,0.6732
8626,138.37,0.6687
8627,211.56,0.6603
8628,241.93,0.8378
8629,237.43,0.9018
8630,223.88,0.8825
8631,217.73,0.818
8632,187.59,0.6316
8633,161.99,0.4565
8634,6.25,0.2852
8635,6.84,0.3154
8636,5.35,0.3664
8637,225.03,0.4674
8638,225.18,0.4646
8639,131.5,0.6602
8640,3.42,0.6767
8641,247.8,0.6933
8642,245.53,0.7844
8643,245.7,0.9625
8644,244.49,0.7671
8645,224.3,0.7421
8646,5.46,0.7298
8647,214.54,0.7308
8648,230.47,0.7437
8649,245.69,0.9388
8650,240.32,0.9571
8651,247.4,0.9578
8652,237.22,0.9421
8653,231.32,0.752
8654,226.16,0.557
8655,4.71,0.568
8656,5.63,0.5662
8657,250.84,0.4072
8658,229.03,0.4074
8659,29.08,0.5848
8660,4.94,0.5644
8661,225.58,0.5661
8662,225.58,0.7399
8663,231.12,0.8209
8664,244.55,0.6455
8665,105.34,0.6612
8666,8.18,0.6724
8667,245.01,0.6672
8668,244.96,0.7808
8669,238.12,0.9548
8670,246.19,0.9429
8671,223.9,0.9165
8672,230.29,0.9167
8673,212.23,0.9097
8674,238.41,0.7324
8675,237.51,0.6464
8676,4.07,0.5932
8677,123.59,0.5113
8678,146.35,0.3248
8679,136.85,0.3266
8680,6.25,0.3412
8681,6.25,0.3933
8682,141.74,0.4521
8683,210.98,0.635
8684,209.68,0.8286
8685,233.04,0.9129
8686,246.28,0.7451
8687,246.28,0.5789
8688,2.94,0.3966
8689,3.56,0.2027
8690,7.0,0.1139
8691,5.96,0.242
8692,136.1,0.4347
8693,161.78,0.6246
8694,242.56,0.8143
8695,242.44,0.8837
8696,241.18,0.9328
8697,222.15,0.9329
8698,222.64,0.7401
8699,242.71,0.5492
8700,3.3,0.5268
8701,4.52,0.4992
8702,194.42,0.4724
8703,188.36,0.63
8704,209.52,0.8208
8705,198.64,0.8197
8706,241.11,0.8318
8707,193.11,0.667
8708,203.37,0.6228
8709,5.13,0.5424
8710,143.81,0.3921
8711,141.44,0.233
8712,6.74,0.2354
8713,6.1,0.125
8714,8.12,0.0159
8715,7.0,0.0153
8716,6.15,0.1166
8717,5.99,0.2216
8718,131.76,0.3282
8719,138.29,0.3276
8720,139.08,0.436
8721,5.39,0.4969
8722,140.41,0.5505
8723,207.27,0.6036
8724,204.77,0.7937
8725,204.93,0.8832
8726,241.12,0.9187
8727,251.34,0.7561
8728,251.28,0.7437
8729,3.24,0.7358
8730,189.54,0.7137
8731,231.29,0.6535
8732,223.91,0.7806
8733,176.63,0.7885
8734,160.86,0.6082
8735,199.34,0.4324
8736,7.78,0.2948
8737,5.95,0.2978
8738,5.99,0.2747
8739,164.58,0.3814
8740,170.69,0.4998
8741,140.08,0.6405
8742,152.71,0.662
8743,180.43,0.6487
8744,191.22,0.7344
8745,154.22,0.6138
8746,246.43,0.6152
8747,3.12,0.6501
8748,182.22,0.7115
8749,234.4,0.7096
8750,230.45,0.9025
8751,243.96,0.9267
8752,242.4,0.8405
8753,212.18,0.7622
8754,127.52,0.6943
8755,133.4,0.5018
8756,159.76,0.3336
8757,3.72,0.4089
8758,3.62,0.4771
8759,220.82,0.4788
8760,217.95,0.479
8761,161.94,0.5876
8762,4.01,0.5148
8763,138.24,0.4525
8764,130.5,0.4794
8765,140.78,0.593
8766,195.19,0.4861
8767,144.88,0.4915
8768,5.69,0.4785
8769,137.23,0.4865
8770,124.64,0.543
8771,205.18,0.6971
8772,214.94,0.7814
8773,196.66,0.87
8774,241.77,0.8805
8775,234.52,0.8824
8776,218.19,0.7286
8777,217.36,0.5384
8778,5.89,0.4609
8779,5.95,0.4096
8780,138.51,0.2407
8781,154.5,0.2389
8782,7.96,0.4201
8783,3.71,0.488
8784,230.6,0.5413
8785,222.62,0.7102
8786,220.62,0.8864
8787,217.38,0.8744
8788,222.14,0.6982
8789,215.75,0.6509
8790,4.24,0.5987
8791,161.96,0.5437
8792,152.59,0.4942
8793,154.0,0.6167
8794,154.37,0.6444
8795,156.15,0.6897
8796,196.31,0.5704
8797,208.68,0.5584
8798,6.11,0.6338
8799,139.53,0.6766
8800,249.55,0.5124
8801,249.42,0.5113
8802,5.1,0.5851
8803,4.76,0.5138
8804,231.03,0.486
8805,161.16,0.6174
8806,214.92,0.6174
8807,168.0,0.4351
8808,4.8,0.4725
8809,5.01,0.4978
8810,207.45,0.4846
8811,246.38,0.6249
8812,151.57,0.6378
8813,178.78,0.4743
8814,21.02,0.3927
8815,4.7,0.4292
8816,145.27,0.4095
8817,196.78,0.3987
8818,154.29,0.5114
8819,7.68,0.5571
8820,144.47,0.5231
8821,201.92,0.4039
8822,154.58,0.4955
8823,6.5,0.5773
8824,121.32,0.5965
8825,245.84,0.6617
8826,225.72,0.846
8827,235.43,0.9212
8828,234.94,0.9164
8829,214.65,0.932
8830,239.82,0.9402
8831,245.07,0.9494
8832,245.63,0.9747
8833,246.4,0.8933
8834,245.98,0.8044
8835,138.88,0.6103
8836,134.81,0.4166
8837,5.02,0.2232
8838,6.24,0.2194
8839,6.17,0.239
8840,134.24,0.4264
8841,159.11,0.4248
8842,237.26,0.6074
8843,4.34,0.6663
8844,232.54,0.7255
8845,207.3,0.6966
8846,232.46,0.8594
8847,201.48,0.6925
8848,206.11,0.6233
8849,25.59,0.5607
8850,121.53,0.5257
8851,154.89,0.4619
8852,158.12,0.5517
8853,126.93,0.5897
8854,137.0,0.6365
8855,168.57,0.6743
8856,212.94,0.7331
8857,204.95,0.6264
8858,199.91,0.4955
8859,4.72,0.4328
8860,6.27,0.4418
8861,135.18,0.3899
8862,216.08,0.3903
8863,135.54,0.3889
8864,5.25,0.2844
8865,4.5,0.2202
8866,5.68,0.2932
8867,136.42,0.4733
8868,226.12,0.4742
8869,228.5,0.6667
8870,5.67,0.7395
8871,244.31,0.7344
8872,226.64,0.6888
8873,219.84,0.8419
8874,172.0,0.7913
8875,195.47,0.6122
8876,181.54,0.4397
8877,4.64,0.3049
8878,5.86,0.1526
8879,4.92,0.1193
8880,6.63,0.2947
8881,140.21,0.2936
8882,222.16,0.292
8883,4.52,0.3835
8884,2.93,0.4416
8885,120.03,0.4079
8886,212.29,0.5895
8887,180.42,0.7741
8888,229.66,0.8721
8889,231.79,0.8968
8890,241.5,0.8638
8891,242.94,0.7913
8892,139.45,0.7992
8893,139.79,0.7029
8894,241.57,0.6099
8895,122.11,0.6051
8896,127.66,0.659
8897,133.43,0.6379
8898,206.72,0.6788
8899,215.38,0.6859
8900,172.78,0.7588
8901,136.49,0.7874
8902,223.89,0.6175
8903,242.12,0.4819
8904,4.75,0.5577
8905,4.67,0.5728
8906,230.46,0.573
8907,242.6,0.7653
8908,242.4,0.7654
8909,243.17,0.5847
8910,4.8,0.4947
8911,6.4,0.4685
8912,131.04,0.3944
8913,209.82,0.3959
8914,151.39,0.3963
8915,6.55,0.2955
8916,6.96,0.2403
8917,6.05,0.241
8918,141.42,0.2416
8919,152.26,0.2407
8920,7.21,0.3571
8921,5.84,0.3689
8922,150.35,0.342
8923,156.09,0.4316
8924,118.91,0.6156
8925,118.3,0.6842
8926,233.94,0.7541
8927,235.44,0.8431
8928,242.8,0.9299
8929,229.26,0.9303
8930,225.91,0.8429
8931,234.45,0.6534
8932,127.04,0.6636
8933,7.9,0.6694
8934,241.86,0.6743
8935,233.12,0.5756
8936,240.54,0.5741
8937,4.67,0.3846
8938,5.95,0.2035
8939,6.99,0.0145
8940,8.58,0.0141
8941,6.12,0.2073
8942,4.27,0.4031
8943,245.43,0.4
8944,249.73,0.4969
8945,4.79,0.6926
8946,126.28,0.6936
8947,246.87,0.691
8948,246.72,0.883
8949,246.49,0.9418
8950,242.8,0.7473
8951,199.19,0.5525
8952,5.8,0.3588
8953,5.2,0.334
8954,6.32,0.3414
8955,211.95,0.5133
8956,208.44,0.5142
8957,218.94,0.7099
8958,6.32,0.7339
8959,248.89,0.5699
8960,241.68,0.5871
8961,5.18,0.7831
8962,240.25,0.7778
8963,249.37,0.5851
8964,242.26,0.5852
8965,2.81,0.5102
8966,5.25,0.4202
8967,147.3,0.3528
8968,137.79,0.4611
8969,158.62,0.6394
8970,137.15,0.6863
8971,226.34,0.7058
8972,205.44,0.743
8973,161.92,0.8068
8974,204.84,0.8008
8975,216.24,0.8356
8976,218.87,0.866
8977,248.58,0.8939
8978,199.58,0.9201
8979,239.46,0.9245
8980,248.68,0.7276
8981,224.28,0.6766
8982,4.48,0.6555
8983,136.43,0.5713
8984,213.31,0.3952
8985,144.21,0.5081
8986,6.0,0.57
8987,144.36,0.5735
8988,213.23,0.6563
8989,217.69,0.836
8990,246.85,0.9043
8991,228.84,0.9171
8992,228.94,0.7446
8993,229.11,0.5496
8994,3.88,0.3683
8995,5.0,0.3074
8996,4.15,0.2439
8997,153.34,0.4129
8998,150.46,0.5781
8999,213.42,0.7434
9000,209.78,0.7353
9001,209.14,0.6241
9002,143.31,0.6517
9003,12.52,0.6828
9004,247.7,0.5218
9005,248.27,0.4893
9006,9.56,0.599
9007,102.99,0.5811
9008,148.58,0.5059
9009,225.46,0.6229
9010,155.05,0.5437
9011,154.62,0.5411
9012,4.75,0.5328
9013,145.35,0.5752
9014,215.22,0.6114
9015,207.59,0.7926
9016,199.52,0.7959
9017,229.47,0.7365
9018,149.46,0.7448
9019,141.54,0.5887
9020,217.86,0.4084
9021,6.0,0.2908
9022,5.84,0.3019
9023,3.67,0.2536
9024,155.4,0.3671
9025,157.87,0.3661
9026,146.71,0.556
9027,4.62,0.6266
9028,239.16,0.693
9029,242.98,0.7688
9030,240.15,0.9465
9031,240.74,0.7583
9032,224.92,0.7626
9033,5.75,0.7705
9034,248.35,0.7705
9035,249.95,0.7792
9036,240.69,0.9569
9037,235.8,0.9551
9038,225.97,0.9122
9039,246.12,0.912
9040,196.86,0.8693
9041,240.36,0.6921
9042,182.86,0.499
9043,6.25,0.4666
9044,6.74,0.4008
9045,156.66,0.2928
9046,158.87,0.4037
9047,48.84,0.5244
9048,143.85,0.5136
9049,156.33,0.5109
9050,143.3,0.6652
9051,155.57,0.7426
9052,240.1,0.7678
9053,239.84,0.7902
9054,187.58,0.8051
9055,171.06,0.813
9056,174.04,0.8029
9057,249.86,0.8531
9058,227.38,0.8963
9059,249.73,0.9472
9060,224.7,0.9371
9061,237.1,0.7572
9062,237.38,0.6792
9063,4.34,0.6981
9064,152.99,0.706
9065,248.16,0.5187
9066,246.88,0.519
9067,5.08,0.5527
9068,4.79,0.4639
9069,194.78,0.378
9070,137.98,0.4925
9071,140.48,0.4943
9072,147.06,0.3429
9073,7.0,0.3663
9074,7.03,0.4217
9075,167.01,0.4975
9076,209.16,0.6862
9077,240.96,0.8625
9078,241.0,0.8538
9079,225.66,0.8243
9080,156.22,0.737
9081,172.52,0.7125
9082,132.71,0.5357
9083,210.64,0.5133
9084,6.5,0.4904
9085,128.42,0.5073
9086,144.17,0.3413
9087,153.66,0.3408
9088,4.78,0.4033
9089,5.9,0.4283
9090,205.91,0.4295
9091,175.14,0.6073
9092,155.14,0.8045
9093,225.28,0.7995
9094,250.35,0.8527
9095,199.73,0.8493
9096,241.1,0.7953
9097,150.92,0.7084
9098,158.29,0.6608
9099,142.61,0.6146
9100,140.8,0.4982
9101,183.78,0.376
9102,6.6,0.266
9103,6.78,0.2671
9104,6.25,0.2462
9105,142.17,0.369
9106,157.8,0.3682
9107,158.89,0.4788
9108,5.78,0.4931
9109,143.46,0.479
9110,159.82,0.5495
9111,140.32,0.7157
9112,246.36,0.6037
9113,211.84,0.4782
9114,4.5,0.3692
9115,4.3,0.2706
9116,5.19,0.2201
9117,124.12,0.3398
9118,149.18,0.3412
9119,152.9,0.3405
9120,6.04,0.2443
9121,4.36,0.1276
9122,4.84,0.0076
9123,4.49,0.0062
9124,4.06,0.1738
9125,4.36,0.3395
9126,212.15,0.4609
9127,210.31,0.4624
9128,154.92,0.5695
9129,6.0,0.5799
9130,137.12,0.5268
9131,225.04,0.5573
9132,144.49,0.7147
9133,192.7,0.6068
9134,201.12,0.428
9135,3.45,0.3149
9136,3.3,0.3554
9137,4.3,0.3618
9138,242.91,0.4744
9139,208.98,0.6062
9140,143.12,0.7839
9141,166.73,0.7443
9142,224.57,0.5796
9143,193.86,0.4684
9144,4.78,0.428
9145,5.2,0.4275
9146,116.69,0.4125
9147,223.93,0.4118
9148,175.26,0.6063
9149,3.93,0.71
9150,246.36,0.6968
9151,245.22,0.7298
9152,207.54,0.8925
9153,216.24,0.8684
9154,205.68,0.7695
9155,216.39,0.6069
9156,122.57,0.4661
9157,6.01,0.4351
9158,41.62,0.3791
9159,167.32,0.457
9160,146.88,0.6129
9161,219.21,0.5846
9162,199.29,0.4562
9163,6.58,0.3456
9164,8.09,0.1752
9165,9.71,0.2067
9166,8.0,0.3933
9167,238.25,0.3892
9168,237.97,0.3858
9169,3.05,0.5029
9170,5.41,0.429
9171,153.24,0.3565
9172,146.66,0.4745
9173,148.02,0.5888
9174,149.36,0.4697
9175,147.12,0.3558
9176,5.64,0.242
9177,5.36,0.2582
9178,7.0,0.2618
9179,169.46,0.3699
9180,151.58,0.3693
9181,139.65,0.4902
9182,4.59,0.4837
9183,156.83,0.3661
9184,161.46,0.3692
9185,5.76,0.487
9186,143.47,0.4864
9187,150.66,0.3615
9188,156.14,0.3616
9189,6.62,0.3748
9190,5.84,0.377
9191,159.8,0.3693
9192,153.38,0.4632
9193,146.65,0.4619
9194,123.04,0.337
9195,4.24,0.3922
9196,4.88,0.4485
9197,221.9,0.5354
9198,216.38,0.688
9199,230.83,0.8646
9200,193.4,0.8637
9201,223.87,0.8025
9202,220.77,0.7988
9203,140.45,0.8341
9204,226.27,0.6588
9205,237.22,0.6698
9206,6.46,0.7495
9207,234.51,0.7597
9208,239.2,0.5757
9209,238.98,0.677
9210,9.05,0.6861
9211,132.08,0.6711
9212,245.74,0.6486
9213,220.59,0.83
9214,211.14,0.7269
9215,233.91,0.5317
9216,4.28,0.357
9217,3.7,0.191
9218,4.01,0.0065
9219,5.25,0.0074
9220,5.25,0.1171
9221,5.34,0.2217
9222,139.71,0.3695
9223,133.73,0.473
9224,188.53,0.4721
9225,133.56,0.4718
9226,4.25,0.492
9227,139.31,0.4638
9228,158.74,0.3619
9229,153.56,0.4653
9230,7.25,0.4812
9231,132.42,0.4885
9232,159.01,0.56
9233,167.84,0.738
9234,242.24,0.8268
9235,227.86,0.8711
9236,242.54,0.9283
9237,213.9,0.8981
9238,238.84,0.9015
9239,204.82,0.8776
9240,232.09,0.8535
9241,212.79,0.6657
9242,184.07,0.5053
9243,6.0,0.3226
9244,5.96,0.1559
9245,5.55,0.012
9246,6.07,0.1113
9247,5.65,0.3076
9248,129.1,0.4223
9249,249.4,0.4202
9250,147.77,0.5991
9251,3.51,0.6764
9252,227.37,0.5875
9253,224.97,0.5908
9254,139.22,0.6983
9255,151.79,0.5212
9256,136.88,0.5303
9257,7.79,0.6021
9258,236.24,0.6574
9259,228.18,0.7421
9260,220.44,0.917
9261,241.9,0.7311
9262,224.54,0.6687
9263,5.76,0.6855
9264,150.9,0.6711
9265,241.22,0.4935
9266,224.03,0.4932
9267,4.39,0.5492
9268,5.3,0.36
9269,220.42,0.1833
9270,6.57,0.3003
9271,5.0,0.4131
9272,149.42,0.3593
9273,145.16,0.5307
9274,153.76,0.6531
9275,219.04,0.703
9276,156.78,0.7683
9277,211.24,0.6497
9278,226.17,0.6348
9279,6.64,0.706
9280,200.68,0.6794
9281,245.02,0.6794
9282,178.21,0.8615
9283,226.2,0.8571
9284,232.4,0.8321
9285,195.24,0.8095
9286,214.0,0.7381
9287,150.19,0.7359
9288,137.76,0.7652
9289,229.58,0.5958
9290,231.62,0.4778
9291,3.94,0.3705
9292,3.87,0.189
9293,4.74,0.1882
9294,4.5,0.3668
9295,230.73,0.3667
9296,225.3,0.3663
9297,3.79,0.3661
9298,4.25,0.1835
9299,4.24,0.0051
9300,4.38,0.0058
9301,4.08,0.0072
9302,4.58,0.0071
9303,5.99,0.0071
9304,4.21,0.0074
9305,4.3,0.0084
9306,4.5,0.0096
9307,5.84,0.1228
9308,7.49,0.3201
9309,144.54,0.5161
9310,248.9,0.5185
9311,247.55,0.5208
9312,8.85,0.5973
9313,10.26,0.5751
9314,239.46,0.5544
9315,221.33,0.7072
9316,221.92,0.8806
9317,198.31,0.7912
9318,225.21,0.6163
9319,128.59,0.6326
9320,4.48,0.6732
9321,242.18,0.6919
9322,248.55,0.7851
9323,248.41,0.8934
9324,244.12,0.8566
9325,138.78,0.8032
9326,196.62,0.6068
9327,182.37,0.4114
9328,4.81,0.4541
9329,1.87,0.4679
9330,191.68,0.3232
9331,213.84,0.4525
9332,2.94,0.6229
9333,165.06,0.6427
9334,213.14,0.6129
9335,216.32,0.7428
9336,176.89,0.7657
9337,163.98,0.7238
9338,193.39,0.7319
9339,161.21,0.7718
9340,226.42,0.8377
9341,226.3,0.88
9342,245.7,0.9385
9343,245.79,0.9448
9344,233.85,0.9561
9345,234.14,0.9537
9346,240.35,0.7739
9347,242.7,0.5885
9348,22.87,0.5711
9349,3.98,0.5478
9350,212.59,0.4576
9351,211.4,0.4415
9352,130.94,0.5653
9353,2.92,0.5252
9354,157.48,0.4727
9355,162.8,0.4777
9356,146.35,0.5941
9357,137.12,0.6512
9358,147.25,0.5246
9359,228.32,0.4122
9360,5.8,0.4931
9361,6.92,0.491
9362,237.42,0.4308
9363,144.73,0.6154
9364,153.6,0.8108
9365,234.67,0.8207
9366,249.3,0.8782
9367,249.65,0.7596
9368,216.06,0.7434
9369,6.5,0.7094
9370,214.56,0.6288
9371,207.12,0.4578
9372,149.72,0.5703
9373,4.08,0.5558
9374,145.96,0.5553
9375,196.67,0.5503
9376,206.4,0.6504
9377,143.51,0.684
9378,128.2,0.6984
9379,187.72,0.5368
9380,214.48,0.5036
9381,6.05,0.5681
9382,102.34,0.619
9383,208.15,0.4507
9384,250.82,0.4516
9385,5.78,0.3729
9386,7.2,0.2085
9387,4.85,0.0095
9388,4.3,0.0107
9389,4.01,0.124
9390,7.24,0.2998
9391,147.76,0.2998
9392,222.75,0.3
9393,4.36,0.404
9394,4.28,0.4236
9395,136.11,0.3787
9396,172.12,0.555
9397,167.1,0.6526
9398,222.85,0.5477
9399,125.33,0.5296
9400,6.03,0.4776
9401,149.69,0.4255
9402,102.69,0.4872
9403,158.16,0.6642
9404,201.89,0.7243
9405,225.47,0.7758
9406,224.25,0.6537
9407,166.51,0.4958
9408,6.72,0.3205
9409,6.15,0.2655
9410,8.16,0.2589
9411,156.01,0.3681
9412,158.33,0.3673
9413,142.14,0.5402
9414,5.22,0.5709
9415,222.51,0.6243
9416,194.02,0.7088
9417,224.6,0.8971
9418,246.89,0.7226
9419,238.7,0.7216
9420,6.05,0.7395
9421,192.78,0.6546
9422,246.86,0.6315
9423,141.59,0.8116
9424,210.13,0.659
9425,229.29,0.5478
9426,3.59,0.6078
9427,108.94,0.5453
9428,216.03,0.3637
9429,132.66,0.365
9430,4.1,0.4298
9431,5.15,0.4211
9432,189.4,0.3815
9433,205.19,0.5051
9434,83.59,0.6273
9435,157.38,0.6688
9436,156.58,0.6308
9437,240.9,0.6927
9438,158.09,0.7398
9439,160.28,0.7889
9440,215.82,0.7048
9441,217.41,0.5813
9442,136.65,0.4549
9443,4.98,0.2844
9444,3.53,0.2121
9445,4.5,0.2967
9446,127.73,0.4833
9447,241.56,0.6747
9448,236.28,0.6748
9449,240.8,0.772
9450,4.63,0.7761
9451,248.27,0.7149
9452,246.69,0.5239
9453,160.36,0.525
9454,4.03,0.443
9455,5.99,0.3824
9456,146.53,0.3721
9457,171.62,0.4917
9458,147.6,0.668
9459,152.29,0.7245
9460,224.63,0.5914
9461,216.51,0.4777
9462,6.65,0.3602
9463,6.65,0.184
9464,6.55,0.1857
9465,6.2,0.2905
9466,218.63,0.4694
9467,136.48,0.6278
9468,228.5,0.7369
9469,203.02,0.5634
9470,141.42,0.5651
9471,3.55,0.5648
9472,138.57,0.5771
9473,228.08,0.4667
9474,218.26,0.4676
9475,4.59,0.4891
9476,4.63,0.4495
9477,165.29,0.4734
9478,178.88,0.5843
9479,247.96,0.5849
9480,142.15,0.4573
9481,5.38,0.5087
9482,6.96,0.5047
9483,242.66,0.5206
9484,243.04,0.5195
9485,161.81,0.5187
9486,4.01,0.3268
9487,5.96,0.2452
9488,4.79,0.2075
9489,141.84,0.3223
9490,115.05,0.4861
9491,146.38,0.6516
9492,209.06,0.732
9493,209.92,0.6434
9494,241.51,0.6116
9495,5.3,0.6158
9496,106.84,0.6191
9497,214.33,0.6043
9498,213.94,0.7803
9499,223.19,0.8854
9500,223.56,0.9051
9501,237.19,0.916
9502,238.71,0.9362
9503,227.46,0.9462
9504,248.22,0.9246
9505,236.0,0.9244
9506,210.39,0.904
9507,238.5,0.8682
9508,202.13,0.8421
9509,203.81,0.7896
9510,203.7,0.6019
9511,145.25,0.6274
9512,5.83,0.6541
9513,233.74,0.5959
9514,236.93,0.4822
9515,131.54,0.6728
9516,4.18,0.6698
9517,242.18,0.6737
9518,230.04,0.7614
9519,241.77,0.9439
9520,240.28,0.7534
9521,230.45,0.6526
9522,5.94,0.6563
9523,105.1,0.65
9524,246.35,0.6547
9525,232.47,0.8397
9526,236.22,0.9429
9527,235.35,0.9217
9528,233.11,0.7369
9529,220.04,0.549
9530,3.34,0.3634
9531,3.28,0.1791
9532,5.2,0.1693
9533,4.59,0.3291
9534,207.9,0.33
9535,201.47,0.435
9536,4.44,0.5936
9537,135.27,0.5504
9538,201.29,0.5527
9539,154.39,0.6928
9540,204.24,0.5879
9541,178.22,0.4292
9542,5.16,0.3083
9543,4.47,0.1507
9544,4.61,0.2065
9545,8.81,0.3927
9546,247.32,0.3957
9547,236.1,0.498
9548,8.14,0.692
9549,131.44,0.6938
9550,249.38,0.5057
9551,249.54,0.5011
9552,2.85,0.5739
9553,2.46,0.5687
9554,221.73,0.3723
9555,242.9,0.3742
9556,6.05,0.4897
9557,5.25,0.4802
9558,145.62,0.4536
9559,209.93,0.6379
9560,209.95,0.8144
9561,234.56,0.889
9562,224.06,0.9189
9563,238.1,0.9502
9564,247.09,0.9551
9565,248.74,0.9679
9566,240.56,0.8897
9567,239.98,0.6941
9568,141.17,0.4971
9569,4.52,0.3061
9570,4.46,0.1168
9571,3.84,0.0102
9572,5.24,0.1975
9573,8.95,0.3933
9574,236.74,0.4971
9575,247.25,0.5009
9576,132.54,0.5016
9577,9.91,0.506
9578,9.84,0.5021
9579,242.16,0.594
9580,242.46,0.5907
9581,246.45,0.5873
9582,5.85,0.5315
9583,5.65,0.5209
9584,172.91,0.4316
9585,229.4,0.4308
9586,135.76,0.6288
9587,4.85,0.6918
9588,251.08,0.7005
9589,251.06,0.5953
9590,240.18,0.5952
9591,5.3,0.3968
9592,4.7,0.3198
9593,5.07,0.2617
9594,155.68,0.3688
9595,168.1,0.3703
9596,138.13,0.4826
9597,6.5,0.5247
9598,144.28,0.5687
9599,207.97,0.6576
9600,222.6,0.8528
9601,248.38,0.74
9602,248.55,0.5749
9603,4.41,0.3999
9604,3.28,0.3905
9605,5.56,0.3524
9606,236.76,0.5135
9607,201.27,0.6261
9608,204.14,0.737
9609,143.0,0.6914
9610,143.06,0.7194
9611,180.18,0.7063
9612,235.96,0.5957
9613,187.94,0.5922
9614,5.82,0.5665
9615,138.73,0.5053
9616,148.33,0.3587
9617,160.02,0.4678
9618,6.21,0.4875
9619,141.14,0.4791
9620,163.12,0.46
9621,137.87,0.6435
9622,136.42,0.535
9623,233.7,0.4089
9624,6.66,0.3027
9625,6.71,0.3889
9626,6.18,0.3958
9627,243.33,0.5342
9628,242.24,0.5344
9629,178.23,0.7241
9630,6.95,0.723
9631,241.46,0.5309
9632,241.89,0.3893
9633,4.08,0.4906
9634,2.74,0.4901
9635,132.51,0.4916
9636,240.88,0.4912
9637,243.74,0.6381
9638,3.54,0.6865
9639,184.86,0.6509
9640,192.52,0.5973
9641,196.71,0.7079
9642,177.34,0.6702
9643,140.7,0.703
9644,138.11,0.7333
9645,233.2,0.779
9646,234.21,0.669
9647,234.01,0.6824
9648,4.3,0.6808
9649,154.76,0.683
9650,231.25,0.6935
9651,236.91,0.8884
9652,246.99,0.7666
9653,245.95,0.5837
9654,3.84,0.5715
9655,4.4,0.5594
9656,221.81,0.3896
9657,232.04,0.39
9658,35.36,0.5811
9659,4.39,0.597
9660,241.25,0.606
9661,241.6,0.7494
9662,243.11,0.8644
9663,213.25,0.6724
9664,146.89,0.5947
9665,3.26,0.5312
9666,145.2,0.5192
9667,164.38,0.5364
9668,198.36,0.6341
9669,168.29,0.637
9670,124.4,0.677
9671,148.78,0.6917
9672,213.99,0.6872
9673,216.58,0.7065
9674,162.65,0.7817
9675,148.33,0.8071
9676,242.02,0.6362
9677,245.56,0.5088
9678,4.68,0.5793
9679,4.68,0.5707
9680,235.66,0.5626
9681,231.38,0.7498
9682,235.59,0.93
9683,236.76,0.9244
9684,228.04,0.9228
9685,228.8,0.8588
9686,229.35,0.8237
9687,156.29,0.7957
9688,193.24,0.8081
9689,193.31,0.8201
9690,244.18,0.89
9691,244.16,0.9141
9692,242.96,0.9524
9693,223.13,0.7611
9694,240.76,0.7035
9695,7.0,0.65
9696,172.77,0.5902
9697,176.59,0.4
9698,149.07,0.4
9699,4.88,0.3832
9700,6.96,0.3618
9701,152.01,0.3608
9702,150.02,0.4816
9703,147.89,0.4785
9704,154.65,0.3593
9705,3.15,0.3535
9706,4.11,0.4089
9707,142.9,0.4615
9708,216.52,0.6576
9709,219.87,0.8132
9710,246.39,0.8193
9711,197.01,0.6485
9712,150.45,0.4753
9713,4.7,0.2812
9714,5.17,0.1264
9715,5.7,0.1329
9716,5.08,0.2983
9717,158.56,0.298
9718,209.76,0.2987
9719,4.8,0.3006
9720,6.53,0.1777
9721,7.48,0.2098
9722,6.17,0.4078
9723,249.55,0.5614
9724,250.25,0.6356
9725,197.05,0.8076
9726,99.4,0.78
9727,219.48,0.5826
9728,215.32,0.4292
9729,5.47,0.4621
9730,6.9,0.4572
9731,140.17,0.4274
9732,213.43,0.4278
9733,178.34,0.4263
9734,5.99,0.3186
9735,5.04,0.2597
9736,6.56,0.2874
9737,140.45,0.3807
9738,212.71,0.3809
9739,121.68,0.4857
9740,5.24,0.5083
9741,136.49,0.4497
9742,168.51,0.4691
9743,140.05,0.5677
9744,145.73,0.4618
9745,127.43,0.4481
9746,5.2,0.4863
9747,151.61,0.5516
9748,187.38,0.6445
9749,226.67,0.8361
9750,242.67,0.8173
9751,242.75,0.8507
9752,128.25,0.8563
9753,228.8,0.8614
9754,233.58,0.6705
9755,249.06,0.7503
9756,6.08,0.7571
9757,227.13,0.7534
9758,237.22,0.5563
9759,228.99,0.6653
9760,4.7,0.6234
9761,141.22,0.5671
9762,175.27,0.5422
9763,167.36,0.6954
9764,198.13,0.7692
9765,194.63,0.8147
9766,232.66,0.6835
9767,231.73,0.6007
9768,4.68,0.5901
9769,95.47,0.5661
9770,181.47,0.4932
9771,202.96,0.6776
9772,141.27,0.6053
9773,233.41,0.4637
9774,5.77,0.3049
9775,5.9,0.195
9776,6.05,0.2033
9777,5.03,0.3959
9778,243.71,0.3974
9779,244.51,0.4006
9780,7.82,0.4994
9781,10.0,0.4939
9782,127.52,0.489
9783,236.97,0.6793
9784,238.36,0.7923
9785,243.8,0.6943
9786,150.1,0.5079
9787,6.02,0.3195
9788,5.84,0.2522
9789,4.74,0.3266
9790,160.44,0.4718
9791,242.27,0.4707
9792,186.08,0.4701
9793,4.43,0.5055
9794,4.08,0.5052
9795,204.34,0.3581
9796,241.9,0.5377
9797,3.61,0.6939
9798,227.18,0.6796
9799,197.68,0.49
9800,186.62,0.6008
9801,6.85,0.5437
9802,140.9,0.5728
9803,156.44,0.6091
9804,233.76,0.7547
9805,231.59,0.8433
9806,187.4,0.8858
9807,250.75,0.8988
9808,209.18,0.9135
9809,249.92,0.9514
9810,249.74,0.942
9811,234.46,0.8866
9812,239.05,0.8019
9813,140.52,0.7709
9814,144.9,0.7614
9815,211.32,0.5743
9816,222.59,0.4665
9817,7.14,0.4761
9818,6.82,0.4305
9819,156.82,0.3648
9820,154.81,0.4734
9821,141.15,0.6393
9822,141.72,0.7074
9823,212.53,0.7765
9824,241.25,0.8585
9825,240.46,0.9354
9826,242.84,0.9637
9827,237.06,0.9615
9828,247.63,0.9588
9829,238.58,0.7675
9830,237.07,0.5815
9831,5.69,0.3864
9832,6.42,0.1992
9833,5.72,0.2045
9834,6.42,0.3996
9835,243.63,0.5662
9836,247.59,0.5644
9837,213.02,0.6827
9838,3.55,0.6742
9839,153.09,0.6535
9840,233.0,0.4848
9841,222.0,0.6734
9842,3.84,0.7392
9843,237.34,0.6628
9844,234.79,0.6259
9845,138.18,0.6249
9846,176.22,0.4375
9847,2.62,0.3742
9848,5.02,0.4465
9849,156.28,0.5005
9850,227.88,0.6953
9851,243.09,0.8864
9852,244.15,0.9566
9853,242.01,0.8515
9854,243.28,0.6625
9855,97.58,0.4708
9856,8.83,0.279
9857,6.42,0.1882
9858,4.24,0.22
9859,130.62,0.3553
9860,137.12,0.3542
9861,176.54,0.3563
9862,5.04,0.4493
9863,6.79,0.5328
9864,245.96,0.5847
9865,240.62,0.7642
9866,240.96,0.9532
9867,227.55,0.9402
9868,241.12,0.9404
9869,229.89,0.9453
9870,240.88,0.9616
9871,246.98,0.953
9872,247.74,0.9385
9873,230.5,0.9408
9874,211.87,0.9176
9875,243.74,0.8906
9876,218.29,0.8221
9877,214.27,0.6538
9878,145.56,0.6594
9879,3.15,0.6536
9880,250.76,0.4849
9881,211.01,0.3712
9882,5.14,0.4635
9883,4.6,0.3887
9884,117.6,0.3404
9885,157.94,0.4488
9886,151.17,0.6042
9887,139.48,0.7116
9888,197.29,0.6506
9889,250.83,0.6392
9890,82.34,0.7066
9891,137.0,0.7145
9892,223.0,0.5168
9893,207.08,0.4539
9894,5.7,0.5281
9895,4.39,0.542
9896,228.93,0.4435
9897,240.33,0.4438
9898,84.87,0.6059
9899,6.16,0.5542
9900,205.38,0.4712
9901,164.72,0.4058
9902,137.46,0.5914
9903,3.78,0.5708
9904,236.32,0.6052
9905,179.81,0.6018
9906,207.4,0.7548
9907,133.18,0.7595
9908,193.47,0.8078
9909,242.24,0.6443
9910,239.72,0.644
9911,4.66,0.6691
9912,132.74,0.5803
9913,224.66,0.3902
9914,132.08,0.3899
9915,4.1,0.2856
9916,4.25,0.1086
9917,3.44,0.0066
9918,5.16,0.0092
9919,5.65,0.1326
9920,7.25,0.253
9921,157.31,0.3555
9922,152.72,0.3978
9923,132.22,0.5176
9924,58.17,0.5165
9925,155.78,0.5076
9926,155.86,0.5126
9927,141.7,0.5986
9928,138.46,0.6442
9929,164.79,0.6722
9930,212.34,0.7107
9931,190.49,0.78
9932,189.5,0.8132
9933,224.35,0.6464
9934,205.95,0.497
9935,5.5,0.3471
9936,5.3,0.1704
9937,3.62,0.0096
9938,5.3,0.0104
9939,6.64,0.2057
9940,6.47,0.3713
9941,247.45,0.3709
9942,208.91,0.3696
9943,4.82,0.5494
9944,4.96,0.5358
9945,229.46,0.5561
9946,230.62,0.7523
9947,234.05,0.9149
9948,248.08,0.7335
9949,206.48,0.716
9950,4.65,0.7081
9951,208.86,0.6901
9952,224.26,0.5286
9953,225.8,0.5303
9954,6.24,0.3667
9955,6.75,0.1892
9956,6.02,0.0108
9957,4.2,0.011
9958,4.62,0.0105
9959,6.4,0.1018
9960,6.16,0.2089
9961,119.18,0.3106
9962,136.99,0.3091
9963,130.75,0.3075
9964,4.54,0.4067
9965,4.21,0.4202
9966,242.14,0.5009
9967,153.72,0.6771
9968,230.77,0.6768
9969,223.08,0.4855
9970,3.86,0.3658
9971,4.95,0.1837
9972,5.22,0.1572
9973,5.04,0.2912
9974,190.2,0.291
9975,170.04,0.468
9976,4.67,0.5723
9977,224.72,0.559
9978,134.36,0.4261
9979,173.69,0.6129
9980,5.22,0.5491
9981,236.36,0.5689
9982,145.62,0.4333
9983,158.93,0.5197
9984,5.46,0.5306
9985,112.39,0.5994
9986,249.81,0.6497
9987,231.01,0.8341
9988,221.23,0.7472
9989,234.08,0.5499
9990,4.71,0.5651
9991,5.16,0.4925
9992,249.92,0.4249
9993,131.15,0.5439
9994,150.29,0.7024
9995,152.2,0.6441
9996,201.73,0.6506
9997,177.6,0.5314
9998,139.22,0.4129
9999,2.54,0.2544
10000,5.26,0.3112
10001,5.14,0.3985
10002,248.12,0.5536
10003,247.38,0.5526
10004,194.85,0.6532
10005,4.08,0.5636
10006,129.88,0.4867
10007,136.96,0.4581
10008,152.05,0.5878
10009,159.44,0.6842
10010,164.79,0.7739
10011,249.43,0.6563
10012,248.23,0.6307
10013,6.2,0.6915
10014,127.75,0.6874
10015,240.18,0.6598
10016,244.35,0.8499
10017,214.02,0.9204
10018,241.88,0.7315
10019,215.14,0.5381
10020,6.0,0.4725
10021,4.54,0.4461
10022,132.68,0.3829
10023,209.18,0.3814
10024,136.77,0.5796
10025,4.06,0.6736
10026,250.35,0.6862
10027,249.2,0.7558
10028,224.84,0.9284
10029,223.02,0.7297
10030,218.0,0.5328
10031,4.01,0.3563
10032,5.14,0.1804
10033,5.97,0.1718
10034,4.9,0.3678
10035,207.34,0.3678
10036,247.06,0.501
10037,5.16,0.6286
10038,171.12,0.6288
10039,163.08,0.4337
10040,207.62,0.4332
10041,5.12,0.4817
10042,4.55,0.5162
10043,231.23,0.3888
10044,205.94,0.3864
10045,49.56,0.563
10046,2.2,0.5627
10047,223.55,0.5722
10048,230.82,0.6618
10049,217.68,0.8105
10050,160.74,0.6349
10051,186.46,0.4535
10052,5.9,0.2826
10053,5.84,0.2543
10054,5.79,0.272
10055,125.74,0.4431
10056,208.42,0.4431
10057,217.93,0.6164
10058,5.87,0.6851
10059,220.71,0.6423
10060,210.83,0.596
10061,155.47,0.7129
10062,160.52,0.6565
10063,150.75,0.4915
10064,150.8,0.3709
10065,6.24,0.353
10066,5.98,0.3595
10067,138.25,0.3531
10068,158.82,0.5136
10069,142.92,0.6765
10070,205.24,0.7459
10071,207.91,0.8154
10072,224.25,0.7042
10073,245.1,0.7157
10074,4.95,0.7412
10075,219.6,0.6811
10076,239.48,0.5933
10077,149.76,0.73
10078,136.24,0.5578
10079,174.37,0.3696
10080,6.09,0.2547
10081,6.18,0.257
10082,7.36,0.3188
10083,139.06,0.5162
10084,250.93,0.5178
10085,250.9,0.5182
10086,8.13,0.603
10087,7.83,0.5972
10088,244.26,0.5437
10089,243.66,0.7226
10090,184.66,0.72
10091,229.88,0.5262
10092,4.58,0.4435
10093,4.07,0.4089
10094,141.09,0.349
10095,141.73,0.4656
10096,155.67,0.4652
10097,149.06,0.3545
10098,3.61,0.3519
10099,3.86,0.422
10100,138.49,0.415
10101,242.56,0.4141
10102,140.41,0.5945
10103,2.51,0.5941
10104,227.47,0.5105
10105,138.1,0.5442
10106,138.87,0.6593
10107,182.18,0.6009
10108,145.17,0.6658
10109,155.12,0.7474
10110,218.54,0.7924
10111,240.03,0.8681
10112,237.94,0.9336
10113,239.1,0.9464
10114,236.35,0.9442
10115,234.38,0.9535
10116,237.28,0.9569
10117,249.43,0.9627
10118,243.41,0.9306
10119,243.45,0.7429
10120,194.58,0.5437
10121,4.62,0.3523
10122,2.46,0.2767
10123,6.08,0.2781
10124,149.68,0.3869
10125,196.32,0.3898
10126,139.55,0.4889
10127,6.0,0.5227
10128,128.99,0.5223
10129,191.64,0.5249
10130,195.77,0.661
10131,142.86,0.7529
10132,174.73,0.7939
10133,242.93,0.8323
10134,242.49,0.9127
10135,243.26,0.9738
10136,242.6,0.9796
10137,250.45,0.9859
10138,250.18,0.9827
10139,250.32,0.8758
10140,239.2,0.7605
10141,110.06,0.5618
10142,107.55,0.3628
10143,3.77,0.3487
10144,3.68,0.4396
10145,221.72,0.5124
10146,222.7,0.5131
10147,197.82,0.5137
10148,4.67,0.3395
10149,4.45,0.3253
10150,5.7,0.2696
10151,205.1,0.2704
10152,128.76,0.2717
10153,5.66,0.2718
10154,5.99,0.112
10155,5.84,0.0135
10156,7.0,0.0147
10157,6.6,0.0151
10158,7.24,0.0151
10159,6.45,0.0139
10160,5.76,0.0136
10161,5.62,0.0136
10162,6.23,0.0139
10163,7.18,0.1339
10164,6.86,0.255
10165,154.56,0.2541
10166,155.74,0.2535
10167,5.12,0.3622
10168,6.37,0.4334
10169,141.63,0.3947
10170,242.94,0.5641
10171,107.76,0.7477
10172,215.16,0.767
10173,233.92,0.7437
10174,165.55,0.8532
10175,214.04,0.8636
10176,243.63,0.8367
10177,228.04,0.8973
10178,200.5,0.9241
10179,240.76,0.9185
10180,247.18,0.9306
10181,236.79,0.957
10182,243.03,0.7668
10183,233.21,0.6738
10184,4.96,0.678
10185,131.88,0.6469
10186,241.97,0.4623
10187,204.42,0.4621
10188,4.36,0.5341
10189,4.65,0.5342
10190,221.16,0.5636
10191,242.16,0.7547
10192,240.81,0.9518
10193,241.3,0.8814
10194,249.1,0.69
10195,133.87,0.6722
10196,4.8,0.6723
10197,218.76,0.6171
10198,241.47,0.6424
10199,180.64,0.7724
10200,165.22,0.601
10201,165.98,0.4107
10202,6.25,0.2681
10203,5.48,0.1377
10204,3.86,0.2021
10205,3.55,0.3838
10206,245.8,0.4653
10207,231.52,0.6104
10208,106.58,0.7385
10209,183.71,0.7009
10210,162.46,0.6517
10211,199.18,0.675
10212,170.49,0.6561
10213,135.49,0.5304
10214,160.23,0.373
10215,6.63,0.2389
10216,3.97,0.1326
10217,4.25,0.0071
10218,3.66,0.0054
10219,4.63,0.006
10220,4.62,0.1894
10221,4.67,0.3149
10222,231.62,0.4216
10223,159.33,0.4207
10224,136.82,0.5164
10225,3.62,0.4378
10226,123.26,0.4152
10227,134.18,0.3099
10228,131.28,0.4117
10229,6.3,0.4724
10230,129.79,0.5205
10231,198.5,0.582
10232,193.85,0.6915
10233,207.54,0.713
10234,142.04,0.6853
10235,156.51,0.5338
10236,164.08,0.3726
10237,6.04,0.4385
10238,7.66,0.4482
10239,223.74,0.4798
10240,168.61,0.524
10241,203.24,0.523
10242,60.83,0.3468
10243,6.48,0.2181
10244,5.25,0.1589
10245,9.02,0.2932
10246,129.79,0.4064
10247,227.42,0.4056
10248,146.8,0.4006
10249,4.28,0.4602
10250,2.75,0.4402
10251,203.75,0.4899
10252,202.62,0.6566
10253,208.34,0.659
10254,210.98,0.4993
10255,5.83,0.4978
10256,5.72,0.5089
10257,200.7,0.4755
10258,222.09,0.661
10259,169.62,0.6601
10260,235.83,0.5029
10261,4.54,0.466
10262,5.85,0.4648
10263,176.38,0.4279
10264,168.06,0.4291
10265,190.05,0.5314
10266,6.09,0.5161
10267,132.65,0.3858
10268,157.4,0.2374
10269,6.57,0.332
10270,5.97,0.3204
10271,123.4,0.2905
10272,118.29,0.3754
10273,120.39,0.4663
10274,111.76,0.3687
10275,118.71,0.2768
10276,2.36,0.3642
10277,4.4,0.4583
10278,228.66,0.5426
10279,228.51,0.6685
10280,223.16,0.6683
10281,158.52,0.4877
10282,4.16,0.5043
10283,4.69,0.4505
10284,249.1,0.3264
10285,156.45,0.5185
10286,4.63,0.6892
10287,242.35,0.6649
10288,216.4,0.543
10289,218.98,0.6519
10290,5.25,0.5599
10291,139.71,0.5717
10292,128.28,0.5007
10293,230.96,0.659
10294,131.02,0.7484
10295,201.44,0.8315
10296,250.65,0.6492
10297,231.22,0.6973
10298,4.97,0.6467
10299,190.63,0.5562
10300,138.76,0.5373
10301,138.39,0.708
10302,207.8,0.7272
10303,216.67,0.7788
10304,214.44,0.6714
10305,202.7,0.5102
10306,5.2,0.5343
10307,7.99,0.545
10308,246.47,0.5308
10309,227.76,0.5472
10310,185.11,0.6477
10311,25.58,0.6074
10312,132.59,0.5808
10313,196.52,0.5356
10314,194.71,0.6758
10315,129.12,0.7559
10316,199.41,0.7297
10317,231.88,0.5775
10318,163.94,0.6734
10319,6.06,0.6904
10320,248.03,0.6183
10321,220.44,0.6725
10322,142.53,0.862
10323,231.18,0.8452
10324,240.98,0.6717
10325,227.22,0.5618
10326,5.25,0.5768
10327,6.29,0.5752
10328,249.8,0.3946
10329,238.94,0.3937
10330,3.4,0.3921
10331,4.14,0.194
10332,4.22,0.1628
10333,4.25,0.3123
10334,200.29,0.445
10335,188.7,0.4455
10336,168.62,0.6288
10337,4.82,0.5819
10338,231.58,0.5344
10339,142.11,0.5539
10340,129.87,0.7018
10341,192.73,0.6488
10342,188.18,0.6628
10343,165.96,0.5631
10344,159.48,0.4116
10345,6.25,0.2646
10346,4.8,0.2559
10347,5.96,0.3206
10348,155.2,0.4245
10349,239.66,0.426
10350,135.09,0.4267
10351,6.68,0.4818
10352,6.86,0.4729
10353,223.44,0.5225
10354,228.66,0.6744
10355,196.55,0.6727
10356,195.07,0.4973
10357,4.75,0.4273
10358,5.99,0.3837
10359,141.81,0.3853
10360,142.48,0.5628
10361,197.09,0.7086
10362,224.79,0.7528
10363,186.78,0.8005
10364,196.64,0.8272
10365,201.64,0.8224
10366,230.18,0.6773
10367,218.87,0.6865
10368,6.87,0.7172
10369,207.98,0.5345
10370,239.76,0.547
10371,3.65,0.7246
10372,234.29,0.74
10373,227.07,0.7407
10374,227.15,0.9224
10375,240.64,0.7386
10376,228.92,0.5611
10377,6.38,0.575
10378,7.0,0.5723
10379,244.36,0.5666
10380,237.34,0.7593
10381,221.78,0.7571
10382,245.33,0.5626
10383,4.25,0.5386
10384,3.28,0.5626
10385,207.56,0.5081
10386,251.54,0.508
10387,177.71,0.6179
10388,4.19,0.5607
10389,139.51,0.4616
10390,136.59,0.3236
10391,128.76,0.4215
10392,6.57,0.4166
10393,125.6,0.4968
10394,133.38,0.5846
10395,236.04,0.7712
10396,237.68,0.6727
10397,237.89,0.6761
10398,3.43,0.6756
10399,137.61,0.6766
10400,235.38,0.6792
10401,239.01,0.8725
10402,241.07,0.7651
10403,243.13,0.5786
10404,4.48,0.5843
10405,4.05,0.5844
10406,246.15,0.3923
10407,241.19,0.3924
10408,4.87,0.5687
10409,4.65,0.5686
10410,222.61,0.486
10411,246.07,0.4855
10412,138.72,0.5896
10413,4.3,0.5194
10414,133.69,0.4383
10415,135.55,0.4346
10416,145.54,0.4345
10417,134.1,0.438
10418,4.28,0.4619
10419,137.96,0.4725
10420,165.23,0.5312
10421,158.67,0.6886
10422,206.85,0.7557
10423,199.49,0.8126
10424,221.08,0.8795
10425,235.86,0.9087
10426,241.62,0.7516
10427,243.03,0.5768
10428,4.64,0.4948
10429,4.38,0.4363
10430,134.2,0.3096
10431,169.13,0.3107
10432,85.86,0.4877
10433,6.0,0.5659
10434,223.94,0.6128
10435,231.09,0.7097
10436,227.3,0.828
10437,206.02,0.6508
10438,152.66,0.6457
10439,4.26,0.6168
10440,224.7,0.565
10441,191.49,0.6028
10442,141.84,0.7993
10443,199.52,0.7357
10444,247.82,0.6915
10445,145.85,0.7698
10446,136.75,0.7917
10447,238.9,0.5952
10448,226.66,0.6603
10449,4.14,0.744
10450,226.58,0.7525
10451,240.59,0.5743
10452,249.38,0.5752
10453,5.72,0.5281
10454,5.29,0.4403
10455,168.13,0.4191
10456,131.84,0.4184
10457,223.06,0.4179
10458,4.79,0.4088
10459,4.71,0.481
10460,156.82,0.3965
10461,221.42,0.5288
10462,118.24,0.6286
10463,168.78,0.7016
10464,128.5,0.717
10465,247.32,0.7393
10466,240.52,0.7948
10467,145.86,0.6933
10468,237.63,0.6016
10469,2.65,0.574
10470,133.63,0.6466
10471,206.32,0.618
10472,235.87,0.8094
10473,202.18,0.8981
10474,240.0,0.9287
10475,243.61,0.9312
10476,244.2,0.9605
10477,239.02,0.9654
10478,238.44,0.9679
10479,246.13,0.9434
10480,246.68,0.7546
10481,213.75,0.7618
10482,5.01,0.748
10483,247.3,0.6435
10484,229.02,0.6189
10485,117.17,0.7548
10486,183.28,0.5604
10487,173.5,0.3798
10488,6.25,0.2892
10489,5.04,0.2628
10490,4.84,0.2473
10491,150.59,0.3679
10492,154.33,0.4836
10493,155.8,0.615
10494,148.49,0.6735
10495,167.76,0.7278
10496,223.04,0.7856
10497,221.62,0.8462
10498,227.47,0.8927
10499,223.62,0.9054
10500,225.44,0.753
10501,238.8,0.5742
10502,32.63,0.3987
10503,5.8,0.3245
10504,6.05,0.2459
10505,133.44,0.3663
10506,141.4,0.4562
10507,181.9,0.5234
10508,117.26,0.4206
10509,89.31,0.4132
10510,5.96,0.364
10511,132.33,0.3761
10512,120.83,0.4057
10513,132.24,0.5111
10514,126.0,0.4095
10515,136.75,0.3157
10516,6.25,0.378
10517,4.6,0.3787
10518,209.41,0.4208
10519,126.95,0.5742
10520,188.91,0.7378
10521,196.48,0.7343
10522,207.35,0.7436
10523,205.12,0.7108
10524,138.52,0.6913
10525,148.26,0.5287
10526,172.28,0.3674
10527,5.69,0.2605
10528,5.14,0.1456
10529,5.99,0.012
10530,5.85,0.1606
10531,6.6,0.2832
10532,189.89,0.4135
10533,157.16,0.4121
10534,167.57,0.6054
10535,4.18,0.6506
10536,246.16,0.6758
10537,245.94,0.7389
10538,188.44,0.9331
10539,245.82,0.9323
10540,244.91,0.9038
10541,245.26,0.9284
10542,210.6,0.8344
10543,218.88,0.6415
10544,129.3,0.5449
10545,5.7,0.4959
10546,125.48,0.5148
10547,149.85,0.6123
10548,242.38,0.7151
10549,250.2,0.6192
10550,133.13,0.6996
10551,6.57,0.7039
10552,249.46,0.5087
10553,247.73,0.4072
10554,8.22,0.5094
10555,7.28,0.5109
10556,133.28,0.5136
10557,251.35,0.7092
10558,251.01,0.8146
10559,250.79,0.7105
10560,137.97,0.6128
10561,4.2,0.6039
10562,130.24,0.5067
10563,239.88,0.5527
10564,130.34,0.6533
10565,194.96,0.7456
10566,128.96,0.7226
10567,244.7,0.8054
10568,211.37,0.8354
10569,233.01,0.7371
10570,232.1,0.6559
10571,7.11,0.6243
10572,144.04,0.5469
10573,172.16,0.3643
10574,137.01,0.3652
10575,5.78,0.3556
10576,8.14,0.3302
10577,132.22,0.347
10578,140.64,0.4712
10579,157.8,0.5805
10580,159.81,0.5872
10581,143.68,0.652
10582,140.46,0.6669
10583,221.02,0.7206
10584,176.3,0.8032
10585,226.36,0.8859
10586,246.17,0.8646
10587,242.94,0.8225
10588,194.58,0.811
10589,124.09,0.6165
10590,212.18,0.4251
10591,4.96,0.3817
10592,5.66,0.4646
10593,140.8,0.4188
10594,226.86,0.5165
10595,155.42,0.7122
10596,126.09,0.7885
10597,248.24,0.7985
10598,235.48,0.8656
10599,239.22,0.9544
10600,238.65,0.9424
10601,236.2,0.8943
10602,233.32,0.7037
10603,175.81,0.514
10604,2.93,0.3262
10605,3.38,0.2443
10606,3.42,0.3047
10607,131.78,0.4091
10608,250.67,0.4146
10609,132.39,0.4191
10610,10.16,0.3213
10611,9.0,0.1589
10612,10.57,0.2425
10613,49.25,0.4222
10614,236.05,0.4178
10615,233.04,0.6006
10616,3.56,0.7241
10617,237.17,0.6623
10618,202.34,0.5911
10619,159.46,0.7033
10620,144.69,0.5668
10621,142.67,0.5071
10622,67.98,0.5773
10623,128.3,0.6225
10624,246.48,0.662
10625,200.82,0.7589
10626,191.56,0.8577
10627,188.18,0.8612
10628,250.78,0.7572
10629,250.85,0.6079
10630,71.86,0.4607
10631,6.44,0.2635
10632,5.7,0.1615
10633,6.3,0.2389
10634,124.32,0.2383
10635,167.88,0.2385
10636,5.59,0.3359
10637,5.98,0.3457
10638,127.12,0.3144
10639,136.44,0.4265
10640,129.02,0.592
10641,144.63,0.682
10642,211.16,0.5751
10643,238.71,0.4744
10644,3.89,0.5556
10645,4.25,0.4997
10646,245.21,0.3114
10647,141.83,0.3128
10648,5.33,0.5077
10649,5.6,0.479
10650,245.88,0.5181
10651,209.61,0.5187
10652,190.32,0.6991
10653,6.07,0.6994
10654,229.34,0.5387
10655,246.23,0.3928
10656,10.37,0.499
10657,9.35,0.5045
10658,137.8,0.4946
10659,236.1,0.6473
10660,233.94,0.8378
10661,199.74,0.8943
10662,245.62,0.8984
10663,207.81,0.9029
10664,241.18,0.9268
10665,239.5,0.8989
10666,229.42,0.8541
10667,210.94,0.8124
10668,152.26,0.806
10669,189.55,0.6257
10670,231.52,0.4609
10671,5.92,0.3418
10672,6.56,0.2947
10673,4.63,0.2366
10674,131.12,0.3998
10675,159.48,0.4011
10676,208.24,0.4024
10677,8.24,0.407
10678,6.25,0.3848
10679,136.76,0.3541
10680,132.04,0.4947
10681,170.13,0.4947
10682,182.57,0.3895
10683,6.25,0.2877
10684,6.31,0.2516
10685,5.81,0.2415
10686,125.43,0.3476
10687,170.02,0.3467
10688,137.85,0.4344
10689,5.14,0.4494
10690,114.61,0.4633
10691,143.9,0.3562
10692,187.34,0.3566
10693,5.03,0.3907
10694,5.66,0.398
10695,156.82,0.3861
10696,152.96,0.3996
10697,172.61,0.5894
10698,21.78,0.6546
10699,240.94,0.6378
10700,237.71,0.6463
10701,132.15,0.7811
10702,183.14,0.7415
10703,188.88,0.6928
10704,191.93,0.5898
10705,177.21,0.4468
10706,4.54,0.2989
10707,5.82,0.2501
10708,5.5,0.2898
10709,131.4,0.4607
10710,226.47,0.4609
10711,216.48,0.4613
10712,6.03,0.3582
10713,6.03,0.1801
10714,3.46,0.1918
10715,5.7,0.3746
10716,230.98,0.373
10717,232.67,0.4549
10718,4.09,0.6527
10719,105.01,0.6491
10720,250.96,0.5852
10721,226.42,0.7078
10722,153.49,0.6269
10723,156.09,0.4308
10724,4.68,0.2531
10725,7.9,0.1328
10726,5.99,0.009
10727,4.4,0.195
10728,2.63,0.3723
10729,235.18,0.5312
10730,227.76,0.5318
10731,202.99,0.5338
10732,5.14,0.3473
10733,5.13,0.2505
10734,4.0,0.1894
10735,107.67,0.2878
10736,127.31,0.2876
10737,127.09,0.2898
10738,4.94,0.3585
10739,6.65,0.3886
10740,192.92,0.444
10741,164.62,0.6331
10742,195.79,0.631
10743,239.38,0.4796
10744,4.0,0.5275
10745,5.25,0.484
10746,223.94,0.4653
10747,141.89,0.5753
10748,216.23,0.7713
10749,140.34,0.7873
10750,248.36,0.8482
10751,243.75,0.8557
10752,217.38,0.9148
10753,225.48,0.7178
10754,213.58,0.6989
10755,4.1,0.7181
10756,220.32,0.6427
10757,241.3,0.4753
10758,131.93,0.61
10759,6.1,0.6344
10760,171.01,0.6377
10761,250.66,0.733
10762,245.3,0.8806
10763,250.17,0.7457
10764,189.12,0.5474
10765,3.74,0.4771
10766,4.75,0.3923
10767,158.09,0.3528
10768,145.02,0.4913
10769,140.26,0.6232
10770,175.48,0.604
10771,168.26,0.6717
10772,134.27,0.711
10773,228.98,0.5735
10774,188.92,0.6304
10775,5.0,0.715
10776,238.78,0.7207
10777,239.16,0.5727
10778,236.16,0.6809
10779,5.4,0.6721
10780,139.16,0.6301
10781,227.8,0.6261
10782,187.07,0.7385
10783,231.28,0.8075
10784,144.67,0.8121
10785,224.71,0.8574
10786,233.5,0.8657
10787,243.34,0.9493
10788,241.57,0.9682
10789,248.33,0.965
10790,248.13,0.967
10791,229.52,0.9582
10792,245.74,0.9396
10793,230.74,0.7432
10794,225.21,0.5617
10795,4.61,0.4909
10796,4.48,0.4178
10797,157.96,0.3475
10798,140.14,0.3487
10799,138.1,0.458
10800,6.01,0.4486
10801,140.08,0.4477
10802,146.29,0.4633
10803,138.98,0.5887
10804,157.42,0.4814
10805,161.56,0.3689
10806,6.98,0.2617
10807,6.83,0.3277
10808,6.08,0.381
10809,239.29,0.5598
10810,227.64,0.6657
10811,228.59,0.7814
10812,138.2,0.7126
10813,149.56,0.5346
10814,153.95,0.3557
10815,6.95,0.3381
10816,6.71,0.3233
10817,116.48,0.2511
10818,131.13,0.2504
10819,64.44,0.3486
10820,6.05,0.3582
10821,128.56,0.3679
10822,128.38,0.4276
10823,143.09,0.549
10824,138.54,0.6215
10825,156.55,0.6332
10826,218.44,0.6286
10827,142.82,0.6147
10828,137.39,0.6586
10829,121.33,0.5961
10830,210.97,0.4846
10831,140.97,0.3773
10832,4.56,0.2828
10833,4.31,0.1161
10834,4.2,0.008
10835,4.3,0.1102
10836,6.93,0.2318
10837,131.31,0.3574
10838,155.07,0.3591
10839,159.88,0.3585
10840,6.43,0.39
10841,6.15,0.4022
10842,170.46,0.3873
10843,170.19,0.4951
10844,141.35,0.6044
10845,140.06,0.5805
10846,141.68,0.5693
10847,140.84,0.6385
10848,156.29,0.6695
10849,227.2,0.5586
10850,178.42,0.4492
10851,4.22,0.3265
10852,5.25,0.2567
10853,4.12,0.2561
10854,140.7,0.3643
10855,177.61,0.497
10856,138.42,0.6142
10857,169.78,0.6291
10858,149.35,0.682
10859,159.21,0.7666
10860,243.27,0.8077
10861,243.27,0.8574
10862,220.7,0.9301
10863,211.07,0.9319
10864,249.31,0.74
10865,245.51,0.5659
10866,5.25,0.3995
10867,4.9,0.2023
10868,4.75,0.1761
10869,4.8,0.3463
10870,213.04,0.4528
10871,216.2,0.6367
10872,137.0,0.8326
10873,232.81,0.8616
10874,247.63,0.7972
10875,248.95,0.6935
10876,136.43,0.6933
10877,8.45,0.6934
10878,232.56,0.6942
10879,247.67,0.7301
10880,249.96,0.9254
10881,180.98,0.93
10882,250.64,0.9048
10883,238.2,0.8785
10884,216.45,0.9236
10885,217.29,0.9132
10886,236.93,0.9144
10887,237.73,0.9356
10888,239.67,0.9249
10889,242.76,0.7429
10890,204.08,0.5588
10891,11.19,0.371
10892,9.48,0.1793
10893,6.88,0.2074
10894,5.1,0.3785
10895,238.84,0.5023
10896,223.39,0.4993
10897,162.93,0.693
10898,3.16,0.7017
10899,245.32,0.7159
10900,249.64,0.6969
10901,240.98,0.6974
10902,139.38,0.5034
10903,3.8,0.4684
10904,4.8,0.3716
10905,206.16,0.4212
10906,120.95,0.5865
10907,200.94,0.5876
10908,208.78,0.4259
10909,6.16,0.5273
10910,5.6,0.4835
10911,246.69,0.4257
10912,146.58,0.4242
10913,137.22,0.4239
10914,4.22,0.2282
10915,5.2,0.113
10916,4.07,0.0053
10917,3.74,0.1847
10918,3.68,0.3784
10919,226.68,0.5049
10920,245.44,0.5051
10921,160.9,0.7034
10922,3.96,0.7214
10923,249.49,0.6968
10924,249.06,0.7095
10925,214.94,0.858
10926,176.61,0.6616
10927,188.15,0.5752
10928,5.98,0.5162
10929,141.9,0.5685
10930,141.82,0.4223
10931,241.36,0.5319
10932,6.94,0.5288
10933,141.88,0.5266
10934,137.99,0.4747
10935,139.1,0.6268
10936,177.06,0.5163
10937,195.5,0.4093
10938,4.91,0.4548
10939,5.25,0.5021
10940,195.53,0.3489
10941,235.75,0.3487
10942,5.55,0.504
10943,4.68,0.53
10944,197.81,0.5209
10945,227.69,0.6707
10946,224.46,0.6713
10947,191.29,0.6326
10948,5.42,0.6057
10949,149.87,0.5463
10950,194.38,0.5506
10951,150.72,0.7053
10952,196.72,0.7485
10953,197.12,0.7753
10954,203.54,0.7816
10955,227.55,0.7305
10956,158.58,0.5777
10957,133.38,0.5376
10958,7.62,0.4792
10959,153.77,0.4726
10960,155.18,0.3691
10961,150.44,0.3671
10962,4.96,0.4312
10963,5.22,0.4957
10964,233.16,0.5684
10965,235.16,0.7566
10966,240.61,0.7575
10967,238.28,0.5746
10968,6.33,0.5701
10969,6.45,0.5772
10970,229.62,0.5703
10971,249.39,0.7624
10972,229.74,0.8761
10973,244.51,0.6947
10974,147.38,0.6544
10975,4.74,0.669
10976,199.44,0.6359
10977,247.82,0.521
10978,203.44,0.6193
10979,4.86,0.6207
10980,126.63,0.5772
10981,201.22,0.4182
10982,193.92,0.5326
10983,6.25,0.5446
10984,146.72,0.4945
10985,141.5,0.4462
10986,139.12,0.597
10987,134.08,0.6348
10988,193.12,0.6299
10989,193.64,0.5225
10990,135.37,0.4181
10991,6.08,0.2669
10992,4.54,0.2203
10993,5.63,0.3053
10994,135.91,0.4947
10995,240.76,0.6851
10996,240.88,0.848
10997,240.62,0.7423
10998,207.66,0.6206
10999,4.79,0.5407
11000,89.89,0.4688
11001,141.84,0.3067
11002,151.42,0.4041
11003,6.69,0.4452
11004,125.55,0.4885
11005,140.9,0.5606
11006,195.5,0.7473
11007,240.78,0.7094
11008,238.22,0.7381
11009,78.51,0.7742
11010,176.58,0.7796
11011,240.23,0.7674
11012,247.4,0.8976
11013,223.16,0.9215
11014,239.9,0.926
11015,206.18,0.9002
11016,245.9,0.9218
11017,215.41,0.7311
11018,249.9,0.5691
11019,3.46,0.4778
11020,5.29,0.4929
11021,132.73,0.3991
11022,234.14,0.401
11023,133.6,0.5947
11024,5.84,0.6523
11025,245.4,0.6336
11026,204.18,0.6385
11027,210.9,0.745
11028,139.75,0.7036
11029,137.89,0.7377
11030,194.02,0.7249
11031,246.52,0.7254
11032,195.0,0.7432
11033,140.39,0.7734
11034,159.92,0.7709
11035,231.46,0.7982
11036,243.4,0.773
11037,228.86,0.8325
11038,109.17,0.6493
11039,233.68,0.5628
11040,4.35,0.466
11041,136.13,0.3907
11042,108.87,0.2031
11043,15.78,0.3179
11044,1.02,0.3097
11045,146.69,0.3375
11046,126.05,0.4804
11047,143.27,0.6164
11048,192.94,0.5025
11049,169.67,0.4046
11050,5.55,0.4034
11051,4.63,0.4083
11052,141.76,0.43
11053,198.96,0.5922
11054,196.6,0.7564
11055,206.7,0.8029
11056,208.18,0.8071
11057,199.48,0.8129
11058,204.18,0.7906
11059,203.68,0.7249
11060,179.11,0.6759
11061,126.69,0.6693
11062,138.79,0.5098
11063,196.0,0.3701
11064,5.89,0.4155
11065,5.92,0.4907
11066,183.01,0.517
11067,231.96,0.6836
11068,228.66,0.6839
11069,212.4,0.5408
11070,6.25,0.4806
11071,5.65,0.4815
11072,157.34,0.4034
11073,229.7,0.5261
11074,115.65,0.7014
11075,158.38,0.747
11076,222.96,0.6783
11077,213.9,0.6955
11078,144.5,0.5714
11079,136.93,0.3941
11080,4.62,0.4166
11081,3.07,0.4984
11082,241.77,0.4949
11083,245.95,0.4958
11084,132.65,0.4981
11085,5.63,0.3087
11086,5.95,0.2305
11087,7.0,0.238
11088,148.93,0.3712
11089,141.92,0.3712
11090,170.78,0.5545
11091,6.05,0.6351
11092,234.22,0.6269
11093,248.8,0.497
11094,131.8,0.6122
11095,9.74,0.6167
11096,148.87,0.5742
11097,239.8,0.4722
11098,196.11,0.4684
11099,5.36,0.3523
11100,4.94,0.1622
11101,5.0,0.0982
11102,4.12,0.203
11103,116.73,0.2028
11104,135.29,0.2993
11105,4.75,0.4897
11106,124.6,0.5614
11107,240.2,0.6477
11108,205.62,0.8422
11109,242.26,0.8531
11110,245.93,0.6638
11111,138.15,0.5018
11112,5.46,0.3113
11113,4.79,0.118
11114,6.04,0.0116
11115,6.25,0.1773
11116,6.24,0.3492
11117,210.93,0.4526
11118,217.92,0.6018
11119,134.18,0.6
11120,191.22,0.54
11121,4.01,0.5351
11122,136.53,0.5591
11123,211.89,0.4079
11124,164.0,0.4072
11125,3.75,0.4165
11126,3.07,0.4105
11127,148.02,0.4584
11128,204.52,0.5583
11129,223.34,0.7376
11130,127.7,0.8096
11131,225.32,0.6484
11132,237.28,0.4717
11133,4.7,0.5547
11134,4.21,0.5668
11135,230.59,0.4905
11136,240.41,0.6506
11137,142.66,0.8456
11138,203.17,0.8423
11139,246.06,0.8436
11140,226.49,0.7314
11141,241.99,0.7394
11142,3.55,0.7414
11143,213.1,0.6781
11144,248.47,0.4866
11145,148.04,0.6021
11146,4.5,0.6263
11147,146.81,0.6222
11148,243.12,0.6964
11149,243.31,0.8937
11150,240.12,0.9466
11151,249.16,0.9292
11152,212.3,0.9201
11153,221.62,0.9232
11154,231.94,0.7336
11155,244.05,0.5676
11156,14.07,0.3919
11157,6.49,0.209
11158,3.72,0.1239
11159,5.2,0.2209
11160,138.48,0.3546
11161,134.43,0.4551
11162,172.17,0.5785
11163,128.32,0.5808
11164,158.22,0.4773
11165,141.43,0.4744
11166,6.05,0.5001
11167,168.56,0.5102
11168,160.14,0.5245
11169,170.85,0.6301
11170,159.06,0.6271
11171,137.02,0.63
11172,164.78,0.668
11173,163.73,0.7145
11174,218.08,0.7982
11175,216.63,0.8611
11176,240.8,0.9169
11177,242.76,0.9227
11178,232.92,0.9292
11179,225.36,0.9169
11180,224.67,0.725
11181,225.51,0.5413
11182,4.78,0.547
11183,5.22,0.4788
11184,232.42,0.4085
11185,140.11,0.4093
11186,138.4,0.532
11187,5.7,0.4493
11188,157.41,0.4901
11189,129.89,0.5316
11190,190.67,0.6458
11191,189.84,0.5241
11192,147.28,0.5622
11193,6.49,0.5255
11194,177.12,0.4793
11195,145.24,0.5335
11196,132.5,0.7109
11197,214.48,0.7466
11198,226.42,0.8293
11199,221.46,0.7257
11200,247.79,0.5568
11201,4.04,0.3778
11202,5.07,0.2033
11203,4.5,0.1592
11204,5.11,0.3127
11205,193.1,0.3847
11206,194.35,0.4914
11207,94.34,0.6448
11208,136.72,0.6454
11209,195.36,0.6147
11210,193.88,0.6789
11211,156.28,0.5737
11212,173.9,0.4227
11213,6.23,0.2707
11214,8.16,0.2539
11215,5.46,0.2406
11216,135.5,0.3545
11217,157.36,0.3529
11218,147.46,0.5078
11219,6.15,0.5942
11220,197.53,0.6631
11221,242.64,0.5498
11222,242.82,0.6683
11223,6.94,0.6953
11224,153.04,0.6814
11225,231.0,0.489
11226,225.4,0.4893
11227,4.32,0.3713
11228,7.27,0.1916
11229,6.76,0.2096
11230,8.15,0.3936
11231,247.79,0.3912
11232,232.39,0.3908
11233,4.39,0.3886
11234,6.25,0.1938
11235,5.43,0.0118
11236,6.25,0.0119
11237,6.73,0.0106
11238,4.51,0.0095
11239,4.61,0.0091
11240,4.04,0.0079
11241,5.74,0.0085
11242,5.28,0.0083
11243,5.25,0.1176
11244,4.36,0.2276
11245,139.52,0.3752
11246,142.14,0.3747
11247,188.35,0.3762
11248,4.66,0.4007
11249,6.16,0.397
11250,169.96,0.4192
11251,137.47,0.422
11252,215.9,0.4251
11253,8.09,0.4632
11254,10.01,0.5529
11255,217.27,0.5743
11256,248.62,0.6847
11257,242.48,0.8467
11258,145.0,0.7852
11259,210.86,0.6936
11260,140.98,0.6307
11261,135.08,0.6607
11262,164.5,0.4944
11263,182.11,0.4877
11264,4.66,0.5044
11265,132.73,0.4997
11266,155.81,0.3584
11267,158.63,0.4823
11268,6.95,0.5347
11269,158.3,0.6122
11270,197.63,0.6813
11271,251.96,0.8742
11272,244.25,0.9453
11273,246.1,0.9853
11274,246.55,0.9763
11275,247.23,0.9771
11276,240.7,0.9597
11277,245.34,0.9431
11278,224.5,0.9109
11279,225.96,0.9046
11280,207.25,0.8224
11281,232.97,0.6449
11282,143.4,0.4664
11283,4.46,0.3026
11284,4.56,0.2977
11285,4.15,0.3701
11286,226.98,0.565
11287,233.09,0.5662
11288,246.17,0.6706
11289,5.99,0.673
11290,133.66,0.6687
11291,229.91,0.6237
11292,227.73,0.737
11293,190.37,0.6342
11294,146.5,0.4542
11295,6.15,0.2763
11296,6.75,0.3161
11297,7.2,0.3915
11298,239.66,0.5111
11299,240.05,0.6064
11300,154.39,0.8027
11301,124.96,0.8072
11302,250.53,0.6179
11303,245.29,0.4976
11304,5.31,0.5741
11305,5.21,0.5553
11306,219.85,0.5161
11307,227.18,0.514
11308,196.77,0.7001
11309,2.72,0.7108
11310,235.85,0.7038
11311,233.22,0.7306
11312,218.45,0.9092
11313,229.98,0.8994
11314,224.15,0.8224
11315,223.71,0.6495
11316,137.73,0.4676
11317,4.16,0.2915
11318,4.4,0.2727
11319,5.8,0.3562
11320,200.41,0.5256
11321,241.26,0.5262
11322,214.15,0.5261
11323,5.16,0.3707
11324,5.7,0.1824
11325,7.77,0.198
11326,7.7,0.38
11327,233.58,0.3837
11328,230.84,0.3854
11329,10.25,0.5732
11330,9.82,0.5699
11331,240.57,0.5826
11332,229.52,0.7107
11333,246.61,0.8034
11334,169.06,0.7734
11335,124.72,0.7256
11336,203.42,0.6462
11337,170.24,0.6365
11338,148.14,0.5407
11339,157.01,0.3817
11340,6.0,0.2481
11341,6.25,0.2959
11342,4.64,0.3315
11343,207.4,0.3316
11344,201.14,0.4976
11345,6.05,0.6065
11346,212.06,0.5529
11347,139.72,0.3954
11348,140.91,0.395
11349,5.95,0.3396
11350,5.54,0.3422
11351,143.3,0.3589
11352,142.99,0.5166
11353,161.56,0.5161
11354,201.47,0.4047
11355,4.93,0.4476
11356,5.16,0.5178
11357,196.21,0.4702
11358,248.68,0.5811
11359,142.4,0.7596
11360,142.46,0.7154
11361,226.4,0.7094
11362,141.46,0.5995
11363,241.17,0.4887
11364,6.25,0.3109
11365,5.05,0.2939
11366,5.97,0.2254
11367,120.39,0.324
11368,156.18,0.325
11369,128.55,0.4331
11370,6.21,0.4623
11371,140.0,0.447
11372,156.6,0.4573
11373,137.21,0.5596
11374,141.42,0.4503
11375,133.0,0.3277
11376,4.47,0.2223
11377,4.65,0.2205
11378,6.5,0.3073
11379,139.18,0.4991
11380,240.64,0.6705
11381,242.25,0.8541
11382,217.2,0.9371
11383,234.06,0.7455
11384,242.15,0.5544
11385,3.06,0.4114
11386,5.25,0.4215
11387,40.01,0.4181
11388,246.56,0.4198
11389,237.85,0.5286
11390,5.22,0.6052
11391,140.12,0.5459
11392,134.96,0.4587
11393,173.05,0.5614
11394,129.74,0.5218
11395,132.55,0.5198
11396,91.07,0.5472
11397,132.45,0.629
11398,207.04,0.6883
11399,231.17,0.8004
11400,206.0,0.8812
11401,230.18,0.916
11402,232.61,0.8935
11403,250.2,0.8741
11404,203.21,0.6925
11405,181.98,0.5095
11406,4.97,0.4204
11407,5.7,0.371
11408,139.74,0.3246
11409,142.01,0.3248
11410,124.4,0.4302
11411,5.3,0.43
11412,136.31,0.4283
11413,139.47,0.5242
11414,139.94,0.7153
11415,243.26,0.7952
11416,242.28,0.853
11417,235.34,0.8508
11418,211.19,0.7873
11419,137.18,0.7412
11420,164.57,0.7144
11421,185.11,0.7285
11422,202.12,0.8074
11423,228.65,0.6784
11424,234.99,0.534
11425,4.7,0.376
11426,6.04,0.3038
11427,6.19,0.2423
11428,139.1,0.2775
11429,158.79,0.2766
11430,48.27,0.3863
11431,5.0,0.4432
11432,142.23,0.4914
11433,209.66,0.6283
11434,218.46,0.7304
11435,217.99,0.6199
11436,131.64,0.4542
11437,5.19,0.4062
11438,4.22,0.337
11439,158.96,0.3521
11440,132.2,0.4862
11441,150.36,0.4876
11442,171.46,0.3621
11443,5.95,0.446
11444,3.31,0.5253
11445,236.27,0.4916
11446,248.66,0.6066
11447,129.69,0.8041
11448,148.59,0.7879
11449,248.2,0.5912
11450,216.18,0.4892
11451,4.72,0.3745
11452,3.3,0.1793
11453,6.3,0.1176
11454,6.14,0.2322
11455,139.78,0.2337
11456,146.82,0.2329
11457,5.1,0.3378
11458,5.35,0.421
11459,136.11,0.4983
11460,242.96,0.667
11461,242.65,0.8581
11462,214.26,0.8997
11463,242.39,0.8622
11464,187.7,0.6698
11465,196.41,0.5011
11466,4.06,0.3102
11467,5.16,0.2658
11468,5.64,0.2477
11469,132.66,0.4228
11470,174.02,0.4238
11471,221.1,0.6211
11472,6.42,0.7031
11473,250.31,0.7587
11474,234.27,0.7636
11475,242.94,0.9588
11476,227.26,0.9575
11477,248.4,0.9275
11478,248.67,0.8508
11479,197.06,0.794
11480,147.86,0.7767
11481,156.83,0.7511
11482,227.0,0.7823
11483,216.86,0.8201
11484,235.78,0.7018
11485,194.77,0.5251
11486,10.16,0.359
11487,7.85,0.176
11488,11.0,0.1778
11489,8.85,0.338
11490,196.99,0.3345
11491,208.83,0.4406
11492,3.49,0.6107
11493,142.53,0.6249
11494,219.7,0.6359
11495,214.7,0.8046
11496,222.4,0.7979
11497,212.61,0.7198
11498,134.28,0.6559
11499,122.89,0.5884
11500,135.4,0.4208
11501,138.8,0.318
11502,4.81,0.2237
11503,6.75,0.119
11504,6.04,0.1988
11505,5.5,0.3825
11506,237.72,0.4042
11507,232.61,0.4037
11508,33.71,0.5178
11509,5.38,0.5129
11510,147.0,0.4941
11511,231.59,0.4723
11512,209.36,0.6215
11513,6.7,0.6766
11514,190.27,0.672
11515,215.3,0.695
11516,226.0,0.6926
11517,237.79,0.5418
11518,3.75,0.3703
11519,3.28,0.1923
11520,2.69,0.0038
11521,5.25,0.0041
11522,4.08,0.0045
11523,4.17,0.0057
11524,3.79,0.1682
11525,4.22,0.3669
11526,206.73,0.52
11527,250.35,0.5188
11528,194.04,0.6999
11529,2.33,0.726
11530,228.68,0.6098
11531,239.15,0.461
11532,106.28,0.5274
11533,9.58,0.5384
11534,84.66,0.5284
11535,242.32,0.6298
11536,226.72,0.788
11537,232.0,0.9089
11538,205.74,0.8793
11539,234.49,0.6999
11540,205.6,0.5751
11541,4.36,0.5238
11542,77.22,0.5252
11543,142.18,0.3637
11544,236.15,0.3635
11545,5.46,0.5036
11546,4.1,0.5397
11547,250.87,0.5228
11548,186.96,0.5233
11549,215.25,0.6332
11550,6.0,0.5464
11551,140.41,0.4022
11552,143.26,0.2326
11553,8.16,0.3415
11554,4.96,0.3849
11555,141.05,0.472
11556,194.14,0.6577
11557,251.26,0.6588
11558,238.4,0.6498
11559,6.32,0.6873
11560,129.9,0.6842
11561,240.63,0.6939
11562,247.42,0.8907
11563,250.4,0.79
11564,250.43,0.6009
11565,5.04,0.599
11566,6.1,0.5799
11567,245.11,0.3821
11568,226.76,0.3821
11569,5.11,0.5701
11570,5.1,0.5642
11571,239.2,0.5004
11572,237.82,0.5013
11573,147.59,0.6582
11574,6.25,0.6266
11575,199.66,0.5613
11576,200.01,0.5668
11577,156.77,0.6845
11578,154.44,0.5285
11579,152.2,0.3736
11580,6.25,0.2526
11581,7.95,0.1318
11582,6.7,0.0123
11583,4.72,0.0108
11584,4.05,0.0074
11585,4.4,0.0909
11586,3.75,0.2685
11587,110.19,0.4463
11588,224.84,0.4461
11589,224.54,0.4472
11590,4.12,0.4706
11591,5.14,0.3784
11592,139.18,0.2658
11593,110.62,0.3814
11594,84.86,0.4631
11595,147.42,0.4758
11596,106.47,0.5507
11597,154.9,0.6634
11598,203.51,0.6409
11599,224.58,0.6808
11600,119.49,0.6688
11601,156.01,0.51
11602,140.03,0.3336
11603,6.66,0.3629
11604,5.8,0.3971
11605,155.83,0.483
11606,198.4,0.6765
11607,246.6,0.8705
11608,246.48,0.7479
11609,246.32,0.6968
11610,3.9,0.6862
11611,135.04,0.6693
11612,233.42,0.4739
11613,225.53,0.4755
11614,4.06,0.4743
11615,5.87,0.394
11616,133.52,0.3172
11617,133.97,0.4269
11618,130.26,0.5379
11619,140.07,0.5803
11620,143.49,0.583
11621,186.1,0.5928
11622,137.26,0.6631
11623,142.45,0.551
11624,227.25,0.4065
11625,4.45,0.3004
11626,7.0,0.1893
11627,5.64,0.0099
11628,4.76,0.0102
11629,4.78,0.0078
11630,4.92,0.1408
11631,3.92,0.2543
11632,170.65,0.3804
11633,145.43,0.38
11634,161.13,0.3813
11635,4.45,0.4309
11636,5.51,0.5024
11637,232.09,0.5591
11638,234.15,0.7151
11639,231.38,0.7154
11640,197.86,0.5346
11641,5.86,0.5283
11642,7.98,0.5242
11643,226.32,0.5153
11644,226.33,0.6568
11645,186.76,0.6554
11646,181.33,0.4776
11647,6.25,0.4793
11648,5.85,0.4642
11649,228.44,0.3209
11650,168.08,0.4708
11651,3.61,0.6187
11652,192.13,0.6179
11653,189.21,0.4846
11654,227.42,0.5951
11655,2.8,0.6037
11656,140.65,0.6254
11657,202.79,0.6066
11658,216.19,0.7807
11659,204.07,0.8116
11660,218.68,0.7958
11661,178.92,0.6527
11662,183.22,0.5987
11663,38.79,0.6045
11664,137.12,0.6382
11665,225.81,0.6683
11666,220.73,0.8273
11667,220.54,0.8969
11668,235.93,0.8875
11669,223.39,0.8271
11670,214.12,0.654
11671,145.84,0.5831
11672,5.99,0.5164
11673,147.96,0.453
11674,140.79,0.3389
11675,135.51,0.5049
11676,4.35,0.5558
11677,211.8,0.6141
11678,211.0,0.6893
11679,213.14,0.8798
11680,228.74,0.9037
11681,240.5,0.9279
11682,241.41,0.7611
11683,241.1,0.5813
11684,6.25,0.3926
11685,5.88,0.2026
11686,6.46,0.1993
11687,5.91,0.386
11688,237.01,0.5735
11689,237.74,0.5732
11690,238.32,0.5715
11691,6.1,0.4813
11692,3.84,0.4625
11693,125.13,0.4636
11694,214.46,0.4621
11695,239.71,0.6002
11696,4.23,0.6392
11697,175.01,0.5785
11698,173.56,0.4909
11699,139.08,0.596
11700,131.13,0.627
11701,134.6,0.6312
11702,213.46,0.6614
11703,178.66,0.6652
11704,176.54,0.7195
11705,135.9,0.6809
11706,201.94,0.6712
11707,165.53,0.6815
11708,166.63,0.6845
11709,189.34,0.6519
11710,139.6,0.5221
11711,161.58,0.3913
11712,4.62,0.4315
11713,4.48,0.4262
11714,239.12,0.3024
11715,132.97,0.305
11716,8.19,0.3091
11717,7.82,0.1242
11718,9.46,0.1945
11719,9.99,0.3744
11720,220.04,0.5059
11721,231.27,0.5038
11722,170.84,0.502
11723,6.93,0.3286
11724,7.76,0.1471
11725,4.96,0.0138
11726,6.28,0.0132
11727,5.51,0.0119
11728,6.29,0.0116
11729,6.04,0.0112
11730,4.61,0.0115
11731,5.85,0.0113
11732,5.86,0.1125
11733,6.01,0.2329
11734,131.56,0.2318
11735,153.82,0.2308
11736,4.54,0.4096
11737,4.58,0.491
11738,227.73,0.5604
11739,232.52,0.7454
11740,239.87,0.7453
11741,233.84,0.5656
11742,4.45,0.4773
11743,4.96,0.398
11744,123.1,0.3265
11745,141.52,0.3275
11746,145.15,0.3281
11747,5.72,0.2317
11748,5.72,0.2314
11749,3.52,0.2893
11750,141.2,0.4402
11751,216.98,0.4391
11752,192.82,0.6061
11753,4.27,0.6725
11754,210.64,0.6817
11755,223.54,0.5303
11756,228.35,0.6335
11757,5.12,0.6569
11758,132.15,0.5817
11759,239.65,0.5554
11760,130.34,0.6832
11761,195.74,0.5815
11762,163.54,0.3917
11763,6.08,0.4831
11764,4.28,0.5241
11765,243.76,0.5899
11766,246.49,0.7837
11767,245.18,0.9575
11768,246.4,0.9285
11769,219.75,0.9209
11770,207.84,0.7264
11771,237.04,0.5312
11772,4.03,0.358
11773,4.35,0.2953
11774,4.99,0.2122
11775,130.13,0.3802
11776,133.96,0.3812
11777,212.34,0.4921
11778,5.6,0.5815
11779,142.46,0.6689
11780,240.96,0.664
11781,242.34,0.7503
11782,206.25,0.6402
11783,112.65,0.4515
11784,6.0,0.2611
11785,6.92,0.2975
11786,6.27,0.4085
11787,251.46,0.5623
11788,250.21,0.56
11789,196.75,0.74
11790,4.06,0.7328
11791,229.42,0.5346
11792,242.56,0.3787
11793,4.38,0.4817
11794,3.52,0.4909
11795,131.8,0.4289
11796,240.77,0.4282
11797,165.68,0.6169
11798,3.58,0.701
11799,237.42,0.6986
11800,236.14,0.7387
11801,237.71,0.9186
11802,215.43,0.73
11803,226.62,0.6957
11804,3.58,0.6179
11805,193.58,0.5967
11806,141.24,0.5688
11807,189.13,0.7684
11808,192.13,0.6135
11809,251.04,0.6064
11810,1.5,0.5994
11811,132.5,0.5908
11812,180.36,0.3931
11813,181.5,0.3967
11814,5.91,0.4447
11815,5.97,0.4791
11816,192.05,0.3956
11817,222.93,0.3935
11818,78.06,0.5903
11819,3.24,0.6106
11820,250.06,0.5977
11821,217.16,0.6449
11822,206.93,0.646
11823,136.64,0.4478
11824,4.6,0.2766
11825,4.31,0.2251
11826,4.82,0.3034
11827,143.1,0.4724
11828,233.79,0.6258
11829,214.06,0.7302
11830,194.5,0.6198
11831,134.26,0.4362
11832,6.2,0.2692
11833,6.2,0.2161
11834,6.96,0.2219
11835,128.68,0.3237
11836,141.47,0.3232
11837,132.44,0.323
11838,5.52,0.3172
11839,6.71,0.3304
11840,121.56,0.4231
11841,157.81,0.5983
11842,247.42,0.766
11843,222.74,0.8617
11844,214.57,0.9013
11845,240.26,0.7049
11846,206.91,0.5295
11847,3.94,0.36
11848,5.21,0.3496
11849,4.45,0.3465
11850,227.36,0.5287
11851,203.06,0.6952
11852,229.86,0.8109
11853,211.57,0.6314
11854,147.95,0.575
11855,4.8,0.5398
11856,133.14,0.5183
11857,186.17,0.4028
11858,184.98,0.4028
11859,4.66,0.4584
11860,4.86,0.475
11861,202.03,0.4396
11862,206.76,0.5455
11863,141.07,0.5466
11864,136.02,0.3898
11865,6.16,0.4143
11866,7.65,0.4987
11867,237.22,0.5883
11868,245.67,0.7796
11869,247.16,0.7808
11870,243.25,0.596
11871,9.15,0.4045
11872,8.1,0.2117
11873,8.2,0.0188
11874,8.15,0.0148
11875,4.08,0.1242
11876,4.18,0.2306
11877,143.75,0.2285
11878,140.14,0.3493
11879,5.51,0.4564
11880,153.9,0.5149
11881,136.97,0.5681
11882,216.32,0.737
11883,205.99,0.7297
11884,214.93,0.6771
11885,144.86,0.6984
11886,71.74,0.7286
11887,242.84,0.7574
11888,243.36,0.8422
11889,250.63,0.9522
11890,250.08,0.7614
11891,208.06,0.6899
11892,6.25,0.6002
11893,154.7,0.4385
11894,139.47,0.275
11895,49.64,0.4505
11896,5.35,0.5279
11897,223.83,0.5352
11898,250.67,0.5021
11899,148.51,0.686
11900,8.62,0.687
11901,233.35,0.676
11902,225.0,0.6682
11903,237.06,0.8192
11904,138.87,0.7721
11905,195.83,0.704
11906,174.99,0.5168
11907,140.48,0.4091
11908,4.99,0.3816
11909,5.34,0.3534
11910,161.76,0.4324
11911,140.0,0.614
11912,238.46,0.7528
11913,230.15,0.8133
11914,177.36,0.7027
11915,236.78,0.6191
11916,2.9,0.5549
11917,134.85,0.5637
11918,150.54,0.3793
11919,188.18,0.4795
11920,8.16,0.5605
11921,127.16,0.6012
11922,235.25,0.6252
11923,201.0,0.7312
11924,217.94,0.6326
11925,139.6,0.4471
11926,5.0,0.482
11927,5.25,0.4811
11928,244.26,0.5633
11929,216.74,0.7481
11930,241.59,0.747
11931,234.15,0.5534
11932,3.87,0.5375
11933,4.23,0.4584
11934,197.02,0.3909
11935,143.53,0.3926
11936,150.35,0.4943
11937,6.05,0.4463
11938,130.36,0.3362
11939,137.45,0.2214
11940,6.96,0.2212
11941,8.08,0.1209
11942,5.82,0.1368
11943,6.03,0.2854
11944,157.06,0.3862
11945,191.19,0.3861
11946,133.15,0.4932
11947,5.63,0.4938
11948,138.89,0.5304
11949,157.76,0.5354
11950,236.54,0.6527
11951,139.36,0.667
11952,151.12,0.6646
11953,156.54,0.4774
11954,154.8,0.3692
11955,4.51,0.2511
11956,5.14,0.3062
11957,4.74,0.3552
11958,224.79,0.3567
11959,215.67,0.5079
11960,6.25,0.6862
11961,192.72,0.5261
11962,225.77,0.3583
11963,26.25,0.3581
11964,7.65,0.2075
11965,6.03,0.1364
11966,6.02,0.2909
11967,137.61,0.4401
11968,217.82,0.4417
11969,192.6,0.4425
11970,7.96,0.5237
11971,7.01,0.5395
11972,238.39,0.5272
11973,237.34,0.6323
11974,177.32,0.63
11975,138.34,0.441
11976,4.14,0.364
11977,4.03,0.3342
11978,141.9,0.3139
11979,140.32,0.3138
11980,113.2,0.3141
11981,4.06,0.203
11982,4.32,0.2013
11983,4.14,0.2644
11984,138.28,0.3706
11985,191.37,0.3707
11986,135.82,0.4773
11987,4.36,0.49
11988,136.36,0.3397
11989,154.04,0.2341
11990,4.97,0.3379
11991,4.97,0.3346
11992,132.94,0.316
11993,132.27,0.3165
11994,131.08,0.3163
11995,5.49,0.2119
11996,4.82,0.1807
11997,3.49,0.2526
11998,93.53,0.2518
11999,220.28,0.2516
12000,4.42,0.3635
12001,4.68,0.4663
12002,142.2,0.4206
12003,220.98,0.5258
12004,163.6,0.6383
12005,134.9,0.6353
12006,144.18,0.6041
12007,138.46,0.5875
12008,182.28,0.5903
12009,142.97,0.4792
12010,138.44,0.514
12011,6.4,0.5546
12012,181.56,0.5594
12013,232.7,0.5596
12014,148.9,0.6653
12015,138.6,0.5218
12016,137.49,0.4591
12017,3.71,0.5114
12018,154.97,0.5428
12019,213.71,0.4369
12020,177.48,0.4394
12021,6.26,0.482
12022,6.8,0.4529
12023,207.73,0.4359
12024,177.65,0.5607
12025,156.44,0.5596
12026,160.9,0.3955
12027,5.47,0.2552
12028,4.25,0.1331
12029,3.75,0.1905
12030,5.01,0.3668
12031,232.11,0.3664
12032,224.03,0.3671
12033,3.77,0.5624
12034,4.62,0.5578
12035,247.14,0.5264
12036,226.38,0.527
12037,185.09,0.6412
12038,4.57,0.5846
12039,146.27,0.4313
12040,176.88,0.2865
12041,36.33,0.4578
12042,5.54,0.4812
12043,217.02,0.5048
12044,175.2,0.5836
12045,206.22,0.5833
12046,133.98,0.4132
12047,5.2,0.4284
12048,6.11,0.3856
12049,193.99,0.4515
12050,153.22,0.6219
12051,215.63,0.6219
12052,216.52,0.4702
12053,6.05,0.5263
12054,5.9,0.52
12055,222.8,0.4601
12056,207.87,0.4601
12057,142.28,0.5758
12058,6.0,0.5084
12059,149.32,0.5053
12060,139.3,0.3933
12061,203.97,0.558
12062,3.47,0.5418
12063,210.14,0.6139
12064,129.29,0.6355
12065,228.71,0.8251
12066,230.65,0.6594
12067,238.58,0.5586
12068,4.78,0.3777
12069,4.3,0.1957
12070,4.32,0.0067
12071,5.04,0.0067
12072,4.28,0.0072
12073,4.79,0.0901
12074,4.92,0.199
12075,107.08,0.3049
12076,140.11,0.3043
12077,135.51,0.3046
12078,4.07,0.3756
12079,5.24,0.4201
12080,195.13,0.4452
12081,195.27,0.4454
12082,166.66,0.5666
12083,4.35,0.533
12084,155.55,0.5407
12085,153.4,0.5233
12086,204.78,0.6821
12087,145.1,0.7444
12088,201.32,0.8053
12089,232.7,0.8248
12090,228.98,0.9103
12091,228.87,0.9114
12092,251.1,0.8304
12093,202.77,0.8112
12094,132.24,0.8065
12095,205.2,0.7867
12096,223.09,0.6281
12097,226.53,0.5264
12098,6.15,0.5373
12099,6.1,0.5524
12100,218.76,0.374
12101,241.71,0.3765
12102,5.44,0.568
12103,9.22,0.5876
12104,243.54,0.5879
12105,242.99,0.7222
12106,242.13,0.8531
12107,171.92,0.6625
12108,171.56,0.6455
12109,7.25,0.6151
12110,221.88,0.6626
12111,204.44,0.6594
12112,230.81,0.7776
12113,167.57,0.7723
12114,153.88,0.764
12115,215.21,0.6948
12116,194.22,0.6948
12117,145.04,0.5765
12118,167.49,0.5536
12119,7.18,0.5321
12120,186.9,0.5526
12121,167.58,0.602
12122,170.46,0.7985
12123,228.68,0.8501
12124,250.87,0.917
12125,250.78,0.9603
12126,250.51,0.9618
12127,224.2,0.7642
12128,230.48,0.5659
12129,5.92,0.3681
12130,4.9,0.192
12131,5.25,0.0103
12132,5.87,0.2068
12133,5.25,0.3785
12134,249.54,0.4649
12135,217.71,0.4647
12136,112.39,0.4642
12137,5.64,0.2664
12138,4.66,0.1893
12139,4.27,0.2149
12140,122.16,0.3721
12141,144.16,0.5581
12142,200.45,0.7429
12143,235.34,0.804
12144,233.44,0.7965
12145,197.86,0.7966
12146,134.92,0.8058
12147,200.56,0.6221
12148,246.66,0.4672
12149,5.74,0.5345
12150,5.78,0.5725
12151,218.32,0.5736
12152,247.73,0.7689
12153,248.02,0.965
12154,247.87,0.9889
12155,248.86,0.9106
12156,247.98,0.7153
12157,150.66,0.5214
12158,5.86,0.3247
12159,7.45,0.3227
12160,5.04,0.3987
12161,245.42,0.5925
12162,244.91,0.7411
12163,246.19,0.9236
12164,191.71,0.9211
12165,231.25,0.902
12166,242.32,0.8819
12167,221.33,0.8566
12168,221.2,0.8282
12169,160.39,0.7405
12170,196.03,0.6951
12171,133.62,0.7096
12172,164.98,0.7466
12173,239.23,0.7368
12174,206.27,0.8299
12175,183.86,0.8981
12176,249.0,0.9071
12177,249.59,0.7444
12178,250.3,0.5993
12179,4.59,0.5212
12180,3.95,0.5134
12181,152.12,0.4966
12182,239.94,0.4957
12183,229.51,0.4962
12184,3.51,0.3768
12185,4.5,0.3371
12186,4.06,0.3263
12187,190.75,0.5256
12188,216.16,0.5256
12189,250.62,0.71
12190,4.46,0.7535
12191,232.73,0.7554
12192,244.67,0.5569
12193,218.5,0.6068
12194,4.56,0.5271
12195,66.23,0.4404
12196,133.94,0.2693
12197,137.18,0.2694
12198,6.38,0.2196
12199,4.68,0.1152
12200,4.49,0.1815
12201,4.52,0.2847
12202,219.34,0.3854
12203,134.41,0.3855
12204,129.52,0.4946
12205,4.52,0.4229
12206,139.78,0.4518
12207,130.49,0.4588
12208,170.22,0.5656
12209,138.28,0.6246
12210,136.88,0.6591
12211,212.99,0.5272
12212,173.25,0.5294
12213,6.7,0.5898
12214,140.92,0.5274
12215,211.82,0.5831
12216,135.57,0.7381
12217,242.42,0.8027
12218,198.8,0.8341
12219,221.01,0.8164
12220,250.72,0.7428
12221,113.63,0.6942
12222,151.19,0.5214
12223,138.57,0.3242
12224,6.72,0.3528
12225,6.25,0.3416
12226,149.07,0.3492
12227,137.32,0.482
12228,147.94,0.4825
12229,171.4,0.3678
12230,6.86,0.3734
12231,6.92,0.4493
12232,144.23,0.4401
12233,242.05,0.6088
12234,159.93,0.778
12235,216.03,0.8623
12236,216.72,0.8675
12237,248.8,0.909
12238,248.46,0.8629
12239,211.49,0.6921
12240,158.76,0.6519
12241,5.0,0.5627
12242,198.92,0.5504
12243,137.92,0.4269
12244,196.24,0.4273
12245,5.59,0.3761
12246,5.46,0.3844
12247,135.54,0.3548
12248,148.12,0.5037
12249,159.54,0.6305
12250,190.3,0.6278
12251,162.64,0.622
12252,132.19,0.499
12253,140.88,0.4628
12254,7.11,0.442
12255,145.34,0.3403
12256,136.87,0.2328
12257,6.09,0.3549
12258,7.65,0.4409
12259,158.51,0.418
12260,251.88,0.4177
12261,108.57,0.6106
12262,5.7,0.6811
12263,246.77,0.4815
12264,245.9,0.5433
12265,4.45,0.6512
12266,185.18,0.6115
12267,139.46,0.5259
12268,197.6,0.6421
12269,139.75,0.6341
12270,148.53,0.5345
12271,175.26,0.5322
12272,16.0,0.5452
12273,194.75,0.5808
12274,155.84,0.5682
12275,192.6,0.6836
12276,159.69,0.6635
12277,159.09,0.6605
12278,169.86,0.6639
12279,152.11,0.655
12280,196.77,0.5321
12281,148.62,0.5068
12282,6.74,0.5547
12283,138.48,0.5034
12284,211.52,0.3865
12285,133.15,0.4779
12286,3.72,0.5494
12287,120.04,0.568
12288,227.13,0.6482
12289,234.58,0.758
12290,232.6,0.8259
12291,139.8,0.828
12292,204.32,0.6412
12293,229.72,0.4569
12294,3.0,0.5261
12295,4.08,0.542
12296,225.56,0.5202
12297,224.08,0.6953
12298,202.64,0.8684
12299,220.08,0.872
12300,218.78,0.6941
12301,229.96,0.5338
12302,3.49,0.5389
12303,3.85,0.5389
12304,226.41,0.4813
12305,218.85,0.4818
12306,158.52,0.5876
12307,4.18,0.5188
12308,134.96,0.4474
12309,141.16,0.4296
12310,130.25,0.4298
12311,136.54,0.3243
12312,4.34,0.2138
12313,4.26,0.1126
12314,4.05,0.0077
12315,4.77,0.1159
12316,6.48,0.293
12317,138.57,0.4747
12318,223.73,0.6697
12319,229.38,0.8529
12320,246.62,0.8473
12321,233.6,0.6724
12322,131.57,0.6872
12323,6.91,0.6904
12324,247.7,0.5053
12325,250.68,0.4017
12326,4.0,0.5426
12327,3.11,0.4892
12328,181.68,0.4158
12329,181.41,0.5496
12330,159.76,0.7451
12331,169.82,0.7867
12332,245.6,0.8371
12333,233.18,0.9049
12334,243.88,0.9498
12335,243.82,0.7588
12336,225.48,0.7594
12337,8.79,0.7429
12338,234.02,0.7442
12339,223.36,0.566
12340,245.41,0.5631
12341,4.56,0.3782
12342,5.24,0.3507
12343,4.75,0.3201
12344,189.23,0.4271
12345,207.46,0.4278
12346,137.2,0.4294
12347,6.1,0.3755
12348,6.8,0.3014
12349,122.45,0.2877
12350,115.48,0.3809
12351,120.29,0.5742
12352,121.65,0.5927
12353,246.52,0.6127
12354,145.34,0.6504
12355,140.24,0.7152
12356,167.08,0.6946
12357,201.96,0.5825
12358,221.03,0.5685
12359,6.25,0.5378
12360,122.92,0.4842
12361,129.01,0.3112
12362,135.51,0.3116
12363,6.52,0.397
12364,6.76,0.4775
12365,228.83,0.477
12366,228.82,0.6421
12367,134.84,0.8281
12368,211.24,0.8302
12369,237.43,0.8334
12370,231.46,0.8645
12371,232.7,0.8008
12372,173.43,0.6142
12373,132.23,0.5383
12374,6.1,0.5082
12375,137.33,0.4897
12376,195.39,0.5076
12377,150.52,0.6866
12378,154.43,0.5795
12379,227.96,0.4257
12380,4.64,0.308
12381,4.68,0.1885
12382,4.62,0.0081
12383,6.2,0.0532
12384,4.33,0.1832
12385,60.54,0.2824
12386,165.8,0.2818
12387,127.66,0.2835
12388,5.43,0.2385
12389,6.49,0.1104
12390,4.75,0.1331
12391,7.0,0.3112
12392,155.76,0.3984
12393,226.22,0.5795
12394,114.6,0.7564
12395,229.27,0.8141
12396,226.36,0.8285
12397,227.3,0.8914
12398,244.14,0.87
12399,192.6,0.7919
12400,202.7,0.6134
12401,129.54,0.42
12402,5.95,0.2692
12403,4.34,0.2224
12404,5.67,0.2419
12405,144.63,0.3474
12406,153.71,0.3475
12407,136.77,0.3466
12408,4.49,0.4245
12409,4.48,0.4853
12410,241.24,0.5652
12411,229.11,0.7497
12412,235.9,0.7519
12413,233.24,0.5627
12414,7.16,0.5699
12415,6.68,0.5816
12416,238.01,0.5955
12417,250.45,0.7909
12418,250.38,0.9799
12419,249.49,0.9557
12420,240.95,0.7579
12421,208.12,0.5602
12422,5.2,0.3631
12423,5.25,0.1727
12424,5.0,0.1837
12425,5.0,0.3288
12426,221.69,0.3553
12427,185.18,0.3558
12428,38.06,0.473
12429,5.66,0.4122
12430,150.29,0.4608
12431,146.26,0.6284
12432,245.48,0.8162
12433,245.87,0.8866
12434,238.46,0.9612
12435,237.53,0.9552
12436,238.76,0.9477
12437,238.12,0.9217
12438,236.54,0.9295
12439,206.27,0.9137
12440,247.16,0.922
12441,219.2,0.9266
12442,248.35,0.9318
12443,242.28,0.737
12444,212.76,0.7261
12445,5.62,0.6411
12446,205.69,0.5867
12447,142.88,0.4193
12448,174.84,0.5701
12449,5.2,0.6053
12450,192.58,0.6679
12451,249.33,0.7047
12452,220.5,0.887
12453,220.5,0.734
12454,231.29,0.6734
12455,2.81,0.6725
12456,174.22,0.6805
12457,219.44,0.6947
12458,230.31,0.8828
12459,248.92,0.9429
12460,236.12,0.9615
12461,248.64,0.7976
12462,242.58,0.6014
12463,27.04,0.4156
12464,5.68,0.2196
12465,5.68,0.2214
12466,5.68,0.4008
12467,244.83,0.5114
12468,249.42,0.5122
12469,142.9,0.7072
12470,6.64,0.6724
12471,247.47,0.6402
12472,201.6,0.6519
12473,209.61,0.7833
12474,157.29,0.5885
12475,169.59,0.4312
12476,5.95,0.267
12477,6.58,0.146
12478,6.08,0.0131
12479,7.24,0.1057
12480,4.76,0.2573
12481,120.8,0.4443
12482,194.52,0.6303
12483,237.98,0.6321
12484,237.86,0.54
12485,6.96,0.5051
12486,6.58,0.4331
12487,151.21,0.2461
12488,148.8,0.2469
12489,5.97,0.3523
12490,7.93,0.3641
12491,137.24,0.3632
12492,165.82,0.4803
12493,147.71,0.616
12494,151.22,0.5097
12495,176.15,0.503
12496,5.5,0.4959
12497,157.45,0.5594
12498,138.88,0.6028
12499,229.96,0.7851
12500,229.97,0.8454
12501,231.48,0.9211
12502,232.21,0.8994
12503,232.75,0.8714
12504,203.08,0.6896
12505,195.33,0.6529
12506,6.0,0.6226
12507,186.69,0.5713
12508,195.18,0.4191
12509,139.5,0.4189
12510,6.65,0.4667
12511,5.8,0.5064
12512,245.87,0.5775
12513,244.4,0.7673
12514,227.65,0.9456
12515,242.07,0.9214
12516,226.76,0.838
12517,215.94,0.7631
12518,140.93,0.6791
12519,134.83,0.6076
12520,137.98,0.5426
12521,138.11,0.6042
12522,135.31,0.5011
12523,217.29,0.393
12524,6.96,0.2835
12525,3.95,0.3629
12526,2.4,0.3762
12527,233.76,0.5585
12528,233.7,0.5592
12529,233.05,0.6846
12530,4.76,0.6816
12531,157.89,0.6806
12532,230.1,0.6908
12533,232.52,0.884
12534,245.64,0.7604
12535,244.32,0.5787
12536,4.6,0.5678
12537,4.78,0.5704
12538,219.07,0.5157
12539,248.89,0.7067
12540,176.41,0.897
12541,241.48,0.9142
12542,240.66,0.8588
12543,240.44,0.872
12544,180.21,0.8364
12545,192.79,0.6466
12546,197.36,0.5887
12547,5.24,0.5678
12548,168.66,0.5685
12549,154.28,0.4125
12550,193.72,0.5695
12551,3.96,0.6014
12552,199.93,0.6634
12553,208.19,0.6996
12554,231.09,0.8879
12555,238.62,0.9204
12556,237.39,0.9449
12557,240.25,0.9562
12558,238.57,0.9348
12559,245.07,0.9213
12560,212.11,0.8842
12561,220.65,0.8505
12562,194.24,0.8515
12563,196.81,0.7832
12564,246.27,0.6102
12565,127.51,0.4575
12566,6.1,0.3029
12567,4.96,0.2246
12568,5.06,0.2759
12569,149.26,0.3854
12570,191.04,0.3856
12571,141.94,0.3857
12572,5.24,0.3414
12573,5.1,0.3054
12574,94.31,0.355
12575,146.5,0.354
12576,203.33,0.4959
12577,4.11,0.5578
12578,180.93,0.6036
12579,171.06,0.5518
12580,203.29,0.6516
12581,139.12,0.5134
12582,127.84,0.3799
12583,9.59,0.2201
12584,5.54,0.1114
12585,5.25,0.012
12586,4.23,0.0071
12587,4.72,0.1099
12588,3.41,0.2912
12589,133.04,0.3972
12590,230.09,0.3975
12591,135.65,0.5643
12592,5.1,0.5657
12593,210.13,0.4991
12594,134.76,0.4992
12595,147.51,0.6747
12596,135.78,0.696
12597,222.77,0.7833
12598,236.49,0.8523
12599,243.01,0.9415
12600,233.01,0.9558
12601,246.4,0.9626
12602,240.51,0.9496
12603,244.91,0.9388
12604,226.98,0.9289
12605,219.64,0.8772
12606,234.05,0.6836
12607,176.48,0.611
12608,4.76,0.56
12609,137.09,0.4746
12610,156.38,0.3387
12611,128.12,0.3398
12612,7.97,0.3573
12613,6.15,0.3692
12614,158.75,0.4283
12615,171.16,0.4454
12616,201.4,0.4447
12617,29.22,0.406
12618,5.28,0.3807
12619,110.76,0.3901
12620,139.69,0.4865
12621,213.11,0.5888
12622,148.7,0.5994
12623,132.13,0.5924
12624,123.94,0.4272
12625,131.01,0.3122
12626,8.24,0.2105
12627,6.18,0.2406
12628,5.99,0.2943
12629,161.26,0.4148
12630,197.56,0.4135
12631,157.65,0.4134
12632,4.66,0.3905
12633,5.82,0.3676
12634,132.84,0.3784
12635,169.15,0.4995
12636,171.14,0.4987
12637,154.79,0.3954
12638,4.78,0.4498
12639,4.78,0.5102
12640,236.61,0.5412
12641,246.05,0.6914
12642,193.18,0.8439
12643,190.96,0.8139
12644,193.95,0.7293
12645,199.38,0.7357
12646,141.16,0.6898
12647,201.05,0.5357
12648,134.17,0.5529
12649,2.84,0.5991
12650,220.74,0.5493
12651,198.43,0.4464
12652,139.22,0.5641
12653,6.63,0.4937
12654,148.78,0.4335
12655,133.46,0.4466
12656,123.79,0.5676
12657,155.43,0.6124
12658,156.68,0.6912
12659,204.38,0.7782
12660,231.09,0.6587
12661,231.71,0.5373
12662,7.25,0.3778
12663,6.12,0.1969
12664,6.7,0.1822
12665,6.76,0.3578
12666,213.46,0.4685
12667,225.02,0.4686
12668,143.38,0.5833
12669,6.75,0.6064
12670,149.04,0.584
12671,242.1,0.4715
12672,197.18,0.6512
12673,3.94,0.7328
12674,229.56,0.7393
12675,250.14,0.773
12676,250.23,0.8876
12677,239.01,0.8095
12678,145.93,0.7379
12679,132.8,0.7279
12680,161.29,0.7281
12681,237.9,0.6148
12682,239.24,0.5129
12683,5.41,0.5764
12684,6.45,0.5735
12685,240.04,0.5307
12686,234.25,0.6322
12687,186.18,0.6283
12688,131.37,0.4401
12689,1.53,0.3474
12690,6.74,0.3065
12691,119.3,0.3381
12692,135.46,0.3424
12693,170.5,0.4618
12694,6.86,0.4785
12695,154.89,0.4824
12696,139.96,0.5165
12697,140.32,0.6218
12698,212.76,0.5022
12699,137.4,0.577
12700,6.6,0.6592
12701,232.7,0.6819
12702,242.25,0.7622
12703,240.92,0.9552
12704,236.92,0.9551
12705,245.86,0.7632
12706,232.61,0.5725
12707,4.3,0.386
12708,4.47,0.1925
12709,5.75,0.1176
12710,5.96,0.2004
12711,139.77,0.2004
12712,106.96,0.199
12713,4.44,0.2899
12714,3.96,0.2855
12715,118.69,0.3951
12716,134.29,0.5866
12717,242.87,0.7478
12718,241.82,0.6572
12719,203.89,0.5542
12720,6.38,0.3638
12721,6.56,0.2838
12722,6.78,0.3076
12723,142.68,0.5006
12724,233.32,0.6914
12725,245.75,0.8845
12726,243.05,0.967
12727,246.27,0.9782
12728,244.95,0.785
12729,247.26,0.6777
12730,6.15,0.6501
12731,109.99,0.6304
12732,212.12,0.434
12733,220.45,0.4329
12734,3.81,0.5447
12735,4.72,0.5201
12736,248.67,0.4988
12737,181.62,0.646
12738,194.03,0.8242
12739,186.34,0.7353
12740,225.57,0.7689
12741,138.46,0.8011
12742,223.27,0.8139
12743,234.04,0.8163
12744,202.17,0.8899
12745,228.6,0.8972
12746,229.62,0.8915
12747,232.4,0.7318
12748,226.94,0.5509
12749,4.2,0.3693
12750,4.28,0.2919
12751,4.46,0.2257
12752,136.38,0.342
12753,144.87,0.4425
12754,148.47,0.5928
12755,128.79,0.6702
12756,190.82,0.655
12757,232.4,0.7291
12758,126.07,0.7407
12759,240.34,0.5901
12760,143.07,0.5844
12761,4.14,0.6667
12762,225.3,0.5803
12763,228.18,0.6286
12764,133.23,0.7428
12765,202.88,0.7582
12766,145.84,0.7413
12767,244.36,0.827
12768,207.18,0.769
12769,239.52,0.6555
12770,130.9,0.466
12771,5.21,0.4994
12772,9.33,0.4533
12773,248.64,0.3562
12774,182.41,0.532
12775,10.48,0.7148
12776,223.12,0.6881
12777,236.03,0.7153
12778,215.54,0.8227
12779,216.09,0.7112
12780,143.71,0.6316
12781,84.8,0.6344
12782,137.34,0.6366
12783,219.04,0.6606
12784,218.85,0.7405
12785,173.38,0.7782
12786,183.86,0.7499
12787,184.08,0.6712
12788,183.98,0.6441
12789,121.25,0.4994
12790,139.76,0.4629
12791,4.48,0.486
12792,138.82,0.4825
12793,212.7,0.3733
12794,116.9,0.373
12795,4.32,0.2645
12796,4.12,0.1918
12797,4.3,0.2936
12798,122.54,0.4681
12799,243.16,0.4674
12800,220.69,0.4674
12801,3.22,0.5632
12802,4.25,0.5627
12803,241.42,0.5417
12804,242.55,0.614
12805,194.61,0.8051
12806,92.79,0.8049
12807,241.22,0.6136
12808,241.14,0.4605
12809,5.47,0.3896
12810,4.69,0.1997
12811,4.9,0.1128
12812,5.76,0.2153
12813,133.43,0.2512
12814,132.53,0.2521
12815,49.16,0.3627
12816,6.04,0.3677
12817,142.87,0.3726
12818,139.7,0.5067
12819,138.61,0.6722
12820,215.43,0.5617
12821,211.17,0.4538
12822,5.92,0.4481
12823,5.92,0.3842
12824,131.59,0.2168
12825,136.1,0.215
12826,3.67,0.2131
12827,3.71,0.1115
12828,3.57,0.164
12829,5.58,0.3594
12830,201.14,0.4801
12831,245.94,0.6596
12832,153.44,0.8538
12833,226.07,0.8868
12834,246.4,0.6925
12835,242.1,0.7548
12836,4.96,0.7573
12837,230.7,0.7297
12838,229.22,0.6499
12839,212.16,0.7611
12840,143.15,0.5791
12841,142.83,0.5246
12842,5.07,0.5425
12843,161.56,0.6022
12844,234.41,0.6616
12845,217.2,0.85
12846,216.51,0.7243
12847,238.66,0.6107
12848,5.6,0.6282
12849,93.64,0.5607
12850,238.81,0.3717
12851,132.91,0.3723
12852,4.32,0.4221
12853,6.25,0.3422
12854,155.42,0.372
12855,139.8,0.3731
12856,169.78,0.4843
12857,5.76,0.4717
12858,144.04,0.4687
12859,139.8,0.4388
12860,136.15,0.541
12861,132.71,0.4293
12862,132.5,0.3209
12863,5.44,0.2146
12864,5.5,0.214
12865,4.28,0.2718
12866,132.04,0.4236
12867,204.18,0.424
12868,193.65,0.4272
12869,5.99,0.3256
12870,8.16,0.1667
12871,6.18,0.0152
12872,7.05,0.0156
12873,5.8,0.118
12874,6.58,0.2359
12875,135.11,0.233
12876,152.29,0.3511
12877,3.54,0.5355
12878,152.16,0.6169
12879,235.18,0.6602
12880,236.09,0.8388
12881,205.93,0.8848
12882,224.97,0.6988
12883,209.3,0.5122
12884,4.48,0.4591
12885,4.72,0.389
12886,140.2,0.3526
12887,138.03,0.4907
12888,164.1,0.5876
12889,175.76,0.6426
12890,124.79,0.7183
12891,208.4,0.5899
12892,231.92,0.5764
12893,4.87,0.6011
12894,159.03,0.5452
12895,155.43,0.3616
12896,139.16,0.3612
12897,4.19,0.4267
12898,4.43,0.497
12899,240.28,0.5793
12900,242.5,0.773
12901,241.3,0.7721
12902,244.34,0.5823
12903,3.26,0.5829
12904,5.02,0.5856
12905,243.24,0.5881
12906,244.67,0.7728
12907,247.33,0.8753
12908,232.3,0.6837
12909,132.09,0.6499
12910,5.75,0.6138
12911,202.75,0.5407
12912,202.59,0.4385
12913,141.66,0.5293
12914,5.36,0.493
12915,118.24,0.4794
12916,157.77,0.3688
12917,185.74,0.4766
12918,4.61,0.5731
12919,138.96,0.6386
12920,237.88,0.6813
12921,238.98,0.6814
12922,238.66,0.5749
12923,4.78,0.5106
12924,6.9,0.4296
12925,158.15,0.4323
12926,138.51,0.6244
12927,242.05,0.6255
12928,242.92,0.5031
12929,8.25,0.5345
12930,6.38,0.5163
12931,177.47,0.4846
12932,219.54,0.4835
12933,203.58,0.5892
12934,6.88,0.5571
12935,137.42,0.5656
12936,137.72,0.4057
12937,230.09,0.5097
12938,5.32,0.5916
12939,135.77,0.6811
12940,239.03,0.6951
12941,248.61,0.8521
12942,247.55,0.9245
12943,199.91,0.9336
12944,225.58,0.8849
12945,250.32,0.8202
12946,188.2,0.7751
12947,167.28,0.754
12948,143.98,0.7322
12949,199.51,0.7727
12950,223.29,0.7515
12951,238.42,0.6405
12952,140.97,0.4845
12953,6.28,0.311
12954,6.2,0.3206
12955,8.07,0.4086
12956,250.33,0.5176
12957,250.14,0.5172
12958,141.37,0.7086
12959,5.68,0.7057
12960,245.46,0.6837
12961,246.68,0.7632
12962,222.88,0.9572
12963,240.01,0.7625
12964,246.2,0.5672
12965,4.04,0.3905
12966,4.53,0.1999
12967,3.78,0.006
12968,3.74,0.0068
12969,5.69,0.1265
12970,5.05,0.2907
12971,153.01,0.4553
12972,207.28,0.4565
12973,207.86,0.4561
12974,7.15,0.508
12975,4.6,0.5179
12976,217.37,0.4224
12977,219.54,0.4235
12978,89.5,0.6222
12979,8.46,0.6493
12980,250.94,0.6543
12981,250.94,0.761
12982,225.74,0.9105
12983,221.86,0.7106
12984,193.75,0.7023
12985,3.15,0.6447
12986,240.7,0.6597
12987,154.24,0.6983
12988,240.5,0.8923
12989,241.57,0.8929
12990,243.77,0.9518
12991,241.43,0.9407
12992,227.27,0.8964
12993,226.7,0.7033
12994,186.65,0.636
12995,4.36,0.5714
12996,158.03,0.5122
12997,147.17,0.3677
12998,153.24,0.3689
12999,7.49,0.4402
13000,5.8,0.515
13001,246.46,0.5689
13002,239.95,0.7447
13003,220.11,0.7747
13004,225.44,0.5806
13005,42.92,0.5834
13006,5.77,0.5986
13007,243.47,0.6104
13008,238.98,0.7682
13009,240.07,0.9649
13010,238.56,0.9544
13011,249.63,0.7652
13012,230.49,0.5748
13013,4.37,0.3859
13014,4.07,0.2809
13015,4.25,0.2193
13016,119.5,0.3427
13017,154.08,0.3451
13018,157.42,0.3457
13019,7.0,0.4073
13020,4.96,0.3849
13021,195.94,0.4566
13022,126.34,0.6498
13023,246.28,0.6508
13024,246.5,0.4978
13025,6.25,0.5631
13026,6.25,0.5193
13027,207.23,0.4591
13028,191.97,0.4583
13029,171.87,0.4574
13030,5.32,0.2942
13031,5.15,0.2738
13032,4.89,0.3029
13033,166.58,0.4081
13034,207.99,0.408
13035,135.81,0.582
13036,4.99,0.6401
13037,220.64,0.6641
13038,238.58,0.5614
13039,237.82,0.659
13040,8.45,0.6697
13041,125.94,0.6695
13042,233.94,0.6476
13043,238.33,0.7673
13044,210.62,0.6702
13045,156.88,0.4854
13046,5.64,0.2986
13047,4.77,0.2373
13048,6.71,0.2795
13049,134.62,0.4421
13050,209.21,0.4428
13051,207.22,0.4421
13052,5.67,0.442
13053,5.87,0.383
13054,134.42,0.2201
13055,136.13,0.3255
13056,5.17,0.5194
13057,136.4,0.5827
13058,246.21,0.4766
13059,212.99,0.6705
13060,4.58,0.7024
13061,245.53,0.6909
13062,175.92,0.6987
13063,232.0,0.8867
13064,222.61,0.8663
13065,237.66,0.8888
13066,220.32,0.7054
13067,203.73,0.5294
13068,4.64,0.4661
13069,4.49,0.4072
13070,159.1,0.3494
13071,147.25,0.4187
13072,132.1,0.6056
13073,90.58,0.6576
13074,236.26,0.5437
13075,223.55,0.4415
13076,6.02,0.4771
13077,5.36,0.4123
13078,134.68,0.3723
13079,155.99,0.3717
13080,173.93,0.5477
13081,5.32,0.6199
13082,223.59,0.6931
13083,224.14,0.7275
13084,246.71,0.8369
13085,216.65,0.6611
13086,140.94,0.6632
13087,5.65,0.6476
13088,226.72,0.6494
13089,227.41,0.7286
13090,218.79,0.9139
13091,239.18,0.7347
13092,235.36,0.6605
13093,4.63,0.6476
13094,135.34,0.6353
13095,202.81,0.4477
13096,224.0,0.4462
13097,2.66,0.5279
13098,2.74,0.3678
13099,236.71,0.1907
13100,4.25,0.3014
13101,4.52,0.4505
13102,139.81,0.456
13103,187.62,0.5986
13104,243.64,0.7292
13105,181.02,0.7897
13106,166.4,0.8077
13107,214.81,0.6169
13108,210.03,0.4757
13109,7.0,0.3462
13110,5.99,0.3545
13111,5.76,0.3288
13112,225.16,0.4367
13113,178.17,0.4369
13114,140.77,0.4379
13115,6.25,0.2613
13116,6.95,0.2045
13117,6.25,0.2044
13118,107.74,0.3026
13119,140.57,0.3021
13120,128.04,0.3019
13121,6.29,0.3238
13122,6.05,0.3264
13123,134.9,0.4175
13124,143.8,0.5745
13125,241.0,0.691
13126,200.99,0.7031
13127,150.4,0.7097
13128,149.93,0.6985
13129,151.95,0.6397
13130,227.2,0.5227
13131,128.1,0.5968
13132,5.25,0.6686
13133,241.84,0.6822
13134,241.03,0.7634
13135,244.04,0.9109
13136,228.76,0.7232
13137,188.12,0.7068
13138,9.11,0.7013
13139,220.74,0.7075
13140,237.24,0.5596
13141,236.39,0.7026
13142,4.71,0.7009
13143,186.51,0.6979
13144,218.57,0.613
13145,233.56,0.7576
13146,131.08,0.6108
13147,184.06,0.633
13148,4.42,0.6291
13149,246.15,0.5251
13150,228.62,0.38
13151,2.16,0.3802
13152,4.25,0.1859
13153,4.59,0.0058
13154,5.25,0.0078
13155,5.29,0.0089
13156,4.71,0.0105
13157,5.59,0.0113
13158,6.53,0.2054
13159,6.28,0.3516
13160,245.99,0.3507
13161,185.98,0.4567
13162,4.46,0.6135
13163,137.88,0.5274
13164,200.76,0.5023
13165,139.27,0.6212
13166,154.77,0.6173
13167,151.93,0.5648
13168,132.99,0.6223
13169,135.76,0.6927
13170,210.56,0.5728
13171,242.0,0.4697
13172,3.23,0.3645
13173,5.25,0.1995
13174,5.34,0.13
13175,5.96,0.318
13176,155.81,0.3173
13177,236.27,0.3172
13178,4.4,0.4427
13179,5.29,0.4877
13180,161.49,0.4041
13181,211.58,0.4058
13182,132.67,0.594
13183,6.45,0.6612
13184,238.63,0.6868
13185,244.89,0.7827
13186,243.26,0.954
13187,251.65,0.9422
13188,218.84,0.7496
13189,224.0,0.5579
13190,6.0,0.4845
13191,5.59,0.4325
13192,160.65,0.4269
13193,154.34,0.623
13194,217.14,0.8121
13195,249.12,0.8827
13196,240.07,0.9309
13197,248.13,0.7602
13198,214.09,0.7515
13199,5.48,0.7567
13200,238.36,0.6105
13201,246.49,0.4414
13202,66.86,0.554
13203,4.48,0.4904
13204,145.08,0.4183
13205,159.56,0.4777
13206,157.06,0.5806
13207,140.52,0.4669
13208,132.04,0.3422
13209,4.05,0.2196
13210,4.99,0.1111
13211,5.1,0.0088
13212,5.94,0.0098
13213,5.21,0.0096
13214,5.36,0.0095
13215,4.63,0.1127
13216,5.04,0.2178
13217,133.92,0.3706
13218,135.52,0.4536
13219,194.78,0.5653
13220,107.57,0.5773
13221,143.5,0.4727
13222,148.84,0.3207
13223,5.79,0.3732
13224,6.25,0.3714
13225,172.78,0.3811
13226,141.26,0.5041
13227,160.84,0.6388
13228,158.26,0.6163
13229,173.32,0.631
13230,144.88,0.6567
13231,159.4,0.7259
13232,192.7,0.7845
13233,244.16,0.861
13234,245.89,0.9055
13235,239.74,0.7869
13236,214.59,0.5966
13237,45.62,0.4064
13238,8.27,0.22
13239,10.05,0.2395
13240,8.63,0.3958
13241,238.82,0.4998
13242,239.32,0.4965
13243,137.29,0.6787
13244,5.91,0.6763
13245,234.58,0.6727
13246,235.8,0.7141
13247,234.83,0.8505
13248,188.62,0.8199
13249,175.1,0.7484
13250,196.55,0.75
13251,147.18,0.7524
13252,236.86,0.807
13253,191.6,0.8433
13254,242.8,0.9235
13255,241.52,0.9125
13256,246.65,0.7642
13257,223.26,0.5752
13258,7.65,0.3848
13259,8.43,0.1915
13260,5.56,0.1371
13261,6.96,0.2681
13262,155.82,0.2663
13263,170.06,0.2675
13264,6.12,0.2669
13265,7.14,0.1479
13266,6.18,0.102
13267,8.25,0.2127
13268,113.15,0.3048
13269,143.43,0.3486
13270,121.26,0.5069
13271,60.55,0.6137
13272,204.52,0.6579
13273,245.56,0.676
13274,198.22,0.7946
13275,143.7,0.7725
13276,207.63,0.5777
13277,177.04,0.4233
13278,4.07,0.3123
13279,6.74,0.2663
13280,6.1,0.312
13281,150.64,0.4372
13282,233.74,0.4366
13283,159.22,0.4374
13284,5.96,0.4916
13285,7.12,0.4905
13286,217.91,0.4586
13287,232.33,0.458
13288,119.63,0.456
13289,5.21,0.2856
13290,4.68,0.1836
13291,6.68,0.1756
13292,105.87,0.2528
13293,109.62,0.2525
13294,100.95,0.3653
13295,4.29,0.3856
13296,146.56,0.4035
13297,131.12,0.4352
13298,131.75,0.5479
13299,140.32,0.4345
13300,143.94,0.4218
13301,6.02,0.4864
13302,115.34,0.5065
13303,211.88,0.3953
13304,165.25,0.4749
13305,6.04,0.5443
13306,104.72,0.4978
13307,201.38,0.4822
13308,154.22,0.5893
13309,145.91,0.6871
13310,138.86,0.6691
13311,225.9,0.6591
13312,179.1,0.7132
13313,141.84,0.6184
13314,213.0,0.4406
13315,21.3,0.3011
13316,5.4,0.1941
13317,6.14,0.2176
13318,9.21,0.311
13319,242.18,0.3109
13320,137.11,0.4702
13321,5.23,0.6347
13322,203.68,0.6053
13323,213.06,0.4996
13324,205.8,0.5988
13325,6.0,0.5343
13326,128.22,0.5558
13327,123.76,0.564
13328,239.76,0.7407
13329,215.9,0.6398
13330,225.16,0.6559
13331,3.13,0.6513
13332,143.71,0.6644
13333,234.06,0.6684
13334,232.15,0.8109
13335,230.02,0.6983
13336,179.83,0.5137
13337,4.1,0.4765
13338,5.16,0.4082
13339,186.1,0.2672
13340,145.29,0.2691
13341,4.98,0.3713
13342,6.45,0.3354
13343,131.92,0.3124
13344,141.62,0.3137
13345,116.73,0.4209
13346,6.68,0.4193
13347,139.34,0.4097
13348,129.86,0.4196
13349,129.7,0.5544
13350,129.06,0.5901
13351,173.8,0.5976
13352,183.64,0.4972
13353,139.08,0.5767
13354,5.28,0.6388
13355,227.59,0.6767
13356,250.78,0.5666
13357,230.74,0.6817
13358,2.57,0.6943
13359,147.99,0.6766
13360,243.22,0.4941
13361,228.76,0.4954
13362,4.44,0.5751
13363,4.2,0.4907
13364,246.84,0.3095
13365,138.59,0.5079
13366,4.08,0.6958
13367,250.41,0.5997
13368,237.21,0.6125
13369,127.62,0.7206
13370,154.45,0.7163
13371,138.09,0.6861
13372,245.1,0.5869
13373,199.75,0.5591
13374,4.73,0.6444
13375,119.93,0.6468
13376,243.88,0.6721
13377,248.0,0.822
13378,231.2,0.7279
13379,190.56,0.5365
13380,3.27,0.3411
13381,6.58,0.2492
13382,5.72,0.2199
13383,117.29,0.334
13384,154.2,0.334
13385,144.68,0.3347
13386,6.66,0.3613
13387,6.6,0.3499
13388,150.17,0.3621
13389,140.13,0.4838
13390,159.75,0.5288
13391,157.62,0.4142
13392,62.41,0.3069
13393,7.99,0.1817
13394,7.1,0.2244
13395,4.61,0.3543
13396,210.52,0.5223
13397,223.42,0.712
13398,216.31,0.8689
13399,242.35,0.8646
13400,199.13,0.8503
13401,205.19,0.6811
13402,205.62,0.591
13403,6.62,0.6218
13404,130.58,0.5592
13405,237.32,0.3991
13406,127.57,0.3977
13407,7.16,0.4068
13408,4.82,0.3667
13409,141.9,0.4528
13410,187.62,0.4536
13411,234.35,0.4546
13412,8.1,0.3455
13413,6.02,0.199
13414,6.66,0.0152
13415,6.0,0.0137
13416,6.43,0.0146
13417,6.25,0.0143
13418,7.19,0.1297
13419,6.25,0.2815
13420,149.11,0.4205
13421,194.59,0.4195
13422,178.56,0.5144
13423,5.99,0.5101
13424,123.95,0.4576
13425,143.7,0.3183
13426,129.57,0.403
13427,5.8,0.4111
13428,110.97,0.4633
13429,134.0,0.5538
13430,208.45,0.6601
13431,241.77,0.5747
13432,137.67,0.4704
13433,5.05,0.4203
13434,4.66,0.3406
13435,146.38,0.3307
13436,142.94,0.4736
13437,125.36,0.6543
13438,182.25,0.6647
13439,228.72,0.6919
13440,159.21,0.5958
13441,176.72,0.4549
13442,6.25,0.2745
13443,7.46,0.3151
13444,5.11,0.2918
13445,209.57,0.4064
13446,147.81,0.405
13447,148.34,0.4985
13448,5.76,0.4642
13449,120.96,0.4592
13450,167.12,0.4547
13451,141.56,0.4548
13452,142.79,0.4691
13453,5.81,0.4631
13454,138.76,0.4541
13455,159.63,0.4696
13456,130.39,0.5784
13457,162.07,0.5771
13458,140.73,0.564
13459,137.04,0.6604
13460,143.43,0.7317
13461,249.98,0.6221
13462,250.41,0.5153
13463,4.86,0.509
13464,4.66,0.4961
13465,135.59,0.4354
13466,233.94,0.4349
13467,175.22,0.5952
13468,4.21,0.5933
13469,203.43,0.5245
13470,133.22,0.4983
13471,148.6,0.694
13472,142.7,0.5318
13473,246.94,0.6044
13474,2.32,0.6783
13475,223.22,0.7588
13476,240.21,0.7546
13477,242.51,0.9477
13478,241.74,0.9656
13479,241.76,0.891
13480,245.37,0.8583
13481,147.79,0.7755
13482,201.9,0.5855
13483,139.07,0.3927
13484,6.25,0.3864
13485,6.2,0.3402
13486,140.03,0.2336
13487,144.59,0.2338
13488,7.0,0.3575
13489,6.4,0.3503
13490,159.59,0.3484
13491,131.12,0.4499
13492,142.25,0.6232
13493,132.87,0.6346
13494,221.3,0.5323
13495,173.69,0.5346
13496,4.25,0.6212
13497,145.09,0.63
13498,240.25,0.6696
13499,232.28,0.8287
13500,222.7,0.7155
13501,201.53,0.5248
13502,4.77,0.3414
13503,3.85,0.2829
13504,4.87,0.2903
13505,150.13,0.4457
13506,210.65,0.4462
13507,197.46,0.4459
13508,4.54,0.4412
13509,4.46,0.3885
13510,144.35,0.3357
13511,145.31,0.4437
13512,131.99,0.4437
13513,138.37,0.331
13514,4.44,0.2191
13515,4.72,0.1174
13516,6.48,0.2062
13517,5.99,0.4
13518,248.44,0.5109
13519,244.69,0.5089
13520,142.26,0.6691
13521,3.94,0.6688
13522,204.72,0.6595
13523,248.03,0.5475
13524,233.16,0.7224
13525,3.41,0.6861
13526,220.81,0.6564
13527,159.71,0.4727
13528,211.11,0.5429
13529,5.4,0.492
13530,90.46,0.4724
13531,157.77,0.4354
13532,135.34,0.5975
13533,165.3,0.5301
13534,206.36,0.4076
13535,6.9,0.3039
13536,5.85,0.176
13537,6.76,0.0149
13538,6.8,0.0132
13539,6.55,0.2042
13540,4.84,0.3903
13541,242.65,0.5734
13542,237.5,0.7186
13543,233.75,0.7204
13544,186.67,0.5301
13545,7.0,0.5368
13546,6.75,0.5371
13547,245.8,0.3931
13548,234.12,0.4933
13549,8.05,0.6785
13550,131.3,0.6659
13551,236.42,0.6676
13552,230.11,0.8565
13553,236.22,0.932
13554,242.32,0.9357
13555,224.94,0.7548
13556,240.96,0.5682
13557,5.86,0.4801
13558,4.76,0.4059
13559,133.09,0.3539
13560,133.02,0.5206
13561,176.46,0.6483
13562,212.48,0.6567
13563,163.12,0.5527
13564,143.58,0.4152
13565,4.03,0.3718
13566,6.0,0.4063
13567,158.64,0.4362
13568,205.87,0.4366
13569,180.63,0.4362
13570,4.62,0.3127
13571,5.5,0.2533
13572,5.5,0.3008
13573,132.25,0.488
13574,239.49,0.4906
13575,236.7,0.4926
13576,8.75,0.3936
13577,8.0,0.2075
13578,9.46,0.0206
13579,8.71,0.0175
13580,4.96,0.0143
13581,5.0,0.0112
13582,4.0,0.0084
13583,5.56,0.008
13584,5.27,0.0071
13585,4.45,0.1117
13586,3.92,0.2241
13587,133.63,0.3091
13588,145.03,0.3098
13589,110.66,0.4254
13590,5.23,0.5168
13591,147.26,0.6007
13592,246.91,0.7121
13593,249.1,0.8188
13594,248.84,0.7051
13595,137.49,0.5107
13596,6.23,0.5053
13597,5.98,0.499
13598,242.37,0.5837
13599,241.05,0.7743
13600,242.44,0.9665
13601,242.63,0.9685
13602,244.22,0.9709
13603,244.89,0.9754
13604,243.95,0.9194
13605,248.13,0.8975
13606,173.14,0.8938
13607,217.01,0.8897
13608,240.35,0.6924
13609,238.91,0.5557
13610,3.5,0.5726
13611,3.66,0.4797
13612,237.89,0.4565
13613,125.18,0.5769
13614,210.14,0.5754
13615,152.83,0.3881
13616,1.71,0.3926
13617,5.66,0.3949
13618,130.84,0.4663
13619,212.98,0.6656
13620,241.29,0.8579
13621,248.81,0.9503
13622,244.12,0.9781
13623,245.49,0.979
13624,247.36,0.9661
13625,242.46,0.7727
13626,232.79,0.7473
13627,4.37,0.662
13628,213.96,0.6344
13629,141.65,0.4503
13630,208.19,0.5618
13631,4.59,0.5426
13632,142.59,0.5692
13633,190.08,0.5999
13634,174.62,0.7063
13635,246.33,0.5947
13636,136.51,0.5524
13637,4.21,0.6139
13638,137.66,0.5244
13639,250.85,0.5582
13640,135.29,0.7089
13641,178.44,0.7691
13642,191.06,0.6725
13643,212.36,0.5679
13644,131.04,0.4275
13645,5.62,0.2767
13646,4.29,0.1086
13647,4.18,0.1553
13648,3.95,0.3493
13649,188.95,0.3501
13650,246.15,0.4618
13651,5.2,0.6207
13652,142.76,0.654
13653,200.94,0.6416
13654,230.17,0.8202
13655,230.78,0.8482
13656,226.7,0.7474
13657,177.42,0.7472
13658,75.97,0.7216
13659,229.93,0.6494
13660,199.04,0.6355
13661,137.16,0.7453
13662,160.21,0.7595
13663,212.14,0.7243
13664,247.5,0.6201
13665,155.47,0.4956
13666,7.86,0.3294
13667,5.85,0.2404
13668,6.09,0.2405
13669,137.15,0.3453
13670,155.68,0.3456
13671,137.7,0.4532
13672,6.23,0.4767
13673,139.56,0.5323
13674,166.28,0.5912
13675,224.55,0.5908
13676,210.8,0.4836
13677,5.72,0.5306
13678,6.58,0.5316
13679,224.59,0.5316
13680,225.75,0.7134
13681,210.84,0.8963
13682,231.2,0.8885
13683,233.26,0.8689
13684,214.93,0.8659
13685,201.48,0.7905
13686,207.16,0.608
13687,137.73,0.5753
13688,6.9,0.5276
13689,174.39,0.5022
13690,142.4,0.3963
13691,175.64,0.4383
13692,6.4,0.4243
13693,59.03,0.4365
13694,157.04,0.4235
13695,157.44,0.5435
13696,159.54,0.6786
13697,155.18,0.7333
13698,226.59,0.8019
13699,224.88,0.8312
13700,242.49,0.8641
13701,195.88,0.809
13702,195.89,0.7633
13703,158.28,0.6804
13704,168.3,0.6944
13705,139.62,0.7377
13706,213.32,0.7886
13707,249.54,0.6554
13708,221.37,0.7259
13709,3.15,0.7527
13710,227.04,0.5553
13711,246.56,0.3809
13712,4.8,0.479
13713,5.12,0.4612
13714,124.78,0.4008
13715,204.9,0.5378
13716,171.72,0.709
13717,174.62,0.7736
13718,217.43,0.6121
13719,204.91,0.58
13720,4.58,0.5573
13721,131.93,0.5441
13722,146.55,0.5599
13723,201.05,0.7421
13724,224.43,0.8043
13725,230.53,0.8547
13726,209.1,0.6984
13727,208.98,0.5227
13728,7.31,0.5373
13729,6.59,0.5698
13730,248.64,0.5324
13731,249.32,0.5301
13732,162.6,0.7112
13733,4.55,0.6637
13734,231.03,0.6258
13735,189.78,0.6365
13736,202.35,0.7483
13737,175.91,0.565
13738,143.06,0.5355
13739,3.76,0.5208
13740,153.24,0.5508
13741,184.15,0.5946
13742,213.11,0.7776
13743,197.4,0.6564
13744,230.64,0.5119
13745,2.97,0.3434
13746,5.0,0.1877
13747,4.17,0.0062
13748,4.35,0.0085
13749,5.65,0.13
13750,5.76,0.2557
13751,155.68,0.3773
13752,160.0,0.3774
13753,155.1,0.3779
13754,5.84,0.2596
13755,6.33,0.3131
13756,9.05,0.3786
13757,226.33,0.478
13758,236.22,0.5906
13759,129.14,0.7443
13760,145.93,0.6941
13761,199.56,0.6665
13762,164.06,0.67
13763,202.06,0.6702
13764,133.44,0.6661
13765,146.24,0.5376
13766,194.43,0.3788
13767,4.72,0.2754
13768,5.25,0.2151
13769,5.25,0.2606
13770,71.37,0.4552
13771,250.96,0.4547
13772,245.95,0.454
13773,4.66,0.566
13774,4.4,0.5323
13775,210.22,0.5191
13776,209.1,0.7116
13777,229.66,0.7683
13778,243.36,0.6028
13779,74.6,0.5477
13780,5.01,0.4822
13781,140.77,0.4225
13782,148.49,0.4526
13783,169.32,0.5554
13784,111.91,0.5445
13785,132.5,0.5185
13786,127.26,0.3856
13787,116.26,0.3003
13788,4.56,0.1982
13789,6.16,0.2482
13790,5.84,0.2704
13791,189.32,0.4134
13792,143.72,0.4128
13793,181.86,0.413
13794,5.42,0.387
13795,6.08,0.4124
13796,157.13,0.4378
13797,175.18,0.5995
13798,213.36,0.5993
13799,205.94,0.4776
13800,5.83,0.5275
13801,6.25,0.547
13802,237.07,0.5762
13803,237.55,0.6974
13804,242.09,0.82
13805,156.07,0.7418
13806,158.29,0.7073
13807,140.11,0.6684
13808,194.78,0.5478
13809,193.85,0.5256
13810,6.57,0.599
13811,130.76,0.5618
13812,231.16,0.4089
13813,148.56,0.5306
13814,4.25,0.5803
13815,157.47,0.5963
13816,192.39,0.6425
13817,251.04,0.8078
13818,205.84,0.6858
13819,209.27,0.5354
13820,6.14,0.3368
13821,5.96,0.2831
13822,4.78,0.2687
13823,139.23,0.4446
13824,191.44,0.4439
13825,224.2,0.4431
13826,5.16,0.5324
13827,3.81,0.555
13828,249.84,0.5315
13829,219.51,0.5314
13830,195.0,0.701
13831,5.08,0.6067
13832,214.11,0.5362
13833,132.96,0.3827
13834,132.0,0.4767
13835,4.7,0.4549
13836,121.66,0.4535
13837,187.11,0.472
13838,131.16,0.6462
13839,155.02,0.7501
13840,220.68,0.8014
13841,250.46,0.8894
13842,250.66,0.8973
13843,240.36,0.7212
13844,164.82,0.5207
13845,2.28,0.32
13846,1.86,0.1881
13847,1.86,0.2099
13848,76.84,0.2145
13849,191.78,0.217
13850,7.97,0.337
13851,5.01,0.4693
13852,150.58,0.4161
13853,240.98,0.4124
13854,125.72,0.592
13855,3.48,0.6505
13856,227.6,0.6471
13857,223.14,0.7127
13858,236.76,0.9049
13859,207.11,0.9184
13860,241.69,0.9204
13861,244.35,0.9282
13862,225.69,0.959
13863,246.41,0.9603
13864,245.22,0.9587
13865,243.3,0.9493
13866,242.44,0.9175
13867,213.98,0.8403
13868,207.02,0.8243
13869,149.51,0.6325
13870,223.46,0.4637
13871,4.58,0.4107
13872,4.71,0.4159
13873,141.36,0.2413
13874,155.96,0.2426
13875,6.99,0.3721
13876,6.2,0.3781
13877,165.24,0.4274
13878,148.75,0.6091
13879,217.12,0.7311
13880,232.26,0.6018
13881,157.44,0.6616
13882,5.0,0.6692
13883,222.85,0.651
13884,226.6,0.7214
13885,209.62,0.918
13886,244.79,0.9305
13887,248.78,0.8425
13888,238.31,0.6782
13889,117.48,0.4873
13890,5.88,0.4273
13891,8.1,0.4248
13892,174.37,0.4641
13893,235.24,0.4622
13894,166.17,0.4605
13895,3.56,0.4247
13896,5.96,0.3642
13897,130.01,0.4002
13898,160.26,0.5112
13899,210.81,0.513
13900,141.16,0.414
13901,8.16,0.2903
13902,7.29,0.1249
13903,6.96,0.1891
13904,5.69,0.3501
13905,220.72,0.5342
13906,207.84,0.6892
13907,235.55,0.8598
13908,199.14,0.8493
13909,217.14,0.8719
13910,207.77,0.6855
13911,235.86,0.7171
13912,4.36,0.7298
13913,238.37,0.7428
13914,232.9,0.5561
13915,223.85,0.648
13916,4.45,0.655
13917,118.3,0.6617
13918,247.06,0.5944
13919,241.11,0.7038
13920,140.39,0.6135
13921,140.21,0.4193
13922,6.25,0.23
13923,6.25,0.1915
13924,6.5,0.278
13925,92.64,0.4733
13926,247.46,0.4726
13927,248.42,0.4727
13928,5.31,0.5984
13929,6.65,0.5543
13930,248.48,0.4906
13931,192.84,0.4903
13932,169.4,0.5915
13933,4.97,0.5595
13934,132.05,0.5833
13935,208.82,0.5654
13936,222.32,0.685
13937,147.26,0.7057
13938,153.19,0.6529
13939,157.83,0.6316
13940,143.29,0.6995
13941,195.87,0.7635
13942,231.54,0.6414
13943,232.44,0.5299
13944,6.46,0.4803
13945,5.04,0.4093
13946,134.48,0.3702
13947,143.4,0.5506
13948,183.96,0.6932
13949,230.16,0.5894
13950,181.87,0.4778
13951,5.75,0.3333
13952,5.05,0.3057
13953,4.8,0.2807
13954,195.99,0.428
13955,150.8,0.4293
13956,188.43,0.617
13957,6.65,0.6532
13958,237.56,0.7216
13959,240.88,0.7501
13960,235.62,0.9236
13961,223.7,0.9129
13962,221.78,0.8401
13963,224.34,0.6542
13964,150.52,0.4779
13965,5.17,0.3029
13966,5.08,0.1268
13967,4.85,0.1218
13968,5.99,0.2321
13969,144.27,0.2338
13970,142.0,0.2319
13971,7.17,0.2303
13972,2.53,0.117
13973,4.01,0.1807
13974,3.76,0.3516
13975,221.0,0.4506
13976,219.04,0.451
13977,125.22,0.5569
13978,4.53,0.4887
13979,135.13,0.4262
13980,136.34,0.4607
13981,141.59,0.4624
13982,167.94,0.358
13983,6.66,0.2527
13984,5.78,0.2469
13985,5.76,0.31
13986,134.35,0.5032
13987,246.18,0.6951
13988,246.24,0.8795
13989,243.66,0.884
13990,234.4,0.7941
13991,139.9,0.7055
13992,134.75,0.6296
13993,136.37,0.5689
13994,149.6,0.5744
13995,159.17,0.4712
13996,146.64,0.3678
13997,6.82,0.3574
13998,8.15,0.3567
13999,136.72,0.3668
14000,158.31,0.4818
14001,159.16,0.4882
14002,149.38,0.3845
14003,16.17,0.3848
14004,8.11,0.4395
14005,158.7,0.4211
14006,227.02,0.5247
14007,126.55,0.625
14008,144.57,0.689
14009,132.44,0.6964
14010,238.07,0.7536
14011,236.26,0.7714
14012,197.44,0.6696
14013,166.6,0.6131
14014,6.25,0.5417
14015,168.01,0.498
14016,147.71,0.3681
14017,143.29,0.3676
14018,5.58,0.4202
14019,5.62,0.4964
14020,233.2,0.5763
14021,242.18,0.7539
14022,242.29,0.919
14023,225.78,0.9314
14024,210.44,0.7403
14025,248.53,0.7245
14026,5.25,0.6502
14027,222.7,0.6536
14028,133.64,0.6404
14029,214.62,0.821
14030,232.13,0.6457
14031,229.18,0.5422
14032,5.44,0.373
14033,5.29,0.1885
14034,4.86,0.1834
14035,3.33,0.2978
14036,222.88,0.2959
14037,147.24,0.4
14038,3.02,0.5785
14039,133.82,0.5709
14040,224.72,0.5686
14041,213.42,0.6909
14042,144.4,0.6959
14043,154.62,0.518
14044,140.12,0.5443
14045,4.09,0.585
14046,246.02,0.6587
14047,194.82,0.7441
14048,246.06,0.9343
14049,245.99,0.9342
14050,239.9,0.932
14051,245.86,0.8458
14052,192.14,0.7375
14053,139.24,0.549
14054,111.6,0.4629
14055,6.25,0.4235
14056,139.15,0.4122
14057,143.2,0.3263
14058,125.26,0.4938
14059,5.14,0.5672
14060,213.92,0.6354
14061,230.18,0.7187
14062,227.69,0.8988
14063,228.6,0.8866
14064,228.36,0.8026
14065,198.86,0.7325
14066,126.02,0.7469
14067,140.71,0.7192
14068,246.53,0.6663
14069,193.99,0.5681
14070,133.28,0.5752
14071,4.24,0.4784
14072,149.49,0.4295
14073,126.58,0.3271
14074,133.36,0.4257
14075,6.25,0.4063
14076,126.5,0.4059
14077,125.49,0.3021
14078,126.01,0.346
14079,4.65,0.3595
14080,60.74,0.3641
14081,143.2,0.3896
14082,131.28,0.542
14083,157.53,0.4968
14084,193.66,0.3857
14085,4.68,0.4362
14086,5.47,0.5024
14087,193.87,0.534
14088,239.65,0.698
14089,232.84,0.8604
14090,208.02,0.8441
14091,206.78,0.8128
14092,173.69,0.7386
14093,200.83,0.7286
14094,140.8,0.5651
14095,195.61,0.6174
14096,4.15,0.6201
14097,238.46,0.5103
14098,204.17,0.3568
14099,4.67,0.4599
14100,5.3,0.3773
14101,131.97,0.3195
14102,136.13,0.4433
14103,132.48,0.5678
14104,158.1,0.6188
14105,159.7,0.6838
14106,195.17,0.5818
14107,216.72,0.4591
14108,6.01,0.3354
14109,6.01,0.3437
14110,6.3,0.3475
14111,205.45,0.5166
14112,221.42,0.6367
14113,215.72,0.6346
14114,154.86,0.4744
14115,3.79,0.4202
14116,6.79,0.4328
14117,154.22,0.4518
14118,231.34,0.4534
14119,178.42,0.6127
14120,5.77,0.6684
14121,204.35,0.6662
14122,223.29,0.6361
14123,228.52,0.7861
14124,141.17,0.7965
14125,191.71,0.7396
14126,217.3,0.7543
14127,152.73,0.8383
14128,246.76,0.88
14129,245.28,0.8606
14130,243.44,0.8739
14131,193.23,0.8005
14132,169.26,0.7659
14133,155.76,0.7383
14134,202.32,0.5875
14135,209.28,0.4563
14136,6.2,0.5303
14137,6.61,0.5661
14138,247.44,0.5136
14139,246.72,0.6227
14140,144.22,0.7989
14141,141.46,0.7786
14142,225.09,0.764
14143,222.32,0.8288
14144,228.57,0.8213
14145,224.6,0.6442
14146,132.09,0.4691
14147,5.5,0.2898
14148,5.25,0.3082
14149,6.32,0.3701
14150,247.32,0.5409
14151,208.82,0.5399
14152,217.34,0.7372
14153,4.04,0.7243
14154,250.87,0.5592
14155,231.34,0.4056
14156,4.12,0.5341
14157,26.96,0.4894
14158,163.25,0.3074
14159,195.48,0.3097
14160,5.7,0.4525
14161,6.96,0.5045
14162,204.06,0.5304
14163,227.66,0.7094
14164,227.64,0.8862
14165,227.66,0.9068
14166,226.18,0.7279
14167,229.51,0.5494
14168,5.85,0.3701
14169,6.44,0.1913
14170,5.25,0.1985
14171,4.56,0.3883
14172,238.43,0.5729
14173,241.2,0.7654
14174,235.28,0.9244
14175,243.86,0.7353
14176,201.71,0.6418
14177,4.06,0.6423
14178,125.27,0.5607
14179,235.86,0.4024
14180,142.66,0.4047
14181,5.41,0.5036
14182,6.9,0.5073
14183,247.96,0.5853
14184,240.44,0.7035
14185,239.38,0.8926
14186,151.97,0.8761
14187,241.37,0.6873
14188,227.47,0.499
14189,6.42,0.3795
14190,5.9,0.2464
14191,3.75,0.2481
14192,76.35,0.4359
14193,229.59,0.6301
14194,239.26,0.8266
14195,246.71,0.9521
14196,247.32,0.7703
14197,231.96,0.6845
14198,4.25,0.603
14199,132.9,0.4074
14200,145.66,0.3486
14201,4.75,0.4731
14202,159.1,0.5568
14203,158.61,0.6396
14204,236.58,0.8359
14205,248.32,0.7108
14206,248.21,0.5871
14207,4.0,0.5887
14208,5.2,0.4996
14209,238.52,0.453
14210,137.85,0.6176
14211,190.48,0.7738
14212,208.06,0.7694
14213,198.88,0.8388
14214,233.03,0.8043
14215,223.97,0.7776
14216,147.68,0.621
14217,174.97,0.6044
14218,4.75,0.5951
14219,212.35,0.5896
14220,212.5,0.4519
14221,140.89,0.6261
14222,4.16,0.6257
14223,220.75,0.6203
14224,211.9,0.6171
14225,205.79,0.7326
14226,136.96,0.5582
14227,147.29,0.5392
14228,4.51,0.4843
14229,188.42,0.5089
14230,137.68,0.5003
14231,167.4,0.6634
14232,136.74,0.6413
14233,206.72,0.6644
14234,160.94,0.7105
14235,166.34,0.7638
14236,224.62,0.6018
14237,202.75,0.4756
14238,5.95,0.4426
14239,4.45,0.4219
14240,125.39,0.3691
14241,198.91,0.3682
14242,137.35,0.5339
14243,4.85,0.6333
14244,209.85,0.6661
14245,248.69,0.7023
14246,239.56,0.7027
14247,182.24,0.7139
14248,5.34,0.7044
14249,223.66,0.7027
14250,236.94,0.7489
14251,237.42,0.9346
14252,239.54,0.9352
14253,235.59,0.9079
14254,224.49,0.7211
14255,203.09,0.5325
14256,5.7,0.3466
14257,5.78,0.1699
14258,5.12,0.1146
14259,5.37,0.2271
14260,134.46,0.2272
14261,145.19,0.2279
14262,5.94,0.4225
14263,6.0,0.5129
14264,246.58,0.5903
14265,246.64,0.7074
14266,241.1,0.8171
14267,151.15,0.6232
14268,142.06,0.593
14269,6.14,0.5916
14270,209.13,0.6561
14271,239.4,0.716
14272,231.16,0.8951
14273,216.26,0.9073
14274,228.27,0.9067
14275,224.21,0.8701
14276,238.74,0.8585
14277,185.73,0.6785
14278,201.82,0.6114
14279,5.2,0.6133
14280,140.93,0.5775
14281,241.13,0.418
14282,141.34,0.4182
14283,4.07,0.4619
14284,5.48,0.3837
14285,195.03,0.4176
14286,144.16,0.421
14287,183.43,0.4214
14288,8.21,0.4395
14289,6.0,0.5054
14290,217.55,0.56
14291,225.86,0.7482
14292,251.15,0.9083
14293,241.47,0.9243
14294,204.54,0.923
14295,237.31,0.9019
14296,224.35,0.8861
14297,224.91,0.7264
14298,221.93,0.6258
14299,6.56,0.6252
14300,112.57,0.6404
14301,223.65,0.4648
14302,243.71,0.5557
14303,4.23,0.6646
14304,119.21,0.6018
14305,247.64,0.5264
14306,145.7,0.6385
14307,150.23,0.5473
14308,143.23,0.351
14309,6.15,0.4298
14310,4.26,0.4979
14311,243.41,0.5806
14312,234.7,0.7704
14313,245.78,0.7732
14314,241.39,0.581
14315,7.78,0.5777
14316,5.14,0.4878
14317,230.58,0.3932
14318,134.29,0.3917
14319,124.07,0.5124
14320,5.99,0.4517
14321,154.79,0.452
14322,155.35,0.3574
14323,134.55,0.358
14324,6.84,0.2381
14325,6.7,0.2967
14326,6.12,0.3762
14327,228.06,0.5585
14328,233.14,0.5565
14329,232.88,0.6556
14330,4.12,0.6729
14331,129.08,0.6201
14332,249.52,0.5456
14333,167.65,0.6604
14334,140.48,0.5595
14335,146.48,0.3617
14336,4.04,0.2293
14337,4.24,0.1187
14338,3.5,0.0031
14339,3.3,0.0994
14340,3.18,0.2829
14341,123.44,0.4301
14342,231.76,0.4312
14343,186.04,0.5405
14344,4.57,0.5651
14345,138.78,0.5311
14346,153.84,0.5549
14347,189.59,0.7151
14348,215.6,0.608
14349,203.19,0.5823
14350,5.97,0.5358
14351,122.07,0.4526
14352,131.93,0.2952
14353,112.42,0.2975
14354,8.03,0.304
14355,8.75,0.2999
14356,130.17,0.3841
14357,126.88,0.4879
14358,216.84,0.4863
14359,136.66,0.3849
14360,6.78,0.3881
14361,4.46,0.3487
14362,130.86,0.3848
14363,167.96,0.3842
14364,181.45,0.5764
14365,5.97,0.6655
14366,242.76,0.7184
14367,241.35,0.755
14368,233.56,0.89
14369,226.84,0.6988
14370,173.39,0.6289
14371,5.65,0.5959
14372,154.68,0.5958
14373,192.68,0.6422
14374,226.68,0.8147
14375,230.95,0.8008
14376,219.57,0.6505
14377,137.4,0.4727
14378,6.3,0.2911
14379,6.23,0.1939
14380,5.82,0.2047
14381,99.05,0.3149
14382,150.82,0.3135
14383,142.9,0.3125
14384,4.55,0.4
14385,4.5,0.473
14386,207.6,0.554
14387,241.32,0.7445
14388,243.29,0.7882
14389,240.74,0.6257
14390,58.72,0.5861
14391,6.08,0.5588
14392,192.26,0.4773
14393,209.48,0.5457
14394,139.62,0.7099
14395,143.57,0.7257
14396,209.59,0.7535
14397,211.9,0.8343
14398,243.92,0.8932
14399,239.86,0.7313
14400,216.53,0.649
14401,8.9,0.6423
14402,109.82,0.6077
14403,235.58,0.4378
14404,197.08,0.4356
14405,5.88,0.4702
14406,6.07,0.3982
14407,152.78,0.3438
14408,146.32,0.5197
14409,129.61,0.7102
14410,223.98,0.7815
14411,242.25,0.8557
14412,241.22,0.9418
14413,238.26,0.9456
14414,236.4,0.9494
14415,228.68,0.9411
14416,246.96,0.919
14417,230.88,0.8375
14418,210.96,0.7741
14419,135.28,0.5805
14420,150.1,0.3992
14421,6.9,0.396
14422,6.16,0.441
14423,206.89,0.3284
14424,191.09,0.4331
14425,10.58,0.6241
14426,136.62,0.6531
14427,243.05,0.6398
14428,242.79,0.7817
14429,174.56,0.7815
14430,186.63,0.5891
14431,136.32,0.5443
14432,4.44,0.5581
14433,187.28,0.5148
14434,191.71,0.5552
14435,132.98,0.7076
14436,186.32,0.6721
14437,193.4,0.6223
14438,143.25,0.6216
14439,130.04,0.5803
14440,132.07,0.4294
14441,135.12,0.4336
14442,6.25,0.4995
14443,148.46,0.5429
14444,211.77,0.4392
14445,185.98,0.5286
14446,6.5,0.5361
14447,117.09,0.4768
14448,157.72,0.5104
14449,138.26,0.6807
14450,227.68,0.5914
14451,217.61,0.5633
14452,6.39,0.6302
14453,122.81,0.6391
14454,221.28,0.6572
14455,238.71,0.8433
14456,240.0,0.9337
14457,237.15,0.9253
14458,234.89,0.7346
14459,210.89,0.5452
14460,2.24,0.3579
14461,5.25,0.1734
14462,4.81,0.146
14463,6.25,0.2807
14464,176.85,0.2826
14465,169.2,0.2865
14466,7.65,0.3962
14467,9.7,0.3725
14468,142.17,0.3417
14469,147.5,0.5011
14470,131.08,0.4982
14471,205.2,0.3874
14472,6.2,0.4406
14473,4.68,0.5153
14474,213.54,0.5434
14475,223.65,0.7332
14476,240.02,0.9227
14477,241.54,0.9443
14478,239.65,0.9508
14479,240.35,0.9423
14480,231.71,0.855
14481,229.49,0.6662
14482,133.27,0.6642
14483,5.58,0.6705
14484,237.88,0.4886
14485,239.48,0.3842
14486,4.03,0.3833
14487,3.8,0.1958
14488,4.4,0.0971
14489,5.49,0.22
14490,117.06,0.3662
14491,156.35,0.3671
14492,185.16,0.3671
14493,5.45,0.2765
14494,5.49,0.1553
14495,4.75,0.0109
14496,6.1,0.0111
14497,6.1,0.0112
14498,5.76,0.0114
14499,5.57,0.0106
14500,4.94,0.0097
14501,5.15,0.0088
14502,4.96,0.0944
14503,4.65,0.2566
14504,111.76,0.4459
14505,206.06,0.4457
14506,239.84,0.4456
14507,4.65,0.4616
14508,4.53,0.4175
14509,131.63,0.3436
14510,151.37,0.4511
14511,148.24,0.4512
14512,137.88,0.3488
14513,4.69,0.2302
14514,4.64,0.1142
14515,4.35,0.0065
14516,4.45,0.006
14517,4.27,0.1904
14518,4.17,0.3566
14519,233.25,0.5372
14520,210.44,0.6465
14521,228.36,0.6481
14522,139.72,0.4642
14523,6.21,0.4066
14524,5.16,0.3347
14525,139.13,0.3854
14526,139.17,0.5421
14527,202.58,0.7188
14528,200.46,0.7516
14529,224.26,0.8334
14530,179.83,0.8655
14531,240.53,0.8998
14532,242.4,0.8933
14533,242.97,0.9475
14534,216.23,0.9479
14535,247.05,0.9345
14536,241.04,0.8896
14537,225.78,0.8658
14538,187.29,0.8156
14539,186.75,0.8133
14540,184.76,0.8066
14541,238.22,0.7871
14542,217.46,0.6404
14543,163.14,0.4948
14544,4.86,0.4327
14545,4.22,0.428
14546,161.15,0.2998
14547,211.68,0.4111
14548,4.19,0.5325
14549,142.88,0.5388
14550,154.73,0.5093
14551,168.89,0.6339
14552,175.13,0.5235
14553,158.73,0.601
14554,5.92,0.622
14555,250.82,0.683
14556,194.96,0.7452
14557,250.8,0.8291
14558,235.82,0.6308
14559,110.0,0.6518
14560,4.94,0.6049
14561,221.0,0.5323
14562,192.63,0.4482
14563,145.84,0.55
14564,5.66,0.4974
14565,131.14,0.4501
14566,155.85,0.3373
14567,133.94,0.3386
14568,6.03,0.3587
14569,7.25,0.3594
14570,156.1,0.3843
14571,156.61,0.5694
14572,164.92,0.7311
14573,235.52,0.7816
14574,207.65,0.8298
14575,218.79,0.8074
14576,216.37,0.7316
14577,137.15,0.7447
14578,141.51,0.7409
14579,223.94,0.7423
14580,214.06,0.8255
14581,218.02,0.9061
14582,240.3,0.8885
14583,241.47,0.7222
14584,202.12,0.7268
14585,7.9,0.7137
14586,223.74,0.5779
14587,224.04,0.4182
14588,73.09,0.5837
14589,4.08,0.5918
14590,213.17,0.6031
14591,233.82,0.7366
14592,237.98,0.859
14593,238.57,0.6902
14594,155.86,0.5053
14595,3.91,0.465
14596,4.57,0.4712
14597,188.01,0.5085
14598,246.3,0.6578
14599,202.09,0.819
14600,188.96,0.8615
14601,204.46,0.8413
14602,240.71,0.8237
14603,221.3,0.6748
14604,180.3,0.6892
14605,4.22,0.6762
14606,222.4,0.686
14607,224.6,0.5447
14608,233.44,0.7
14609,5.05,0.6883
14610,196.8,0.6639
14611,207.84,0.6454
14612,194.38,0.7887
14613,210.48,0.6332
14614,182.78,0.5769
14615,3.97,0.5811
14616,138.06,0.6101
14617,199.61,0.6324
14618,246.44,0.8278
14619,210.46,0.9161
14620,246.21,0.91
14621,247.57,0.8856
14622,191.96,0.8719
14623,216.23,0.6781
14624,193.4,0.4833
14625,6.02,0.4527
14626,6.02,0.4048
14627,153.98,0.3655
14628,156.91,0.3633
14629,144.62,0.5567
14630,3.34,0.5992
14631,245.76,0.6579
14632,206.72,0.7262
14633,229.7,0.8412
14634,229.23,0.6465
14635,146.0,0.484
14636,4.33,0.3026
14637,5.17,0.233
14638,4.88,0.2827
14639,142.95,0.4418
14640,207.55,0.6028
14641,201.61,0.7938
14642,204.78,0.8732
14643,241.76,0.7113
14644,241.37,0.556
14645,6.8,0.5672
14646,9.1,0.4743
14647,218.56,0.2839
14648,126.62,0.2821
14649,5.25,0.4061
14650,4.56,0.3446
14651,162.95,0.3549
14652,142.32,0.4517
14653,139.34,0.583
14654,125.32,0.4572
14655,167.29,0.5431
14656,6.99,0.6316
14657,248.88,0.731
14658,249.01,0.7976
14659,248.53,0.9295
14660,249.92,0.7334
14661,170.44,0.7133
14662,5.77,0.6733
14663,224.1,0.674
14664,198.9,0.5393
14665,250.84,0.6453
14666,3.39,0.6273
14667,137.24,0.6612
14668,201.76,0.4625
14669,240.96,0.4648
14670,4.5,0.4634
14671,6.25,0.4131
14672,135.45,0.3713
14673,139.39,0.4873
14674,189.12,0.4875
14675,148.32,0.3834
14676,6.49,0.3888
14677,6.38,0.3477
14678,146.1,0.3401
14679,138.26,0.5227
14680,138.9,0.7046
14681,232.86,0.7688
14682,231.91,0.6595
14683,225.64,0.5522
14684,2.82,0.3669
14685,5.8,0.3383
14686,3.12,0.3445
14687,196.48,0.5443
14688,233.31,0.5419
14689,250.52,0.6278
14690,2.85,0.6498
14691,109.62,0.6438
14692,223.71,0.6289
14693,225.97,0.7411
14694,231.96,0.6566
14695,142.01,0.4798
14696,4.8,0.4514
14697,4.6,0.4496
14698,190.64,0.4941
14699,229.86,0.6054
14700,197.13,0.7753
14701,142.79,0.8086
14702,215.3,0.8024
14703,231.88,0.6467
14704,222.16,0.5352
14705,4.08,0.3654
14706,4.59,0.3013
14707,4.76,0.2243
14708,152.43,0.3302
14709,126.65,0.3311
14710,135.41,0.435
14711,5.64,0.4266
14712,133.61,0.4232
14713,142.02,0.4806
14714,122.42,0.6753
14715,206.6,0.5709
14716,247.08,0.5659
14717,4.14,0.6383
14718,135.76,0.6433
14719,212.2,0.632
14720,212.76,0.8149
14721,233.1,0.8995
14722,230.87,0.9023
14723,240.76,0.9046
14724,215.63,0.9064
14725,215.58,0.7256
14726,235.36,0.5367
14727,6.76,0.4707
14728,6.54,0.4162
14729,133.73,0.2296
14730,147.98,0.3353
14731,4.02,0.5111
14732,137.82,0.5156
14733,224.58,0.5883
14734,139.3,0.7832
14735,238.14,0.6764
14736,245.6,0.5023
14737,5.41,0.3964
14738,8.71,0.2118
14739,8.02,0.169
14740,9.24,0.3598
14741,192.6,0.5129
14742,241.96,0.6638
14743,198.53,0.762
14744,195.12,0.7295
14745,130.97,0.5402
14746,152.27,0.3822
14747,7.25,0.3949
14748,2.64,0.4676
14749,210.88,0.4692
14750,221.13,0.4665
14751,154.29,0.6335
14752,3.91,0.6369
14753,209.59,0.6317
14754,215.11,0.6865
14755,214.75,0.7948
14756,222.24,0.628
14757,138.17,0.5788
14758,2.81,0.5995
14759,154.02,0.6195
14760,240.48,0.6012
14761,246.98,0.7072
14762,115.51,0.6764
14763,134.26,0.5657
14764,115.85,0.4656
14765,103.21,0.4569
14766,122.91,0.3532
14767,104.72,0.3055
14768,5.63,0.328
14769,56.69,0.342
14770,131.09,0.2629
14771,140.24,0.2631
14772,6.75,0.3979
14773,5.79,0.4746
14774,223.89,0.55
14775,226.15,0.6059
14776,233.74,0.6048
14777,76.03,0.5331
14778,4.44,0.5491
14779,135.06,0.5609
14780,245.89,0.6883
14781,248.35,0.8377
14782,234.08,0.7317
14783,189.66,0.5364
14784,3.64,0.5311
14785,3.71,0.5373
14786,241.76,0.3896
14787,241.74,0.4731
14788,6.56,0.6666
14789,107.22,0.6616
14790,243.65,0.4756
14791,235.46,0.4783
14792,11.13,0.5806
14793,10.02,0.5479
14794,233.96,0.5244
14795,203.19,0.6351
14796,206.3,0.6311
14797,148.34,0.4467
14798,5.04,0.4421
14799,5.4,0.3849
14800,197.43,0.3789
14801,135.35,0.5531
14802,140.95,0.6598
14803,220.97,0.61
14804,137.76,0.6366
14805,135.71,0.7037
14806,168.36,0.7013
14807,224.1,0.5947
14808,217.95,0.6635
14809,5.63,0.7039
14810,220.98,0.7168
14811,218.43,0.5426
14812,240.19,0.654
14813,1.92,0.6242
14814,143.72,0.5755
14815,184.02,0.5091
14816,158.08,0.646
14817,157.82,0.5359
14818,171.71,0.5873
14819,7.2,0.6046
14820,247.8,0.674
14821,179.5,0.7213
14822,243.9,0.8676
14823,230.25,0.8616
14824,188.68,0.911
14825,240.38,0.9078
14826,240.69,0.8522
14827,239.94,0.7048
14828,161.32,0.6257
14829,5.92,0.5443
14830,142.31,0.4549
14831,139.79,0.3294
14832,129.07,0.4721
14833,5.74,0.5393
14834,182.83,0.6178
14835,225.67,0.6882
14836,237.02,0.8407
14837,216.42,0.6971
14838,194.82,0.6301
14839,4.83,0.5664
14840,142.51,0.5031
14841,158.08,0.4733
14842,137.98,0.5878
14843,157.84,0.6276
14844,146.76,0.6692
14845,191.87,0.7261
14846,209.62,0.798
14847,208.52,0.6838
14848,247.04,0.5328
14849,5.2,0.4573
14850,4.66,0.4739
14851,115.99,0.378
14852,229.02,0.3755
14853,128.19,0.5291
14854,2.16,0.6128
14855,195.06,0.6058
14856,219.8,0.6817
14857,220.3,0.8547
14858,222.28,0.8795
14859,216.62,0.886
14860,225.79,0.8378
14861,227.91,0.8414
14862,160.55,0.7531
14863,226.79,0.753
14864,107.12,0.679
14865,225.63,0.7161
14866,136.18,0.6945
14867,206.5,0.7293
14868,200.04,0.5516
14869,150.22,0.6428
14870,5.42,0.6767
14871,249.16,0.5182
14872,248.56,0.4013
14873,3.57,0.5233
14874,5.25,0.4294
14875,156.64,0.3607
14876,132.79,0.5134
14877,163.34,0.6211
14878,192.87,0.6906
14879,138.88,0.7243
14880,242.78,0.5966
14881,174.52,0.4448
14882,5.05,0.3366
14883,4.69,0.2546
14884,4.74,0.288
14885,141.1,0.4087
14886,215.89,0.5831
14887,154.68,0.7784
14888,221.0,0.7371
14889,246.81,0.6702
14890,89.96,0.6554
14891,132.94,0.5881
14892,136.25,0.3924
14893,137.6,0.3248
14894,4.2,0.3269
14895,6.05,0.3067
14896,135.6,0.2817
14897,111.16,0.3944
14898,106.66,0.4786
14899,143.86,0.5604
14900,110.48,0.6477
14901,237.02,0.7273
14902,219.4,0.7732
14903,205.41,0.8417
14904,200.76,0.6561
14905,195.37,0.5894
14906,6.88,0.5483
14907,136.7,0.5367
14908,154.54,0.385
14909,186.36,0.3835
14910,7.24,0.4009
14911,5.0,0.4016
14912,158.3,0.3823
14913,155.47,0.5423
14914,162.39,0.6491
14915,205.62,0.7131
14916,137.35,0.786
14917,237.77,0.8533
14918,245.84,0.8883
14919,245.84,0.9801
14920,248.91,0.9857
14921,251.27,0.9849
14922,244.66,0.9746
14923,244.84,0.969
14924,233.13,0.9622
14925,241.94,0.7685
14926,242.82,0.6956
14927,4.51,0.6165
14928,154.49,0.5236
14929,134.97,0.3321
14930,126.8,0.3334
14931,5.38,0.3342
14932,6.08,0.34
14933,155.56,0.2426
14934,142.15,0.3481
14935,6.02,0.5141
14936,136.18,0.563
14937,211.95,0.623
14938,216.13,0.7815
14939,216.55,0.7694
14940,202.5,0.7099
14941,121.19,0.7354
14942,138.15,0.7342
14943,247.74,0.7725
14944,215.14,0.8765
14945,249.92,0.9404
14946,250.12,0.8499
14947,217.4,0.7884
14948,135.55,0.72
14949,138.92,0.5224
14950,165.1,0.4751
14951,5.17,0.4981
14952,158.78,0.5176
14953,164.02,0.3888
14954,163.08,0.3895
14955,5.44,0.427
14956,6.0,0.4816
14957,205.26,0.5332
14958,231.78,0.6532
14959,226.98,0.6532
14960,154.3,0.4922
14961,6.0,0.4594
14962,5.53,0.3881
14963,191.15,0.4265
14964,138.54,0.5505
14965,201.95,0.746
14966,159.72,0.792
14967,247.99,0.683
14968,248.12,0.5252
14969,3.45,0.4012
14970,6.34,0.2064
14971,5.92,0.1984
14972,6.45,0.3657
14973,238.22,0.4534
14974,210.89,0.4532
14975,115.05,0.5582
14976,5.65,0.5362
14977,136.63,0.5001
14978,211.0,0.5361
14979,166.13,0.6601
14980,159.67,0.5548
14981,159.42,0.39
14982,6.0,0.4298
14983,6.71,0.4907
14984,215.49,0.5288
14985,235.21,0.6557
14986,206.66,0.818
14987,163.25,0.8237
14988,208.02,0.7972
14989,222.54,0.8108
14990,202.28,0.7945
14991,223.57,0.7459
14992,143.1,0.6744
14993,147.72,0.6234
14994,133.94,0.4485
14995,138.97,0.3378
14996,6.76,0.2243
14997,5.8,0.2037
14998,6.98,0.2253
14999,108.46,0.3477
15000,165.68,0.3476
15001,158.53,0.3467
15002,5.66,0.2649
15003,5.98,0.1379
15004,7.0,0.0149
15005,8.15,0.0142
15006,6.02,0.0128
15007,4.79,0.0108
15008,4.25,0.0075
15009,4.54,0.0063
15010,4.08,0.006
15011,4.53,0.0075
15012,4.48,0.1121
15013,6.0,0.2763
15014,134.26,0.381
15015,207.72,0.3814
15016,134.33,0.4884
15017,5.01,0.499
15018,138.68,0.5149
15019,147.38,0.5755
15020,227.39,0.7621
15021,209.42,0.8348
15022,236.43,0.824
15023,228.76,0.6488
15024,134.1,0.487
15025,10.11,0.2982
15026,8.8,0.1991
15027,2.32,0.2732
15028,105.85,0.4536
15029,226.06,0.45
15030,233.8,0.4523
15031,4.25,0.3703
15032,5.25,0.1935
15033,4.12,0.1304
15034,6.9,0.2895
15035,155.57,0.2899
15036,201.54,0.4028
15037,5.66,0.5226
15038,144.13,0.5914
15039,155.4,0.5999
15040,240.9,0.7768
15041,212.05,0.843
15042,224.98,0.7683
15043,226.22,0.5807
15044,62.86,0.5307
15045,8.2,0.5313
15046,150.09,0.5278
15047,225.7,0.6794
15048,221.94,0.8751
15049,250.88,0.8624
15050,250.8,0.7691
15051,134.3,0.5927
15052,110.0,0.5656
15053,3.29,0.5494
15054,217.27,0.5927
15055,230.67,0.5069
15056,188.06,0.5087
15057,3.56,0.4994
15058,5.48,0.4691
15059,205.75,0.5133
15060,193.21,0.6383
15061,242.8,0.6377
15062,158.6,0.4767
15063,4.66,0.5029
15064,6.2,0.4808
15065,225.68,0.5299
15066,215.34,0.7283
15067,219.55,0.9252
15068,250.59,0.945
15069,250.33,0.9724
15070,250.29,0.9961
15071,249.31,0.9505
15072,248.86,0.753
15073,194.08,0.666
15074,5.41,0.5776
15075,142.5,0.5142
15076,139.66,0.3625
15077,170.23,0.4093
15078,6.05,0.3964
15079,63.42,0.3993
15080,126.55,0.4321
15081,143.17,0.4311
15082,211.0,0.3837
15083,4.79,0.4404
15084,4.59,0.4691
15085,196.86,0.4591
15086,178.79,0.6261
15087,198.56,0.6264
15088,211.84,0.4721
15089,5.04,0.4349
15090,5.45,0.4735
15091,132.77,0.4241
15092,246.4,0.4238
15093,150.53,0.527
15094,4.75,0.5307
15095,133.32,0.4345
15096,137.38,0.3171
15097,127.15,0.4178
15098,4.92,0.4947
15099,129.62,0.565
15100,228.68,0.6466
15101,224.61,0.8298
15102,228.28,0.7289
15103,232.05,0.6437
15104,4.49,0.5765
15105,123.06,0.5217
15106,141.29,0.4694
15107,160.29,0.5988
15108,167.23,0.6133
15109,164.98,0.6155
15110,140.96,0.635
15111,144.0,0.6715
15112,184.46,0.5408
15113,212.52,0.432
15114,2.96,0.4298
15115,6.06,0.4189
15116,141.32,0.3827
15117,170.96,0.3851
15118,167.57,0.5725
15119,6.0,0.6532
15120,238.32,0.6993
15121,241.45,0.6902
15122,228.12,0.8105
15123,156.2,0.743
15124,155.26,0.7464
15125,154.56,0.7636
15126,245.68,0.8284
15127,249.42,0.8934
15128,236.58,0.9637
15129,235.83,0.9468
15130,241.74,0.7489
15131,224.74,0.5616
15132,4.06,0.3762
15133,4.33,0.1848
15134,6.0,0.126
15135,4.4,0.2923
15136,151.84,0.455
15137,210.28,0.4551
15138,205.98,0.6505
15139,6.18,0.7269
15140,246.69,0.714
15141,246.49,0.7037
15142,194.37,0.8286
15143,193.18,0.6343
15144,161.05,0.5455
15145,5.75,0.5725
15146,136.37,0.6
15147,227.9,0.4734
15148,227.29,0.612
15149,4.06,0.6772
15150,177.56,0.6953
15151,217.28,0.7141
15152,250.27,0.8839
15153,250.66,0.7441
15154,214.58,0.6151
15155,4.15,0.5777
15156,57.33,0.5525
15157,203.91,0.3832
15158,219.45,0.3848
15159,4.66,0.4667
15160,6.1,0.428
15161,158.86,0.377
15162,155.98,0.4983
15163,156.2,0.5801
15164,155.06,0.4569
15165,107.6,0.4894
15166,6.01,0.4735
15167,196.3,0.4607
15168,136.54,0.4889
15169,139.15,0.595
15170,142.57,0.5742
15171,137.58,0.4679
15172,170.5,0.3589
15173,4.7,0.248
15174,4.06,0.2402
15175,5.1,0.292
15176,127.85,0.4768
15177,234.76,0.477
15178,233.84,0.4768
15179,4.25,0.572
15180,4.88,0.5734
15181,245.88,0.5779
15182,236.48,0.7613
15183,239.48,0.7611
15184,231.53,0.5663
15185,4.71,0.5589
15186,4.26,0.5541
15187,227.37,0.5669
15188,233.58,0.7511
15189,247.31,0.9372
15190,233.09,0.9413
15191,235.05,0.8671
15192,232.4,0.7944
15193,141.68,0.7128
15194,157.16,0.5283
15195,131.93,0.4487
15196,6.2,0.4578
15197,133.71,0.4495
15198,153.04,0.3485
15199,146.89,0.349
15200,6.6,0.2478
15201,6.88,0.2305
15202,8.21,0.314
15203,131.63,0.4959
15204,250.41,0.4939
15205,232.09,0.4894
15206,4.44,0.3871
15207,2.56,0.1892
15208,4.83,0.0062
15209,5.03,0.0064
15210,5.19,0.0081
15211,4.74,0.0085
15212,4.64,0.0094
15213,5.4,0.0131
15214,6.05,0.0159
15215,9.78,0.1027
15216,8.19,0.2986
15217,112.31,0.4465
15218,248.3,0.4425
15219,189.36,0.5312
15220,4.85,0.5874
15221,118.23,0.5123
15222,181.96,0.4844
15223,155.12,0.5899
15224,154.87,0.4977
15225,135.61,0.3543
15226,3.96,0.2324
15227,4.08,0.1106
15228,3.99,0.0055
15229,3.87,0.0058
15230,5.26,0.1855
15231,4.37,0.3507
15232,226.92,0.5173
15233,208.74,0.6744
15234,210.48,0.6748
15235,200.0,0.495
15236,4.89,0.4395
15237,4.05,0.4449
15238,139.94,0.3876
15239,217.13,0.3871
15240,128.94,0.539
15241,4.31,0.5354
15242,192.41,0.5226
15243,135.44,0.5988
15244,201.26,0.7067
15245,223.38,0.5565
15246,138.09,0.5504
15247,6.25,0.5548
15248,127.84,0.4873
15249,206.76,0.5477
15250,139.61,0.7046
15251,212.99,0.7744
15252,200.76,0.7995
15253,214.4,0.6927
15254,237.96,0.5255
15255,7.11,0.3694
15256,5.76,0.3147
15257,7.19,0.3036
15258,146.57,0.3007
15259,224.17,0.2994
15260,3.51,0.3989
15261,4.11,0.4493
15262,130.63,0.4637
15263,209.06,0.641
15264,242.0,0.8114
15265,223.38,0.7099
15266,215.33,0.5451
15267,4.79,0.3541
15268,4.7,0.2799
15269,5.22,0.2526
15270,131.33,0.3907
15271,181.51,0.3908
15272,176.1,0.39
15273,4.77,0.4514
15274,4.25,0.4797
15275,207.41,0.4298
15276,216.58,0.542
15277,114.26,0.7028
15278,143.89,0.6451
15279,203.57,0.4752
15280,135.9,0.3868
15281,6.0,0.3839
15282,4.63,0.3936
15283,140.22,0.3887
15284,215.7,0.5695
15285,129.83,0.5694
15286,230.06,0.4604
15287,4.5,0.4658
15288,5.18,0.5382
15289,222.32,0.4922
15290,219.6,0.4926
15291,173.11,0.4931
15292,4.9,0.3194
15293,5.79,0.2549
15294,6.96,0.3012
15295,139.62,0.4765
15296,230.52,0.4773
15297,222.34,0.6594
15298,6.74,0.7449
15299,232.68,0.758
15300,245.73,0.6559
15301,246.7,0.847
15302,95.72,0.8542
15303,243.67,0.8444
15304,241.64,0.8396
15305,233.56,0.8802
15306,240.75,0.6888
15307,146.12,0.6871
15308,6.35,0.6694
15309,239.54,0.6776
15310,211.61,0.7583
15311,250.92,0.953
15312,246.2,0.9568
15313,247.78,0.8982
15314,244.16,0.8276
15315,138.95,0.79
15316,163.42,0.5962
15317,199.53,0.4041
15318,7.51,0.4347
15319,6.04,0.4063
15320,176.8,0.2501
15321,128.25,0.3793
15322,5.92,0.5261
15323,167.69,0.5034
15324,188.08,0.5986
15325,148.62,0.7758
15326,246.31,0.8092
15327,225.58,0.8545
15328,209.17,0.906
15329,244.24,0.8829
15330,212.36,0.8777
15331,217.68,0.8858
15332,219.11,0.8857
15333,219.32,0.9135
15334,244.14,0.9373
15335,246.79,0.9602
15336,247.22,0.787
15337,247.44,0.5951
15338,4.59,0.5195
15339,6.25,0.4232
15340,153.05,0.3325
15341,127.72,0.3335
15342,135.03,0.4394
15343,5.78,0.4719
15344,137.62,0.5269
15345,193.32,0.578
15346,195.86,0.5792
15347,198.5,0.4731
15348,7.21,0.3221
15349,6.1,0.17
15350,6.1,0.212
15351,7.24,0.4084
15352,250.61,0.439
15353,250.68,0.4374
15354,44.06,0.4351
15355,4.09,0.2373
15356,4.47,0.0387
15357,5.25,0.0098
15358,4.5,0.1886
15359,8.23,0.3748
15360,225.84,0.5692
15361,235.3,0.7584
15362,246.3,0.9369
15363,239.08,0.9511
15364,229.45,0.9221
15365,243.53,0.9041
15366,199.24,0.8518
15367,224.02,0.6715
15368,174.22,0.4796
15369,5.92,0.4961
15370,5.6,0.5012
15371,219.73,0.5488
15372,230.34,0.719
15373,233.23,0.8319
15374,216.98,0.7742
15375,145.5,0.7744
15376,148.21,0.7774
15377,230.56,0.7393
15378,237.02,0.7445
15379,169.76,0.7514
15380,151.97,0.6911
15381,156.68,0.6182
15382,155.85,0.6802
15383,146.62,0.7293
15384,246.58,0.8013
15385,212.86,0.8403
15386,245.97,0.9033
15387,204.27,0.7092
15388,224.63,0.5423
15389,5.92,0.3505
15390,5.95,0.3808
15391,8.16,0.3964
15392,241.89,0.5923
15393,243.9,0.7888
15394,248.91,0.9788
15395,249.49,0.9037
15396,243.78,0.7107
15397,148.79,0.5135
15398,4.6,0.3163
15399,4.4,0.2463
15400,5.0,0.2481
15401,157.03,0.396
15402,150.96,0.5457
15403,188.04,0.6427
15404,189.9,0.5203
15405,125.29,0.5969
15406,5.24,0.6428
15407,245.98,0.6819
15408,244.9,0.7651
15409,238.48,0.8621
15410,228.46,0.6679
15411,125.52,0.5832
15412,5.1,0.5412
15413,139.9,0.4714
15414,186.48,0.3746
15415,141.9,0.3758
15416,5.5,0.2682
15417,6.6,0.1215
15418,6.49,0.0101
15419,4.5,0.0101
15420,3.81,0.1699
15421,5.49,0.3338
15422,204.72,0.3357
15423,209.77,0.4427
15424,6.86,0.6042
15425,136.46,0.6032
15426,205.73,0.5739
15427,203.51,0.741
15428,173.38,0.8124
15429,214.07,0.821
15430,225.02,0.85
15431,216.37,0.909
15432,239.43,0.936
15433,246.52,0.9548
15434,247.59,0.9739
15435,248.35,0.937
15436,240.0,0.7414
15437,193.68,0.5457
15438,3.98,0.3488
15439,4.92,0.2657
15440,4.31,0.2872
15441,136.88,0.396
15442,220.34,0.3961
15443,138.97,0.3969
15444,5.0,0.4118
15445,5.34,0.3621
15446,155.36,0.4316
15447,158.66,0.5972
15448,225.21,0.5964
15449,210.3,0.4776
15450,4.32,0.5435
15451,8.05,0.5579
15452,240.4,0.521
15453,242.99,0.522
15454,164.62,0.5197
15455,5.54,0.3303
15456,5.25,0.3342
15457,5.56,0.4016
15458,247.76,0.545
15459,248.23,0.5481
15460,183.36,0.6532
15461,9.1,0.6514
15462,135.79,0.6041
15463,245.56,0.4599
15464,189.57,0.4958
15465,4.58,0.5699
15466,53.63,0.5674
15467,227.63,0.6131
15468,242.53,0.7971
15469,246.16,0.9413
15470,232.76,0.9593
15471,232.43,0.7677
15472,249.92,0.5731
15473,4.92,0.3898
15474,4.89,0.3292
15475,5.54,0.2714
15476,157.24,0.4511
15477,178.25,0.4505
15478,227.81,0.4496
15479,4.16,0.3262
15480,4.42,0.3754
15481,4.15,0.3838
15482,239.24,0.5427
15483,238.22,0.543
15484,201.23,0.6519
15485,4.75,0.5848
15486,139.26,0.5001
15487,155.96,0.4739
15488,133.26,0.5808
15489,168.72,0.6422
15490,137.3,0.6707
15491,215.4,0.5665
15492,191.26,0.5374
15493,4.06,0.6255
15494,132.63,0.6515
15495,246.6,0.5004
15496,247.65,0.5009
15497,3.81,0.5089
15498,4.8,0.4356
15499,142.54,0.2403
15500,155.62,0.2417
15501,5.57,0.3503
15502,5.57,0.349
15503,139.45,0.3151
15504,140.88,0.3152
15505,113.58,0.5047
15506,5.72,0.5939
15507,240.58,0.6817
15508,250.04,0.791
15509,249.67,0.9879
15510,249.17,0.955
15511,249.78,0.9084
15512,199.86,0.8379
15513,192.17,0.7462
15514,162.35,0.6638
15515,135.37,0.6248
15516,147.66,0.4738
15517,151.57,0.4647
15518,4.89,0.5197
15519,151.04,0.4039
15520,203.63,0.2849
15521,4.04,0.4621
15522,4.08,0.4428
15523,224.55,0.3911
15524,127.12,0.3921
15525,139.53,0.5655
15526,5.25,0.5756
15527,219.05,0.657
15528,237.16,0.6613
15529,227.95,0.7671
15530,144.9,0.5938
15531,136.42,0.406
15532,4.23,0.2242
15533,4.27,0.1852
15534,2.6,0.2764
15535,96.47,0.469
15536,249.57,0.4692
15537,243.0,0.6465
15538,4.55,0.6802
15539,222.42,0.6657
15540,138.17,0.4724
15541,231.56,0.4823
15542,3.42,0.421
15543,16.76,0.4162
15544,146.52,0.2343
15545,132.21,0.2351
15546,5.93,0.3339
15547,4.45,0.3295
15548,139.23,0.4141
15549,141.14,0.5354
15550,237.1,0.6327
15551,156.31,0.6783
15552,125.08,0.5696
15553,195.74,0.3833
15554,6.45,0.371
15555,6.09,0.4658
15556,141.0,0.4223
15557,242.6,0.4227
15558,141.82,0.4228
15559,7.02,0.3139
15560,6.2,0.1232
15561,6.0,0.0143
15562,6.13,0.1171
15563,6.77,0.3124
15564,134.44,0.314
15565,248.37,0.3173
15566,8.0,0.511
15567,10.24,0.601
15568,246.97,0.5955
15569,245.93,0.7791
15570,241.58,0.7747
15571,235.61,0.58
15572,4.78,0.4899
15573,5.64,0.4112
15574,134.15,0.4245
15575,144.08,0.6108
15576,252.13,0.7683
15577,235.68,0.831
15578,200.94,0.8892
15579,211.9,0.8537
15580,216.26,0.8332
15581,208.06,0.6748
15582,210.29,0.612
15583,4.59,0.5549
15584,133.94,0.4976
15585,145.47,0.3315
15586,137.04,0.4466
15587,4.39,0.4563
15588,147.22,0.4651
15589,146.02,0.5053
15590,156.36,0.6815
15591,186.84,0.7292
15592,222.9,0.8023
15593,206.39,0.8211
15594,236.61,0.7686
15595,179.66,0.7857
15596,121.84,0.8167
15597,244.1,0.802
15598,244.75,0.7573
15599,218.46,0.8185
15600,124.2,0.775
15601,197.76,0.7363
15602,190.18,0.5636
15603,196.68,0.5965
15604,4.4,0.557
15605,164.92,0.5205
15606,148.76,0.3675
15607,145.01,0.3695
15608,6.9,0.2412
15609,6.88,0.3155
15610,5.92,0.3905
15611,240.84,0.3902
15612,238.04,0.3895
15613,6.5,0.3898
15614,6.03,0.2008
15615,6.32,0.0123
15616,6.48,0.0109
15617,4.32,0.0098
15618,4.74,0.0095
15619,4.68,0.0093
15620,5.89,0.0103
15621,6.25,0.0113
15622,5.64,0.0106
15623,6.0,0.1186
15624,3.7,0.2789
15625,139.91,0.3795
15626,204.92,0.379
15627,130.39,0.576
15628,5.37,0.6608
15629,247.97,0.6902
15630,245.04,0.7798
15631,241.34,0.9273
15632,241.56,0.7317
15633,188.16,0.6927
15634,5.46,0.6868
15635,196.7,0.6818
15636,234.03,0.6953
15637,235.37,0.8838
15638,204.96,0.9252
15639,239.13,0.9362
15640,248.06,0.9484
15641,247.66,0.9846
15642,250.44,0.7953
15643,249.84,0.5976
15644,4.47,0.5841
15645,2.98,0.4938
15646,230.82,0.2971
15647,138.5,0.2977
15648,6.0,0.423
15649,5.26,0.4294
15650,158.32,0.5132
15651,238.7,0.6955
15652,242.4,0.6937
15653,232.06,0.6414
15654,2.96,0.6364
15655,93.52,0.5956
15656,232.56,0.5883
15657,191.73,0.7865
15658,223.03,0.9115
15659,248.66,0.8334
15660,248.56,0.6846
15661,135.78,0.5092
15662,7.2,0.3141
15663,5.54,0.2231
15664,6.74,0.2359
15665,135.72,0.3855
15666,151.66,0.3855
15667,192.64,0.3846
15668,5.6,0.3905
15669,5.6,0.3892
15670,143.0,0.3396
15671,150.12,0.493
15672,131.17,0.4923
15673,195.79,0.3801
15674,4.65,0.2621
15675,3.94,0.1599
15676,3.86,0.1928
15677,4.42,0.3433
15678,236.58,0.4728
15679,191.28,0.4757
15680,164.39,0.4772
15681,7.5,0.2905
15682,6.35,0.14
15683,5.04,0.0113
15684,4.66,0.0953
15685,4.85,0.203
15686,111.62,0.3184
15687,139.96,0.3186
15688,148.05,0.3929
15689,4.9,0.4838
15690,97.0,0.5393
15691,224.33,0.5986
15692,208.72,0.7894
15693,221.6,0.8111
15694,241.44,0.8324
15695,123.94,0.7796
15696,250.72,0.7262
15697,143.3,0.7139
15698,155.37,0.8097
15699,226.18,0.7898
15700,242.72,0.8505
15701,226.07,0.7291
15702,218.56,0.5511
15703,4.84,0.3594
15704,5.45,0.1815
15705,5.13,0.1188
15706,5.48,0.2493
15707,140.75,0.2496
15708,166.64,0.3558
15709,5.91,0.4805
15710,136.73,0.5023
15711,160.17,0.4973
15712,167.78,0.6266
15713,160.37,0.6605
15714,166.26,0.6451
15715,178.71,0.7118
15716,141.15,0.764
15717,250.5,0.742
15718,224.98,0.72
15719,139.08,0.7202
15720,151.39,0.525
15721,141.42,0.4603
15722,8.42,0.4846
15723,144.84,0.3667
15724,169.22,0.2572
15725,5.14,0.3477
15726,5.6,0.3224
15727,120.74,0.2714
15728,113.36,0.2717
15729,106.0,0.3751
15730,5.5,0.4054
15731,133.91,0.4405
15732,158.25,0.483
15733,156.87,0.6343
15734,158.66,0.7251
15735,193.18,0.7074
15736,246.5,0.5854
15737,136.31,0.462
15738,5.6,0.3103
15739,5.64,0.1156
15740,5.07,0.1315
15741,5.11,0.2986
15742,156.06,0.4922
15743,212.75,0.6007
15744,245.68,0.6
15745,139.55,0.6187
15746,4.27,0.6411
15747,179.31,0.5527
15748,240.42,0.4452
15749,136.11,0.5443
15750,6.25,0.5139
15751,127.13,0.4307
15752,141.7,0.4267
15753,137.26,0.6146
15754,131.06,0.7116
15755,239.28,0.7081
15756,247.32,0.6017
15757,137.46,0.6791
15758,5.24,0.6678
15759,227.08,0.6541
15760,225.31,0.724
15761,230.26,0.9202
15762,224.14,0.9356
15763,248.53,0.9522
15764,246.16,0.8736
15765,245.86,0.788
15766,132.9,0.7869
15767,118.01,0.7478
15768,247.08,0.554
15769,197.7,0.4519
15770,5.56,0.3612
15771,6.32,0.1683
15772,5.58,0.2079
15773,7.89,0.4047
15774,246.78,0.4197
15775,249.54,0.42
15776,24.95,0.5623
15777,5.99,0.4777
15778,184.25,0.3853
15779,142.0,0.5442
15780,134.93,0.6982
15781,222.02,0.7329
15782,196.88,0.8023
15783,227.3,0.6967
15784,227.94,0.5209
15785,4.03,0.3653
15786,4.07,0.364
15787,3.97,0.3782
15788,225.66,0.5181
15789,245.53,0.5198
15790,177.55,0.636
15791,6.2,0.5658
15792,148.06,0.4801
15793,138.62,0.451
15794,139.27,0.5633
15795,141.46,0.4472
15796,145.34,0.5226
15797,4.14,0.5928
15798,232.14,0.6718
15799,226.28,0.7532
15800,239.38,0.9483
15801,246.28,0.9546
15802,246.1,0.9528
15803,239.95,0.7612
15804,224.06,0.5678
15805,1.81,0.3742
15806,6.48,0.1853
15807,6.05,0.1152
15808,5.74,0.2979
15809,137.14,0.3112
15810,228.31,0.4046
15811,23.05,0.5832
15812,121.84,0.6061
15813,227.09,0.5544
15814,165.58,0.7192
15815,164.23,0.7285
15816,227.37,0.5506
15817,133.37,0.6131
15818,6.54,0.6829
15819,243.02,0.5035
15820,250.77,0.4019
15821,4.99,0.5789
15822,7.41,0.5497
15823,225.9,0.4548
15824,206.91,0.5568
15825,133.11,0.6748
15826,131.42,0.4975
15827,153.7,0.4329
15828,6.05,0.4384
15829,126.8,0.3359
15830,140.0,0.2154
15831,4.34,0.4056
15832,4.29,0.4725
15833,241.86,0.5405
15834,209.8,0.7086
15835,224.23,0.709
15836,212.77,0.5187
15837,4.75,0.5222
15838,6.0,0.5246
15839,214.15,0.5055
15840,227.11,0.7006
15841,189.13,0.8813
15842,246.61,0.9102
15843,230.14,0.908
15844,249.98,0.9427
15845,224.38,0.8888
15846,232.07,0.7121
15847,179.82,0.609
15848,11.04,0.5687
15849,122.17,0.5151
15850,174.34,0.3741
15851,165.69,0.3696
15852,4.98,0.3878
15853,5.5,0.3364
15854,144.76,0.3162
15855,110.58,0.4231
15856,140.58,0.4219
15857,137.6,0.3074
15858,3.92,0.4056
15859,2.87,0.4946
15860,232.33,0.4762
15861,250.94,0.4779
15862,114.76,0.4801
15863,6.0,0.2975
15864,5.62,0.1
15865,5.97,0.0132
15866,5.99,0.0127
15867,7.21,0.0125
15868,5.31,0.1854
15869,5.4,0.3722
15870,220.41,0.373
15871,237.52,0.3751
15872,8.22,0.4756
15873,7.97,0.4904
15874,129.94,0.4634
15875,238.8,0.6446
15876,204.07,0.8316
15877,232.86,0.8847
15878,239.84,0.6932
15879,195.7,0.641
15880,1.36,0.6067
15881,139.4,0.5679
15882,190.28,0.5994
15883,191.74,0.7858
15884,234.72,0.8488
15885,232.54,0.8799
15886,217.56,0.7615
15887,228.81,0.5764
15888,44.91,0.5589
15889,5.21,0.5499
15890,210.82,0.4979
15891,206.41,0.4655
15892,164.32,0.6201
15893,4.83,0.6283
15894,196.85,0.6616
15895,220.94,0.7292
15896,247.78,0.926
15897,248.09,0.773
15898,248.8,0.6006
15899,7.2,0.408
15900,7.21,0.4011
15901,8.91,0.3816
15902,239.59,0.557
15903,224.56,0.5553
15904,224.78,0.6617
15905,5.08,0.6651
15906,140.8,0.6825
15907,243.78,0.5041
15908,246.18,0.5048
15909,3.55,0.5438
15910,5.94,0.4745
15911,189.15,0.4037
15912,157.93,0.4939
15913,158.36,0.6151
15914,115.36,0.5728
15915,156.21,0.6288
15916,136.67,0.6453
15917,227.41,0.5554
15918,178.84,0.6246
15919,3.92,0.6971
15920,242.02,0.7051
15921,226.55,0.7358
15922,237.31,0.9234
15923,216.93,0.9277
15924,236.48,0.9367
15925,247.33,0.9398
15926,237.74,0.9594
15927,241.14,0.7719
15928,241.2,0.5758
15929,4.0,0.5776
15930,4.22,0.5762
15931,239.96,0.3849
15932,239.46,0.3856
15933,3.98,0.5803
15934,4.81,0.5878
15935,245.7,0.5896
15936,249.3,0.7853
15937,241.68,0.8832
15938,246.58,0.689
15939,126.22,0.6786
15940,4.88,0.6664
15941,236.42,0.5707
15942,226.48,0.5761
15943,127.93,0.6862
15944,132.94,0.6
15945,141.39,0.5283
15946,129.53,0.546
15947,137.64,0.5595
15948,149.84,0.4504
15949,149.76,0.4609
15950,6.06,0.4742
15951,142.55,0.5023
15952,154.09,0.3855
15953,184.7,0.386
15954,4.98,0.2761
15955,6.68,0.2336
15956,6.24,0.2175
15957,101.42,0.356
15958,164.78,0.3549
15959,176.63,0.3539
15960,5.34,0.2756
15961,5.03,0.1462
15962,4.31,0.0062
15963,4.34,0.0048
15964,3.11,0.0051
15965,3.58,0.0051
15966,5.4,0.005
15967,4.23,0.0071
15968,4.25,0.0075
15969,5.68,0.1156
15970,4.08,0.2297
15971,139.45,0.3344
15972,145.7,0.3344
15973,134.07,0.4412
15974,5.7,0.529
15975,136.45,0.5943
15976,248.31,0.6601
15977,226.77,0.8167
15978,215.55,0.7101
15979,199.92,0.5137
15980,4.25,0.5251
15981,4.8,0.5164
15982,240.9,0.5414
15983,204.73,0.7176
15984,230.94,0.88
15985,222.76,0.8627
15986,206.08,0.8837
15987,219.53,0.8599
15988,230.72,0.7857
15989,201.44,0.6221
15990,130.79,0.6427
15991,3.25,0.6562
15992,245.04,0.6837
15993,247.52,0.5823
15994,235.51,0.7384
15995,5.03,0.6996
15996,196.76,0.67
15997,196.96,0.6565
15998,210.88,0.829
15999,218.72,0.8311
16000,218.89,0.8566
16001,199.42,0.6902
16002,228.56,0.6261
16003,4.55,0.6207
16004,139.27,0.6324
16005,212.13,0.6372
16006,214.0,0.8133
16007,234.52,0.8139
16008,222.8,0.6486
16009,140.03,0.481
16010,7.21,0.4276
16011,6.15,0.3714
16012,168.32,0.3638
16013,153.11,0.3592
16014,130.66,0.4655
16015,1.56,0.4408
16016,137.86,0.4296
16017,137.75,0.4348
16018,139.18,0.5577
16019,137.16,0.4519
16020,153.94,0.5084
16021,6.66,0.5795
16022,207.81,0.6476
16023,227.3,0.5285
16024,221.62,0.5275
16025,6.25,0.3642
16026,5.4,0.3411
16027,5.38,0.2491
16028,198.72,0.3333
16029,107.48,0.3333
16030,110.67,0.3346
16031,5.41,0.264
16032,6.92,0.2846
16033,111.22,0.2037
16034,133.06,0.2026
16035,10.31,0.307
16036,4.11,0.3912
16037,136.28,0.3876
16038,215.7,0.4661
16039,128.54,0.6431
16040,107.66,0.7
16041,223.57,0.5636
16042,206.82,0.465
16043,46.58,0.5077
16044,6.25,0.5178
16045,160.59,0.4592
16046,236.11,0.6171
16047,134.18,0.6173
16048,242.36,0.4929
16049,6.46,0.3081
16050,6.44,0.3175
16051,6.89,0.3211
16052,145.91,0.5154
16053,246.76,0.5136
16054,247.39,0.5113
16055,4.23,0.573
16056,4.0,0.5091
16057,222.46,0.4464
16058,167.58,0.5694
16059,169.6,0.5709
16060,156.69,0.3946
16061,5.88,0.4399
16062,3.96,0.4953
16063,223.63,0.5414
16064,238.38,0.6906
16065,213.84,0.8574
16066,190.87,0.6804
16067,210.66,0.5998
16068,4.21,0.5344
16069,138.51,0.4978
16070,132.72,0.3328
16071,145.44,0.4717
16072,6.19,0.4717
16073,176.44,0.4771
16074,138.49,0.3651
16075,139.36,0.4032
16076,6.63,0.4634
16077,53.39,0.5543
16078,251.12,0.6446
16079,251.2,0.8362
16080,251.28,0.7962
16081,244.16,0.5969
16082,3.78,0.5035
16083,4.08,0.409
16084,135.33,0.3156
16085,134.2,0.4418
16086,128.26,0.6027
16087,160.32,0.681
16088,203.56,0.7634
16089,232.44,0.8619
16090,236.31,0.8474
16091,250.4,0.6871
16092,142.36,0.6942
16093,4.8,0.6602
16094,241.25,0.462
16095,194.18,0.4514
16096,4.65,0.5721
16097,129.16,0.5036
16098,154.5,0.4731
16099,156.32,0.5943
16100,156.34,0.678
16101,154.94,0.7521
16102,232.98,0.6315
16103,246.27,0.5101
16104,6.84,0.5838
16105,5.82,0.5961
16106,246.37,0.5901
16107,248.15,0.7755
16108,238.84,0.9676
16109,236.74,0.9705
16110,244.02,0.7736
16111,249.92,0.5843
16112,4.08,0.5093
16113,4.1,0.4582
16114,143.78,0.374
16115,180.66,0.374
16116,145.46,0.5729
16117,4.08,0.6594
16118,250.71,0.716
16119,251.0,0.7978
16120,250.92,0.9919
16121,246.82,0.9558
16122,244.7,0.8842
16123,205.98,0.6867
16124,162.24,0.4911
16125,6.0,0.2983
16126,4.42,0.1357
16127,5.57,0.207
16128,4.43,0.4045
16129,250.67,0.5955
16130,250.8,0.7851
16131,241.23,0.7861
16132,240.63,0.5884
16133,5.67,0.5819
16134,5.65,0.5813
16135,242.73,0.5089
16136,240.5,0.5086
16137,150.84,0.6694
16138,5.27,0.6428
16139,205.07,0.6302
16140,209.74,0.6909
16141,224.85,0.875
16142,226.04,0.8205
16143,233.63,0.6564
16144,137.45,0.616
16145,6.25,0.6139
16146,174.76,0.5851
16147,223.52,0.6649
16148,197.9,0.8513
16149,236.3,0.9094
16150,237.44,0.9289
16151,246.74,0.8896
16152,247.68,0.7508
16153,149.18,0.678
16154,64.3,0.5905
16155,147.11,0.3944
16156,138.23,0.2787
16157,4.58,0.4305
16158,5.69,0.4881
16159,252.53,0.505
16160,218.58,0.6692
16161,159.19,0.7197
16162,208.08,0.52
16163,68.32,0.4531
16164,4.92,0.44
16165,135.72,0.3868
16166,142.95,0.5004
16167,142.08,0.6142
16168,209.09,0.5087
16169,146.04,0.398
16170,5.0,0.4676
16171,5.67,0.4935
16172,228.38,0.3815
16173,241.2,0.4817
16174,7.15,0.6401
16175,129.21,0.5903
16176,202.04,0.3995
16177,166.64,0.3988
16178,4.62,0.4841
16179,6.4,0.4944
16180,234.9,0.5215
16181,214.86,0.678
16182,200.17,0.6793
16183,198.69,0.6732
16184,7.97,0.692
16185,227.41,0.6518
16186,238.18,0.4949
16187,150.26,0.5938
16188,4.23,0.5249
16189,130.48,0.4436
16190,142.08,0.4946
16191,137.39,0.6611
16192,213.46,0.5609
16193,210.64,0.4514
16194,6.27,0.4681
16195,6.27,0.4149
16196,158.17,0.2918
16197,147.45,0.4034
16198,57.98,0.5657
16199,144.64,0.5635
16200,207.56,0.6297
16201,155.38,0.7812
16202,229.62,0.8671
16203,245.78,0.9023
16204,251.11,0.9753
16205,251.28,0.9887
16206,245.78,0.9829
16207,246.24,0.9783
16208,238.67,0.9501
16209,245.36,0.7565
16210,216.31,0.5626
16211,5.81,0.375
16212,5.83,0.1823
16213,6.05,0.0115
16214,6.36,0.1095
16215,4.62,0.2633
16216,127.32,0.3684
16217,196.5,0.3686
16218,136.38,0.4862
16219,6.63,0.5101
16220,150.42,0.5252
16221,156.93,0.5938
16222,215.19,0.7673
16223,221.44,0.8228
16224,221.77,0.8934
16225,219.25,0.861
16226,244.47,0.8671
16227,174.96,0.8746
16228,228.97,0.8115
16229,231.08,0.6181
16230,141.02,0.4804
16231,4.75,0.3004
16232,4.25,0.1183
16233,5.78,0.0127
16234,5.25,0.1064
16235,10.1,0.2987
16236,120.9,0.4478
16237,242.7,0.4529
16238,190.63,0.4522
16239,11.55,0.5196
16240,9.26,0.4886
16241,204.5,0.5336
16242,204.24,0.7047
16243,246.49,0.7009
16244,223.6,0.5398
16245,4.53,0.5015
16246,4.77,0.467
16247,156.77,0.4594
16248,203.74,0.6474
16249,214.22,0.6473
16250,237.53,0.5269
16251,4.7,0.5578
16252,7.5,0.5785
16253,242.05,0.5296
16254,239.9,0.5286
16255,176.91,0.712
16256,3.48,0.6748
16257,234.84,0.4846
16258,195.94,0.3466
16259,4.05,0.3475
16260,5.84,0.1624
16261,4.63,0.111
16262,5.27,0.2353
16263,132.28,0.3584
16264,158.07,0.3594
16265,158.56,0.3598
16266,5.87,0.2567
16267,5.76,0.1327
16268,4.35,0.0084
16269,4.42,0.0067
16270,4.44,0.0053
16271,3.78,0.0048
16272,3.96,0.0054
16273,3.72,0.0053
16274,5.25,0.0055
16275,4.25,0.1963
16276,4.01,0.3528
16277,240.51,0.5072
16278,197.78,0.5065
16279,196.71,0.6844
16280,3.3,0.6806
16281,224.64,0.7192
16282,235.84,0.7244
16283,245.57,0.915
16284,203.17,0.7374
16285,239.61,0.6539
16286,4.5,0.6476
16287,132.34,0.6661
16288,237.74,0.5991
16289,226.12,0.7097
16290,156.53,0.7229
16291,141.57,0.6794
16292,148.76,0.6706
16293,183.8,0.7107
16294,215.22,0.6007
16295,206.15,0.4853
16296,5.26,0.5035
16297,5.66,0.4531
16298,206.37,0.3935
16299,152.69,0.4787
16300,132.3,0.5827
16301,110.93,0.5427
16302,134.57,0.5363
16303,156.8,0.5573
16304,144.68,0.6047
16305,158.4,0.5012
16306,169.72,0.5673
16307,6.17,0.6301
16308,238.78,0.6832
16309,222.54,0.7285
16310,224.3,0.9174
16311,225.81,0.8414
16312,240.37,0.858
16313,144.62,0.7822
16314,243.05,0.6031
16315,130.31,0.4129
16316,3.84,0.4233
16317,4.49,0.393
16318,157.5,0.2913
16319,205.55,0.2938
16320,4.23,0.4157
16321,6.96,0.4111
16322,155.52,0.3771
16323,151.83,0.4972
16324,163.37,0.675
16325,153.15,0.7252
16326,227.43,0.6075
16327,217.79,0.4805
16328,5.89,0.4636
16329,5.91,0.4496
16330,132.17,0.4288
16331,210.05,0.6042
16332,192.02,0.7933
16333,223.38,0.882
16334,240.41,0.9062
16335,242.06,0.7548
16336,240.1,0.6731
16337,4.36,0.6807
16338,121.98,0.6045
16339,249.82,0.4155
16340,147.69,0.4171
16341,5.74,0.5152
16342,6.36,0.5145
16343,243.54,0.5594
16344,248.94,0.6697
16345,203.38,0.668
16346,142.49,0.4751
16347,4.25,0.2782
16348,4.45,0.1186
16349,4.74,0.0083
16350,5.52,0.0095
16351,5.7,0.011
16352,5.77,0.0121
16353,6.32,0.2059
16354,6.09,0.3996
16355,245.85,0.5458
16356,245.79,0.716
16357,187.04,0.9037
16358,217.42,0.8982
16359,238.74,0.704
16360,239.03,0.731
16361,5.04,0.7188
16362,220.54,0.6897
16363,202.22,0.6969
16364,202.7,0.8606
16365,247.92,0.8538
16366,208.04,0.8567
16367,212.14,0.8953
16368,205.73,0.8899
16369,250.63,0.9242
16370,241.15,0.9482
16371,250.68,0.9763
16372,241.79,0.9275
16373,240.65,0.8867
16374,190.14,0.6885
16375,190.52,0.4979
16376,4.91,0.3084
16377,5.53,0.2671
16378,5.68,0.2625
16379,138.96,0.4239
16380,184.79,0.4227
16381,205.03,0.5894
16382,4.06,0.6521
16383,212.38,0.6279
16384,216.65,0.5882
16385,154.84,0.7576
16386,155.78,0.5905
16387,214.06,0.5261
16388,5.25,0.5155
16389,136.8,0.5261
16390,141.7,0.4676
16391,168.93,0.6464
16392,141.45,0.5418
16393,226.95,0.4318
16394,7.15,0.3002
16395,5.32,0.19
16396,5.67,0.0128
16397,4.83,0.012
16398,7.25,0.145
16399,6.21,0.332
16400,170.17,0.4402
16401,237.61,0.6274
16402,138.92,0.8161
16403,239.38,0.8717
16404,240.22,0.873
16405,239.06,0.9532
16406,239.22,0.9562
16407,238.38,0.9135
16408,243.02,0.7243
16409,187.36,0.535
16410,4.49,0.4529
16411,4.5,0.3911
16412,136.59,0.4259
16413,166.34,0.608
16414,230.58,0.7902
16415,230.23,0.8685
16416,230.44,0.7412
16417,233.6,0.5641
16418,8.47,0.5634
16419,11.06,0.5762
16420,229.36,0.3912
16421,246.34,0.3892
16422,4.18,0.5074
16423,6.0,0.4724
16424,157.63,0.4236
16425,185.91,0.5695
16426,185.82,0.6704
16427,185.18,0.548
16428,131.04,0.5932
16429,5.91,0.6386
16430,241.93,0.6812
16431,242.16,0.5809
16432,237.9,0.5813
16433,6.74,0.391
16434,6.38,0.3558
16435,5.96,0.3161
16436,198.55,0.4906
16437,188.64,0.4909
16438,223.15,0.6039
16439,6.7,0.6061
16440,146.14,0.5616
16441,201.26,0.3869
16442,133.44,0.3869
16443,6.56,0.4715
16444,6.74,0.5117
16445,251.03,0.5973
16446,251.0,0.7723
16447,239.66,0.9357
16448,223.46,0.8865
16449,209.4,0.6886
16450,190.01,0.6988
16451,5.62,0.7172
16452,252.29,0.6746
16453,246.28,0.6986
16454,156.55,0.8681
16455,219.88,0.7712
16456,215.72,0.6865
16457,132.17,0.564
16458,141.3,0.4973
16459,4.64,0.4557
16460,137.19,0.5062
16461,164.16,0.3971
16462,194.7,0.4418
16463,6.0,0.4973
16464,60.16,0.5274
16465,205.92,0.5373
16466,201.53,0.7281
16467,206.92,0.8744
16468,242.57,0.906
16469,241.6,0.8837
16470,245.12,0.7209
16471,173.9,0.7241
16472,5.01,0.7291
16473,246.58,0.7333
16474,247.71,0.7534
16475,250.39,0.9399
16476,198.82,0.9245
16477,236.21,0.8225
16478,227.54,0.625
16479,121.24,0.6165
16480,5.43,0.5348
16481,188.33,0.4648
16482,134.98,0.3738
16483,140.67,0.4996
16484,8.39,0.4744
16485,161.51,0.5504
16486,157.08,0.6189
16487,229.22,0.7944
16488,225.51,0.8511
16489,225.97,0.7293
16490,231.91,0.5508
16491,5.98,0.5458
16492,7.98,0.525
16493,219.22,0.5403
16494,200.28,0.683
16495,250.79,0.7884
16496,182.91,0.7245
16497,138.75,0.5664
16498,139.98,0.3672
16499,4.26,0.3403
16500,3.76,0.4057
16501,149.6,0.4115
16502,219.82,0.4112
16503,147.16,0.5609
16504,3.83,0.5866
16505,189.41,0.5888
16506,181.49,0.5863
16507,222.6,0.7162
16508,143.98,0.5682
16509,164.87,0.4269
16510,6.0,0.2514
16511,6.25,0.1392
16512,4.93,0.205
16513,4.93,0.4009
16514,246.4,0.5351
16515,248.87,0.7165
16516,172.66,0.8991
16517,229.92,0.8858
16518,231.3,0.6889
16519,229.91,0.5527
16520,4.79,0.5576
16521,3.7,0.563
16522,236.07,0.4888
16523,237.94,0.4872
16524,137.9,0.6689
16525,2.89,0.6523
16526,228.9,0.6628
16527,215.48,0.6999
16528,250.95,0.8775
16529,184.02,0.6949
16530,223.05,0.7156
16531,2.54,0.7037
16532,241.08,0.7421
16533,236.19,0.7263
16534,231.6,0.7298
16535,203.56,0.5403
16536,6.8,0.5377
16537,6.16,0.5385
16538,232.98,0.4761
16539,232.6,0.4853
16540,126.22,0.6313
16541,18.18,0.5766
16542,187.2,0.3925
16543,165.05,0.2939
16544,4.34,0.4317
16545,4.04,0.3965
16546,189.03,0.4475
16547,143.55,0.6032
16548,228.28,0.66
16549,197.36,0.511
16550,74.52,0.5071
16551,4.26,0.4396
16552,138.71,0.4499
16553,144.6,0.4961
16554,210.13,0.6168
16555,131.75,0.6652
16556,153.88,0.7386
16557,198.82,0.5757
16558,235.54,0.475
16559,8.2,0.3561
16560,6.86,0.3215
16561,6.46,0.2693
16562,155.99,0.3875
16563,170.76,0.3869
16564,154.8,0.3868
16565,6.08,0.4285
16566,6.32,0.3992
16567,207.73,0.4192
16568,134.38,0.6086
16569,179.62,0.607
16570,240.9,0.4437
16571,4.38,0.5245
16572,5.18,0.5355
16573,234.57,0.5266
16574,193.37,0.7083
16575,229.8,0.8868
16576,229.62,0.8847
16577,226.56,0.9084
16578,231.92,0.7275
16579,222.84,0.5471
16580,5.47,0.369
16581,6.0,0.3036
16582,5.71,0.2315
16583,150.75,0.2835
16584,133.48,0.3905
16585,69.94,0.5707
16586,138.66,0.6259
16587,229.11,0.6318
16588,219.28,0.7286
16589,140.77,0.7267
16590,189.92,0.5473
16591,136.35,0.3753
16592,6.71,0.2668
16593,6.0,0.2767
16594,6.25,0.362
16595,202.13,0.5507
16596,242.14,0.5523
16597,240.64,0.7063
16598,8.0,0.6592
16599,197.24,0.5925
16600,143.65,0.4018
16601,159.46,0.5324
16602,4.21,0.5435
16603,169.92,0.6205
16604,211.02,0.4939
16605,239.06,0.6318
16606,2.6,0.6217
16607,175.16,0.5781
16608,157.34,0.5105
16609,156.95,0.6313
16610,155.34,0.6036
16611,152.37,0.6375
16612,140.82,0.6899
16613,199.3,0.7451
16614,221.94,0.8207
16615,223.78,0.9057
16616,246.12,0.9
16617,246.15,0.8364
16618,192.32,0.8346
16619,143.08,0.8295
16620,221.55,0.6362
16621,239.78,0.595
16622,6.49,0.6783
16623,141.24,0.6576
16624,246.29,0.4682
16625,195.92,0.4664
16626,5.0,0.5192
16627,4.25,0.4277
16628,206.67,0.3891
16629,132.78,0.5136
16630,148.08,0.6889
16631,159.47,0.709
16632,221.49,0.6964
16633,231.64,0.668
16634,117.13,0.7198
16635,112.89,0.7147
16636,223.73,0.6813
16637,215.15,0.7891
16638,190.2,0.8137
16639,250.76,0.8048
16640,143.47,0.7833
16641,212.73,0.6336
16642,188.44,0.538
16643,4.55,0.5337
16644,132.26,0.3668
16645,138.11,0.22
16646,5.81,0.3261
16647,6.42,0.4121
16648,136.14,0.4924
16649,238.84,0.6798
16650,237.7,0.8652
16651,238.13,0.9111
16652,236.27,0.9055
16653,193.09,0.9031
16654,231.84,0.8799
16655,234.75,0.6929
16656,209.4,0.6639
16657,4.36,0.6418
16658,157.15,0.6156
16659,204.48,0.4498
16660,202.24,0.4491
16661,3.9,0.3255
16662,3.46,0.2874
16663,3.94,0.3183
16664,157.2,0.5092
16665,240.54,0.5111
16666,240.55,0.6336
16667,5.8,0.6228
16668,155.92,0.5541
16669,143.74,0.4855
16670,155.38,0.5987
16671,155.5,0.4765
16672,146.16,0.4762
16673,4.46,0.4618
16674,143.32,0.5193
16675,137.57,0.5628
16676,226.73,0.7035
16677,200.07,0.5926
16678,178.92,0.594
16679,5.9,0.5816
16680,139.27,0.5883
16681,211.27,0.4483
16682,208.4,0.4479
16683,5.37,0.4513
16684,5.37,0.4063
16685,143.47,0.3773
16686,155.48,0.4879
16687,172.54,0.6037
16688,142.44,0.6247
16689,148.97,0.6188
16690,169.45,0.5902
16691,148.28,0.6103
16692,137.0,0.6806
16693,167.4,0.6959
16694,236.13,0.5825
16695,188.38,0.6334
16696,7.66,0.6573
16697,200.18,0.5832
16698,196.97,0.5298
16699,144.26,0.6259
16700,122.16,0.4697
16701,126.8,0.3164
16702,6.61,0.2054
16703,6.8,0.1115
16704,6.74,0.1231
16705,5.63,0.2531
16706,141.23,0.2548
16707,167.81,0.3677
16708,8.86,0.4662
16709,146.77,0.4557
16710,127.7,0.4255
16711,128.23,0.5103
16712,130.33,0.502
16713,114.11,0.4035
16714,136.45,0.306
16715,5.61,0.2062
16716,7.29,0.1196
16717,6.56,0.1868
16718,6.8,0.3845
16719,219.75,0.5651
16720,250.71,0.7482
16721,231.24,0.9387
16722,233.54,0.7661
16723,243.05,0.676
16724,5.67,0.6717
16725,139.03,0.6666
16726,225.9,0.474
16727,227.26,0.4734
16728,4.19,0.5624
16729,5.0,0.5816
16730,249.34,0.5105
16731,249.66,0.6941
16732,139.17,0.6924
16733,231.88,0.4946
16734,2.78,0.297
16735,4.1,0.1888
16736,4.74,0.2021
16737,5.0,0.402
16738,248.37,0.4852
16739,250.58,0.485
16740,107.34,0.4847
16741,4.43,0.2879
16742,4.59,0.0913
16743,4.43,0.0094
16744,6.75,0.2035
16745,5.84,0.376
16746,245.1,0.4852
16747,218.48,0.4826
16748,139.76,0.5792
16749,3.52,0.5812
16750,125.62,0.5896
16751,247.62,0.6615
16752,228.89,0.8421
16753,228.98,0.9253
16754,227.38,0.8693
16755,228.75,0.8671
16756,178.17,0.8746
16757,226.19,0.8875
16758,238.26,0.7078
16759,243.45,0.5684
16760,5.94,0.5414
16761,5.32,0.5249
16762,192.66,0.4735
16763,217.83,0.4741
16764,179.66,0.5961
16765,6.75,0.5533
16766,156.62,0.4914
16767,139.55,0.3497
16768,141.15,0.4453
16769,3.95,0.4564
16770,125.2,0.5061
16771,170.47,0.5808
16772,201.08,0.765
16773,233.78,0.854
16774,232.41,0.9107
16775,235.56,0.943
16776,240.77,0.9453
16777,241.04,0.9445
16778,236.68,0.9506
16779,231.35,0.7595
16780,243.17,0.5693
16781,3.8,0.5198
16782,5.25,0.5275
16783,175.34,0.3332
16784,240.88,0.3343
16785,2.25,0.4832
16786,5.16,0.4553
16787,189.83,0.382
16788,140.83,0.3844
16789,149.98,0.4755
16790,5.14,0.4897
16791,118.19,0.4935
16792,207.4,0.5089
16793,145.54,0.6344
16794,169.08,0.6687
16795,160.71,0.6311
16796,160.72,0.6965
16797,160.84,0.5641
16798,226.61,0.558
16799,4.95,0.5623
16800,153.18,0.5943
16801,166.04,0.5653
16802,200.46,0.698
16803,190.61,0.579
16804,169.49,0.449
16805,5.68,0.388
16806,4.86,0.3418
16807,124.8,0.2094
16808,133.31,0.2097
16809,5.42,0.3161
16810,6.0,0.3388
16811,136.82,0.3382
16812,152.93,0.4693
16813,132.54,0.5952
16814,167.96,0.6653
16815,162.05,0.5895
16816,223.8,0.4866
16817,58.96,0.3557
16818,4.89,0.2287
16819,5.71,0.1727
16820,4.59,0.2783
16821,154.32,0.4293
16822,189.92,0.5406
16823,192.12,0.686
16824,143.7,0.5664
16825,184.94,0.5225
16826,5.94,0.5502
16827,135.52,0.6096
16828,226.51,0.4653
16829,217.35,0.4669
16830,6.0,0.5526
16831,7.91,0.5659
16832,241.83,0.5555
16833,242.98,0.6806
16834,204.4,0.6789
16835,161.08,0.4893
16836,5.84,0.4602
16837,6.75,0.4782
16838,206.9,0.5311
16839,226.69,0.6192
16840,226.7,0.7958
16841,115.06,0.8113
16842,225.73,0.8309
16843,226.15,0.8022
16844,250.98,0.714
16845,191.08,0.627
16846,5.7,0.555
16847,117.93,0.5144
16848,136.77,0.3652
16849,200.73,0.3874
16850,6.05,0.4947
16851,33.21,0.5548
16852,250.98,0.5953
16853,211.34,0.7928
16854,250.86,0.7711
16855,251.0,0.5739
16856,6.27,0.5962
16857,6.51,0.5539
16858,238.95,0.5119
16859,198.37,0.6437
16860,198.92,0.8227
16861,169.79,0.8304
16862,228.37,0.8521
16863,248.55,0.8871
16864,225.3,0.9121
16865,242.29,0.7328
16866,200.81,0.7303
16867,5.97,0.7228
16868,245.52,0.7257
16869,215.93,0.5671
16870,245.91,0.6975
16871,4.24,0.6622
16872,167.63,0.6018
16873,201.7,0.5277
16874,141.07,0.64
16875,154.06,0.626
16876,143.4,0.5892
16877,150.28,0.48
16878,156.08,0.4684
16879,5.74,0.4928
16880,139.69,0.5401
16881,173.65,0.5971
16882,208.9,0.7805
16883,226.68,0.7966
16884,233.24,0.6601
16885,159.54,0.4957
16886,4.5,0.3991
16887,5.02,0.3242
16888,106.93,0.3769
16889,140.3,0.3767
16890,224.99,0.4895
16891,4.22,0.5144
16892,144.82,0.5131
16893,137.89,0.4657
16894,138.7,0.6047
16895,166.13,0.4927
16896,176.63,0.3864
16897,5.93,0.2807
16898,6.05,0.1527
16899,7.66,0.206
16900,7.47,0.397
16901,242.74,0.502
16902,242.72,0.597
16903,136.26,0.743
16904,125.46,0.6699
16905,188.47,0.4786
16906,152.05,0.3734
16907,5.61,0.369
16908,5.74,0.3426
16909,119.98,0.3449
16910,155.84,0.3435
16911,154.81,0.5158
16912,3.91,0.5976
16913,219.4,0.6469
16914,221.41,0.719
16915,216.88,0.8964
16916,244.3,0.8995
16917,223.88,0.8478
16918,223.18,0.7876
16919,157.25,0.7039
16920,142.33,0.6339
16921,140.46,0.5989
16922,137.1,0.5908
16923,179.77,0.641
16924,147.25,0.5319
16925,204.57,0.4255
16926,5.25,0.2846
16927,5.16,0.1681
16928,5.0,0.2
16929,2.81,0.2003
16930,244.11,0.1997
16931,5.62,0.3417
16932,4.48,0.5114
16933,181.04,0.4136
16934,213.16,0.5203
16935,122.89,0.6252
16936,137.9,0.4823
16937,134.61,0.425
16938,3.88,0.503
16939,142.12,0.5822
16940,219.57,0.6743
16941,236.11,0.8426
16942,248.76,0.9267
16943,212.6,0.934
16944,246.38,0.8723
16945,228.55,0.8332
16946,159.58,0.6627
16947,200.33,0.5886
16948,1.2,0.5315
16949,154.56,0.5281
16950,157.69,0.3705
16951,155.42,0.3728
16952,4.89,0.4245
16953,4.08,0.4992
16954,218.63,0.5742
16955,250.33,0.7504
16956,248.36,0.7512
16957,223.44,0.5788
16958,5.08,0.4723
16959,4.84,0.3948
16960,118.22,0.3091
16961,152.27,0.4846
16962,117.22,0.5117
16963,222.7,0.4219
16964,38.43,0.4095
16965,6.9,0.4552
16966,136.82,0.4627
16967,173.87,0.4366
16968,232.08,0.5572
16969,6.11,0.5697
16970,156.32,0.5669
16971,152.35,0.3847
16972,170.45,0.5197
16973,6.18,0.5848
16974,173.4,0.6513
16975,237.04,0.621
16976,234.9,0.7336
16977,132.82,0.5986
16978,145.8,0.4147
16979,5.98,0.2314
16980,9.07,0.3252
16981,7.57,0.408
16982,249.19,0.5921
16983,248.5,0.5911
16984,234.15,0.7878
16985,7.88,0.7877
16986,251.39,0.7713
16987,249.14,0.5872
16988,228.11,0.73
16989,5.86,0.6979
16990,184.94,0.6054
16991,211.6,0.4218
16992,134.51,0.5097
16993,0.41,0.4847
16994,114.88,0.4229
16995,153.95,0.4244
16996,134.99,0.5505
16997,136.39,0.4645
16998,156.78,0.3455
16999,8.25,0.2415
17000,6.37,0.1362
17001,6.08,0.0146
17002,5.78,0.0132
17003,6.0,0.0135
17004,6.58,0.014
17005,6.74,0.135
17006,6.6,0.2477
17007,155.88,0.2472
17008,145.69,0.2487
17009,6.0,0.3424
17010,8.56,0.3798
17011,122.75,0.3573
17012,202.26,0.3567
17013,117.84,0.4607
17014,5.3,0.4802
17015,137.43,0.4348
17016,146.9,0.4456
17017,146.06,0.6243
17018,131.18,0.6797
17019,226.87,0.6778
17020,206.11,0.6724
17021,144.5,0.6751
17022,139.39,0.5928
17023,134.56,0.612
17024,124.83,0.6909
17025,229.94,0.7065
17026,242.27,0.7317
17027,158.76,0.7566
17028,165.8,0.5777
17029,155.68,0.5052
17030,8.15,0.4947
17031,152.44,0.3662
17032,145.68,0.2472
17033,6.52,0.3768
17034,8.15,0.4049
17035,168.72,0.381
17036,187.29,0.5111
17037,116.11,0.6373
17038,167.83,0.5054
17039,164.66,0.3583
17040,5.1,0.2683
17041,4.95,0.2772
17042,4.45,0.3448
17043,178.98,0.5413
17044,248.36,0.542
17045,248.76,0.5429
17046,5.85,0.5946
17047,5.6,0.5888
17048,243.09,0.5073
17049,241.14,0.6388
17050,147.66,0.8207
17051,168.98,0.8143
17052,231.1,0.624
17053,235.11,0.5086
17054,5.16,0.4875
17055,4.64,0.4097
17056,142.81,0.4132
17057,134.62,0.6013
17058,239.47,0.7949
17059,238.38,0.8667
17060,244.7,0.9252
17061,231.84,0.9215
17062,207.07,0.8957
17063,234.9,0.8518
17064,206.4,0.7782
17065,190.32,0.7306
17066,140.58,0.6906
17067,148.08,0.6488
17068,185.21,0.5005
17069,154.68,0.3905
17070,6.4,0.4321
17071,4.2,0.4777
17072,199.63,0.5489
17073,241.76,0.6353
17074,242.92,0.8272
17075,113.6,0.8604
17076,242.07,0.8604
17077,240.8,0.8596
17078,241.76,0.8779
17079,241.94,0.6877
17080,136.27,0.621
17081,6.25,0.5407
17082,158.1,0.3639
17083,142.17,0.2585
17084,22.79,0.3645
17085,5.55,0.4379
17086,137.75,0.4692
17087,249.05,0.4579
17088,181.02,0.4603
17089,8.7,0.351
17090,8.53,0.152
17091,2.33,0.1178
17092,2.32,0.2222
17093,138.54,0.2202
17094,138.12,0.3255
17095,6.14,0.4841
17096,132.88,0.5586
17097,198.91,0.6312
17098,230.98,0.8295
17099,228.05,0.8428
17100,251.99,0.8764
17101,149.4,0.8706
17102,240.54,0.8675
17103,223.81,0.669
17104,224.22,0.5526
17105,5.95,0.363
17106,5.05,0.2908
17107,5.48,0.2373
17108,134.27,0.4013
17109,157.88,0.4011
17110,209.33,0.5246
17111,4.76,0.5879
17112,158.6,0.5567
17113,212.71,0.3916
17114,119.16,0.392
17115,4.65,0.3822
17116,5.25,0.3206
17117,146.51,0.4238
17118,136.36,0.5308
17119,247.08,0.6203
17120,137.36,0.6399
17121,116.11,0.5336
17122,170.82,0.3367
17123,4.6,0.3995
17124,2.92,0.5006
17125,215.22,0.5504
17126,241.52,0.7342
17127,232.56,0.7354
17128,232.48,0.5653
17129,4.42,0.3756
17130,4.37,0.1925
17131,6.22,0.1895
17132,5.56,0.3777
17133,228.84,0.4914
17134,237.77,0.4903
17135,145.32,0.6036
17136,4.82,0.5962
17137,146.08,0.5857
17138,219.6,0.6352
17139,224.74,0.7795
17140,206.7,0.6665
17141,183.73,0.4942
17142,6.0,0.3177
17143,6.0,0.1544
17144,5.9,0.0102
17145,4.15,0.0093
17146,4.93,0.0086
17147,4.93,0.0076
17148,5.16,0.1162
17149,4.69,0.2381
17150,138.76,0.239
17151,156.04,0.3574
17152,6.05,0.4635
17153,151.99,0.4726
17154,136.22,0.4977
17155,150.11,0.6456
17156,187.06,0.6256
17157,189.44,0.6274
17158,127.2,0.6204
17159,138.49,0.5802
17160,141.39,0.4323
17161,137.24,0.4794
17162,6.1,0.5488
17163,185.55,0.6182
17164,224.54,0.6865
17165,227.46,0.8629
17166,221.94,0.9086
17167,224.78,0.9193
17168,242.2,0.8536
17169,237.77,0.8513
17170,146.09,0.6731
17171,219.06,0.4806
17172,3.77,0.4824
17173,3.55,0.5244
17174,240.0,0.5461
17175,198.17,0.6987
17176,245.99,0.8028
17177,192.98,0.6105
17178,132.56,0.6064
17179,1.6,0.5689
17180,193.14,0.5981
17181,199.53,0.4952
17182,229.1,0.4987
17183,5.0,0.3476
17184,6.0,0.1915
17185,5.73,0.0106
17186,6.04,0.0115
17187,4.75,0.0103
17188,6.08,0.0094
17189,4.59,0.0072
17190,4.6,0.0067
17191,3.24,0.0048
17192,4.21,0.0043
17193,3.71,0.18
17194,3.99,0.3696
17195,222.44,0.4918
17196,238.34,0.5957
17197,155.71,0.7048
17198,132.52,0.6993
17199,139.24,0.6745
17200,215.62,0.6563
17201,207.59,0.6748
17202,133.18,0.6358
17203,155.39,0.4654
17204,90.88,0.3988
17205,4.41,0.481
17206,125.02,0.5033
17207,235.09,0.4334
17208,183.07,0.4346
17209,4.12,0.3374
17210,5.99,0.1526
17211,4.45,0.0101
17212,6.0,0.112
17213,6.4,0.2199
17214,130.39,0.3808
17215,139.77,0.3799
17216,203.93,0.3794
17217,4.95,0.4762
17218,5.79,0.5656
17219,250.35,0.603
17220,250.64,0.8009
17221,250.29,0.8028
17222,250.29,0.6027
17223,8.24,0.5961
17224,2.24,0.5322
17225,242.4,0.4556
17226,171.09,0.4527
17227,155.34,0.5748
17228,4.65,0.5217
17229,153.56,0.3903
17230,176.64,0.2705
17231,8.16,0.2733
17232,6.75,0.1544
17233,8.16,0.1271
17234,6.1,0.2861
17235,142.8,0.4157
17236,205.34,0.4134
17237,167.4,0.4151
17238,5.35,0.4153
17239,8.16,0.3589
17240,143.11,0.3384
17241,135.35,0.3385
17242,142.02,0.3365
17243,5.46,0.2254
17244,5.65,0.1203
17245,5.35,0.1138
17246,5.0,0.2829
17247,134.07,0.2826
17248,215.13,0.2814
17249,5.25,0.3911
17250,3.82,0.3896
17251,141.04,0.3282
17252,132.23,0.3281
17253,138.94,0.4326
17254,5.16,0.4295
17255,133.34,0.4334
17256,137.3,0.3248
17257,137.02,0.4285
17258,4.33,0.5168
17259,133.65,0.5996
17260,242.86,0.643
17261,239.98,0.7726
17262,190.82,0.8566
17263,165.02,0.8428
17264,237.77,0.654
17265,225.78,0.5973
17266,5.81,0.6628
17267,120.6,0.67
17268,246.22,0.6883
17269,246.74,0.8766
17270,248.38,0.8647
17271,239.35,0.6694
17272,105.81,0.4733
17273,4.08,0.2761
17274,3.64,0.2721
17275,3.8,0.3604
17276,234.38,0.4656
17277,215.3,0.4649
17278,134.57,0.6524
17279,2.79,0.6527
17280,236.28,0.6523
17281,234.74,0.712
17282,214.71,0.7136
17283,208.71,0.5269
17284,4.7,0.3417
17285,4.75,0.1736
17286,5.23,0.1252
17287,6.25,0.2456
17288,148.67,0.4435
17289,153.94,0.6146
17290,250.19,0.7834
17291,217.42,0.848
17292,215.46,0.7312
17293,228.78,0.5368
17294,9.19,0.5378
17295,9.06,0.5283
17296,218.74,0.455
17297,203.7,0.4518
17298,137.86,0.5722
17299,5.25,0.5795
17300,158.3,0.5323
17301,227.76,0.5668
17302,145.2,0.6958
17303,180.61,0.7304
17304,165.22,0.7141
17305,201.26,0.6005
17306,207.43,0.4605
17307,4.46,0.3322
17308,6.94,0.3233
17309,6.22,0.2899
17310,190.15,0.405
17311,166.08,0.4009
17312,147.1,0.4004
17313,1.9,0.2528
17314,5.62,0.1232
17315,7.15,0.1983
17316,5.42,0.3887
17317,240.18,0.3913
17318,237.96,0.3929
17319,8.83,0.5903
17320,9.2,0.5983
17321,250.16,0.6033
17322,250.03,0.7845
17323,244.2,0.8961
17324,233.46,0.697
17325,147.57,0.4987
17326,3.36,0.4814
17327,4.06,0.4719
17328,222.8,0.5032
17329,221.66,0.5056
17330,186.44,0.508
17331,6.25,0.5142
17332,7.09,0.5276
17333,230.55,0.382
17334,238.19,0.4924
17335,5.93,0.657
17336,143.2,0.6531
17337,211.07,0.4646
17338,225.73,0.4631
17339,4.45,0.5253
17340,4.16,0.5393
17341,220.24,0.5393
17342,228.45,0.7252
17343,225.72,0.919
17344,235.0,0.9215
17345,244.38,0.8435
17346,223.38,0.6664
17347,131.75,0.6634
17348,6.09,0.6655
17349,231.28,0.5502
17350,247.06,0.4468
17351,80.41,0.5884
17352,3.54,0.5986
17353,181.68,0.5934
17354,243.88,0.5313
17355,240.66,0.6543
17356,3.43,0.6312
17357,156.0,0.5484
17358,153.04,0.3588
17359,141.18,0.4626
17360,5.66,0.4621
17361,132.05,0.5168
17362,155.35,0.5781
17363,220.87,0.7485
17364,217.24,0.8406
17365,216.95,0.9137
17366,246.24,0.8396
17367,245.99,0.7963
17368,128.97,0.8237
17369,163.51,0.8274
17370,250.97,0.6333
17371,250.86,0.7088
17372,5.25,0.7183
17373,222.63,0.6926
17374,175.28,0.494
17375,219.14,0.6841
17376,4.58,0.6991
17377,240.98,0.7437
17378,241.24,0.5708
17379,230.52,0.743
17380,4.78,0.7282
17381,218.06,0.7014
17382,222.65,0.6856
17383,208.03,0.8017
17384,210.98,0.7879
17385,148.7,0.7296
17386,200.94,0.7279
17387,150.37,0.7234
17388,205.95,0.769
17389,205.32,0.7217
17390,205.25,0.7007
17391,142.29,0.6909
17392,124.4,0.6679
17393,193.74,0.6753
17394,176.8,0.5654
17395,214.48,0.4691
17396,6.0,0.3973
17397,4.98,0.3675
17398,104.76,0.2986
17399,139.78,0.2984
17400,129.09,0.4175
17401,5.78,0.4333
17402,152.57,0.4491
17403,124.36,0.4737
17404,159.45,0.6219
17405,159.54,0.5042
17406,189.6,0.571
17407,6.56,0.6219
17408,207.16,0.6838
17409,222.6,0.6931
17410,236.24,0.7942
17411,201.14,0.6297
17412,131.89,0.6237
17413,3.31,0.5565
17414,215.17,0.5016
17415,152.85,0.3995
17416,133.13,0.5885
17417,5.2,0.5999
17418,237.76,0.4809
17419,229.25,0.3776
17420,5.29,0.3781
17421,5.05,0.1897
17422,5.79,0.1818
17423,4.2,0.3795
17424,219.5,0.491
17425,250.43,0.4905
17426,143.2,0.5042
17427,5.16,0.4439
17428,21.25,0.4163
17429,144.71,0.4068
17430,216.24,0.5508
17431,131.4,0.7011
17432,183.68,0.751
17433,207.67,0.581
17434,206.58,0.4807
17435,5.45,0.3378
17436,7.0,0.2824
17437,6.52,0.2301
17438,139.01,0.3454
17439,141.7,0.3443
17440,148.42,0.3449
17441,5.65,0.4344
17442,7.24,0.4957
17443,250.04,0.5372
17444,217.66,0.6503
17445,199.84,0.6491
17446,145.96,0.4527
17447,5.72,0.283
17448,6.56,0.1258
17449,7.22,0.2002
17450,4.85,0.3762
17451,238.29,0.5657
17452,223.97,0.7563
17453,241.52,0.9502
17454,243.54,0.7617
17455,245.24,0.5847
17456,4.5,0.3946
17457,4.54,0.3116
17458,5.8,0.2141
17459,140.62,0.3203
17460,124.42,0.3667
17461,136.15,0.4745
17462,62.02,0.48
17463,139.54,0.4933
17464,147.4,0.4941
17465,140.92,0.5818
17466,137.17,0.4746
17467,170.7,0.5282
17468,6.58,0.5693
17469,213.95,0.6101
17470,191.86,0.6235
17471,187.79,0.7765
17472,187.31,0.7584
17473,196.27,0.7134
17474,191.51,0.6912
17475,136.07,0.6787
17476,160.18,0.5251
17477,171.82,0.3751
17478,5.91,0.3939
17479,5.49,0.3812
17480,159.35,0.2492
17481,144.4,0.3443
17482,8.23,0.4506
17483,123.83,0.5029
17484,137.22,0.5688
17485,224.19,0.7306
17486,226.18,0.8241
17487,208.86,0.8345
17488,239.69,0.6571
17489,150.09,0.4793
17490,4.3,0.4421
17491,5.67,0.3819
17492,162.77,0.4235
17493,165.11,0.5624
17494,201.66,0.6706
17495,176.54,0.5436
17496,139.78,0.4166
17497,5.33,0.262
17498,7.55,0.2292
17499,10.08,0.2997
17500,135.85,0.4049
17501,227.14,0.403
17502,135.78,0.5102
17503,5.25,0.5391
17504,142.96,0.4839
17505,171.71,0.5033
17506,158.67,0.5042
17507,159.88,0.3923
17508,6.32,0.2556
17509,4.19,0.1307
17510,2.18,0.1999
17511,3.8,0.3804
17512,245.72,0.4434
17513,230.1,0.4449
17514,82.4,0.5623
17515,3.95,0.4769
17516,149.34,0.4149
17517,139.85,0.3532
17518,153.21,0.4721
17519,5.93,0.4769
17520,151.35,0.4679
17521,155.32,0.349
17522,128.76,0.4451
17523,5.78,0.5166
17524,125.06,0.5928
17525,240.02,0.689
17526,249.74,0.8788
17527,248.09,0.9316
17528,241.11,0.8939
17529,190.46,0.6975
17530,193.37,0.6126
17531,6.23,0.6087
17532,142.82,0.6446
17533,236.23,0.6136
17534,234.96,0.7279
17535,154.92,0.7942
17536,147.93,0.7943
17537,225.09,0.7563
17538,236.32,0.7069
17539,187.78,0.7057
17540,93.7,0.6374
17541,146.48,0.4519
17542,140.44,0.3051
17543,6.35,0.4058
17544,5.76,0.4133
17545,218.55,0.4144
17546,155.73,0.5354
17547,141.78,0.5341
17548,156.43,0.4841
17549,4.16,0.5556
17550,156.51,0.627
17551,244.41,0.506
17552,230.23,0.5068
17553,6.4,0.3845
17554,5.17,0.1914
17555,4.87,0.0097
17556,5.07,0.0081
17557,4.88,0.0073
17558,4.4,0.0065
17559,4.18,0.2004
17560,3.96,0.3602
17561,245.39,0.4987
17562,203.12,0.5002
17563,176.08,0.6038
17564,5.97,0.5325
17565,132.51,0.4853
17566,156.88,0.4536
17567,144.7,0.6396
17568,136.72,0.7264
17569,236.59,0.7501
17570,240.11,0.8017
17571,186.31,0.8311
17572,208.59,0.8397
17573,173.19,0.8453
17574,247.29,0.8525
17575,247.06,0.8693
17576,195.28,0.9169
17577,229.36,0.8058
17578,232.2,0.6113
17579,109.52,0.4585
17580,5.95,0.4608
17581,5.86,0.462
17582,232.19,0.4074
17583,233.75,0.523
17584,41.78,0.6949
17585,149.21,0.685
17586,219.1,0.6747
17587,219.8,0.768
17588,221.1,0.7831
17589,157.35,0.7912
17590,167.94,0.795
17591,229.22,0.7979
17592,224.45,0.6751
17593,224.77,0.6862
17594,5.03,0.693
17595,181.76,0.7026
17596,237.58,0.712
17597,236.38,0.8989
17598,236.46,0.7555
17599,236.76,0.679
17600,3.88,0.6024
17601,142.8,0.5163
17602,141.35,0.3297
17603,129.73,0.3319
17604,5.46,0.3416
17605,6.6,0.3324
17606,154.8,0.3365
17607,129.91,0.4861
17608,134.87,0.4842
17609,190.91,0.3629
17610,4.22,0.4525
17611,4.42,0.5337
17612,240.98,0.5362
17613,235.53,0.69
17614,194.03,0.8343
17615,195.0,0.804
17616,183.22,0.779
17617,203.52,0.7892
17618,204.43,0.8296
17619,206.72,0.6862
17620,245.12,0.6219
17621,5.42,0.5857
17622,123.81,0.5171
17623,159.47,0.3242
17624,121.75,0.3243
17625,5.95,0.371
17626,5.55,0.3624
17627,181.72,0.4333
17628,148.74,0.5876
17629,209.65,0.5881
17630,197.26,0.4481
17631,6.14,0.5229
17632,8.21,0.5498
17633,241.52,0.5871
17634,242.98,0.5857
17635,243.53,0.5826
17636,4.34,0.391
17637,4.41,0.1992
17638,3.91,0.0068
17639,5.16,0.0068
17640,4.99,0.1402
17641,4.35,0.338
17642,169.75,0.5338
17643,249.26,0.5343
17644,247.92,0.6424
17645,5.6,0.6963
17646,138.3,0.6951
17647,236.57,0.6814
17648,247.86,0.8583
17649,230.85,0.7504
17650,225.01,0.5636
17651,4.54,0.3678
17652,4.96,0.2892
17653,5.01,0.3042
17654,133.4,0.5001
17655,243.66,0.5018
17656,247.45,0.5052
17657,7.04,0.5897
17658,9.25,0.5958
17659,238.09,0.417
17660,251.31,0.4149
17661,25.7,0.5964
17662,4.45,0.536
17663,234.24,0.4897
17664,163.28,0.4737
17665,193.93,0.6331
17666,5.8,0.6223
17667,202.08,0.6163
17668,220.82,0.5713
17669,155.88,0.6995
17670,138.18,0.7032
17671,164.65,0.6486
17672,206.68,0.7216
17673,153.24,0.7835
17674,246.38,0.831
17675,214.84,0.8411
17676,223.58,0.8949
17677,219.18,0.6991
17678,219.96,0.53
17679,3.67,0.3545
17680,5.11,0.1819
17681,5.96,0.1899
17682,5.23,0.287
17683,229.83,0.3989
17684,124.09,0.3981
17685,143.81,0.559
17686,5.0,0.4919
17687,204.8,0.5584
17688,146.62,0.6063
17689,206.48,0.769
17690,203.22,0.6085
17691,206.78,0.6415
17692,5.8,0.5932
17693,187.46,0.5365
17694,146.58,0.5539
17695,132.9,0.6619
17696,228.36,0.6744
17697,139.75,0.7057
17698,202.99,0.7756
17699,185.31,0.7666
17700,219.56,0.658
17701,217.3,0.4991
17702,5.05,0.5423
17703,5.94,0.5494
17704,238.94,0.3804
17705,228.34,0.3834
17706,7.82,0.5172
17707,8.71,0.504
17708,171.88,0.5105
17709,222.57,0.6575
17710,236.38,0.8243
17711,190.08,0.8754
17712,215.5,0.7017
17713,235.28,0.5159
17714,7.19,0.4735
17715,5.95,0.4436
17716,137.56,0.4472
17717,178.42,0.6146
17718,239.77,0.7234
17719,214.74,0.8012
17720,140.79,0.7846
17721,234.08,0.7248
17722,157.77,0.6706
17723,165.67,0.6896
17724,147.54,0.5072
17725,164.34,0.3855
17726,7.95,0.4349
17727,6.85,0.5108
17728,226.88,0.5688
17729,241.68,0.755
17730,236.33,0.9511
17731,238.76,0.9629
17732,250.01,0.9609
17733,241.51,0.965
17734,239.11,0.922
17735,241.45,0.8876
17736,185.46,0.7308
17737,207.3,0.5416
17738,47.18,0.498
17739,4.5,0.4875
17740,187.45,0.5149
17741,172.38,0.4803
17742,241.27,0.6672
17743,4.25,0.6787
17744,236.33,0.6903
17745,201.63,0.4995
17746,186.75,0.6028
17747,4.71,0.6064
17748,132.4,0.5738
17749,240.77,0.5489
17750,161.18,0.6741
17751,155.93,0.5729
17752,159.91,0.3837
17753,6.96,0.2573
17754,6.12,0.2112
17755,4.52,0.2843
17756,98.74,0.4358
17757,250.52,0.4333
17758,194.84,0.4333
17759,3.06,0.5503
17760,4.51,0.5506
17761,243.77,0.5196
17762,250.94,0.5198
17763,156.35,0.6417
17764,3.28,0.5306
17765,155.64,0.441
17766,106.05,0.4692
17767,139.8,0.581
17768,191.42,0.6168
17769,141.79,0.6505
17770,200.08,0.6663
17771,147.79,0.6213
17772,159.4,0.6297
17773,135.67,0.4728
17774,152.18,0.3585
17775,5.6,0.2337
17776,6.0,0.1285
17777,4.68,0.1139
17778,5.25,0.274
17779,134.07,0.4386
17780,204.16,0.6023
17781,210.07,0.6031
17782,207.58,0.4997
17783,6.25,0.4414
17784,5.83,0.3842
17785,131.94,0.3509
17786,139.14,0.349
17787,166.34,0.531
17788,3.88,0.6112
17789,231.46,0.6965
17790,231.37,0.7495
17791,244.86,0.9067
17792,232.06,0.7235
17793,198.78,0.6333
17794,4.4,0.6035
17795,119.44,0.5289
17796,207.98,0.496
17797,139.59,0.6301
17798,157.94,0.6448
17799,170.69,0.5864
17800,137.63,0.6654
17801,135.62,0.7202
17802,237.56,0.5864
17803,225.87,0.4794
17804,4.73,0.567
17805,4.95,0.5428
17806,244.24,0.3662
17807,207.65,0.3668
17808,6.81,0.5643
17809,5.48,0.568
17810,249.83,0.6006
17811,248.84,0.7916
17812,248.06,0.9487
17813,243.66,0.9407
17814,200.24,0.7449
17815,239.99,0.6606
17816,6.0,0.5977
17817,143.62,0.5993
17818,165.63,0.4105
17819,202.26,0.4103
17820,5.79,0.4173
17821,5.84,0.4087
17822,152.26,0.3547
17823,155.01,0.4528
17824,135.21,0.5733
17825,127.53,0.5752
17826,155.22,0.4539
17827,154.58,0.3483
17828,4.65,0.4457
17829,4.2,0.5142
17830,248.3,0.5732
17831,240.15,0.7248
17832,227.75,0.7246
17833,192.6,0.5277
17834,3.95,0.4263
17835,4.25,0.4378
17836,114.42,0.4535
17837,241.98,0.6444
17838,212.12,0.7993
17839,240.59,0.7117
17840,196.36,0.5213
17841,5.79,0.3562
17842,5.89,0.1667
17843,7.35,0.0141
17844,5.64,0.15
17845,7.16,0.2789
17846,174.27,0.4477
17847,165.75,0.4451
17848,216.64,0.4423
17849,2.48,0.3044
17850,3.6,0.2755
17851,3.35,0.2908
17852,129.84,0.454
17853,235.68,0.4547
17854,204.82,0.4571
17855,4.49,0.3566
17856,6.25,0.1709
17857,5.34,0.0102
17858,5.4,0.012
17859,5.54,0.0112
17860,6.7,0.0101
17861,5.28,0.0096
17862,4.0,0.0091
17863,4.75,0.0089
17864,4.94,0.0111
17865,6.45,0.1193
17866,8.0,0.226
17867,138.18,0.2262
17868,137.07,0.3325
17869,5.17,0.4362
17870,138.24,0.4337
17871,136.55,0.4279
17872,135.08,0.5496
17873,129.84,0.5775
17874,156.06,0.5798
17875,172.88,0.6609
17876,139.38,0.7265
17877,235.7,0.7757
17878,211.16,0.8388
17879,216.99,0.8219
17880,251.16,0.7885
17881,118.47,0.7078
17882,194.27,0.5361
17883,111.04,0.3369
17884,4.16,0.2455
17885,4.18,0.2024
17886,5.1,0.3145
17887,140.85,0.4241
17888,249.98,0.428
17889,140.12,0.5926
17890,9.04,0.6646
17891,209.12,0.6424
17892,230.19,0.7064
17893,222.46,0.8599
17894,219.39,0.6942
17895,199.42,0.6219
17896,3.59,0.5774
17897,140.57,0.5139
17898,167.34,0.4638
17899,140.66,0.6344
17900,137.27,0.6757
17901,215.12,0.7241
17902,191.75,0.7965
17903,227.34,0.8709
17904,230.42,0.7033
17905,229.62,0.6614
17906,7.25,0.613
17907,139.82,0.5468
17908,167.36,0.3649
17909,148.27,0.4914
17910,4.12,0.5443
17911,164.11,0.5177
17912,205.35,0.5813
17913,134.41,0.6942
17914,227.12,0.5655
17915,144.06,0.4036
17916,4.64,0.4906
17917,4.57,0.5003
17918,242.3,0.5803
17919,239.15,0.7567
17920,243.2,0.9477
17921,223.41,0.9451
17922,241.33,0.947
17923,239.13,0.9416
17924,241.44,0.9007
17925,236.49,0.7374
17926,172.78,0.6548
17927,38.79,0.6174
17928,136.75,0.4312
17929,195.06,0.2978
17930,5.68,0.3807
17931,7.39,0.3784
17932,141.58,0.3941
17933,133.85,0.5636
17934,214.56,0.7556
17935,215.8,0.8355
17936,245.38,0.9146
17937,240.75,0.7488
17938,231.89,0.7554
17939,9.01,0.741
17940,223.89,0.6601
17941,227.63,0.6405
17942,140.47,0.7435
17943,207.47,0.7189
17944,136.74,0.5402
17945,193.48,0.4303
17946,6.0,0.4614
17947,4.17,0.476
17948,246.05,0.4319
17949,154.88,0.4299
17950,138.81,0.5957
17951,3.53,0.5789
17952,209.72,0.5658
17953,225.16,0.614
17954,138.74,0.7435
17955,198.55,0.6886
17956,164.02,0.6206
17957,141.7,0.5149
17958,140.9,0.3596
17959,7.66,0.232
17960,5.99,0.1809
17961,5.78,0.2198
17962,78.33,0.3545
17963,189.16,0.4618
17964,174.63,0.6268
17965,139.1,0.5673
17966,210.31,0.4189
17967,4.58,0.427
17968,5.13,0.441
17969,184.7,0.3415
17970,156.46,0.3432
17971,86.91,0.3423
17972,6.72,0.1987
17973,3.96,0.237
17974,6.65,0.293
17975,203.98,0.4294
17976,156.36,0.431
17977,175.78,0.6133
17978,5.95,0.6343
17979,232.7,0.6758
17980,230.1,0.7127
17981,207.76,0.8907
17982,221.54,0.8874
17983,226.61,0.8648
17984,228.64,0.7021
17985,202.04,0.5278
17986,6.11,0.4422
17987,5.45,0.3717
17988,120.41,0.3171
17989,141.29,0.3171
17990,134.22,0.3184
17991,6.2,0.4036
17992,7.04,0.4907
17993,226.08,0.566
17994,249.24,0.7443
17995,227.64,0.7405
17996,227.26,0.5618
17997,2.28,0.5577
17998,4.56,0.5315
17999,244.12,0.5352
18000,195.11,0.5381
18001,231.86,0.6453
18002,5.95,0.5576
18003,137.43,0.5042
18004,135.43,0.4202
18005,128.93,0.5501
18006,127.64,0.444
18007,167.01,0.5003
18008,5.83,0.5297
18009,205.32,0.5374
18010,165.4,0.4068
18011,137.16,0.4063
18012,5.0,0.4354
18013,5.25,0.4957
18014,241.43,0.577
18015,240.18,0.7648
18016,237.94,0.9524
18017,237.84,0.9494
18018,237.82,0.9548
18019,237.72,0.9589
18020,246.93,0.96
18021,243.01,0.9555
18022,239.24,0.7676
18023,232.14,0.5716
18024,4.75,0.5599
18025,4.0,0.5502
18026,228.42,0.5105
18027,227.25,0.5105
18028,182.93,0.616
18029,4.8,0.5577
18030,134.76,0.3792
18031,156.16,0.3532
18032,5.88,0.4642
18033,150.7,0.5532
18034,142.4,0.5655
18035,245.11,0.6752
18036,171.46,0.7521
18037,141.85,0.8359
18038,246.13,0.6434
18039,246.19,0.5101
18040,6.47,0.399
18041,6.25,0.2054
18042,4.1,0.12
18043,6.0,0.233
18044,140.4,0.3372
18045,146.53,0.4281
18046,135.47,0.4481
18047,116.82,0.338
18048,30.71,0.4137
18049,3.96,0.5002
18050,240.4,0.5191
18051,242.7,0.4969
18052,140.25,0.5991
18053,3.19,0.5322
18054,130.64,0.4737
18055,157.43,0.4703
18056,170.22,0.5923
18057,136.04,0.4919
18058,154.45,0.3719
18059,6.2,0.2399
18060,8.59,0.3212
18061,6.54,0.3925
18062,236.87,0.5834
18063,242.88,0.5818
18064,242.82,0.6656
18065,6.61,0.6373
18066,110.44,0.6045
18067,201.79,0.4107
18068,202.2,0.4094
18069,2.54,0.5178
18070,5.09,0.5512
18071,244.76,0.5041
18072,243.26,0.6089
18073,143.73,0.8044
18074,132.55,0.7214
18075,247.42,0.6392
18076,141.84,0.6344
18077,141.38,0.5323
18078,137.79,0.5154
18079,5.99,0.5704
18080,226.4,0.6541
18081,210.05,0.7411
18082,245.21,0.9242
18083,245.6,0.7446
18084,233.0,0.7602
18085,3.76,0.7477
18086,229.34,0.7351
18087,229.79,0.5521
18088,229.88,0.5547
18089,6.15,0.4944
18090,7.0,0.4219
18091,154.53,0.2411
18092,139.95,0.241
18093,5.68,0.4322
18094,6.03,0.5051
18095,244.06,0.5727
18096,244.94,0.7534
18097,223.72,0.8567
18098,229.8,0.6632
18099,134.01,0.4699
18100,4.23,0.2948
18101,5.28,0.214
18102,6.53,0.2115
18103,129.66,0.3225
18104,130.91,0.4333
18105,141.84,0.5347
18106,142.75,0.435
18107,132.24,0.3352
18108,6.04,0.2266
18109,7.1,0.2215
18110,7.18,0.2308
18111,136.42,0.3601
18112,143.85,0.3589
18113,166.28,0.358
18114,5.7,0.3429
18115,5.99,0.3297
18116,117.74,0.341
18117,127.42,0.5087
18118,180.33,0.619
18119,213.61,0.6488
18120,142.74,0.6596
18121,154.74,0.6249
18122,140.78,0.5681
18123,137.33,0.5622
18124,143.16,0.549
18125,135.39,0.5391
18126,138.38,0.5738
18127,128.58,0.5643
18128,180.34,0.4591
18129,131.29,0.453
18130,4.99,0.5289
18131,130.9,0.505
18132,222.6,0.4039
18133,150.75,0.5134
18134,5.9,0.594
18135,140.82,0.6088
18136,230.86,0.6803
18137,240.87,0.864
18138,239.42,0.7546
18139,233.64,0.5738
18140,5.24,0.5594
18141,6.64,0.5565
18142,222.98,0.3741
18143,235.88,0.378
18144,7.52,0.4859
18145,10.05,0.4852
18146,140.45,0.4056
18147,222.02,0.4039
18148,137.3,0.4016
18149,5.41,0.2932
18150,7.13,0.3012
18151,6.1,0.3921
18152,231.89,0.5797
18153,249.98,0.5786
18154,238.04,0.7734
18155,5.72,0.7472
18156,247.7,0.7407
18157,199.41,0.7189
18158,241.93,0.9108
18159,210.9,0.7146
18160,243.68,0.648
18161,4.5,0.5769
18162,116.84,0.4122
18163,153.72,0.2211
18164,6.74,0.2218
18165,6.71,0.1329
18166,5.38,0.1218
18167,6.59,0.2368
18168,140.02,0.2384
18169,149.24,0.2406
18170,8.7,0.2411
18171,8.13,0.1327
18172,7.22,0.0173
18173,5.58,0.0146
18174,6.25,0.012
18175,5.37,0.0109
18176,4.82,0.012
18177,5.91,0.0105
18178,6.95,0.0102
18179,4.3,0.0102
18180,5.08,0.0087
18181,4.74,0.0064
18182,4.1,0.0063
18183,4.13,0.0054
18184,4.11,0.0045
18185,4.02,0.0038
18186,3.59,0.0047
18187,3.21,0.0056
18188,5.25,0.0057
18189,5.21,0.006
18190,4.14,0.0079
18191,3.97,0.0065
18192,5.68,0.0051
18193,3.42,0.0074
18194,3.49,0.0084
18195,6.96,0.0083
18196,5.25,0.0096
18197,5.5,0.0117
18198,5.09,0.0089
18199,6.04,0.0076
18200,3.5,0.0061
18201,3.68,0.0044
18202,3.62,0.0024
18203,2.99,0.0031
18204,3.58,0.005
18205,4.4,0.0056
18206,6.0,0.0068
18207,4.31,0.0091
18208,4.57,0.0106
18209,6.39,0.0106
18210,6.25,0.0103
18211,6.05,0.0097
18212,3.84,0.0083
18213,3.88,0.0079
18214,4.68,0.0068
18215,5.75,0.0078
18216,4.64,0.0086
18217,5.12,0.0086
18218,4.83,0.0077
18219,4.69,0.0089
18220,4.65,0.0092
18221,6.16,0.0108
18222,5.46,0.0131
18223,6.88,0.0151
18224,7.47,0.0134
18225,7.1,0.0129
18226,4.07,0.011
18227,4.89,0.0101
18228,4.55,0.0098
18229,6.35,0.0127
18230,6.64,0.0138
18231,7.7,0.0138
18232,6.24,0.0131
18233,4.62,0.0117
18234,5.46,0.0097
18235,4.89,0.0084
18236,5.18,0.0109
18237,4.65,0.0096
18238,7.69,0.0102
18239,3.93,0.0109
18240,5.57,0.0132
18241,6.04,0.0125
18242,7.5,0.0166
18243,6.86,0.0177
18244,9.06,0.017
18245,6.88,0.0143
18246,5.14,0.0115
18247,4.16,0.0092
18248,3.42,0.0083
18249,6.2,0.009
18250,5.72,0.0086
18251,6.08,0.0081
18252,3.65,0.0069
18253,2.74,0.0076
18254,4.71,0.0063
18255,6.58,0.0073
18256,4.55,0.0096
18257,4.91,0.0089
18258,5.58,0.0078
18259,3.75,0.0083
18260,5.22,0.0092
18261,5.18,0.0091
18262,6.0,0.0118
18263,5.54,0.0111
18264,7.1,0.0109
18265,4.37,0.0096
18266,4.84,0.0085
18267,4.39,0.0069
18268,4.26,0.0066
18269,5.04,0.0069
18270,4.01,0.0067
18271,5.25,0.0066
18272,4.08,0.006
18273,4.16,0.0068
18274,4.32,0.0059
18275,5.0,0.0056
18276,4.14,0.0053
18277,3.71,0.0053
18278,3.84,0.0041
18279,4.23,0.0055
18280,3.5,0.0065
18281,5.96,0.0076
18282,4.94,0.0077
18283,5.16,0.0084
18284,4.32,0.0064
18285,4.39,0.0054
18286,3.48,0.0046
18287,3.68,0.0058
18288,4.17,0.0059
18289,5.84,0.0075
18290,4.49,0.0083
18291,5.49,0.0086
18292,4.65,0.0074
18293,4.59,0.0089
18294,4.39,0.0101
18295,6.25,0.0113
18296,7.0,0.0127
18297,6.2,0.0127
18298,6.25,0.0108
18299,4.49,0.0093
18300,3.88,0.0087
18301,5.11,0.0085
18302,5.41,0.0098
18303,5.99,0.0115
18304,6.12,0.011
18305,5.99,0.0103
18306,4.55,0.0091
18307,4.55,0.0092
18308,4.49,0.0092
18309,6.25,0.0103
18310,5.99,0.0108
18311,5.88,0.0128
18312,5.2,0.0143
18313,6.99,0.0174
18314,8.07,0.0188
18315,9.82,0.0218
18316,7.58,0.0227
18317,9.02,0.0189
18318,8.07,0.0136
18319,3.35,0.0113
18320,3.22,0.0089
18321,4.77,0.0061
18322,6.02,0.0085
18323,4.65,0.0105
18324,6.25,0.0111
18325,5.75,0.0108
18326,5.44,0.0135
18327,5.73,0.0136
18328,7.91,0.016
18329,6.47,0.0178
18330,8.73,0.0165
18331,7.67,0.0137
18332,4.12,0.0118
18333,4.36,0.0088
18334,4.08,0.0068
18335,5.1,0.0082
18336,5.2,0.0083
18337,5.8,0.0109
18338,4.55,0.0121
18339,7.21,0.0123
18340,6.62,0.0123
18341,5.49,0.013
18342,5.77,0.0115
18343,5.36,0.0095
18344,5.35,0.0088
18345,4.23,0.0074
18346,4.65,0.0068
18347,3.98,0.0062
18348,4.66,0.0061
18349,4.53,0.006
18350,4.08,0.0066
18351,4.55,0.0058
18352,4.77,0.0051
18353,3.7,0.0048
18354,3.58,0.0039
18355,3.68,0.003
18356,3.5,0.0041
18357,3.64,0.0039
18358,5.12,0.0043
18359,3.3,0.0054
18360,4.19,0.0066
18361,4.85,0.0071
18362,5.06,0.009
18363,5.77,0.0104
18364,5.64,0.0112
18365,5.99,0.0116
18366,5.86,0.0111
18367,5.54,0.0104
18368,5.15,0.0104
18369,4.72,0.0107
18370,6.05,0.0087
18371,6.2,0.0085
18372,3.04,0.009
18373,4.97,0.0089
18374,5.24,0.0084
18375,6.02,0.0107
18376,5.58,0.0119
18377,5.82,0.0125
18378,6.44,0.0118
18379,5.96,0.0122
18380,5.25,0.0125
18381,6.08,0.0127
18382,6.1,0.0129
18383,6.75,0.0128
18384,6.25,0.0124
18385,5.04,0.0129
18386,5.61,0.0137
18387,6.75,0.016
18388,7.75,0.0182
18389,9.13,0.0198
18390,7.68,0.018
18391,7.6,0.0154
18392,4.55,0.0124
18393,4.46,0.011
18394,5.53,0.0085
18395,5.93,0.0107
18396,4.51,0.0097
18397,7.17,0.0082
18398,3.22,0.0062
18399,3.68,0.0063
18400,3.56,0.0042
18401,4.6,0.0068
18402,4.58,0.008
18403,6.41,0.0088
18404,5.16,0.0083
18405,4.58,0.0074
18406,3.9,0.0059
18407,3.5,0.0051
18408,4.54,0.0063
18409,4.24,0.0075
18410,6.0,0.0081
18411,5.37,0.0074
18412,4.25,0.0086
18413,3.7,0.008
18414,5.76,0.0079
18415,5.25,0.0087
18416,5.22,0.0106
18417,5.24,0.0087
18418,6.02,0.0074
18419,3.46,0.0067
18420,3.56,0.0058
18421,4.35,0.0045
18422,4.15,0.0048
18423,4.44,0.0065
18424,3.86,0.0072
18425,5.68,0.0072
18426,5.15,0.008
18427,4.24,0.0102
18428,5.44,0.0102
18429,6.5,0.0108
18430,5.71,0.0122
18431,5.86,0.0126
18432,6.0,0.0114
18433,5.88,0.0119
18434,5.1,0.0119
18435,6.27,0.0116
18436,5.91,0.0106
18437,5.58,0.0098
18438,4.65,0.0086
18439,4.1,0.0085
18440,4.8,0.0087
18441,5.82,0.0098
18442,5.82,0.0104
18443,6.0,0.0099
18444,4.9,0.0096
18445,4.1,0.0101
18446,5.5,0.0125
18447,6.38,0.0151
18448,9.0,0.0187
18449,8.14,0.0195
18450,8.59,0.0175
18451,6.42,0.0125
18452,3.9,0.0093
18453,2.84,0.0074
18454,4.14,0.0071
18455,6.25,0.0097
18456,6.01,0.0117
18457,7.12,0.0134
18458,5.36,0.013
18459,6.3,0.0151
18460,5.69,0.0155
18461,8.66,0.0194
18462,7.6,0.0212
18463,10.15,0.0187
18464,8.6,0.0139
18465,2.62,0.0114
18466,2.6,0.008
18467,4.55,0.006
18468,6.0,0.0089
18469,6.0,0.0118
18470,6.25,0.0111
18471,6.25,0.0107
18472,3.7,0.0102
18473,5.51,0.0104
18474,5.33,0.0102
18475,6.5,0.0122
18476,5.96,0.0125
18477,6.22,0.0123
18478,5.91,0.0109
18479,5.0,0.0094
18480,4.83,0.0086
18481,4.12,0.0084
18482,5.2,0.0077
18483,5.65,0.0074
18484,4.08,0.0081
18485,4.55,0.0088
18486,5.0,0.0072
18487,6.0,0.0082
18488,3.7,0.0093
18489,5.32,0.0084
18490,5.88,0.0067
18491,3.89,0.0081
18492,3.94,0.0065
18493,5.4,0.0045
18494,3.35,0.0038
18495,3.35,0.0033
18496,3.06,0.0044
18497,3.32,0.0055
18498,6.71,0.0078
18499,4.82,0.0102
18500,6.2,0.013
18501,5.95,0.013
18502,6.81,0.0146
18503,6.7,0.0124
18504,6.86,0.0103
18505,3.45,0.0076
18506,3.3,0.0069
18507,3.56,0.0067
18508,5.74,0.0086
18509,6.64,0.0101
18510,5.85,0.0114
18511,5.08,0.0105
18512,5.25,0.009
18513,4.63,0.0089
18514,4.75,0.011
18515,5.66,0.0126
18516,7.7,0.0134
18517,7.25,0.014
18518,5.65,0.0143
18519,5.46,0.0133
18520,6.12,0.0144
18521,6.38,0.0172
18522,8.6,0.0166
18523,9.18,0.0157
18524,4.7,0.0145
18525,4.95,0.0122
18526,4.89,0.0094
18527,5.78,0.0099
18528,5.71,0.0103
18529,5.34,0.0097
18530,5.46,0.0088
18531,4.14,0.0088
18532,4.64,0.01
18533,5.77,0.0097
18534,6.81,0.0114
18535,5.04,0.0129
18536,6.32,0.0125
18537,6.46,0.0118
18538,5.2,0.0133
18539,6.0,0.0132
18540,6.9,0.013
18541,6.25,0.0136
18542,6.1,0.0127
18543,5.99,0.0127
18544,4.89,0.0127
18545,6.93,0.0136
18546,6.21,0.0144
18547,7.21,0.0154
18548,7.0,0.0148
18549,6.12,0.0147
18550,6.25,0.0127
18551,6.06,0.0109
18552,4.75,0.0097
18553,4.7,0.0085
18554,4.65,0.0071
18555,4.75,0.0067
18556,4.33,0.0074
18557,4.28,0.0063
18558,5.5,0.0049
18559,3.31,0.0049
18560,3.1,0.0049
18561,4.27,0.0039
18562,4.24,0.0043
18563,4.32,0.0049
18564,3.83,0.0045
18565,3.79,0.0055
18566,3.75,0.0062
18567,5.48,0.0073
18568,5.18,0.0073
18569,5.3,0.0067
18570,3.74,0.0061
18571,3.01,0.0056
18572,4.68,0.0053
18573,4.61,0.0065
18574,4.96,0.0091
18575,5.21,0.0105
18576,6.25,0.0097
18577,6.4,0.0088
18578,3.61,0.009
18579,3.88,0.009
18580,5.35,0.0088
18581,6.32,0.0112
18582,6.12,0.0116
18583,6.63,0.0111
18584,4.3,0.0105
18585,4.74,0.0106
18586,5.68,0.009
18587,6.15,0.0095
18588,4.72,0.0106
18589,4.82,0.0101
18590,6.1,0.0104
18591,5.07,0.0116
18592,6.6,0.0132
18593,6.22,0.0141
18594,6.81,0.0173
18595,7.18,0.0184
18596,9.06,0.0175
18597,7.93,0.0162
18598,5.16,0.0153
18599,5.16,0.0119
18600,6.05,0.0096
18601,4.79,0.0109
18602,5.11,0.0108
18603,6.75,0.0105
18604,5.08,0.0123
18605,5.65,0.0142
18606,7.01,0.0162
18607,7.51,0.0179
18608,9.18,0.0195
18609,7.24,0.0161
18610,7.64,0.0142
18611,2.74,0.011
18612,5.25,0.0095
18613,5.2,0.0081
18614,5.29,0.0112
18615,5.94,0.0108
18616,6.61,0.0105
18617,4.74,0.0091
18618,4.81,0.0091
18619,3.54,0.0083
18620,5.94,0.0108
18621,5.66,0.0116
18622,7.79,0.0115
18623,5.82,0.0096
18624,3.49,0.0088
18625,3.5,0.0062
18626,4.67,0.0056
18627,4.56,0.0065
18628,5.13,0.0072
18629,4.55,0.0068
18630,4.35,0.0081
18631,4.27,0.0073
18632,6.08,0.0071
18633,4.17,0.0075
18634,4.31,0.0073
18635,4.8,0.0059
18636,4.03,0.006
18637,4.44,0.0053
18638,4.22,0.0042
18639,3.45,0.0039
18640,3.48,0.0034
18641,3.58,0.003
18642,3.82,0.0049
18643,3.77,0.007
18644,5.83,0.0078
18645,6.05,0.0094
18646,4.61,0.0103
18647,5.73,0.0106
18648,4.97,0.0078
18649,6.22,0.0068
18650,2.58,0.0055
18651,3.37,0.0056
18652,4.09,0.0033
18653,5.03,0.0049
18654,3.41,0.0058
18655,4.61,0.0061
18656,4.41,0.0057
18657,4.54,0.0085
18658,4.49,0.0092
18659,6.82,0.0106
18660,5.58,0.0127
18661,6.04,0.0131
18662,7.26,0.0108
18663,4.96,0.0105
18664,3.98,0.0113
18665,5.23,0.0127
18666,6.92,0.0161
18667,9.03,0.0202
18668,9.19,0.022
18669,9.03,0.0201
18670,7.51,0.0163
18671,4.59,0.0128
18672,4.26,0.0093
18673,4.83,0.0078
18674,4.7,0.0102
18675,5.65,0.01
18676,7.65,0.01
18677,3.98,0.0091
18678,4.79,0.0099
18679,3.62,0.0085
18680,6.65,0.0119
18681,5.91,0.013
18682,8.19,0.0136
18683,6.1,0.0118
18684,4.35,0.0116
18685,4.47,0.0102
18686,5.68,0.0099
18687,6.38,0.0112
18688,5.79,0.0124
18689,5.97,0.0115
18690,5.97,0.0096
18691,4.54,0.0079
18692,4.04,0.0056
18693,3.65,0.0033
18694,3.16,0.0039
18695,3.1,0.0043
18696,5.3,0.0048
18697,4.56,0.0055
18698,4.25,0.0074
18699,3.97,0.0074
18700,5.44,0.0079
18701,5.33,0.0074
18702,5.18,0.0077
18703,3.6,0.0069
18704,4.35,0.006
18705,4.45,0.0054
18706,4.22,0.0063
18707,4.49,0.0067
18708,4.7,0.0059
18709,4.79,0.005
18710,3.48,0.0041
18711,3.19,0.0045
18712,3.34,0.0044
18713,5.19,0.0044
18714,4.68,0.0047
18715,3.5,0.0068
18716,3.45,0.0065
18717,6.0,0.0066
18718,4.78,0.0084
18719,4.79,0.0111
18720,5.84,0.0119
18721,6.75,0.0126
18722,7.0,0.0119
18723,5.62,0.0114
18724,3.98,0.0099
18725,5.15,0.0095
18726,4.9,0.0102
18727,6.48,0.0121
18728,6.55,0.0122
18729,6.29,0.0115
18730,5.25,0.0098
18731,4.08,0.008
18732,4.4,0.0083
18733,4.27,0.0081
18734,6.63,0.0115
18735,5.09,0.0133
18736,8.32,0.0149
18737,6.56,0.016
18738,6.32,0.0182
18739,7.98,0.0189
18740,7.8,0.0208
18741,9.21,0.0189
18742,8.82,0.0157
18743,4.03,0.0128
18744,4.01,0.0099
18745,4.16,0.0073
18746,5.61,0.0079
18747,5.64,0.0083
18748,4.76,0.0094
18749,4.48,0.0093
18750,5.5,0.01
18751,5.59,0.0123
18752,6.51,0.0137
18753,7.52,0.0143
18754,6.22,0.015
18755,6.24,0.013
18756,6.46,0.0113
18757,4.09,0.0103
18758,5.42,0.0099
18759,5.0,0.0092
18760,5.65,0.0107
18761,5.63,0.0103
18762,5.95,0.0096
18763,4.95,0.0069
18764,4.08,0.0055
18765,2.36,0.0034
18766,3.86,0.0021
18767,3.38,0.0021
18768,3.36,0.0036
18769,3.99,0.0036
18770,4.33,0.005
18771,3.85,0.0063
18772,5.01,0.0058
18773,5.04,0.0061
18774,3.33,0.0066
18775,4.7,0.006
18776,4.42,0.0057
18777,4.3,0.0071
18778,4.68,0.0071
18779,5.1,0.0078
18780,4.65,0.0089
18781,5.39,0.0078
18782,5.67,0.0068
18783,3.25,0.0059
18784,3.87,0.0046
18785,3.48,0.003
18786,3.83,0.0046
18787,3.69,0.0042
18788,5.18,0.0062
18789,3.46,0.008
18790,5.91,0.01
18791,6.03,0.01
18792,6.25,0.0122
18793,5.1,0.0127
18794,6.2,0.0126
18795,6.5,0.011
18796,5.99,0.0096
18797,4.21,0.0083
18798,3.37,0.0081
18799,4.56,0.0086
18800,6.29,0.0118
18801,6.6,0.0126
18802,8.25,0.0128
18803,4.31,0.0119
18804,4.81,0.0095
18805,5.22,0.0066
18806,3.6,0.007
18807,4.67,0.007
18808,4.77,0.0069
18809,4.84,0.0092
18810,5.0,0.0107
18811,6.52,0.0151
18812,6.56,0.0174
18813,10.14,0.0207
18814,7.69,0.0227
18815,9.16,0.0209
18816,8.95,0.0163
18817,4.33,0.0143
18818,4.5,0.011
18819,5.14,0.0081
18820,5.15,0.0101
18821,5.32,0.0121
18822,6.79,0.0125
18823,7.02,0.0147
18824,5.62,0.0178
18825,7.9,0.0205
18826,9.15,0.0221
18827,10.06,0.0247
18828,9.04,0.0217
18829,8.89,0.0176
18830,4.16,0.0128
18831,4.08,0.0105
18832,4.06,0.0082
18833,6.16,0.0099
18834,6.1,0.0102
18835,6.32,0.0104
18836,4.36,0.0086
18837,4.36,0.0063
18838,3.9,0.0029
18839,3.32,0.0036
18840,2.09,0.0034
18841,5.16,0.0039
18842,4.15,0.0049
18843,4.51,0.0066
18844,4.57,0.0058
18845,4.16,0.0057
18846,4.14,0.0062
18847,4.05,0.0061
18848,5.16,0.0073
18849,4.42,0.0076
18850,5.67,0.01
18851,4.51,0.0096
18852,7.0,0.0094
18853,4.75,0.01
18854,4.07,0.0098
18855,6.4,0.0075
18856,4.35,0.0071
18857,4.11,0.0071
18858,4.25,0.0051
18859,4.05,0.0047
18860,3.98,0.0055
18861,3.83,0.0073
18862,5.14,0.0073
18863,6.4,0.0091
18864,4.08,0.0107
18865,6.25,0.0114
18866,5.75,0.011
18867,6.0,0.011
18868,6.0,0.0092
18869,4.06,0.0083
18870,3.93,0.009
18871,4.72,0.0087
18872,6.82,0.0106
18873,5.7,0.0121
18874,6.4,0.0119
18875,5.69,0.0102
18876,4.55,0.0107
18877,4.7,0.0105
18878,6.25,0.0109
18879,6.2,0.0127
18880,6.25,0.0135
18881,6.79,0.0115
18882,5.62,0.0093
18883,3.76,0.0093
18884,3.48,0.009
18885,6.22,0.0108
18886,6.41,0.0142
18887,7.9,0.0169
18888,8.02,0.0151
18889,6.84,0.0137
18890,4.01,0.0122
18891,4.6,0.0107
18892,6.1,0.0087
18893,6.1,0.0122
18894,4.42,0.0113
18895,8.32,0.0105
18896,3.47,0.0091
18897,5.15,0.0106
18898,4.34,0.0085
18899,6.24,0.0116
18900,5.69,0.0124
18901,7.35,0.0127
18902,6.11,0.011
18903,4.75,0.0097
18904,4.11,0.0074
18905,4.08,0.0061
18906,4.5,0.0063
18907,4.5,0.0072
18908,5.05,0.0078
18909,5.18,0.0066
18910,4.85,0.0065
18911,2.98,0.0064
18912,4.35,0.0057
18913,5.0,0.0059
18914,4.32,0.0055
18915,5.1,0.0061
18916,2.5,0.0059
18917,4.98,0.0059
18918,4.75,0.0054
18919,4.35,0.0069
18920,4.5,0.0066
18921,4.35,0.007
18922,4.58,0.0074
18923,5.25,0.0076
18924,4.92,0.0075
18925,4.75,0.0076
18926,4.23,0.0075
18927,4.7,0.0066
18928,5.15,0.0069
18929,3.73,0.0067
18930,5.12,0.0072
18931,4.02,0.0064
18932,5.32,0.0078
18933,4.13,0.0074
18934,5.52,0.0093
18935,4.52,0.0092
18936,6.4,0.0098
18937,5.25,0.0094
18938,4.9,0.0106
18939,4.92,0.0101
18940,6.05,0.0105
18941,5.74,0.0094
18942,5.77,0.0087
18943,3.6,0.0076
18944,4.02,0.0081
18945,4.65,0.0086
18946,6.42,0.012
18947,6.41,0.013
18948,7.71,0.0126
18949,5.38,0.0116
18950,4.08,0.0099
18951,5.25,0.0076
18952,4.19,0.008
18953,4.9,0.0113
18954,5.95,0.0122
18955,8.1,0.0131
18956,6.33,0.0152
18957,5.3,0.0169
18958,7.58,0.0179
18959,8.05,0.0207
18960,9.38,0.0205
18961,9.7,0.0177
18962,5.15,0.0155
18963,4.08,0.0131
18964,5.24,0.0104
18965,6.4,0.0111
18966,6.4,0.0129
18967,6.05,0.0118
18968,6.25,0.0114
18969,3.91,0.0126
18970,5.87,0.0142
18971,7.94,0.0144
18972,8.05,0.0166
18973,6.44,0.0174
18974,6.67,0.0147
18975,6.9,0.0115
18976,4.55,0.0104
18977,4.16,0.0098
18978,5.0,0.0091
18979,5.99,0.0109
18980,5.96,0.011
18981,6.75,0.0106
18982,4.32,0.0088
18983,4.5,0.0082
18984,3.71,0.0065
18985,5.22,0.0068
18986,4.72,0.0064
18987,4.68,0.0066
18988,4.03,0.0052
18989,3.98,0.0052
18990,3.43,0.0048
18991,4.73,0.0045
18992,4.16,0.0047
18993,3.65,0.0053
18994,4.25,0.0061
18995,4.14,0.0075
18996,5.75,0.0092
18997,5.95,0.0107
18998,5.75,0.0124
18999,6.05,0.0132
19000,6.25,0.0118
19001,6.74,0.0097
19002,4.18,0.0075
19003,3.26,0.0053
19004,3.21,0.0031
19005,3.54,0.0033
19006,4.01,0.0036
19007,4.47,0.005
19008,3.6,0.0052
19009,4.98,0.0051
19010,3.82,0.0044
19011,3.8,0.0056
19012,3.68,0.0052
19013,5.0,0.0057
19014,4.58,0.0072
19015,4.4,0.009
19016,5.6,0.0104
19017,6.02,0.0121
19018,6.64,0.0138
19019,6.76,0.0159
19020,6.44,0.0157
19021,8.19,0.0143
19022,5.84,0.0132
19023,4.92,0.0125
19024,5.39,0.0101
19025,5.57,0.0097
19026,5.25,0.0099
19027,5.25,0.0109
19028,5.25,0.0137
19029,6.55,0.0165
19030,9.06,0.0202
19031,8.78,0.0229
19032,9.8,0.0254
19033,8.6,0.0253
19034,9.62,0.0221
19035,8.95,0.0184
19036,4.8,0.0151
19037,5.22,0.0108
19038,4.57,0.0083
19039,4.3,0.0094
19040,5.75,0.0101
19041,6.2,0.01
19042,6.1,0.012
19043,4.4,0.014
19044,6.85,0.016
19045,8.18,0.0167
19046,8.72,0.0194
19047,6.98,0.0168
19048,7.72,0.0136
19049,3.6,0.0102
19050,4.2,0.0089
19051,4.5,0.0064
19052,5.44,0.0086
19053,4.61,0.0117
19054,6.25,0.0132
19055,8.11,0.0135
19056,6.4,0.0147
19057,5.7,0.0155
19058,6.16,0.0122
19059,7.19,0.0127
19060,4.11,0.0117
19061,6.99,0.0103
19062,4.42,0.008
19063,4.4,0.0082
19064,4.36,0.006
19065,4.42,0.0056
19066,4.22,0.0053
19067,3.93,0.006
19068,4.07,0.0069
19069,5.22,0.008
19070,5.45,0.0094
19071,5.66,0.0107
19072,5.64,0.0121
19073,5.66,0.0128
19074,7.0,0.0114
19075,6.36,0.0095
19076,3.82,0.0081
19077,3.38,0.0067
19078,3.9,0.0055
19079,5.21,0.0076
19080,4.89,0.0084
19081,6.45,0.0091
19082,4.36,0.0088
19083,4.76,0.0091
19084,4.89,0.0081
19085,5.2,0.0083
19086,5.26,0.0081
19087,4.53,0.0086
19088,4.6,0.0084
19089,5.49,0.0094
19090,4.98,0.0108
19091,6.45,0.0124
19092,6.28,0.0132
19093,6.55,0.0133
19094,6.55,0.0116
19095,5.0,0.0111
19096,4.42,0.0104
19097,5.59,0.0096
19098,5.73,0.011
19099,5.51,0.0123
19100,6.75,0.0124
19101,6.03,0.0129
19102,5.72,0.0141
19103,6.32,0.0154
19104,7.08,0.017
19105,8.38,0.0195
19106,7.98,0.0205
19107,8.85,0.0196
19108,7.47,0.0197
19109,6.0,0.0182
19110,8.53,0.0164
19111,6.1,0.0164
19112,6.65,0.018
19113,7.46,0.0142
19114,7.96,0.013
19115,3.86,0.0111
19116,4.58,0.0099
19117,4.28,0.0078
19118,5.93,0.011
19119,5.38,0.0126
19120,7.86,0.0125
19121,6.5,0.0117
19122,4.23,0.0109
19123,4.98,0.0085
19124,4.39,0.0071
19125,4.82,0.0067
19126,4.82,0.0064
19127,3.67,0.0066
19128,4.58,0.0065
19129,4.68,0.0058
19130,4.74,0.0059
19131,3.88,0.0066
19132,3.81,0.0064
19133,5.47,0.0055
19134,4.45,0.0062
19135,3.61,0.0071
19136,4.75,0.0046
19137,4.86,0.0032
19138,2.44,0.0038
19139,2.64,0.0022
19140,4.43,0.0023
19141,2.71,0.0034
19142,4.98,0.0051
19143,3.88,0.0054
19144,4.77,0.0066
19145,4.75,0.0058
19146,4.15,0.0068
19147,4.03,0.0066
19148,5.11,0.0065
19149,4.47,0.0083
19150,4.65,0.0096
19151,6.37,0.0097
19152,5.66,0.0108
19153,5.3,0.0105
19154,5.79,0.0088
19155,4.26,0.0084
19156,4.25,0.0085
19157,5.16,0.0087
19158,5.46,0.0092
19159,6.1,0.0091
19160,4.8,0.0087
19161,4.16,0.0093
19162,4.66,0.0088
19163,6.16,0.0097
19164,5.5,0.0117
19165,5.97,0.0134
19166,6.55,0.0134
19167,6.81,0.0125
19168,6.2,0.0118
19169,4.37,0.0109
19170,5.1,0.0099
19171,5.42,0.0093
19172,5.54,0.0112
19173,5.47,0.0124
19174,6.75,0.0129
19175,6.54,0.015
19176,6.12,0.0162
19177,8.16,0.0187
19178,6.9,0.0204
19179,9.85,0.0172
19180,8.7,0.0126
19181,2.08,0.0088
19182,2.48,0.0062
19183,2.17,0.0034
19184,6.67,0.0067
19185,5.14,0.0094
19186,6.2,0.0109
19187,5.8,0.01
19188,4.05,0.0112
19189,5.64,0.0116
19190,6.62,0.0118
19191,6.63,0.0137
19192,6.05,0.0144
19193,6.38,0.0127
19194,6.57,0.0108
19195,4.46,0.0092
19196,4.34,0.0082
19197,4.0,0.0065
19198,5.25,0.0075
19199,4.35,0.0076
19200,5.73,0.0079
19201,4.46,0.0072
19202,4.38,0.0071
19203,4.35,0.0065
19204,4.26,0.0076
19205,5.04,0.0078
19206,5.76,0.0077
19207,4.63,0.0073
19208,4.2,0.0061
19209,3.79,0.0043
19210,3.6,0.0034
19211,3.44,0.0024
19212,3.54,0.0022
19213,2.99,0.0046
19214,3.51,0.0053
19215,6.63,0.007
19216,4.32,0.0087
19217,5.65,0.0113
19218,5.01,0.0115
19219,6.8,0.0116
19220,6.91,0.0114
19221,4.42,0.0107
19222,5.43,0.0097
19223,4.14,0.0084
19224,5.56,0.01
19225,5.24,0.0096
19226,6.38,0.0098
19227,5.01,0.0092
19228,4.4,0.0101
19229,4.82,0.0084
19230,6.25,0.0084
19231,4.34,0.0098
19232,5.04,0.0108
19233,6.05,0.01
19234,6.08,0.0111
19235,5.25,0.0107
19236,5.69,0.0103
19237,4.55,0.0107
19238,5.54,0.0127
19239,6.58,0.0129
19240,7.76,0.0127
19241,6.0,0.0129
19242,4.3,0.0127
19243,5.79,0.0112
19244,6.25,0.0111
19245,5.92,0.0122
19246,5.95,0.0122
19247,5.66,0.0123
19248,5.71,0.014
19249,6.39,0.0162
19250,8.0,0.0171
19251,8.7,0.0196
19252,6.79,0.0209
19253,8.76,0.0175
19254,8.04,0.0139
19255,3.79,0.0126
19256,4.23,0.0106
19257,5.25,0.0088
19258,6.22,0.0122
19259,5.75,0.013
19260,8.11,0.0125
19261,5.21,0.0117
19262,4.66,0.0121
19263,5.13,0.0114
19264,6.27,0.0123
19265,7.22,0.0142
19266,6.38,0.0133
19267,7.03,0.0124
19268,4.02,0.0102
19269,5.16,0.0087
19270,4.49,0.0075
19271,4.54,0.0099
19272,5.46,0.0091
19273,7.0,0.0097
19274,4.19,0.009
19275,5.25,0.0088
19276,3.67,0.0078
19277,5.16,0.0099
19278,5.75,0.0101
19279,6.78,0.0105
19280,5.57,0.0105
19281,4.12,0.0092
19282,5.22,0.007
19283,4.13,0.0059
19284,3.97,0.0063
19285,4.23,0.0059
19286,4.65,0.0062
19287,4.72,0.0072
19288,4.55,0.0079
19289,5.16,0.0082
19290,5.15,0.0083
19291,5.04,0.0083
19292,4.76,0.0075
19293,4.53,0.0075
19294,4.17,0.0078
19295,5.16,0.0079
19296,5.4,0.0085
19297,4.91,0.0103
19298,5.33,0.0114
19299,6.32,0.0105
19300,6.58,0.0096
19301,4.25,0.0082
19302,3.78,0.0066
19303,3.68,0.005
19304,4.3,0.0053
19305,4.59,0.0056
19306,4.62,0.0068
19307,4.15,0.0075
19308,5.2,0.0092
19309,5.18,0.0103
19310,6.64,0.0123
19311,6.01,0.0135
19312,6.56,0.0128
19313,6.78,0.0108
19314,4.21,0.0093
19315,4.25,0.0075
19316,4.08,0.0063
19317,4.4,0.0069
19318,5.25,0.0069
19319,5.0,0.0078
19320,4.19,0.0097
19321,5.24,0.0103
19322,6.67,0.0135
19323,6.05,0.0176
19324,9.03,0.0206
19325,9.16,0.0213
19326,9.06,0.0198
19327,7.46,0.0167
19328,4.25,0.0132
19329,5.1,0.01
19330,4.94,0.0088
19331,5.04,0.0105
19332,5.99,0.0099
19333,6.37,0.0093
19334,4.3,0.0084
19335,4.21,0.008
19336,3.9,0.0068
19337,5.5,0.008
19338,4.96,0.0086
19339,5.7,0.008
19340,4.94,0.0075
19341,3.18,0.0071
19342,4.9,0.006
19343,4.5,0.0056
19344,4.25,0.0084
19345,4.5,0.0077
19346,6.63,0.0086
19347,4.08,0.0095
19348,5.63,0.0104
19349,5.36,0.009
19350,5.62,0.0101
19351,4.82,0.0104
19352,5.43,0.011
19353,6.08,0.0102
19354,6.08,0.0098
19355,4.58,0.0092
19356,4.42,0.0078
19357,4.65,0.0062
19358,4.32,0.0057
19359,4.1,0.0064
19360,4.0,0.0064
19361,5.25,0.008
19362,4.69,0.0109
19363,6.25,0.0115
19364,7.68,0.0127
19365,4.76,0.0122
19366,6.75,0.0101
19367,4.04,0.007
19368,3.64,0.0077
19369,3.84,0.0059
19370,5.72,0.0063
19371,4.45,0.0071
19372,4.61,0.0078
19373,4.63,0.0062
19374,4.7,0.0078
19375,3.64,0.0098
19376,6.48,0.011
19377,7.15,0.0136
19378,6.0,0.0155
19379,7.96,0.0133
19380,6.0,0.0108
19381,3.74,0.0106
19382,4.12,0.0105
19383,5.65,0.0121
19384,7.93,0.0145
19385,7.9,0.0168
19386,6.8,0.0156
19387,6.97,0.0129
19388,4.12,0.0109
19389,4.56,0.0102
19390,5.41,0.0082
19391,6.03,0.0102
19392,4.45,0.0108
19393,6.63,0.0116
19394,5.2,0.0115
19395,6.51,0.0131
19396,5.88,0.0148
19397,6.39,0.0175
19398,8.72,0.0153
19399,8.64,0.0141
19400,3.79,0.0124
19401,4.38,0.01
19402,4.23,0.0079
19403,5.7,0.0099
19404,6.05,0.0112
19405,6.25,0.0113
19406,6.05,0.0101
19407,4.39,0.0097
19408,4.23,0.0078
19409,5.5,0.0058
19410,3.85,0.0055
19411,3.6,0.0059
19412,4.0,0.005
19413,4.78,0.0053
19414,4.32,0.0058
19415,4.31,0.0061
19416,4.12,0.0073
19417,4.45,0.0089
19418,6.25,0.0103
19419,6.25,0.0108
19420,6.06,0.0107
19421,4.78,0.0097
19422,4.35,0.0082
19423,4.96,0.0067
19424,4.43,0.0073
19425,4.15,0.0073
19426,5.55,0.007
19427,4.41,0.0075
19428,4.53,0.0079
19429,5.0,0.0068
19430,4.64,0.0066
19431,4.22,0.0058
19432,4.23,0.0072
19433,3.54,0.007
19434,6.63,0.0087
19435,4.49,0.0101
19436,6.25,0.0123
19437,6.04,0.012
19438,6.25,0.0134
19439,6.2,0.0118
19440,6.27,0.0103
19441,4.24,0.0089
19442,4.16,0.0077
19443,4.58,0.0077
19444,4.66,0.0082
19445,6.27,0.0091
19446,4.87,0.0095
19447,5.25,0.0105
19448,5.1,0.0101
19449,5.95,0.0108
19450,5.7,0.0119
19451,5.8,0.013
19452,6.65,0.012
19453,6.46,0.0104
19454,4.68,0.0095
19455,3.74,0.0086
19456,4.63,0.0096
19457,5.58,0.0124
19458,7.69,0.0131
19459,8.1,0.0133
19460,4.58,0.0129
19461,4.87,0.0113
19462,5.11,0.0096
19463,5.69,0.0107
19464,6.01,0.0115
19465,5.92,0.0127
19466,5.91,0.0132
19467,6.64,0.0138
19468,6.22,0.0153
19469,6.77,0.0157
19470,7.79,0.017
19471,6.4,0.0174
19472,8.25,0.0154
19473,6.71,0.0129
19474,4.36,0.0115
19475,4.63,0.008
19476,4.64,0.0076
19477,3.95,0.009
19478,6.25,0.0102
19479,6.1,0.0096
19480,6.1,0.0086
19481,3.95,0.0072
19482,2.6,0.0075
19483,4.61,0.0069
19484,6.4,0.0077
19485,5.42,0.0081
19486,4.91,0.0076
19487,3.1,0.0058
19488,4.03,0.0059
19489,4.18,0.0057
19490,5.51,0.0076
19491,4.59,0.009
19492,5.5,0.0094
19493,5.77,0.0086
19494,4.63,0.008
19495,4.53,0.0093
19496,3.92,0.0098
19497,7.06,0.0108
19498,6.38,0.0102
19499,5.95,0.01
19500,3.75,0.0076
19501,3.6,0.0058
19502,4.17,0.0043
19503,4.17,0.0042
19504,4.08,0.0039
19505,3.55,0.0051
19506,3.3,0.0055
19507,5.56,0.008
19508,4.76,0.0102
19509,7.15,0.0117
19510,6.25,0.011
19511,5.18,0.0122
19512,4.71,0.0092
19513,6.25,0.0066
19514,3.42,0.0061
19515,3.06,0.0057
19516,4.5,0.0052
19517,4.2,0.0077
19518,5.7,0.0093
19519,6.42,0.0091
19520,5.1,0.0091
19521,4.23,0.0093
19522,4.27,0.0092
19523,5.91,0.01
19524,6.32,0.0114
19525,6.07,0.0121
19526,5.96,0.0126
19527,5.09,0.0157
19528,6.61,0.0167
19529,10.13,0.0192
19530,7.28,0.0217
19531,9.08,0.0193
19532,8.19,0.0137
19533,3.7,0.0124
19534,3.18,0.0092
19535,5.61,0.0067
19536,5.13,0.0095
19537,5.04,0.0121
19538,7.21,0.0108
19539,6.35,0.0101
19540,4.11,0.0109
19541,4.22,0.0099
19542,6.02,0.0114
19543,5.97,0.0134
19544,8.24,0.015
19545,6.58,0.0142
19546,6.19,0.0136
19547,5.0,0.0113
19548,5.25,0.0109
19549,5.39,0.0107
19550,6.04,0.0123
19551,5.92,0.0117
19552,7.05,0.0105
19553,4.46,0.0089
19554,3.93,0.0073
19555,4.01,0.0049
19556,3.95,0.0055
19557,4.06,0.006
19558,5.32,0.0059
19559,4.46,0.0066
19560,3.95,0.0066
19561,4.76,0.0065
19562,4.13,0.0066
19563,5.16,0.0073
19564,4.63,0.0073
19565,4.79,0.0076
19566,4.79,0.0083
19567,4.43,0.01
19568,6.05,0.011
19569,6.71,0.0109
19570,6.1,0.0124
19571,4.63,0.0128
19572,6.25,0.0107
19573,6.59,0.0075
19574,4.08,0.0066
19575,2.1,0.0044
19576,3.5,0.0038
19577,3.52,0.0037
19578,5.9,0.0055
19579,4.0,0.0073
19580,4.34,0.0095
19581,5.74,0.0096
19582,6.18,0.0109
19583,5.99,0.0129
19584,5.63,0.0114
19585,6.79,0.0093
19586,3.88,0.0077
19587,3.66,0.0078
19588,3.96,0.0065
19589,5.72,0.0076
19590,5.26,0.0088
19591,5.21,0.0091
19592,5.18,0.0086
19593,4.35,0.0092
19594,5.03,0.0099
19595,6.05,0.0114
19596,6.02,0.0134
19597,7.13,0.0148
19598,6.76,0.0143
19599,6.79,0.0139
19600,5.42,0.0131
19601,5.51,0.0151
19602,6.16,0.0169
19603,9.17,0.0199
19604,9.04,0.0213
19605,9.2,0.0196
19606,7.2,0.0158
19607,4.03,0.0133
19608,4.54,0.0109
19609,5.88,0.0098
19610,6.25,0.0123
19611,5.81,0.013
19612,7.2,0.0135
19613,5.36,0.0125
19614,6.54,0.0131
19615,4.95,0.0145
19616,6.6,0.0162
19617,8.94,0.0151
19618,7.4,0.0145
19619,5.26,0.0136
19620,4.16,0.0106
19621,5.48,0.0089
19622,5.25,0.0083
19623,5.25,0.0083
19624,4.51,0.0072
19625,4.25,0.0061
19626,4.11,0.0071
19627,3.88,0.008
19628,6.51,0.0085
19629,5.52,0.009
19630,4.95,0.01
19631,4.69,0.0079
19632,5.12,0.0073
19633,3.94,0.0065
19634,4.75,0.0055
19635,3.99,0.0051
19636,3.35,0.0058
19637,4.7,0.0057
19638,4.84,0.0073
19639,4.58,0.0095
19640,6.0,0.0118
19641,6.0,0.0143
19642,7.66,0.016
19643,7.82,0.016
19644,6.72,0.0145
19645,6.05,0.0123
19646,4.15,0.0097
19647,4.85,0.0082
19648,4.66,0.0064
19649,4.84,0.0066
19650,3.79,0.006
19651,4.45,0.0043
19652,4.1,0.0037
19653,2.58,0.0057
19654,4.04,0.006
19655,6.26,0.0072
19656,4.89,0.0094
19657,5.61,0.0106
19658,5.2,0.0102
19659,5.55,0.0103
19660,5.74,0.0109
19661,5.08,0.0117
19662,6.38,0.012
19663,6.2,0.0121
19664,5.9,0.0122
19665,5.82,0.011
19666,5.2,0.0099
19667,4.95,0.0091
19668,4.85,0.0092
19669,4.86,0.0104
19670,5.88,0.0113
19671,6.74,0.0118
19672,6.06,0.0129
19673,5.47,0.0135
19674,6.22,0.0133
19675,6.6,0.0157
19676,6.54,0.0184
19677,9.0,0.0183
19678,8.84,0.0165
19679,6.04,0.015
19680,4.41,0.0121
19681,4.7,0.0095
19682,5.34,0.0092
19683,5.65,0.0103
19684,5.7,0.0108
19685,5.79,0.0106
19686,5.27,0.0124
19687,5.17,0.0142
19688,7.8,0.0146
19689,7.98,0.0166
19690,6.28,0.0184
19691,7.73,0.016
19692,7.44,0.013
19693,4.75,0.0117
19694,4.26,0.0097
19695,4.7,0.0085
19696,5.2,0.0087
19697,6.05,0.0099
19698,4.93,0.0098
19699,5.83,0.0091
19700,4.59,0.0086
19701,4.25,0.0082
19702,5.44,0.0073
19703,4.46,0.0072
19704,4.69,0.0065
19705,4.43,0.0054
19706,3.41,0.005
19707,4.09,0.0043
19708,4.0,0.0049
19709,3.75,0.0059
19710,5.23,0.0067
19711,4.65,0.0069
19712,5.1,0.0074
19713,4.18,0.0066
19714,4.41,0.0063
19715,4.26,0.0063
19716,4.23,0.007
19717,5.12,0.0064
19718,5.0,0.0061
19719,3.7,0.006
19720,3.94,0.0061
19721,4.08,0.0049
19722,5.2,0.0062
19723,3.5,0.0056
19724,5.36,0.0074
19725,3.16,0.0078
19726,6.28,0.0099
19727,5.81,0.0108
19728,6.0,0.0122
19729,6.57,0.0105
19730,4.84,0.0112
19731,4.24,0.0101
19732,6.63,0.0078
19733,4.66,0.0082
19734,3.72,0.0091
19735,5.3,0.0083
19736,5.4,0.0101
19737,5.64,0.0108
19738,6.84,0.0103
19739,4.55,0.0104
19740,4.76,0.0104
19741,5.49,0.0093
19742,5.62,0.0113
19743,5.45,0.0124
19744,7.05,0.0122
19745,6.1,0.0127
19746,5.33,0.0154
19747,6.19,0.0161
19748,8.83,0.0182
19749,7.93,0.0204
19750,8.66,0.0184
19751,8.05,0.0143
19752,3.74,0.0125
19753,3.8,0.0098
19754,5.64,0.008
19755,5.28,0.0104
19756,5.91,0.0115
19757,6.71,0.0117
19758,5.1,0.0122
19759,5.86,0.0139
19760,5.92,0.0166
19761,8.05,0.0204
19762,10.1,0.0239
19763,9.78,0.027
19764,10.18,0.0234
19765,9.77,0.0187
19766,3.52,0.0146
19767,4.36,0.011
19768,4.67,0.0078
19769,5.76,0.0095
19770,5.7,0.0093
19771,5.7,0.0085
19772,4.15,0.0064
19773,3.66,0.0064
19774,3.06,0.0061
19775,5.7,0.0077
19776,5.39,0.0098
19777,6.2,0.0107
19778,6.15,0.0099
19779,4.25,0.0089
19780,4.65,0.0079
19781,4.14,0.0066
19782,5.0,0.008
19783,4.54,0.0082
19784,5.99,0.0088
19785,4.9,0.0088
19786,4.82,0.0092
19787,5.02,0.0068
19788,5.11,0.0066
19789,3.02,0.005
19790,4.65,0.0043
19791,2.81,0.003
19792,4.16,0.0034
19793,3.5,0.0024
19794,3.49,0.0029
19795,3.45,0.0021
19796,3.33,0.0018
19797,3.23,0.0024
19798,3.11,0.0042
19799,4.26,0.0059
19800,5.66,0.0083
19801,5.46,0.0106
19802,6.15,0.012
19803,6.03,0.0107
19804,6.03,0.0085
19805,4.04,0.0065
19806,2.72,0.0056
19807,3.59,0.0048
19808,4.96,0.0054
19809,4.99,0.0075
19810,4.88,0.008
19811,5.23,0.0061
19812,4.25,0.0063
19813,2.55,0.0069
19814,5.3,0.0072
19815,5.63,0.0091
19816,5.55,0.0119
19817,6.6,0.0118
19818,6.08,0.0117
19819,5.16,0.0128
19820,5.5,0.014
19821,6.9,0.016
19822,8.05,0.0188
19823,8.66,0.0205
19824,8.58,0.0194
19825,7.66,0.0176
19826,5.48,0.0154
19827,5.85,0.013
19828,5.94,0.0115
19829,5.54,0.0128
19830,5.9,0.0124
19831,7.0,0.0121
19832,5.4,0.0122
19833,5.52,0.0147
19834,5.74,0.0142
19835,8.93,0.0171
19836,6.4,0.0173
19837,9.02,0.0172
19838,5.72,0.014
19839,5.59,0.0147
19840,5.05,0.0124
19841,7.2,0.0136
19842,6.24,0.0141
19843,7.15,0.0126
19844,6.25,0.0101
19845,3.2,0.0073
19846,4.08,0.0033
19847,2.7,0.0006
19848,2.3,0.0002
19849,2.8,0.0013
19850,2.77,0.0017
19851,5.38,0.0026
19852,3.27,0.0034
19853,3.41,0.0047
19854,3.74,0.0041
19855,4.4,0.0055
19856,4.62,0.0062
19857,4.99,0.0068
19858,4.34,0.0082
19859,4.52,0.0106
19860,6.05,0.012
19861,7.59,0.0142
19862,6.75,0.0159
19863,7.08,0.0144
19864,6.67,0.0117
19865,4.18,0.0096
19866,4.2,0.0082
19867,4.12,0.0062
19868,5.32,0.0063
19869,4.22,0.0063
19870,4.39,0.007
19871,4.18,0.0061
19872,4.95,0.0075
19873,4.18,0.0084
19874,6.0,0.0106
19875,5.55,0.0114
19876,6.89,0.013
19877,5.85,0.0116
19878,6.2,0.0115
19879,4.32,0.0106
19880,5.42,0.0104
19881,5.73,0.0113
19882,5.57,0.0127
19883,7.42,0.0122
19884,6.04,0.0118
19885,4.79,0.0124
19886,5.25,0.0107
19887,6.23,0.0099
19888,5.31,0.0115
19889,5.08,0.0123
19890,6.74,0.0124
19891,6.25,0.0134
19892,6.36,0.0145
19893,6.56,0.0146
19894,6.5,0.0166
19895,6.81,0.0184
19896,8.75,0.0167
19897,8.62,0.0135
19898,4.41,0.0117
19899,2.5,0.0096
19900,4.65,0.0073
19901,6.1,0.008
19902,5.84,0.011
19903,5.21,0.0111
19904,6.19,0.0113
19905,4.79,0.0132
19906,6.38,0.016
19907,8.16,0.0173
19908,8.73,0.02
19909,7.76,0.0223
19910,8.21,0.0197
19911,9.16,0.0161
19912,4.95,0.0131
19913,4.27,0.0095
19914,4.06,0.0052
19915,3.68,0.0054
19916,3.84,0.0055
19917,5.22,0.0063
19918,4.38,0.0061
19919,5.1,0.0064
19920,3.46,0.004
19921,4.15,0.0032
19922,2.25,0.0019
19923,3.42,0.0023
19924,3.44,0.0024
19925,3.98,0.0033
19926,4.26,0.0038
19927,3.39,0.0058
19928,4.08,0.0061
19929,5.83,0.0073
19930,4.34,0.0094
19931,5.77,0.011
19932,6.04,0.0112
19933,6.09,0.0131
19934,6.05,0.0148
19935,6.7,0.0161
19936,7.87,0.0142
19937,7.59,0.0133
19938,3.75,0.0108
19939,5.0,0.0077
19940,3.62,0.0049
19941,4.0,0.006
19942,4.1,0.0048
19943,5.06,0.0053
19944,3.57,0.007
19945,4.25,0.0073
19946,6.08,0.0069
19947,4.42,0.009
19948,4.64,0.0106
19949,6.13,0.011
19950,6.25,0.0114
19951,6.6,0.0113
19952,4.95,0.0107
19953,4.52,0.0094
19954,5.35,0.0092
19955,4.58,0.0105
19956,6.46,0.0111
19957,6.5,0.0102
19958,5.24,0.0113
19959,4.25,0.0101
19960,6.0,0.0099
19961,4.96,0.0105
19962,6.25,0.0116
19963,6.0,0.0101
19964,5.54,0.0111
19965,4.1,0.0127
19966,6.26,0.0149
19967,8.24,0.017
19968,8.77,0.0204
19969,8.12,0.0194
19970,8.3,0.0164
19971,5.05,0.0137
19972,4.53,0.0124
19973,5.33,0.0107
19974,6.6,0.0132
19975,6.1,0.0135
19976,8.18,0.0121
19977,4.96,0.011
19978,3.58,0.0126
19979,5.2,0.0129
19980,8.14,0.0169
19981,8.52,0.0212
19982,9.9,0.0242
19983,8.96,0.0208
19984,8.92,0.0174
19985,3.93,0.0138
19986,4.24,0.0119
19987,5.5,0.0096
19988,6.6,0.0119
19989,6.0,0.012
19990,6.8,0.0108
19991,4.32,0.0097
19992,4.1,0.0081
19993,5.24,0.0062
19994,4.0,0.0057
19995,4.42,0.0062
19996,3.7,0.0055
19997,4.75,0.0057
19998,4.33,0.0054
19999,4.22,0.0064
20000,4.07,0.0064
20001,5.0,0.0063
20002,4.65,0.006
20003,4.25,0.0079
20004,3.85,0.0087
20005,6.48,0.01
20006,5.96,0.0095
20007,6.25,0.0118
20008,3.67,0.0116
20009,6.64,0.0121
20010,6.27,0.0103
20011,6.54,0.0101
20012,4.0,0.0079
20013,3.46,0.0071
20014,3.89,0.0064
20015,5.26,0.0064
20016,5.75,0.0056
20017,3.96,0.007
20018,2.52,0.0066
20019,5.56,0.0075
20020,4.79,0.0094
20021,6.9,0.0124
20022,6.25,0.0106
20023,6.25,0.0116
20024,3.39,0.0104
20025,5.94,0.0107
20026,5.42,0.0101
20027,6.62,0.0128
20028,5.58,0.0136
20029,6.7,0.0129
20030,6.98,0.0109
20031,4.53,0.011
20032,4.07,0.011
20033,5.8,0.0111
20034,6.65,0.0138
20035,7.05,0.016
20036,7.95,0.0155
20037,6.8,0.0152
20038,5.11,0.016
20039,6.31,0.0176
20040,8.06,0.0199
20041,9.98,0.0238
20042,9.64,0.0261
20043,9.86,0.0217
20044,9.2,0.0174
20045,2.66,0.0143
20046,4.65,0.0109
20047,5.72,0.0083
20048,5.7,0.0118
20049,5.99,0.0125
20050,7.0,0.0119
20051,5.52,0.0103
20052,4.96,0.0119
20053,3.65,0.0113
20054,8.03,0.0141
20055,6.28,0.0135
20056,8.96,0.0142
20057,4.23,0.0117
20058,4.46,0.0121
20059,5.02,0.0097
20060,6.75,0.011
20061,6.0,0.0117
20062,5.77,0.0113
20063,5.38,0.009
20064,4.55,0.0081
20065,3.9,0.0068
20066,4.82,0.0059
20067,4.16,0.0058
20068,4.34,0.006
20069,4.34,0.0058
20070,4.17,0.0061
20071,4.55,0.0076
20072,4.6,0.0086
20073,6.2,0.0098
20074,5.59,0.0112
20075,5.64,0.0119
20076,6.23,0.0114
20077,5.44,0.0115
20078,5.66,0.0108
20079,5.66,0.0092
20080,4.78,0.0087
20081,4.3,0.0076
20082,4.83,0.0051
20083,4.22,0.0033
20084,2.54,0.003
20085,2.56,0.0034
20086,3.95,0.0038
20087,5.34,0.0056
20088,4.77,0.0067
20089,4.68,0.0072
20090,3.9,0.0067
20091,4.58,0.0071
20092,4.75,0.0074
20093,5.28,0.009
20094,5.03,0.0098
20095,5.92,0.0105
20096,5.5,0.0096
20097,5.68,0.0101
20098,4.2,0.01
20099,5.65,0.0105
20100,5.76,0.0111
20101,6.18,0.0126
20102,6.34,0.0116
20103,6.05,0.0107
20104,4.4,0.0105
20105,4.64,0.0104
20106,6.0,0.0105
20107,6.2,0.0119
20108,6.2,0.0124
20109,6.05,0.0125
20110,5.32,0.0115
20111,6.13,0.0117
20112,4.99,0.012
20113,6.39,0.015
20114,6.46,0.0175
20115,9.0,0.0169
20116,9.19,0.0152
20117,4.3,0.0136
20118,4.25,0.0114
20119,4.51,0.0094
20120,6.25,0.0108
20121,6.75,0.0122
20122,5.96,0.0114
20123,6.04,0.0106
20124,3.54,0.0105
20125,5.25,0.0112
20126,6.6,0.0109
20127,6.8,0.013
20128,5.67,0.0138
20129,6.22,0.0119
20130,6.19,0.0098
20131,4.29,0.0084
20132,4.18,0.0075
20133,3.96,0.0077
20134,5.12,0.0093
20135,6.39,0.0109
20136,6.25,0.0126
20137,6.18,0.0135
20138,6.12,0.0135
20139,6.13,0.013
20140,6.46,0.0119
20141,5.66,0.0103
20142,4.79,0.0092
20143,4.06,0.0084
20144,4.79,0.0071
20145,5.52,0.0064
20146,3.98,0.0061
20147,4.0,0.0063
20148,3.68,0.0059
20149,4.97,0.0076
20150,5.12,0.0094
20151,6.08,0.0104
20152,6.14,0.0113
20153,5.02,0.012
20154,6.05,0.013
20155,5.93,0.0123
20156,7.35,0.0118
20157,5.3,0.0096
20158,4.43,0.008
20159,3.26,0.0052
20160,4.0,0.0052
20161,3.9,0.0047
20162,5.26,0.0053
20163,3.8,0.0058
20164,4.0,0.0061
20165,4.56,0.0056
20166,4.35,0.0063
20167,4.65,0.0068
20168,4.61,0.0064
20169,4.64,0.0069
20170,4.08,0.0078
20171,4.94,0.0094
20172,5.8,0.0103
20173,6.56,0.0122
20174,5.82,0.0142
20175,6.46,0.0141
20176,7.42,0.0132
20177,5.66,0.0122
20178,5.4,0.0107
20179,4.6,0.0082
20180,4.62,0.0072
20181,4.3,0.0071
20182,4.41,0.0088
20183,5.25,0.012
20184,6.7,0.015
20185,8.56,0.0196
20186,8.12,0.0219
20187,10.0,0.0234
20188,8.12,0.0193
20189,8.61,0.0153
20190,3.5,0.0114
20191,3.16,0.0099
20192,5.19,0.008
20193,6.2,0.0116
20194,6.2,0.014
20195,7.97,0.0129
20196,6.15,0.011
20197,3.92,0.0116
20198,3.74,0.011
20199,7.05,0.0127
20200,7.15,0.0148
20201,8.25,0.0171
20202,6.54,0.0147
20203,6.56,0.012
20204,4.12,0.0086
20205,3.8,0.007
20206,3.99,0.0068
20207,4.62,0.0087
20208,6.26,0.0093
20209,6.53,0.01
20210,4.54,0.0099
20211,4.78,0.0087
20212,4.51,0.007
20213,4.75,0.0069
20214,4.42,0.0068
20215,4.42,0.0054
20216,4.72,0.0041
20217,2.72,0.0029
20218,3.15,0.0016
20219,2.97,0.0003
20220,2.86,0.0004
20221,3.04,0.0011
20222,2.86,0.0026
20223,4.0,0.004
20224,4.86,0.0064
20225,4.58,0.009
20226,6.02,0.0106
20227,6.02,0.0123
20228,6.0,0.0138
20229,7.0,0.0112
20230,6.49,0.0091
20231,2.74,0.007
20232,3.49,0.0055
20233,3.31,0.005
20234,5.2,0.0075
20235,5.83,0.0091
20236,5.84,0.0105
20237,5.54,0.01
20238,5.0,0.0089
20239,4.54,0.008
20240,4.51,0.0074
20241,4.75,0.0078
20242,4.78,0.0087
20243,5.52,0.0099
20244,5.58,0.0134
20245,6.0,0.0159
20246,9.19,0.0179
20247,7.79,0.0196
20248,8.06,0.019
20249,7.65,0.0149
20250,5.25,0.0133
20251,4.11,0.011
20252,5.81,0.0094
20253,5.25,0.0106
20254,5.63,0.0123
20255,6.74,0.0114
20256,6.25,0.0125
20257,4.7,0.0139
20258,6.61,0.0158
20259,7.33,0.019
20260,9.12,0.0225
20261,10.24,0.0237
20262,9.0,0.0212
20263,8.02,0.0177
20264,4.32,0.0137
20265,4.74,0.0115
20266,5.3,0.0101
20267,6.25,0.012
20268,6.25,0.0112
20269,6.75,0.0109
20270,3.75,0.0097
20271,4.85,0.0111
20272,4.8,0.0095
20273,8.01,0.013
20274,4.78,0.0123
20275,8.08,0.0108
20276,3.97,0.0078
20277,2.92,0.008
20278,4.33,0.0055
20279,5.0,0.0061
20280,5.0,0.0073
20281,4.76,0.0093
20282,4.39,0.0099
20283,6.78,0.0109
20284,5.76,0.0116
20285,6.25,0.0125
20286,5.58,0.0113
20287,5.49,0.0128
20288,5.26,0.0115
20289,7.67,0.0106
20290,4.61,0.0095
20291,4.55,0.0089
20292,4.1,0.0063
20293,4.45,0.0058
20294,4.46,0.0054
20295,4.07,0.0069
20296,3.99,0.0076
20297,6.0,0.0095
20298,5.25,0.011
20299,6.88,0.0122
20300,5.95,0.0124
20301,5.45,0.0112
20302,6.18,0.0094
20303,3.78,0.0077
20304,4.72,0.0065
20305,3.8,0.0045
20306,3.98,0.0044
20307,3.71,0.0039
20308,3.64,0.0053
20309,4.04,0.0061
20310,5.57,0.0068
20311,4.94,0.0071
20312,4.68,0.0071
20313,4.0,0.0063
20314,4.0,0.0062
20315,4.58,0.0068
20316,4.78,0.0082
20317,5.51,0.0101
20318,5.65,0.0118
20319,6.41,0.0138
20320,6.71,0.0145
20321,7.22,0.014
20322,6.42,0.0125
20323,5.0,0.0122
20324,4.58,0.011
20325,6.32,0.0103
20326,5.69,0.0117
20327,5.6,0.0126
20328,6.69,0.0129
20329,5.66,0.0136
20330,6.7,0.0143
20331,6.64,0.0141
20332,6.48,0.0169
20333,6.42,0.0182
20334,9.14,0.0166
20335,8.29,0.0149
20336,4.6,0.0132
20337,4.36,0.0093
20338,4.35,0.0071
20339,4.34,0.0082
20340,5.56,0.0095
20341,5.96,0.0106
20342,5.96,0.0125
20343,5.68,0.0146
20344,6.68,0.0151
20345,8.2,0.0157
20346,6.57,0.0166
20347,6.71,0.0174
20348,6.77,0.0149
20349,7.67,0.0134
20350,5.1,0.0101
20351,4.71,0.0086
20352,2.64,0.0062
20353,4.95,0.0054
20354,4.7,0.006
20355,4.14,0.0071
20356,5.4,0.0078
20357,4.06,0.0088
20358,5.75,0.0096
20359,6.0,0.0101
20360,5.11,0.0111
20361,6.05,0.0095
20362,5.25,0.0081
20363,3.74,0.0079
20364,4.24,0.0065
20365,4.86,0.0053
20366,4.32,0.0062
20367,3.75,0.0076
20368,4.9,0.008
20369,6.0,0.0093
20370,5.31,0.0111
20371,6.0,0.0117
20372,5.91,0.0116
20373,5.71,0.0119
20374,5.84,0.0101
20375,5.63,0.0084
20376,3.81,0.0069
20377,3.87,0.0062
20378,3.81,0.0056
20379,4.94,0.0066
20380,4.96,0.0076
20381,4.94,0.0084
20382,5.16,0.0078
20383,4.78,0.0078
20384,4.28,0.0075
20385,4.93,0.0077
20386,4.56,0.0086
20387,5.37,0.0105
20388,5.9,0.0113
20389,6.7,0.012
20390,5.82,0.0131
20391,5.48,0.0131
20392,6.74,0.015
20393,5.92,0.0174
20394,9.03,0.0165
20395,8.8,0.015
20396,4.3,0.014
20397,4.95,0.0106
20398,4.7,0.007
20399,4.78,0.0084
20400,4.39,0.0081
20401,6.04,0.009
20402,4.52,0.0106
20403,5.84,0.0124
20404,6.72,0.0149
20405,6.62,0.0168
20406,9.2,0.0178
20407,6.83,0.0159
20408,7.1,0.0143
20409,4.3,0.0117
20410,4.67,0.0111
20411,6.04,0.0104
20412,6.08,0.0138
20413,6.15,0.0151
20414,8.61,0.0131
20415,6.18,0.0111
20416,3.58,0.0115
20417,3.58,0.01
20418,6.7,0.0116
20419,6.72,0.0136
20420,8.24,0.0161
20421,6.0,0.0141
20422,6.63,0.0129
20423,4.3,0.0096
20424,5.25,0.0081
20425,4.16,0.0076
20426,4.1,0.0089
20427,6.05,0.0086
20428,5.91,0.0085
20429,4.8,0.0086
20430,4.12,0.0072
20431,4.12,0.0071
20432,4.38,0.0065
20433,5.79,0.0066
20434,4.08,0.0053
20435,4.26,0.0037
20436,2.42,0.0009
20437,2.41,0.0006
20438,2.38,0.0008
20439,3.66,0.0035
20440,4.52,0.0046
20441,5.8,0.0075
20442,3.69,0.0082
20443,6.05,0.0096
20444,4.55,0.0098
20445,6.25,0.0118
20446,6.05,0.0111
20447,6.1,0.0129
20448,5.26,0.0121
20449,6.74,0.0102
20450,5.2,0.0082
20451,3.75,0.0086
20452,3.59,0.0082
20453,5.83,0.008
20454,6.23,0.0082
20455,4.85,0.0094
20456,4.08,0.0095
20457,5.04,0.0093
20458,6.0,0.0103
20459,6.0,0.0122
20460,6.0,0.0123
20461,6.46,0.0129
20462,5.19,0.0133
20463,6.7,0.0152
20464,6.47,0.0154
20465,8.44,0.0185
20466,6.7,0.0193
20467,9.01,0.0189
20468,7.66,0.0157
20469,6.04,0.0151
20470,4.45,0.0126
20471,6.0,0.0122
20472,5.82,0.0139
20473,7.21,0.0159
20474,8.15,0.0143
20475,6.88,0.0146
20476,4.02,0.0154
20477,6.22,0.0159
20478,8.19,0.0177
20479,8.84,0.0218
20480,9.02,0.0229
20481,9.1,0.0197
20482,7.64,0.0164
20483,4.25,0.0137
20484,4.65,0.0112
20485,5.7,0.0085
20486,6.04,0.0101
20487,4.26,0.0113
20488,6.32,0.0112
20489,6.12,0.0096
20490,5.57,0.0103
20491,4.06,0.0093
20492,5.05,0.0091
20493,5.1,0.0091
20494,5.96,0.0092
20495,5.49,0.0091
20496,4.17,0.0108
20497,5.0,0.0102
20498,7.1,0.0096
20499,5.25,0.011
20500,4.79,0.011
20501,5.83,0.0088
20502,5.0,0.0081
20503,4.47,0.0079
20504,4.31,0.0071
20505,4.62,0.0078
20506,4.85,0.008
20507,5.79,0.0076
20508,4.76,0.0077
20509,3.85,0.0068
20510,4.65,0.0048
20511,3.76,0.0037
20512,3.3,0.0033
20513,3.38,0.0025
20514,3.4,0.0026
20515,3.66,0.0025
20516,3.84,0.0038
20517,3.26,0.005
20518,4.94,0.005
20519,4.86,0.0048
20520,3.7,0.007
20521,3.58,0.0068
20522,5.96,0.0068
20523,4.74,0.0083
20524,4.89,0.0093
20525,5.56,0.0082
20526,4.78,0.0084
20527,4.6,0.0081
20528,4.99,0.007
20529,4.49,0.0075
20530,4.17,0.0086
20531,5.5,0.009
20532,5.91,0.0108
20533,5.5,0.0132
20534,6.75,0.012
20535,7.1,0.0117
20536,4.0,0.0124
20537,5.52,0.0142
20538,6.42,0.0154
20539,8.98,0.0183
20540,8.6,0.0175
20541,7.55,0.0163
20542,4.56,0.0134
20543,4.86,0.0113
20544,5.4,0.0094
20545,5.97,0.0112
20546,5.25,0.0125
20547,6.83,0.0123
20548,6.43,0.0112
20549,5.15,0.0115
20550,4.6,0.0101
20551,5.62,0.0113
20552,5.17,0.0128
20553,7.91,0.0125
20554,6.91,0.0114
20555,4.29,0.0109
20556,4.27,0.0081
20557,4.54,0.0076
20558,4.48,0.0076
20559,6.25,0.008
20560,4.25,0.0072
20561,4.77,0.0065
20562,3.58,0.0058
20563,3.58,0.0063
20564,5.44,0.0062
20565,4.83,0.0076
20566,4.61,0.0091
20567,5.32,0.0078
20568,5.53,0.0072
20569,3.75,0.0071
20570,4.09,0.0066
20571,4.46,0.0068
20572,4.78,0.0087
20573,5.7,0.0094
20574,6.1,0.0107
20575,4.99,0.0117
20576,6.05,0.0128
20577,6.05,0.0135
20578,7.1,0.0152
20579,6.96,0.0155
20580,7.12,0.0141
20581,6.39,0.0102
20582,4.25,0.0078
20583,2.32,0.005
20584,4.0,0.002
20585,3.68,0.0015
20586,2.58,0.0043
20587,3.71,0.006
20588,5.81,0.0078
20589,6.0,0.0093
20590,6.0,0.0121
20591,4.35,0.0125
20592,7.25,0.0134
20593,6.25,0.0119
20594,7.14,0.0112
20595,4.21,0.0087
20596,3.41,0.0079
20597,4.17,0.0064
20598,5.31,0.0079
20599,5.25,0.0095
20600,6.02,0.0109
20601,5.44,0.0108
20602,5.85,0.0107
20603,5.22,0.0108
20604,5.07,0.0115
20605,6.21,0.0117
20606,6.25,0.0125
20607,6.2,0.0126
20608,6.2,0.0111
20609,5.16,0.01
20610,4.34,0.0093
20611,4.83,0.0099
20612,5.33,0.0121
20613,6.98,0.0124
20614,7.92,0.012
20615,4.64,0.012
20616,4.44,0.0101
20617,5.25,0.0089
20618,4.64,0.0096
20619,6.5,0.0101
20620,5.5,0.0112
20621,5.04,0.0132
20622,6.64,0.0135
20623,7.02,0.0147
20624,6.95,0.0156
20625,6.98,0.016
20626,6.08,0.0153
20627,7.24,0.0144
20628,6.09,0.0136
20629,5.85,0.0145
20630,6.03,0.0143
20631,7.14,0.0149
20632,6.99,0.0152
20633,6.82,0.0134
20634,6.25,0.0106
20635,3.75,0.0093
20636,3.77,0.0071
20637,5.32,0.0065
20638,4.1,0.0071
20639,5.55,0.0079
20640,4.49,0.0073
20641,4.69,0.0074
20642,4.62,0.0074
20643,4.25,0.0079
20644,5.58,0.0081
20645,5.0,0.0082
20646,4.96,0.01
20647,4.72,0.0094
20648,6.56,0.0091
20649,4.75,0.0094
20650,4.66,0.0114
20651,5.3,0.0102
20652,7.21,0.0118
20653,5.06,0.0102
20654,6.75,0.0094
20655,2.74,0.0064
20656,4.34,0.0066
20657,3.39,0.0043
20658,5.32,0.0062
20659,3.92,0.0061
20660,5.16,0.008
20661,4.22,0.008
20662,5.7,0.0084
20663,5.25,0.0086
20664,4.42,0.0103
20665,5.49,0.0107
20666,6.25,0.0109
20667,6.24,0.0112
20668,5.45,0.0098
20669,4.84,0.008
20670,3.8,0.0082
20671,3.92,0.009
20672,6.56,0.0098
20673,6.48,0.011
20674,5.84,0.0116
20675,5.19,0.0096
20676,4.75,0.0092
20677,4.02,0.0093
20678,6.0,0.0084
20679,5.96,0.0094
20680,4.13,0.0117
20681,5.97,0.0121
20682,6.83,0.0144
20683,6.47,0.0175
20684,8.8,0.0198
20685,8.07,0.0205
20686,8.76,0.0187
20687,7.76,0.0145
20688,4.23,0.0125
20689,3.56,0.0102
20690,5.52,0.0078
20691,5.92,0.0108
20692,4.8,0.0133
20693,8.0,0.0132
20694,6.62,0.0131
20695,5.36,0.0144
20696,5.89,0.0145
20697,6.42,0.0165
20698,8.04,0.0187
20699,9.08,0.0192
20700,8.12,0.0174
20701,6.52,0.0151
20702,4.24,0.0125
20703,5.16,0.0106
20704,5.8,0.01
20705,5.8,0.0112
20706,5.79,0.0105
20707,5.74,0.0101
20708,4.24,0.008
20709,5.36,0.006
20710,3.22,0.0041
20711,3.26,0.0049
20712,3.33,0.0049
20713,5.34,0.0055
20714,5.29,0.0056
20715,4.0,0.0066
20716,3.34,0.0061
20717,4.59,0.0056
20718,4.69,0.0061
20719,4.75,0.0097
20720,4.65,0.0114
20721,7.75,0.0131
20722,6.68,0.0142
20723,6.85,0.0158
20724,6.1,0.0144
20725,6.54,0.0145
20726,6.1,0.0117
20727,6.8,0.0105
20728,3.32,0.0087
20729,4.65,0.0072
20730,4.28,0.0041
20731,4.24,0.0048
20732,2.93,0.0039
20733,4.2,0.0046
20734,3.56,0.0052
20735,5.2,0.0084
20736,4.95,0.0106
20737,6.95,0.0124
20738,6.9,0.014
20739,5.8,0.0133
20740,7.1,0.0105
20741,4.11,0.0082
20742,3.5,0.0079
20743,4.0,0.0061
20744,5.51,0.008
20745,4.85,0.0098
20746,6.48,0.0102
20747,5.75,0.0093
20748,4.49,0.0091
20749,4.4,0.0085
20750,4.55,0.0078
20751,5.74,0.0099
20752,4.92,0.0102
20753,7.0,0.0108
20754,4.87,0.0111
20755,5.26,0.0121
20756,6.07,0.0138
20757,6.22,0.0172
20758,9.14,0.02
20759,9.0,0.0216
20760,8.8,0.0214
20761,7.96,0.0193
20762,6.0,0.0171
20763,6.55,0.0145
20764,6.25,0.0135
20765,5.6,0.0136
20766,6.75,0.0137
20767,6.1,0.0129
20768,6.64,0.0135
20769,5.35,0.0132
20770,6.33,0.0149
20771,6.28,0.0163
20772,8.29,0.0158
20773,8.38,0.0143
20774,4.75,0.0126
20775,4.39,0.0105
20776,4.24,0.0085
20777,5.68,0.0094
20778,5.94,0.0105
20779,5.8,0.0122
20780,5.81,0.0126
20781,6.25,0.0135
20782,6.25,0.0135
20783,6.96,0.0139
20784,5.88,0.0134
20785,6.25,0.0144
20786,5.61,0.0127
20787,7.56,0.0128
20788,4.81,0.011
20789,5.99,0.0103
20790,4.08,0.0075
20791,4.68,0.0072
20792,4.12,0.0065
20793,4.45,0.0082
20794,5.07,0.0083
20795,6.25,0.0105
20796,4.82,0.0122
20797,6.86,0.0131
20798,6.51,0.013
20799,6.15,0.0126
20800,6.2,0.0109
20801,4.3,0.009
20802,4.8,0.0075
20803,4.14,0.006
20804,4.25,0.0064
20805,4.32,0.0071
20806,4.77,0.0074
20807,5.75,0.0088
20808,4.5,0.0102
20809,5.92,0.0114
20810,6.05,0.0116
20811,6.25,0.0134
20812,6.01,0.0116
20813,6.74,0.0106
20814,3.7,0.0094
20815,4.86,0.0099
20816,4.68,0.0091
20817,6.75,0.0123
20818,5.7,0.0126
20819,7.62,0.0136
20820,5.29,0.0118
20821,5.88,0.0123
20822,4.58,0.0112
20823,6.25,0.012
20824,6.25,0.0131
20825,6.25,0.0144
20826,7.25,0.014
20827,6.2,0.0137
20828,5.84,0.014
20829,5.81,0.0135
20830,6.68,0.0158
20831,6.54,0.0185
20832,9.11,0.017
20833,9.14,0.0152
20834,3.98,0.0135
20835,4.45,0.0096
20836,4.45,0.0066
20837,4.3,0.0073
20838,5.44,0.0081
20839,4.8,0.0087
20840,5.47,0.0104
20841,5.14,0.0122
20842,6.48,0.0153
20843,7.58,0.0173
20844,8.66,0.0204
20845,7.92,0.0219
20846,9.1,0.02
20847,8.33,0.0175
20848,5.2,0.0157
20849,5.55,0.0121
20850,5.72,0.0109
20851,4.64,0.0102
20852,6.75,0.0093
20853,4.34,0.0088
20854,4.42,0.0084
20855,5.15,0.0064
20856,4.11,0.0065
20857,4.29,0.007
20858,4.45,0.0075
20859,5.02,0.0082
20860,5.78,0.009
20861,5.05,0.009
20862,5.25,0.0085
20863,4.44,0.0078
20864,4.47,0.0084
20865,4.8,0.0085
20866,5.9,0.0089
20867,5.38,0.009
20868,4.88,0.0087
20869,4.6,0.0082
20870,4.47,0.0086
20871,5.2,0.0085
20872,5.96,0.0081
20873,4.76,0.007
20874,4.09,0.0057
20875,3.08,0.0051
20876,3.58,0.0055
20877,5.15,0.0063
20878,5.28,0.0075
20879,5.15,0.0088
20880,4.52,0.0095
20881,5.16,0.0091
20882,6.08,0.0088
20883,4.72,0.0089
20884,4.8,0.0086
20885,4.61,0.0093
20886,4.85,0.0102
20887,6.96,0.0109
20888,5.8,0.0121
20889,5.64,0.0129
20890,6.11,0.0125
20891,5.86,0.0143
20892,6.45,0.013
20893,8.04,0.0122
20894,4.08,0.0119
20895,5.08,0.0121
20896,5.5,0.01
20897,6.75,0.0126
20898,5.4,0.0126
20899,7.25,0.0135
20900,5.14,0.0134
20901,6.65,0.0169
20902,6.57,0.0173
20903,9.74,0.0207
20904,7.75,0.0229
20905,9.33,0.021
20906,9.35,0.0166
20907,4.3,0.0149
20908,4.22,0.0122
20909,5.65,0.0097
20910,6.02,0.0128
20911,6.25,0.0144
20912,8.07,0.0141
20913,6.24,0.0145
20914,5.26,0.016
20915,6.54,0.0166
20916,8.1,0.0186
20917,8.78,0.0215
20918,8.76,0.0235
20919,8.89,0.0207
20920,8.94,0.0174
20921,4.64,0.0149
20922,4.72,0.0124
20923,5.69,0.0097
20924,5.79,0.0115
20925,5.54,0.0106
20926,6.9,0.0091
20927,3.63,0.0073
20928,3.85,0.0057
20929,3.51,0.0023
20930,3.58,0.0027
20931,2.66,0.0027
20932,4.16,0.0045
20933,3.88,0.0052
20934,5.68,0.0063
20935,4.39,0.0065
20936,4.08,0.0073
20937,4.35,0.0066
20938,4.89,0.009
20939,4.89,0.0106
20940,7.3,0.0131
20941,6.1,0.0139
20942,7.45,0.0156
20943,5.82,0.0152
20944,7.0,0.0169
20945,6.9,0.0138
20946,8.16,0.0132
20947,3.61,0.0107
20948,5.04,0.0086
20949,3.99,0.0052
20950,4.25,0.0063
20951,3.97,0.0055
20952,5.0,0.006
20953,3.97,0.0064
20954,4.61,0.0077
20955,4.75,0.0091
20956,5.65,0.0102
20957,6.64,0.0109
20958,5.42,0.0103
20959,5.44,0.009
20960,4.01,0.0093
20961,4.05,0.0092
20962,7.02,0.0112
20963,5.34,0.0117
20964,7.8,0.012
20965,4.66,0.01
20966,4.49,0.0108
20967,4.55,0.0094
20968,6.25,0.0106
20969,6.08,0.0119
20970,6.23,0.0133
20971,6.05,0.0118
20972,6.25,0.0114
20973,4.42,0.0118
20974,5.62,0.0143
20975,6.66,0.0167
20976,9.15,0.0204
20977,9.2,0.0217
20978,9.1,0.0195
20979,7.16,0.0157
20980,3.98,0.0131
20981,4.39,0.0097
20982,6.0,0.0075
20983,4.84,0.0079
20984,4.48,0.0099
20985,4.54,0.0104
20986,6.76,0.0125
20987,6.68,0.0153
20988,7.41,0.0197
20989,7.92,0.0213
20990,9.99,0.0194
20991,8.76,0.0172
20992,4.32,0.0138
20993,4.7,0.0103
20994,3.72,0.0079
20995,5.69,0.01
20996,5.76,0.0109
20997,6.96,0.0123
20998,5.76,0.0114
20999,5.4,0.0102
21000,4.61,0.0081
21001,4.31,0.0066
21002,4.41,0.0051
21003,3.8,0.0041
21004,3.53,0.0043
21005,3.4,0.0043
21006,4.62,0.0055
21007,4.32,0.0069
21008,5.36,0.0082
21009,5.26,0.0077
21010,4.95,0.0078
21011,4.04,0.0071
21012,4.49,0.0066
21013,4.5,0.0062
21014,4.54,0.0067
21015,4.55,0.0068
21016,4.61,0.0078
21017,4.65,0.0069
21018,5.66,0.0066
21019,3.44,0.006
21020,4.19,0.0066
21021,3.88,0.0049
21022,5.36,0.0048
21023,3.62,0.0056
21024,3.26,0.0062
21025,5.17,0.0051
21026,4.67,0.0069
21027,3.97,0.0091
21028,5.83,0.01
21029,6.05,0.0113
21030,6.32,0.011
21031,6.24,0.0105
21032,3.53,0.0102
21033,5.22,0.0115
21034,5.78,0.0102
21035,7.88,0.0138
21036,4.67,0.015
21037,7.95,0.0143
21038,6.68,0.0116
21039,5.0,0.0114
21040,4.45,0.0098
21041,4.45,0.008
21042,6.0,0.0095
21043,4.41,0.0097
21044,6.9,0.0119
21045,4.72,0.0121
21046,7.11,0.0147
21047,6.21,0.0157
21048,7.69,0.0209
21049,8.09,0.0231
21050,11.16,0.0215
21051,9.91,0.0186
21052,4.25,0.0163
21053,4.0,0.0111
21054,5.25,0.0067
21055,4.7,0.0072
21056,4.53,0.0079
21057,4.88,0.0076
21058,4.77,0.0089
21059,4.91,0.0118
21060,6.28,0.0152
21061,8.14,0.0178
21062,9.14,0.0211
21063,7.98,0.0229
21064,9.02,0.0189
21065,8.46,0.0146
21066,3.24,0.0131
21067,3.79,0.0108
21068,6.08,0.0089
21069,6.25,0.0098
21070,6.08,0.0098
21071,4.38,0.0086
21072,3.74,0.0068
21073,4.59,0.0054
21074,4.01,0.0051
21075,4.32,0.0054
21076,4.08,0.005
21077,4.08,0.0056
21078,4.08,0.0054
21079,4.72,0.0057
21080,4.08,0.0063
21081,4.55,0.0068
21082,4.8,0.0068
21083,4.65,0.0082
21084,4.76,0.0089
21085,5.75,0.0098
21086,5.46,0.0118
21087,5.95,0.0136
21088,7.15,0.0148
21089,6.95,0.0138
21090,7.23,0.0126
21091,4.28,0.0099
21092,4.4,0.0072
21093,3.81,0.0044
21094,3.64,0.0048
21095,3.68,0.0047
21096,4.77,0.0065
21097,4.32,0.0074
21098,6.09,0.0089
21099,4.64,0.0097
21100,5.66,0.0105
21101,5.72,0.0099
21102,5.32,0.0116
21103,5.28,0.0111
21104,6.82,0.0106
21105,5.05,0.0105
21106,5.0,0.0102
21107,5.28,0.0099
21108,4.83,0.0123
21109,6.48,0.0103
21110,8.05,0.0109
21111,2.54,0.0119
21112,6.0,0.0115
21113,6.05,0.0088
21114,6.01,0.0108
21115,4.72,0.0112
21116,4.97,0.0132
21117,6.52,0.0147
21118,8.56,0.018
21119,7.87,0.0205
21120,8.78,0.0192
21121,8.12,0.0153
21122,4.86,0.0131
21123,3.75,0.0103
21124,5.14,0.0088
21125,5.33,0.0101
21126,6.25,0.0122
21127,6.46,0.0125
21128,6.35,0.0126
21129,5.55,0.0134
21130,5.35,0.0152
21131,7.24,0.0182
21132,8.73,0.0211
21133,10.13,0.0239
21134,9.07,0.0213
21135,8.84,0.0177
21136,4.0,0.0116
21137,4.28,0.0081
21138,2.58,0.0054
21139,4.79,0.006
21140,5.46,0.0064
21141,4.77,0.008
21142,4.77,0.0081
21143,4.57,0.0084
21144,4.86,0.0084
21145,5.78,0.0084
21146,4.78,0.0085
21147,4.86,0.0082
21148,4.64,0.007
21149,4.51,0.0063
21150,4.3,0.0064
21151,3.95,0.0059
21152,4.9,0.0052
21153,4.08,0.0067
21154,3.56,0.0067
21155,6.25,0.0067
21156,3.92,0.0067
