Frame,Raw_Intensity,Processed_Intensity
0,4.16,0.0041
1,4.06,0.0041
2,4.08,0.0041
3,4.4,0.0042
4,4.2,0.004
5,4.25,0.0051
6,3.81,0.0054
7,5.44,0.0052
8,4.78,0.0053
9,3.9,0.0056
10,4.4,0.0043
11,4.16,0.0028
12,3.83,0.0024
13,3.02,0.0028
14,3.43,0.0039
15,4.87,0.0041
16,5.5,0.0059
17,4.05,0.0048
18,5.25,0.0041
19,2.04,0.0027
20,3.99,0.0026
21,3.79,0.0013
22,4.02,0.0022
23,3.56,0.0017
24,3.23,0.0022
25,3.31,0.003
26,4.36,0.003
27,5.08,0.0038
28,3.5,0.0042
29,4.2,0.0036
30,3.91,0.0024
31,3.59,0.0038
32,3.6,0.0034
33,5.17,0.0044
34,3.75,0.0051
35,5.13,0.007
36,4.52,0.0055
37,5.9,0.0069
38,3.28,0.0056
39,5.5,0.0061
40,3.58,0.0048
41,5.07,0.0056
42,4.35,0.0043
43,4.25,0.0049
44,3.86,0.0037
45,4.35,0.0037
46,3.62,0.0034
47,4.3,0.0035
48,3.89,0.0034
49,3.98,0.003
50,4.2,0.0038
51,3.15,0.0035
52,5.31,0.0021
53,3.48,0.0021
54,2.23,0.0026
55,4.25,0.0025
56,3.82,0.0033
57,5.14,0.0057
58,4.52,0.0055
59,5.1,0.0064
60,4.0,0.0057
61,5.0,0.0047
62,4.24,0.0037
63,3.33,0.0044
64,3.87,0.0032
65,4.85,0.0027
66,3.46,0.0027
67,3.68,0.0026
68,3.28,0.0017
69,3.72,0.0019
70,3.74,0.002
71,3.7,0.0018
72,3.81,0.0017
73,3.13,0.0017
74,3.56,0.0022
75,3.67,0.0025
76,4.32,0.0046
77,4.19,0.0044
78,5.74,0.0054
79,3.35,0.0049
80,4.83,0.0047
81,3.72,0.0033
82,3.92,0.004
83,4.1,0.0038
84,4.2,0.0046
85,4.6,0.0056
86,4.7,0.0054
87,5.18,0.0057
88,3.86,0.005
89,4.5,0.0043
90,3.7,0.0033
91,3.94,0.0038
92,3.92,0.003
93,4.4,0.0045
94,3.56,0.0057
95,5.5,0.0054
96,5.5,0.005
97,3.5,0.0044
98,3.94,0.0041
99,2.8,0.0022
100,5.2,0.0027
101,3.14,0.0026
102,4.1,0.0033
103,3.86,0.0023
104,3.63,0.0032
105,3.9,0.0029
106,4.23,0.0032
107,3.84,0.0035
108,4.2,0.0045
109,3.93,0.0039
110,5.14,0.0032
111,3.48,0.0026
112,3.01,0.0024
113,3.5,0.001
114,3.63,0.0023
115,3.5,0.0039
116,5.01,0.004
117,4.96,0.0045
118,3.66,0.0051
119,4.24,0.004
120,4.2,0.0026
121,3.68,0.0025
122,3.28,0.0012
123,3.54,0.0013
124,2.66,0.0011
125,4.24,0.0029
126,3.5,0.0029
127,5.45,0.004
128,3.55,0.003
129,4.06,0.0048
130,3.02,0.0037
131,5.67,0.0043
132,4.1,0.0043
133,4.3,0.0045
134,4.05,0.0043
135,3.3,0.0052
136,5.42,0.0061
137,5.12,0.0068
138,5.5,0.0072
139,4.8,0.0057
140,3.81,0.0044
141,3.6,0.0024
142,3.5,0.0012
143,3.13,0.0024
144,3.29,0.003
145,5.27,0.0037
146,4.4,0.0048
147,4.28,0.0054
148,4.5,0.0044
149,4.0,0.0045
150,4.1,0.0036
151,4.48,0.003
152,3.24,0.003
153,3.72,0.0029
154,3.98,0.0034
155,4.04,0.0035
156,4.98,0.0041
157,3.46,0.0037
158,4.4,0.0037
159,3.5,0.0036
160,4.1,0.0041
161,4.84,0.0038
162,4.1,0.0042
163,3.96,0.0044
164,3.98,0.0037
165,4.32,0.004
166,4.0,0.0031
167,4.53,0.0016
168,2.85,0.0018
169,2.06,0.0022
170,4.55,0.0021
171,4.54,0.003
172,4.4,0.004
173,4.03,0.0035
174,3.23,0.003
175,4.0,0.0032
176,3.89,0.0034
177,4.6,0.0037
178,4.3,0.0039
179,3.55,0.0047
180,4.32,0.0043
181,4.79,0.0054
182,4.22,0.0058
183,5.57,0.0053
184,4.08,0.0053
185,3.67,0.0052
186,4.8,0.0048
187,4.06,0.0045
188,5.16,0.0052
189,3.72,0.0041
190,4.56,0.0053
191,3.4,0.0045
192,5.5,0.0044
193,4.25,0.0037
194,3.55,0.004
195,3.65,0.0032
196,3.82,0.0032
197,4.5,0.0042
198,4.3,0.005
199,4.7,0.0058
200,4.62,0.0056
201,4.9,0.0052
202,4.15,0.0048
203,3.85,0.0052
204,4.22,0.0045
205,5.06,0.005
206,4.1,0.0053
207,4.72,0.0043
208,4.2,0.0049
209,3.05,0.0055
210,5.84,0.005
211,4.74,0.0052
212,4.2,0.0061
213,4.36,0.0045
214,4.22,0.004
215,3.79,0.0052
216,4.2,0.0041
217,5.6,0.0043
218,3.11,0.0055
219,4.4,0.0059
220,5.32,0.0051
221,4.7,0.0071
222,4.63,0.0072
223,5.5,0.0053
224,4.5,0.0051
225,3.05,0.0048
226,4.4,0.0029
227,4.26,0.0022
228,3.16,0.0031
229,3.64,0.0023
230,4.18,0.0014
231,3.45,0.0033
232,3.11,0.0036
233,5.5,0.0034
234,3.97,0.0032
235,4.0,0.0041
236,3.18,0.0028
237,4.18,0.0039
238,3.92,0.0036
239,5.3,0.0043
240,3.71,0.0027
241,4.06,0.0012
242,2.12,0.0
243,2.12,0.0009
244,3.82,0.002
245,4.84,0.0041
246,5.35,0.0061
247,4.74,0.006
248,4.65,0.0051
249,3.7,0.0043
250,3.64,0.0045
251,4.4,0.0039
252,5.04,0.0054
253,3.9,0.0057
254,5.5,0.0059
255,4.04,0.0044
256,4.64,0.0045
257,3.17,0.0032
258,4.0,0.0022
259,3.9,0.0026
260,2.81,0.0031
261,5.1,0.0025
262,3.83,0.0018
263,3.26,0.0025
264,3.08,0.0027
265,3.67,0.004
266,5.27,0.0043
267,5.49,0.006
268,3.6,0.0057
269,5.25,0.0048
270,3.24,0.0024
271,4.15,0.0014
272,2.56,0.0016
273,2.35,0.0018
274,5.5,0.0024
275,3.45,0.0032
276,4.96,0.005
277,3.48,0.0037
278,4.58,0.0047
279,3.97,0.0041
280,4.65,0.0039
281,4.25,0.0029
282,3.16,0.0018
283,3.41,0.0025
284,2.59,0.0021
285,5.44,0.0027
286,3.76,0.002
287,4.0,0.0029
288,2.52,0.0019
289,3.71,0.003
290,4.16,0.0024
291,5.16,0.0039
292,3.29,0.0043
293,4.36,0.0044
294,4.2,0.0034
295,4.24,0.0042
296,3.88,0.004
297,4.3,0.0044
298,4.1,0.0045
299,4.75,0.0059
300,4.36,0.0057
301,5.59,0.0051
302,4.02,0.0041
303,3.4,0.0054
304,3.49,0.0051
305,5.98,0.0056
306,5.28,0.0065
307,4.64,0.007
308,4.4,0.0061
309,4.2,0.0051
310,4.8,0.0051
311,4.1,0.0044
312,4.61,0.0043
313,3.56,0.004
314,4.06,0.0042
315,4.4,0.0033
316,4.32,0.0021
317,3.54,0.0023
318,2.08,0.002
319,4.34,0.0024
320,4.02,0.0033
321,4.86,0.0063
322,4.6,0.0074
323,5.73,0.0089
324,5.79,0.0091
325,5.8,0.0091
326,5.1,0.007
327,4.6,0.0051
328,3.18,0.0046
329,3.45,0.0048
330,5.2,0.0051
331,5.3,0.0038
332,4.96,0.0043
333,1.65,0.0033
334,4.04,0.0031
335,3.92,0.0025
336,5.08,0.0047
337,4.16,0.0055
338,4.42,0.0068
339,5.05,0.0058
340,5.5,0.0058
341,3.8,0.0049
342,4.24,0.0046
343,3.25,0.004
344,4.72,0.0048
345,4.76,0.0043
346,4.77,0.0038
347,3.6,0.0028
348,2.7,0.0027
349,3.48,0.003
350,4.6,0.0032
351,5.16,0.003
352,3.89,0.0027
353,2.41,0.0024
354,3.04,0.0014
355,4.24,0.0015
356,4.0,0.0019
357,4.0,0.0025
358,2.89,0.0041
359,3.79,0.0028
360,6.2,0.0025
361,2.39,0.0036
362,3.7,0.0035
363,4.16,0.002
364,3.7,0.0042
365,4.3,0.0041
366,5.18,0.0042
367,3.48,0.0044
368,4.4,0.004
369,3.9,0.0015
370,3.78,0.0018
371,2.07,0.0013
372,3.86,0.002
373,3.87,0.0025
374,4.71,0.0043
375,4.39,0.0045
376,4.24,0.0033
377,4.14,0.0037
378,2.47,0.0043
379,5.18,0.0049
380,5.1,0.0043
381,5.0,0.0068
382,3.36,0.0054
383,5.54,0.0045
384,3.42,0.0038
385,4.02,0.0044
386,4.16,0.0015
387,4.12,0.0031
388,1.99,0.0024
389,5.42,0.0032
390,3.08,0.003
391,5.18,0.0045
392,3.87,0.0032
393,3.87,0.0039
394,3.8,0.0034
395,3.96,0.0037
396,4.56,0.0033
397,4.16,0.0025
398,3.36,0.003
399,2.84,0.0034
400,4.64,0.0045
401,5.02,0.004
402,5.5,0.0051
403,2.77,0.0049
404,4.2,0.0035
405,4.37,0.0019
406,3.28,0.0028
407,3.56,0.003
408,3.86,0.0028
409,4.5,0.0033
410,4.07,0.0032
411,3.85,0.0041
412,3.52,0.0049
413,4.99,0.0056
414,5.42,0.0036
415,5.0,0.004
416,1.34,0.0032
417,3.96,0.0023
418,4.08,0.0022
419,4.24,0.0048
420,4.89,0.0044
421,4.62,0.0028
422,3.44,0.0023
423,2.13,0.0015
424,3.54,0.0006
425,3.96,0.0006
426,3.55,0.0032
427,3.42,0.0033
428,5.3,0.0041
429,3.68,0.0038
430,4.9,0.0047
431,3.27,0.0037
432,4.5,0.005
433,4.07,0.0051
434,5.27,0.0067
435,5.05,0.0059
436,5.21,0.0055
437,3.48,0.0037
438,3.61,0.0033
439,2.99,0.0029
440,4.62,0.0034
441,4.75,0.0038
442,4.06,0.0044
443,4.1,0.0043
444,3.7,0.0036
445,4.51,0.0041
446,3.84,0.0038
447,4.75,0.0044
448,3.7,0.0041
449,4.42,0.0039
450,4.16,0.0036
451,3.63,0.0037
452,4.32,0.0046
453,3.9,0.0054
454,5.46,0.0059
455,5.12,0.0066
456,4.28,0.0077
457,5.17,0.0067
458,5.23,0.0068
459,4.3,0.0068
460,5.24,0.0052
461,4.24,0.0045
462,3.28,0.0035
463,4.26,0.0037
464,3.18,0.0027
465,5.4,0.004
466,3.1,0.0031
467,4.85,0.0047
468,3.09,0.0042
469,5.2,0.0051
470,4.72,0.0037
471,4.2,0.0044
472,3.18,0.0026
473,3.92,0.0023
474,3.02,0.0019
475,4.32,0.0022
476,3.69,0.0024
477,3.63,0.0032
478,4.16,0.0041
479,4.0,0.0053
480,5.36,0.0066
481,5.25,0.0049
482,5.25,0.0049
483,1.95,0.004
484,4.08,0.0031
485,4.28,0.0016
486,4.05,0.0033
487,3.49,0.0037
488,4.04,0.005
489,4.58,0.0055
490,5.8,0.0057
491,4.67,0.0067
492,3.76,0.0065
493,5.3,0.0052
494,4.34,0.0026
495,4.16,0.0032
496,1.54,0.0011
497,4.38,0.0016
498,2.82,0.0007
499,4.89,0.0023
500,3.09,0.0019
501,3.44,0.004
502,3.92,0.0032
503,5.4,0.003
504,3.9,0.0024
505,2.82,0.0018
506,2.79,0.0018
507,3.18,0.0029
508,5.42,0.0045
509,5.22,0.0056
510,4.74,0.0063
511,4.2,0.0043
512,3.96,0.0032
513,2.99,0.0024
514,3.84,0.0014
515,3.8,0.0015
516,3.01,0.0017
517,4.0,0.002
518,3.26,0.0022
519,4.19,0.0022
520,4.08,0.0023
521,2.98,0.0032
522,4.2,0.0031
523,4.27,0.0028
524,4.17,0.0035
525,3.69,0.003
526,3.85,0.002
527,3.54,0.003
528,3.05,0.0044
529,5.4,0.0049
530,5.4,0.0053
531,4.42,0.0059
532,4.09,0.005
533,3.77,0.0031
534,4.32,0.0031
535,3.06,0.0025
536,4.36,0.0039
537,3.4,0.0045
538,5.5,0.0062
539,5.04,0.0057
540,5.17,0.0073
541,3.75,0.0057
542,5.4,0.0047
543,3.47,0.0039
544,3.86,0.004
545,4.15,0.0028
546,3.94,0.0033
547,3.92,0.0044
548,4.05,0.0043
549,5.15,0.0044
550,4.04,0.0042
551,4.1,0.0044
552,3.62,0.0035
553,4.36,0.0044
554,3.98,0.0041
555,5.18,0.0047
556,3.69,0.0043
557,4.4,0.004
558,3.82,0.0025
559,3.64,0.0036
560,3.4,0.0033
561,4.96,0.0033
562,4.06,0.0037
563,3.81,0.0052
564,4.1,0.0045
565,5.32,0.0045
566,4.13,0.0044
567,4.04,0.0055
568,3.72,0.0057
569,5.44,0.0052
570,5.5,0.006
571,3.52,0.0042
572,5.0,0.0025
573,1.56,0.001
574,3.29,0.0019
575,3.71,0.001
576,4.61,0.0022
577,3.86,0.0009
578,3.04,0.0011
579,1.68,0.0006
580,4.0,0.0009
581,3.93,0.0031
582,4.24,0.0052
583,5.84,0.0062
584,4.2,0.0066
585,5.26,0.0082
586,4.39,0.0078
587,6.22,0.0075
588,5.4,0.0058
589,3.85,0.0051
590,3.1,0.0035
591,3.59,0.0019
592,4.18,0.003
593,3.5,0.0034
594,5.19,0.0037
595,3.5,0.0036
596,4.0,0.0048
597,4.1,0.0024
598,4.92,0.0032
599,2.25,0.0033
600,4.56,0.0045
601,4.08,0.0023
602,5.51,0.0044
603,2.26,0.0036
604,4.82,0.003
605,3.58,0.0013
606,3.32,0.0029
607,3.4,0.0025
608,4.23,0.003
609,4.32,0.0032
610,4.24,0.0034
611,3.6,0.0038
612,3.6,0.0049
613,4.8,0.006
614,5.62,0.0069
615,5.62,0.0086
616,4.74,0.0077
617,5.59,0.0063
618,3.76,0.0048
619,3.9,0.0047
620,3.74,0.0031
621,4.62,0.0029
622,3.65,0.0033
623,3.45,0.0031
624,4.4,0.0033
625,3.5,0.0045
626,4.85,0.0059
627,5.2,0.0056
628,5.2,0.0066
629,4.0,0.0057
630,4.69,0.0056
631,3.7,0.0048
632,5.14,0.0046
633,4.24,0.0041
634,3.75,0.0043
635,4.0,0.0035
636,4.0,0.0043
637,4.1,0.0041
638,5.32,0.0043
639,3.49,0.0044
640,4.2,0.003
641,4.2,0.0019
642,2.36,0.002
643,3.93,0.0021
644,3.56,0.0005
645,4.32,0.0022
646,2.27,0.002
647,4.46,0.0024
648,3.72,0.0024
649,4.08,0.0036
650,4.3,0.0031
651,3.7,0.0043
652,3.84,0.0045
653,5.2,0.0052
654,4.3,0.0052
655,5.25,0.0053
656,3.7,0.0037
657,3.94,0.0037
658,3.18,0.003
659,4.36,0.0033
660,4.4,0.0033
661,4.0,0.0041
662,3.96,0.0048
663,4.22,0.0045
664,5.2,0.0045
665,3.95,0.0046
666,4.02,0.0043
667,4.1,0.0034
668,3.9,0.0035
669,4.07,0.0031
670,4.08,0.0014
671,3.52,0.0019
672,2.01,0.0003
673,4.5,0.0003
674,2.14,0.0005
675,3.98,0.0033
676,3.78,0.004
677,5.53,0.0067
678,5.3,0.0063
679,5.5,0.0054
680,3.5,0.0027
681,2.68,0.002
682,2.15,0.0011
683,4.4,0.0007
684,4.4,0.0011
685,3.0,0.0024
686,3.25,0.0031
687,3.78,0.0023
688,5.23,0.0038
689,3.39,0.0042
690,4.85,0.0045
691,3.76,0.0037
692,4.2,0.0054
693,4.2,0.0054
694,5.43,0.0049
695,4.9,0.0046
696,3.16,0.0044
697,3.75,0.0042
698,4.0,0.0036
699,5.23,0.0038
700,4.16,0.0023
701,3.32,0.0021
702,1.95,0.0016
703,3.73,0.0018
704,4.67,0.0019
705,4.33,0.003
706,3.45,0.0028
707,3.35,0.0037
708,3.49,0.0043
709,5.77,0.0048
710,5.03,0.0055
711,4.06,0.0068
712,4.28,0.0062
713,5.02,0.005
714,5.13,0.0044
715,3.48,0.0042
716,3.3,0.0035
717,4.02,0.0027
718,4.21,0.0034
719,4.21,0.0047
720,4.27,0.0058
721,4.96,0.0062
722,5.3,0.0074
723,4.77,0.0086
724,5.64,0.0074
725,5.76,0.0058
726,3.42,0.0052
727,3.42,0.0033
728,3.96,0.003
729,3.34,0.0046
730,5.4,0.0062
731,5.38,0.0073
732,5.38,0.0088
733,5.28,0.0087
734,5.28,0.0087
735,5.28,0.0084
736,5.34,0.0079
737,5.02,0.0079
738,4.59,0.0063
739,5.32,0.0049
740,3.3,0.0053
741,3.6,0.0059
742,5.5,0.0058
743,5.4,0.0072
744,5.15,0.0085
745,5.1,0.0079
746,5.1,0.0074
747,4.83,0.0074
748,4.8,0.0074
749,5.15,0.0074
750,5.1,0.0067
751,5.12,0.006
752,3.9,0.0054
753,3.95,0.0048
754,4.46,0.0038
755,4.26,0.0049
756,3.9,0.0047
757,5.26,0.0048
758,3.8,0.0059
759,4.47,0.0067
760,5.68,0.0065
761,4.84,0.0076
762,5.1,0.0071
763,5.1,0.0073
764,3.9,0.0076
765,5.94,0.0078
766,5.18,0.0081
767,5.34,0.0092
768,5.4,0.0086
769,5.3,0.0092
770,5.24,0.0089
771,5.9,0.0088
772,4.9,0.0092
773,5.38,0.0097
774,5.74,0.0092
775,5.86,0.0095
776,5.3,0.0095
777,5.3,0.0091
778,5.3,0.0088
779,5.3,0.009
780,5.48,0.0091
781,5.48,0.0092
782,5.42,0.0092
783,5.42,0.0092
784,5.42,0.0092
785,5.42,0.0092
786,5.42,0.0087
787,5.42,0.0092
788,4.92,0.0098
789,6.04,0.01
790,6.06,0.0102
791,5.66,0.0102
792,5.66,0.0101
793,4.93,0.0099
794,6.0,0.0093
795,5.8,0.0087
796,4.93,0.0085
797,4.93,0.0079
798,4.59,0.0081
799,5.34,0.0092
800,6.04,0.01
801,6.2,0.011
802,6.01,0.0114
803,5.84,0.0112
804,5.76,0.0108
805,5.76,0.0104
806,5.76,0.0101
807,5.48,0.0098
808,5.48,0.0095
809,5.38,0.0093
810,5.5,0.0094
811,5.5,0.0094
812,5.5,0.0097
813,5.5,0.0102
814,5.78,0.0107
815,6.16,0.0112
816,6.06,0.0118
817,6.12,0.0116
818,6.18,0.0121
819,5.62,0.0116
820,6.72,0.011
821,5.5,0.0104
822,5.4,0.0111
823,5.4,0.0096
824,6.48,0.0096
825,4.9,0.0101
826,5.51,0.0106
827,6.04,0.0101
828,5.94,0.0105
829,5.84,0.0107
830,5.45,0.0098
831,5.7,0.009
832,4.94,0.0093
833,4.94,0.0089
834,6.2,0.0087
835,5.0,0.0096
836,5.5,0.0104
837,5.97,0.0102
838,5.97,0.0109
839,5.94,0.0112
840,5.9,0.0112
841,5.9,0.0109
842,5.92,0.011
843,5.62,0.0105
844,6.08,0.0098
845,5.28,0.009
846,4.94,0.0097
847,4.94,0.0092
848,6.54,0.0094
849,5.5,0.0099
850,5.5,0.0103
851,5.5,0.0095
852,5.5,0.0095
853,5.5,0.0095
854,5.5,0.0095
855,5.5,0.0093
856,5.5,0.0092
857,5.3,0.0093
858,5.3,0.0093
859,5.66,0.0092
860,5.5,0.0098
861,5.46,0.01
862,6.03,0.0103
863,5.45,0.0103
864,6.06,0.0103
865,5.46,0.0098
866,5.46,0.0102
867,5.44,0.0098
868,6.02,0.0098
869,5.5,0.0104
870,5.5,0.0109
871,6.14,0.011
872,6.14,0.0115
873,6.06,0.0118
874,6.1,0.0114
875,5.87,0.0111
876,5.7,0.0107
877,5.78,0.0102
878,5.5,0.0102
879,5.5,0.0103
880,5.86,0.0105
881,5.87,0.0109
882,6.04,0.0114
883,6.03,0.0117
884,6.04,0.0118
885,6.3,0.0118
886,5.92,0.0112
887,6.1,0.0107
888,5.3,0.0096
889,5.42,0.0089
890,4.97,0.0088
891,4.97,0.0101
892,6.06,0.0102
893,6.84,0.0106
894,5.5,0.0104
895,5.5,0.0099
896,4.73,0.0097
897,5.46,0.0101
898,6.58,0.0095
899,6.02,0.0094
900,4.7,0.0088
901,4.7,0.0084
902,4.7,0.0085
903,6.1,0.0094
904,6.06,0.0104
905,5.82,0.011
906,5.91,0.0107
907,5.48,0.0103
908,5.7,0.0098
909,5.57,0.01
910,5.22,0.0106
911,6.2,0.0105
912,6.22,0.0102
913,5.54,0.0101
914,5.16,0.0096
915,5.19,0.009
916,5.5,0.009
917,5.5,0.0092
918,5.5,0.0094
919,5.48,0.0094
920,5.48,0.01
921,5.48,0.0103
922,6.16,0.0106
923,5.94,0.011
924,5.87,0.0115
925,5.92,0.0111
926,6.16,0.0112
927,5.62,0.0112
928,6.02,0.0104
929,5.84,0.0095
930,5.0,0.0095
931,5.0,0.0099
932,5.62,0.0092
933,6.6,0.0092
934,5.0,0.0106
935,5.0,0.0101
936,6.64,0.0097
937,5.0,0.0106
938,6.16,0.011
939,6.03,0.01
940,5.5,0.0104
941,5.5,0.0099
942,5.48,0.0094
943,5.5,0.0093
944,5.46,0.0096
945,5.32,0.01
946,5.93,0.0102
947,5.93,0.0106
948,5.8,0.0111
949,5.9,0.0104
950,5.9,0.0104
951,5.1,0.0106
952,5.94,0.0105
953,6.0,0.0104
954,5.79,0.011
955,5.83,0.0105
956,5.81,0.01
957,5.33,0.0102
958,5.34,0.0101
959,6.05,0.0087
960,5.77,0.0084
961,4.01,0.0081
962,5.0,0.0077
963,5.0,0.0988
964,5.5,0.2065
965,117.98,0.3008
966,136.66,0.3948
967,121.0,0.3924
968,120.78,0.3018
969,2.56,0.288
970,6.42,0.304
971,119.69,0.3304
972,140.62,0.3327
973,153.39,0.332
974,5.38,0.2395
975,5.54,0.1302
976,5.82,0.068
977,5.98,0.2334
978,76.84,0.383
979,209.01,0.5327
980,189.77,0.6834
981,190.1,0.7668
982,191.52,0.6015
983,179.5,0.5405
984,5.56,0.481
985,114.58,0.3299
986,116.96,0.1888
987,5.41,0.2751
988,5.84,0.2819
989,111.78,0.3002
990,122.95,0.4276
991,139.51,0.4284
992,162.24,0.3418
993,6.8,0.2541
994,5.16,0.2328
995,14.97,0.2979
996,113.25,0.4926
997,242.47,0.6511
998,246.52,0.7494
999,200.26,0.7694
1000,136.07,0.6776
1001,137.86,0.6216
1002,129.43,0.4638
1003,177.6,0.4354
1004,5.92,0.4173
1005,101.06,0.4112
1006,115.56,0.2715
1007,121.94,0.2711
1008,5.58,0.3005
1009,5.46,0.3472
1010,137.22,0.343
1011,173.18,0.4536
1012,116.76,0.4542
1013,141.73,0.3478
1014,6.17,0.2121
1015,6.17,0.1216
1016,6.1,0.011
1017,5.4,0.0108
1018,5.5,0.1118
1019,5.96,0.2408
1020,130.51,0.2409
1021,164.9,0.2409
1022,5.56,0.241
1023,5.56,0.1398
1024,6.02,0.0997
1025,5.92,0.1887
1026,115.51,0.1992
1027,115.22,0.2079
1028,18.48,0.2973
1029,16.74,0.3043
1030,115.94,0.3117
1031,124.1,0.3967
1032,124.31,0.4876
1033,123.19,0.3979
1034,128.69,0.3997
1035,5.44,0.4021
1036,126.3,0.413
1037,127.29,0.4684
1038,136.62,0.6075
1039,196.86,0.6647
1040,176.78,0.6689
1041,196.73,0.7482
1042,132.46,0.704
1043,234.24,0.5648
1044,142.36,0.422
1045,5.4,0.4121
1046,20.89,0.3312
1047,120.34,0.2205
1048,134.64,0.3093
1049,6.0,0.3995
1050,114.76,0.3978
1051,132.01,0.3789
1052,118.16,0.4723
1053,111.45,0.533
1054,120.94,0.607
1055,189.48,0.6801
1056,223.21,0.7586
1057,208.07,0.8295
1058,208.14,0.8743
1059,208.21,0.8422
1060,244.7,0.8494
1061,183.6,0.8782
1062,216.99,0.802
1063,243.65,0.6082
1064,114.33,0.5472
1065,6.04,0.4598
1066,108.6,0.3669
1067,109.3,0.2788
1068,129.33,0.2786
1069,5.85,0.2911
1070,5.72,0.3059
1071,124.09,0.2937
1072,127.47,0.3932
1073,114.34,0.5017
1074,128.28,0.491
1075,139.34,0.4988
1076,111.0,0.5162
1077,137.0,0.5224
1078,135.78,0.5583
1079,135.86,0.6138
1080,183.62,0.6468
1081,179.28,0.6251
1082,177.65,0.5988
1083,109.06,0.5425
1084,103.51,0.4011
1085,114.25,0.3676
1086,5.16,0.3774
1087,136.45,0.2968
1088,121.18,0.2087
1089,4.28,0.3049
1090,5.74,0.3555
1091,123.6,0.4039
1092,198.73,0.5055
1093,180.8,0.5515
1094,129.32,0.4556
1095,62.44,0.2987
1096,5.54,0.3469
1097,5.54,0.4364
1098,240.07,0.5801
1099,239.54,0.7107
1100,239.44,0.8525
1101,166.31,0.8035
1102,180.05,0.6142
1103,179.76,0.4252
1104,6.46,0.2955
1105,6.72,0.1774
1106,6.72,0.1328
1107,34.61,0.2372
1108,124.86,0.236
1109,134.93,0.3391
1110,5.32,0.4247
1111,133.62,0.425
1112,140.04,0.4086
1113,125.15,0.5106
1114,114.76,0.407
1115,130.91,0.3775
1116,6.06,0.3828
1117,103.72,0.4189
1118,131.69,0.4948
1119,159.24,0.591
1120,224.34,0.7046
1121,124.45,0.7938
1122,243.69,0.8207
1123,241.41,0.7947
1124,192.44,0.6981
1125,192.26,0.5047
1126,5.58,0.4073
1127,5.5,0.3434
1128,121.52,0.2331
1129,113.72,0.2389
1130,56.54,0.3381
1131,12.74,0.3281
1132,127.65,0.3341
1133,109.2,0.386
1134,121.1,0.4988
1135,120.34,0.5487
1136,151.65,0.5744
1137,189.08,0.4809
1138,140.88,0.4854
1139,5.99,0.4557
1140,125.84,0.4161
1141,115.14,0.3062
1142,140.28,0.3945
1143,5.61,0.3962
1144,114.66,0.4123
1145,128.02,0.3028
1146,134.95,0.3027
1147,5.43,0.3109
1148,5.5,0.3195
1149,124.73,0.2141
1150,138.64,0.3554
1151,5.2,0.4536
1152,179.32,0.4467
1153,126.42,0.4268
1154,116.22,0.5277
1155,114.16,0.4871
1156,129.39,0.4988
1157,129.42,0.5184
1158,140.73,0.5435
1159,140.42,0.5439
1160,145.01,0.5457
1161,129.96,0.5691
1162,131.62,0.5174
1163,169.51,0.4045
1164,76.81,0.3036
1165,5.93,0.2015
1166,5.83,0.1299
1167,5.89,0.1576
1168,81.28,0.2724
1169,111.0,0.2721
1170,147.18,0.2721
1171,5.55,0.3053
1172,5.84,0.3243
1173,122.14,0.2985
1174,134.38,0.4388
1175,115.43,0.5961
1176,178.35,0.6523
1177,199.44,0.5479
1178,191.34,0.4589
1179,5.84,0.4108
1180,5.86,0.352
1181,119.15,0.2139
1182,127.03,0.2138
1183,21.32,0.3162
1184,5.68,0.3144
1185,131.99,0.2953
1186,116.96,0.283
1187,103.52,0.3924
1188,6.14,0.424
1189,140.39,0.3479
1190,170.92,0.2685
1191,23.19,0.2808
1192,5.74,0.3011
1193,21.35,0.2681
1194,165.32,0.3431
1195,130.34,0.5
1196,115.51,0.5873
1197,198.96,0.6175
1198,128.79,0.6601
1199,202.56,0.571
1200,182.76,0.4141
1201,5.76,0.435
1202,5.76,0.3961
1203,154.64,0.3581
1204,154.6,0.4906
1205,135.93,0.5895
1206,168.9,0.4681
1207,127.55,0.4514
1208,5.19,0.4347
1209,134.06,0.3992
1210,115.3,0.3
1211,125.28,0.4181
1212,5.4,0.4696
1213,150.51,0.5618
1214,197.54,0.5595
1215,228.85,0.6651
1216,122.41,0.5472
1217,135.42,0.4815
1218,5.3,0.4073
1219,116.72,0.4187
1220,137.47,0.4548
1221,136.39,0.5869
1222,179.86,0.4965
1223,168.04,0.3897
1224,5.4,0.4195
1225,5.94,0.3874
1226,173.1,0.2558
1227,140.31,0.2563
1228,6.0,0.3615
1229,6.06,0.3308
1230,135.4,0.3163
1231,135.42,0.3162
1232,122.36,0.4234
1233,5.86,0.4149
1234,138.1,0.4049
1235,124.94,0.4012
1236,123.14,0.5353
1237,117.72,0.5281
1238,171.0,0.5369
1239,129.18,0.5452
1240,135.78,0.5977
1241,133.37,0.6059
1242,182.39,0.6661
1243,181.08,0.6994
1244,203.4,0.5958
1245,176.72,0.4524
1246,5.82,0.3101
1247,5.82,0.1496
1248,5.86,0.1165
1249,5.82,0.2127
1250,135.94,0.2268
1251,124.31,0.2265
1252,23.11,0.3148
1253,5.5,0.2985
1254,114.62,0.2911
1255,115.76,0.3826
1256,115.27,0.5271
1257,135.7,0.5596
1258,183.5,0.5756
1259,154.56,0.592
1260,135.44,0.5904
1261,135.56,0.6241
1262,133.72,0.5993
1263,225.02,0.5952
1264,123.94,0.5806
1265,130.38,0.5867
1266,117.58,0.5104
1267,141.3,0.4142
1268,131.04,0.3237
1269,5.5,0.3269
1270,18.9,0.3112
1271,121.56,0.2094
1272,121.99,0.2097
1273,5.75,0.3906
1274,5.84,0.4692
1275,241.61,0.4697
1276,218.36,0.5588
1277,122.52,0.7131
1278,115.51,0.6683
1279,195.86,0.6439
1280,186.43,0.7217
1281,188.3,0.7369
1282,218.26,0.7248
1283,134.22,0.7576
1284,181.07,0.7719
1285,226.82,0.789
1286,205.8,0.7886
1287,239.33,0.6463
1288,133.81,0.5514
1289,5.8,0.4918
1290,109.94,0.4125
1291,132.41,0.3087
1292,141.79,0.3089
1293,5.96,0.399
1294,6.08,0.4895
1295,220.79,0.5724
1296,243.84,0.7652
1297,243.86,0.9016
1298,243.38,0.8638
1299,174.07,0.7896
1300,174.24,0.7026
1301,152.44,0.6717
1302,136.73,0.5352
1303,205.38,0.5051
1304,5.96,0.4767
1305,137.22,0.4722
1306,117.46,0.4607
1307,131.19,0.5619
1308,191.2,0.4521
1309,130.57,0.4572
1310,2.07,0.4449
1311,123.68,0.4036
1312,116.07,0.3017
1313,140.36,0.4264
1314,5.16,0.4267
1315,155.5,0.4485
1316,124.14,0.5003
1317,142.89,0.6905
1318,204.14,0.7236
1319,239.32,0.7688
1320,196.3,0.7532
1321,179.76,0.6996
1322,123.66,0.6565
1323,138.15,0.6431
1324,186.24,0.5017
1325,179.85,0.4062
1326,5.67,0.4827
1327,6.05,0.3922
1328,232.4,0.2511
1329,74.71,0.284
1330,6.11,0.3726
1331,46.17,0.2939
1332,115.23,0.2375
1333,135.51,0.349
1334,5.2,0.4703
1335,143.46,0.5345
1336,195.43,0.5138
1337,194.36,0.6179
1338,110.0,0.506
1339,133.32,0.5374
1340,5.77,0.543
1341,234.02,0.6152
1342,201.3,0.6627
1343,198.93,0.8
1344,191.77,0.6229
1345,174.76,0.4787
1346,15.94,0.4055
1347,23.82,0.361
1348,108.83,0.224
1349,136.96,0.2159
1350,6.02,0.2914
1351,5.98,0.2989
1352,116.83,0.2042
1353,118.09,0.2038
1354,20.3,0.3005
1355,5.59,0.304
1356,125.0,0.3302
1357,121.12,0.4362
1358,150.4,0.5782
1359,150.77,0.4814
1360,180.5,0.3875
1361,5.7,0.27
1362,5.58,0.1561
1363,5.76,0.1986
1364,10.44,0.2968
1365,232.81,0.297
1366,126.72,0.405
1367,5.71,0.5332
1368,138.78,0.5097
1369,168.28,0.4115
1370,203.9,0.4113
1371,5.76,0.4085
1372,5.56,0.2765
1373,135.26,0.1162
1374,5.78,0.2061
1375,6.56,0.3181
1376,116.38,0.3467
1377,143.53,0.4412
1378,170.39,0.5796
1379,122.21,0.647
1380,176.95,0.6905
1381,199.4,0.7
1382,197.07,0.7411
1383,182.07,0.7387
1384,172.74,0.7405
1385,174.0,0.7832
1386,201.63,0.8382
1387,249.72,0.887
1388,249.81,0.856
1389,232.77,0.6972
1390,135.88,0.6005
1391,6.02,0.507
1392,130.74,0.4312
1393,134.65,0.3257
1394,139.48,0.3257
1395,5.97,0.3135
1396,6.06,0.3704
1397,115.69,0.3564
1398,204.67,0.4458
1399,122.3,0.6099
1400,115.95,0.6397
1401,208.11,0.618
1402,152.4,0.6292
1403,177.94,0.6457
1404,136.1,0.5873
1405,136.27,0.5677
1406,136.27,0.5802
1407,128.21,0.6357
1408,193.39,0.7092
1409,204.39,0.7539
1410,226.8,0.6545
1411,191.25,0.61
1412,5.79,0.5479
1413,138.68,0.4632
1414,127.94,0.3126
1415,122.47,0.3573
1416,5.8,0.3887
1417,60.84,0.4769
1418,177.4,0.5753
1419,236.52,0.7188
1420,243.58,0.8657
1421,182.47,0.8317
1422,241.74,0.6444
1423,135.49,0.5723
1424,5.98,0.5351
1425,154.83,0.4557
1426,136.64,0.5001
1427,143.94,0.6744
1428,190.14,0.7308
1429,220.62,0.6809
1430,224.23,0.5688
1431,75.19,0.4304
1432,5.98,0.3607
1433,19.72,0.2855
1434,134.79,0.2292
1435,131.72,0.4185
1436,5.79,0.5141
1437,239.13,0.5528
1438,137.4,0.5564
1439,182.36,0.6635
1440,136.25,0.4822
1441,137.57,0.423
1442,15.89,0.394
1443,64.61,0.3818
1444,146.56,0.4561
1445,121.26,0.625
1446,229.02,0.6696
1447,223.93,0.6593
1448,119.46,0.7602
1449,133.92,0.743
1450,245.46,0.5665
1451,207.91,0.4746
1452,6.56,0.4369
1453,6.3,0.3629
1454,87.54,0.306
1455,154.39,0.305
1456,137.82,0.442
1457,5.25,0.5405
1458,174.98,0.5258
1459,208.83,0.5541
1460,136.28,0.5541
1461,172.7,0.4168
1462,5.26,0.3476
1463,5.94,0.3441
1464,123.61,0.2112
1465,132.0,0.2258
1466,9.04,0.3217
1467,23.22,0.3326
1468,124.02,0.3366
1469,137.0,0.4825
1470,136.99,0.5651
1471,188.66,0.4692
1472,124.92,0.4674
1473,5.99,0.4569
1474,134.73,0.312
1475,124.14,0.2153
1476,10.2,0.285
1477,5.89,0.3281
1478,91.8,0.3638
1479,187.76,0.5423
1480,168.16,0.7171
1481,229.88,0.8024
1482,221.2,0.8301
1483,196.83,0.8555
1484,221.82,0.7697
1485,199.4,0.7046
1486,124.32,0.7295
1487,140.98,0.74
1488,227.46,0.6677
1489,234.76,0.571
1490,110.37,0.4607
1491,5.3,0.2809
1492,5.14,0.0959
1493,6.14,0.1075
1494,6.93,0.223
1495,124.71,0.223
1496,147.43,0.223
1497,5.2,0.3318
1498,6.08,0.3454
1499,140.98,0.3337
1500,141.39,0.4437
1501,133.05,0.4433
1502,140.67,0.3328
1503,5.5,0.3037
1504,5.0,0.3965
1505,105.57,0.4851
1506,247.26,0.6267
1507,249.77,0.6267
1508,179.87,0.5613
1509,5.0,0.4609
1510,25.03,0.3509
1511,123.66,0.2098
1512,114.36,0.2107
1513,6.04,0.2888
1514,6.1,0.2888
1515,121.29,0.2448
1516,123.67,0.2472
1517,60.17,0.343
1518,9.0,0.3457
1519,123.96,0.3441
1520,124.64,0.3877
1521,121.78,0.5267
1522,113.78,0.535
1523,180.15,0.5475
1524,134.14,0.6387
1525,140.04,0.6647
1526,234.04,0.7087
1527,145.9,0.7899
1528,234.22,0.8148
1529,234.21,0.7419
1530,170.63,0.6282
1531,144.34,0.4427
1532,5.84,0.2573
1533,5.91,0.1237
1534,5.94,0.1077
1535,6.18,0.2064
1536,124.62,0.2064
1537,127.3,0.2981
1538,5.92,0.3983
1539,118.82,0.4024
1540,129.55,0.445
1541,129.64,0.5384
1542,179.78,0.5523
1543,120.9,0.5493
1544,135.97,0.613
1545,125.88,0.6168
1546,208.02,0.6243
1547,184.52,0.6228
1548,130.15,0.7205
1549,134.04,0.6602
1550,246.15,0.5143
1551,133.77,0.4127
1552,5.0,0.3079
1553,5.0,0.1735
1554,5.0,0.1698
1555,80.71,0.3218
1556,129.15,0.3219
1557,192.24,0.3231
1558,5.1,0.3566
1559,6.45,0.3707
1560,121.94,0.3375
1561,146.54,0.4414
1562,151.33,0.4409
1563,132.98,0.3467
1564,5.86,0.3269
1565,5.98,0.3019
1566,122.16,0.3764
1567,120.49,0.5336
1568,224.78,0.7025
1569,199.34,0.7533
1570,213.95,0.8014
1571,184.72,0.7646
1572,179.78,0.7592
1573,179.43,0.5905
1574,192.72,0.5342
1575,6.22,0.4832
1576,115.43,0.3407
1577,116.98,0.1885
1578,3.93,0.273
1579,5.3,0.3458
1580,110.34,0.42
1581,204.99,0.5181
1582,208.33,0.6393
1583,124.76,0.5542
1584,154.47,0.3923
1585,5.68,0.4225
1586,5.64,0.5234
1587,245.5,0.6007
1588,249.02,0.7987
1589,249.64,0.9968
1590,249.42,1.0
1591,249.56,0.9533
1592,249.41,0.9078
1593,191.54,0.7097
1594,193.6,0.6007
1595,5.5,0.4915
1596,115.35,0.4665
1597,114.96,0.3137
1598,160.8,0.3987
1599,5.5,0.4026
1600,110.16,0.4233
1601,120.09,0.3939
1602,140.48,0.4881
1603,124.63,0.5732
1604,121.42,0.6723
1605,214.99,0.6604
1606,242.06,0.645
1607,125.87,0.5511
1608,105.58,0.3815
1609,5.86,0.3471
1610,6.15,0.4068
1611,199.79,0.4992
1612,199.38,0.669
1613,219.24,0.6681
1614,214.98,0.51
1615,5.05,0.4485
1616,5.1,0.3711
1617,123.73,0.2973
1618,123.85,0.2979
1619,124.2,0.3923
1620,5.78,0.4056
1621,121.26,0.4236
1622,140.06,0.4171
1623,146.13,0.522
1624,116.1,0.4276
1625,134.97,0.4548
1626,5.0,0.5046
1627,173.63,0.5467
1628,207.39,0.5744
1629,167.89,0.6842
1630,169.15,0.5479
1631,140.15,0.4986
1632,5.87,0.4686
1633,146.63,0.4676
1634,131.03,0.3586
1635,167.84,0.3586
1636,5.92,0.3592
1637,5.95,0.2652
1638,147.38,0.1339
1639,15.23,0.3259
1640,6.19,0.5183
1641,242.33,0.5042
1642,242.87,0.5907
1643,129.98,0.6894
1644,121.8,0.6551
1645,127.67,0.66
1646,200.12,0.7108
1647,248.81,0.7741
1648,192.61,0.8326
1649,199.66,0.8481
1650,199.69,0.8241
1651,219.26,0.7712
1652,219.3,0.7982
1653,127.46,0.7442
1654,232.91,0.5703
1655,133.16,0.4094
1656,5.1,0.4073
1657,21.22,0.3165
1658,124.86,0.2127
1659,121.17,0.2129
1660,5.34,0.3965
1661,5.34,0.4095
1662,247.32,0.4701
1663,140.87,0.6593
1664,195.8,0.8357
1665,238.22,0.7657
1666,222.57,0.6557
1667,161.16,0.5011
1668,5.4,0.5042
1669,5.48,0.4698
1670,242.01,0.4883
1671,180.2,0.5905
1672,183.95,0.7305
1673,131.21,0.671
1674,177.88,0.6406
1675,168.73,0.4957
1676,142.77,0.4808
1677,5.53,0.4426
1678,112.87,0.3998
1679,130.82,0.2884
1680,116.13,0.2886
1681,5.6,0.2954
1682,5.7,0.2882
1683,121.26,0.3022
1684,122.0,0.3022
1685,133.3,0.3023
1686,5.66,0.3502
1687,5.83,0.3668
1688,180.16,0.3668
1689,142.52,0.4531
1690,133.24,0.5501
1691,111.98,0.5088
1692,125.2,0.5581
1693,129.39,0.647
1694,203.19,0.7395
1695,242.63,0.6426
1696,225.93,0.6456
1697,5.84,0.5978
1698,133.18,0.5078
1699,144.29,0.3297
1700,131.75,0.4784
1701,6.66,0.478
1702,189.02,0.466
1703,132.59,0.4923
1704,129.59,0.5951
1705,164.06,0.4455
1706,133.32,0.3425
1707,4.83,0.3849
1708,5.73,0.3586
1709,181.76,0.4258
1710,131.67,0.5982
1711,216.04,0.7445
1712,217.2,0.7429
1713,185.77,0.8308
1714,179.8,0.7586
1715,239.89,0.5952
1716,127.22,0.4484
1717,15.99,0.4316
1718,4.97,0.3359
1719,159.19,0.3758
1720,122.04,0.367
1721,176.3,0.4582
1722,5.22,0.4246
1723,117.28,0.4329
1724,117.76,0.3964
1725,132.25,0.4912
1726,131.39,0.4936
1727,121.92,0.4027
1728,120.28,0.2995
1729,5.85,0.3361
1730,5.1,0.3425
1731,176.48,0.3372
1732,129.77,0.4692
1733,113.78,0.47
1734,168.4,0.3308
1735,6.12,0.2302
1736,5.0,0.1428
1737,6.0,0.1016
1738,6.1,0.1956
1739,117.7,0.2145
1740,121.84,0.2145
1741,28.24,0.3292
1742,6.08,0.3275
1743,147.3,0.3211
1744,115.6,0.3878
1745,113.92,0.4937
1746,110.39,0.5496
1747,136.46,0.5927
1748,216.13,0.637
1749,168.64,0.7151
1750,168.47,0.709
1751,206.53,0.6351
1752,129.0,0.5031
1753,125.16,0.4613
1754,6.08,0.3828
1755,117.0,0.3933
1756,109.92,0.297
1757,141.93,0.2974
1758,6.64,0.3123
1759,6.54,0.3334
1760,135.32,0.2229
1761,135.84,0.2222
1762,5.9,0.3279
1763,5.84,0.3289
1764,136.69,0.3099
1765,136.52,0.4147
1766,112.49,0.518
1767,134.83,0.5527
1768,133.02,0.5526
1769,179.41,0.6265
1770,136.42,0.6778
1771,203.51,0.7248
1772,197.99,0.7013
1773,190.91,0.6925
1774,150.47,0.6727
1775,125.6,0.6578
1776,179.14,0.5075
1777,179.59,0.4861
1778,5.86,0.499
1779,124.09,0.4636
1780,141.48,0.3218
1781,135.58,0.3211
1782,5.0,0.3359
1783,5.0,0.3726
1784,142.32,0.4168
1785,186.63,0.5506
1786,190.0,0.6921
1787,169.8,0.7227
1788,179.23,0.7076
1789,179.96,0.665
1790,168.01,0.6379
1791,137.59,0.497
1792,136.47,0.5518
1793,5.74,0.5592
1794,247.47,0.5957
1795,177.07,0.6857
1796,182.51,0.8819
1797,247.28,0.6858
1798,247.38,0.6378
1799,6.0,0.5994
1800,117.94,0.5033
1801,135.16,0.3067
1802,129.0,0.3174
1803,5.4,0.3266
1804,19.09,0.3094
1805,129.26,0.3919
1806,114.01,0.5746
1807,230.55,0.5636
1808,230.41,0.4631
1809,5.51,0.4854
1810,5.5,0.4902
1811,141.5,0.3078
1812,236.42,0.3082
1813,5.92,0.409
1814,5.92,0.4087
1815,129.7,0.3188
1816,141.06,0.3394
1817,125.74,0.3391
1818,31.29,0.252
1819,5.54,0.2301
1820,22.49,0.229
1821,114.08,0.2084
1822,124.41,0.297
1823,5.93,0.3724
1824,114.62,0.3788
1825,115.36,0.4079
1826,121.91,0.5365
1827,160.18,0.4603
1828,164.36,0.4509
1829,20.73,0.4533
1830,103.85,0.4388
1831,124.8,0.415
1832,142.4,0.508
1833,135.02,0.5592
1834,135.25,0.6091
1835,166.82,0.6406
1836,186.29,0.6485
1837,181.16,0.543
1838,144.76,0.4121
1839,5.42,0.3631
1840,5.63,0.3675
1841,125.94,0.3429
1842,186.62,0.3428
1843,114.36,0.4322
1844,5.37,0.5229
1845,115.7,0.5657
1846,237.55,0.5706
1847,239.4,0.7044
1848,120.32,0.6149
1849,170.15,0.4264
1850,5.5,0.2364
1851,5.44,0.1431
1852,5.44,0.0097
1853,5.48,0.0099
1854,5.91,0.0102
1855,5.8,0.2001
1856,5.72,0.39
1857,239.24,0.532
1858,239.32,0.532
1859,180.78,0.6248
1860,5.8,0.5393
1861,120.01,0.3569
1862,133.98,0.2156
1863,14.69,0.2727
1864,6.82,0.2958
1865,76.06,0.3187
1866,148.44,0.4059
1867,162.16,0.4916
1868,122.06,0.4348
1869,112.38,0.319
1870,6.1,0.2924
1871,5.9,0.2899
1872,129.47,0.3699
1873,118.87,0.5381
1874,210.98,0.5378
1875,213.19,0.4366
1876,5.48,0.4511
1877,4.87,0.3976
1878,136.67,0.2435
1879,145.18,0.2432
1880,23.46,0.3595
1881,5.03,0.3496
1882,148.15,0.2362
1883,124.46,0.2222
1884,5.5,0.3368
1885,6.24,0.3142
1886,146.18,0.3119
1887,120.25,0.4004
1888,121.7,0.3998
1889,114.47,0.2856
1890,5.5,0.2835
1891,5.5,0.2882
1892,117.73,0.3097
1893,127.48,0.4907
1894,140.94,0.5103
1895,228.36,0.419
1896,29.58,0.332
1897,5.4,0.3187
1898,20.35,0.2341
1899,124.56,0.2146
1900,124.19,0.3109
1901,5.5,0.4089
1902,123.99,0.3613
1903,141.04,0.2652
1904,65.99,0.3805
1905,5.81,0.3734
1906,147.49,0.3578
1907,115.29,0.3977
1908,121.81,0.5346
1909,115.14,0.579
1910,174.36,0.6203
1911,202.12,0.6835
1912,166.11,0.7084
1913,199.62,0.6861
1914,145.84,0.6123
1915,146.84,0.6647
1916,111.3,0.6857
1917,230.58,0.6743
1918,225.47,0.6444
1919,131.86,0.5583
1920,110.02,0.3753
1921,5.3,0.2933
1922,5.3,0.297
1923,124.44,0.2125
1924,136.45,0.3288
1925,5.98,0.4326
1926,148.51,0.4385
1927,133.02,0.4301
1928,131.73,0.54
1929,126.12,0.4408
1930,141.32,0.3375
1931,26.34,0.2353
1932,5.9,0.1377
1933,5.9,0.1245
1934,5.9,0.2172
1935,125.11,0.4095
1936,140.46,0.5975
1937,242.59,0.7498
1938,237.46,0.7549
1939,193.36,0.6457
1940,131.38,0.4536
1941,6.1,0.326
1942,6.06,0.268
1943,80.31,0.2742
1944,122.0,0.2736
1945,138.98,0.2735
1946,5.34,0.2134
1947,5.99,0.2065
1948,6.24,0.2105
1949,113.51,0.2103
1950,143.98,0.2095
1951,5.0,0.2097
1952,5.0,0.1224
1953,6.54,0.0105
1954,6.06,0.0113
1955,6.1,0.0119
1956,6.06,0.0107
1957,5.74,0.0106
1958,5.0,0.0103
1959,5.94,0.0101
1960,5.72,0.0102
1961,5.88,0.1003
1962,5.87,0.2015
1963,115.88,0.2065
1964,130.58,0.2061
1965,11.81,0.218
1966,5.5,0.2254
1967,20.53,0.2203
1968,124.94,0.3216
1969,124.34,0.445
1970,136.5,0.4333
1971,157.42,0.3367
1972,6.1,0.3794
1973,6.04,0.3709
1974,176.96,0.3466
1975,126.02,0.4866
1976,127.42,0.621
1977,178.48,0.5851
1978,171.54,0.5839
1979,132.8,0.6645
1980,124.45,0.6298
1981,226.72,0.4952
1982,135.73,0.4779
1983,5.87,0.4878
1984,111.46,0.3084
1985,136.7,0.2028
1986,5.76,0.2835
1987,5.73,0.3032
1988,105.25,0.2903
1989,135.72,0.3764
1990,120.77,0.3764
1991,111.84,0.384
1992,5.74,0.465
1993,114.55,0.4699
1994,235.45,0.5153
1995,126.78,0.6164
1996,167.71,0.6893
1997,130.3,0.6542
1998,204.33,0.6996
1999,192.16,0.6761
2000,182.72,0.5746
2001,138.73,0.4131
2002,5.41,0.3581
2003,5.46,0.3107
2004,124.46,0.2941
2005,124.36,0.2946
2006,118.26,0.4339
2007,6.04,0.4837
2008,176.9,0.4928
2009,185.82,0.4868
2010,135.57,0.5849
2011,110.81,0.4458
2012,126.82,0.3918
2013,5.7,0.3654
2014,119.34,0.3592
2015,103.09,0.34
2016,103.09,0.4193
2017,103.28,0.4024
2018,103.29,0.4274
2019,98.51,0.5128
2020,133.91,0.5309
2021,208.27,0.4513
2022,125.47,0.3756
2023,5.3,0.3605
2024,5.3,0.2843
2025,115.38,0.198
2026,114.4,0.3013
2027,19.18,0.4804
2028,132.55,0.5694
2029,225.8,0.664
2030,224.92,0.774
2031,230.97,0.782
2032,154.59,0.6929
2033,142.38,0.6151
2034,116.02,0.532
2035,129.14,0.5429
2036,128.72,0.6062
2037,168.05,0.6226
2038,220.24,0.7177
2039,136.21,0.765
2040,246.25,0.7864
2041,187.02,0.6123
2042,194.37,0.5193
2043,5.88,0.4179
2044,21.7,0.4052
2045,121.38,0.2518
2046,171.39,0.2514
2047,5.46,0.3321
2048,5.46,0.3332
2049,121.05,0.3031
2050,122.72,0.4153
2051,134.37,0.4158
2052,143.57,0.3219
2053,6.04,0.329
2054,5.53,0.3311
2055,131.42,0.3547
2056,136.94,0.509
2057,172.66,0.6518
2058,195.98,0.7072
2059,181.37,0.6953
2060,199.57,0.6986
2061,122.32,0.647
2062,176.74,0.5038
2063,132.4,0.4294
2064,5.13,0.4237
2065,107.87,0.3752
2066,115.41,0.2717
2067,117.02,0.2717
2068,4.88,0.3286
2069,5.14,0.3401
2070,177.94,0.3668
2071,129.6,0.4993
2072,149.89,0.4999
2073,167.98,0.3602
2074,5.93,0.259
2075,5.98,0.1421
2076,4.92,0.2079
2077,6.04,0.208
2078,248.93,0.2081
2079,6.1,0.3181
2080,6.04,0.4239
2081,140.35,0.3334
2082,136.33,0.3332
2083,137.49,0.4257
2084,5.88,0.4181
2085,119.86,0.3995
2086,131.02,0.2928
2087,113.52,0.3604
2088,6.04,0.3646
2089,89.12,0.3558
2090,125.0,0.3552
2091,120.18,0.4418
2092,112.77,0.4821
2093,112.68,0.4925
2094,138.78,0.5231
2095,137.76,0.5383
2096,157.88,0.4518
2097,131.54,0.3441
2098,6.18,0.4323
2099,6.1,0.415
2100,246.42,0.4139
2101,136.56,0.4128
2102,130.24,0.4125
2103,4.81,0.2175
2104,5.64,0.2167
2105,6.4,0.2213
2106,135.56,0.3313
2107,135.92,0.3313
2108,140.25,0.4165
2109,5.58,0.4438
2110,111.39,0.4437
2111,169.06,0.4369
2112,135.89,0.5712
2113,131.81,0.6268
2114,170.92,0.6548
2115,179.94,0.5482
2116,203.46,0.4448
2117,4.62,0.3098
2118,4.59,0.1674
2119,4.59,0.1706
2120,4.62,0.361
2121,207.51,0.5527
2122,238.99,0.5536
2123,240.64,0.5546
2124,5.64,0.4809
2125,5.86,0.3837
2126,116.85,0.2222
2127,119.27,0.222
2128,41.84,0.3771
2129,5.3,0.3809
2130,196.89,0.3502
2131,121.52,0.4152
2132,81.49,0.5503
2133,121.86,0.4997
2134,171.65,0.5788
2135,134.5,0.6827
2136,218.96,0.6902
2137,209.48,0.6955
2138,131.09,0.7332
2139,178.13,0.6639
2140,180.88,0.6812
2141,133.72,0.7164
2142,230.75,0.7433
2143,174.42,0.6014
2144,211.22,0.4977
2145,6.14,0.4047
2146,6.06,0.3557
2147,116.29,0.1887
2148,114.05,0.1884
2149,5.6,0.3532
2150,5.82,0.3648
2151,208.99,0.4117
2152,130.46,0.5645
2153,171.89,0.5812
2154,193.68,0.4159
2155,26.36,0.4791
2156,5.55,0.5086
2157,208.25,0.5192
2158,208.18,0.6031
2159,206.73,0.7367
2160,129.66,0.719
2161,170.1,0.6484
2162,186.47,0.5936
2163,121.15,0.5769
2164,139.29,0.583
2165,109.1,0.5621
2166,177.6,0.5937
2167,160.8,0.485
2168,159.96,0.4006
2169,5.54,0.3978
2170,5.1,0.4366
2171,174.22,0.3988
2172,208.53,0.4874
2173,113.44,0.4881
2174,114.67,0.3515
2175,5.87,0.3822
2176,6.09,0.4888
2177,246.3,0.5941
2178,244.75,0.7882
2179,244.32,0.9821
2180,244.86,0.9808
2181,244.77,0.9795
2182,244.74,0.7859
2183,243.1,0.5919
2184,6.02,0.3974
2185,5.93,0.2939
2186,5.3,0.1972
2187,117.36,0.2904
2188,123.97,0.2906
2189,120.88,0.2945
2190,6.08,0.2998
2191,10.2,0.2954
2192,123.88,0.3071
2193,118.47,0.4129
2194,135.27,0.4094
2195,136.42,0.3136
2196,5.8,0.3231
2197,6.04,0.3123
2198,130.05,0.2998
2199,122.07,0.3941
2200,120.99,0.5651
2201,121.95,0.6057
2202,216.59,0.6936
2203,180.04,0.7927
2204,230.26,0.7895
2205,242.95,0.6182
2206,118.04,0.5701
2207,5.63,0.4812
2208,120.84,0.3949
2209,120.83,0.39
2210,136.65,0.497
2211,112.11,0.4932
2212,137.34,0.5172
2213,116.1,0.5289
2214,150.4,0.5519
2215,151.11,0.5527
2216,140.42,0.5674
2217,138.28,0.5486
2218,134.26,0.5355
2219,127.25,0.5259
2220,134.92,0.515
2221,128.62,0.5068
2222,124.86,0.5049
2223,124.17,0.4996
2224,124.86,0.3997
2225,128.42,0.3032
2226,5.6,0.3267
2227,6.03,0.3281
2228,153.2,0.309
2229,126.58,0.3091
2230,104.9,0.4528
2231,5.7,0.5023
2232,182.98,0.509
2233,214.17,0.5413
2234,134.76,0.6981
2235,144.68,0.66
2236,198.78,0.5953
2237,136.02,0.4905
2238,134.54,0.3776
2239,5.71,0.2207
2240,5.74,0.1773
2241,5.61,0.2203
2242,82.49,0.3691
2243,187.56,0.5176
2244,188.89,0.6622
2245,188.53,0.5997
2246,183.68,0.4522
2247,5.55,0.3952
2248,5.98,0.3351
2249,118.66,0.2
2250,114.52,0.1998
2251,17.34,0.2951
2252,5.3,0.299
2253,123.32,0.3051
2254,123.53,0.4275
2255,121.97,0.5677
2256,168.04,0.577
2257,177.98,0.5836
2258,134.78,0.5948
2259,131.64,0.6589
2260,135.77,0.6729
2261,246.87,0.7112
2262,195.24,0.753
2263,181.94,0.7882
2264,183.08,0.7096
2265,179.17,0.5624
2266,150.07,0.4182
2267,13.96,0.3698
2268,4.44,0.3185
2269,123.5,0.2014
2270,116.05,0.1948
2271,5.85,0.2877
2272,5.85,0.3322
2273,118.83,0.3466
2274,178.2,0.4515
2275,133.84,0.4513
2276,135.0,0.3595
2277,5.66,0.3249
2278,5.7,0.3093
2279,135.71,0.3311
2280,114.61,0.4674
2281,161.79,0.5473
2282,173.48,0.5459
2283,104.12,0.5699
2284,134.0,0.5751
2285,144.08,0.5183
2286,168.24,0.4382
2287,103.47,0.419
2288,5.55,0.3966
2289,110.36,0.3586
2290,116.52,0.2791
2291,121.44,0.279
2292,5.62,0.3023
2293,5.35,0.3723
2294,139.1,0.4407
2295,202.68,0.6034
2296,205.67,0.7079
2297,205.98,0.7084
2298,133.99,0.6543
2299,139.75,0.6545
2300,136.05,0.5815
2301,205.88,0.5854
2302,116.09,0.6029
2303,138.78,0.6293
2304,161.3,0.6297
2305,168.56,0.6905
2306,206.42,0.5824
2307,190.93,0.456
2308,5.67,0.4084
2309,5.65,0.3345
2310,109.94,0.184
2311,115.48,0.2867
2312,5.66,0.3914
2313,132.07,0.4078
2314,134.56,0.4044
2315,130.16,0.4941
2316,111.26,0.4082
2317,116.16,0.3162
2318,26.24,0.3528
2319,21.26,0.3771
2320,175.23,0.4391
2321,141.21,0.5735
2322,192.47,0.7124
2323,191.71,0.7255
2324,192.35,0.721
2325,191.33,0.5689
2326,135.72,0.4177
2327,5.2,0.266
2328,5.5,0.1689
2329,5.64,0.1566
2330,71.75,0.2689
2331,120.6,0.2689
2332,143.44,0.36
2333,5.48,0.4113
2334,117.86,0.4215
2335,134.81,0.3969
2336,133.15,0.5436
2337,113.19,0.6048
2338,186.16,0.673
2339,193.18,0.7163
2340,218.75,0.7308
2341,186.47,0.713
2342,131.01,0.6934
2343,164.29,0.6756
2344,169.0,0.6688
2345,196.93,0.6764
2346,177.98,0.6521
2347,140.43,0.5191
2348,134.4,0.4462
2349,5.25,0.3949
2350,107.14,0.3012
2351,114.87,0.1963
2352,24.97,0.2073
2353,5.25,0.3058
2354,18.83,0.3168
2355,228.39,0.4116
2356,128.46,0.5039
2357,141.68,0.5989
2358,118.95,0.5995
2359,135.72,0.5001
2360,229.2,0.3901
2361,6.06,0.2975
2362,6.2,0.2645
2363,5.0,0.277
2364,94.98,0.4695
2365,244.69,0.4691
2366,243.0,0.47
2367,5.76,0.3977
2368,6.02,0.2037
2369,5.98,0.1173
2370,5.82,0.2066
2371,136.68,0.2062
2372,115.66,0.2061
2373,5.5,0.3033
2374,5.87,0.2989
2375,125.54,0.3521
2376,131.29,0.4577
2377,181.15,0.4681
2378,135.52,0.3708
2379,18.62,0.2843
2380,5.84,0.2328
2381,24.7,0.221
2382,117.74,0.3057
2383,120.97,0.4465
2384,123.02,0.5841
2385,179.13,0.6912
2386,194.11,0.7932
2387,249.64,0.698
2388,246.6,0.5575
2389,5.72,0.4992
2390,6.16,0.4022
2391,122.41,0.3204
2392,130.2,0.3205
2393,145.77,0.5057
2394,5.9,0.5615
2395,234.14,0.6507
2396,191.15,0.669
2397,239.97,0.7693
2398,168.4,0.7757
2399,129.3,0.7705
2400,242.08,0.6594
2401,184.77,0.6297
2402,103.18,0.6773
2403,131.86,0.6284
2404,187.81,0.5889
2405,181.9,0.6137
2406,136.15,0.6178
2407,133.73,0.6371
2408,136.93,0.4938
2409,211.5,0.3878
2410,5.55,0.3785
2411,5.62,0.3756
2412,122.27,0.2209
2413,133.38,0.2315
2414,20.93,0.3261
2415,18.6,0.3195
2416,122.16,0.3056
2417,114.19,0.3814
2418,116.26,0.4685
2419,114.26,0.3742
2420,125.76,0.3812
2421,6.07,0.3895
2422,122.84,0.397
2423,126.53,0.389
2424,123.46,0.4883
2425,115.88,0.5375
2426,128.35,0.5499
2427,183.39,0.4544
2428,141.84,0.3649
2429,5.83,0.278
2430,5.64,0.2219
2431,21.46,0.2086
2432,114.32,0.2085
2433,125.38,0.2087
2434,5.8,0.3532
2435,5.82,0.4316
2436,199.32,0.4303
2437,210.9,0.5396
2438,123.82,0.5459
2439,140.38,0.3883
2440,13.55,0.3276
2441,5.3,0.3346
2442,136.15,0.4058
2443,132.44,0.5803
2444,228.0,0.7595
2445,228.43,0.833
2446,225.95,0.8967
2447,226.65,0.8171
2448,210.84,0.7349
2449,130.0,0.5559
2450,127.27,0.4583
2451,5.52,0.3916
2452,106.46,0.3904
2453,128.74,0.2915
2454,128.57,0.2915
2455,5.49,0.3402
2456,5.51,0.3779
2457,166.34,0.3675
2458,175.24,0.4545
2459,115.68,0.4549
2460,112.71,0.3245
2461,5.9,0.3511
2462,5.84,0.4191
2463,208.0,0.4597
2464,199.34,0.5891
2465,162.78,0.589
2466,165.24,0.4247
2467,5.6,0.3773
2468,5.8,0.3605
2469,141.01,0.328
2470,141.99,0.3284
2471,125.32,0.4311
2472,6.1,0.4066
2473,132.22,0.2962
2474,110.84,0.2616
2475,6.06,0.3552
2476,82.67,0.3486
2477,121.34,0.3525
2478,124.13,0.4423
2479,115.68,0.5649
2480,116.6,0.6554
2481,233.59,0.6587
2482,232.73,0.767
2483,128.2,0.8177
2484,249.04,0.8092
2485,178.98,0.7137
2486,223.24,0.7027
2487,115.14,0.5897
2488,114.64,0.4491
2489,109.89,0.2722
2490,5.92,0.1831
2491,5.4,0.184
2492,5.4,0.188
2493,115.8,0.2742
2494,114.74,0.2739
2495,112.06,0.3731
2496,5.11,0.395
2497,127.45,0.4024
2498,142.79,0.4173
2499,123.91,0.5602
2500,130.37,0.609
2501,181.02,0.6505
2502,187.54,0.5539
2503,193.98,0.6493
2504,4.96,0.7041
2505,247.76,0.703
2506,248.5,0.7144
2507,186.2,0.8792
2508,208.04,0.7892
2509,207.82,0.6985
2510,136.98,0.5515
2511,136.76,0.3867
2512,5.2,0.3099
2513,5.2,0.2995
2514,113.21,0.2353
2515,124.16,0.325
2516,57.74,0.4192
2517,115.62,0.4377
2518,121.26,0.4382
2519,136.0,0.497
2520,124.74,0.492
2521,130.11,0.4641
2522,109.46,0.3586
2523,86.92,0.2623
2524,6.12,0.2507
2525,6.14,0.302
2526,115.87,0.37
2527,172.64,0.5034
2528,170.59,0.6355
2529,170.39,0.6996
2530,168.79,0.5648
2531,194.83,0.4312
2532,6.68,0.3877
2533,6.1,0.3438
2534,116.84,0.1897
2535,114.7,0.1884
2536,5.1,0.2765
2537,5.1,0.3226
2538,114.49,0.3229
2539,173.6,0.4178
2540,115.16,0.4196
2541,121.84,0.3307
2542,7.35,0.2902
2543,5.1,0.2979
2544,123.69,0.3312
2545,124.64,0.4465
2546,162.79,0.6296
2547,149.39,0.7173
2548,230.44,0.7306
2549,231.72,0.7098
2550,141.0,0.7825
2551,137.26,0.6004
2552,238.81,0.4797
2553,6.2,0.4964
2554,83.21,0.4914
2555,161.49,0.302
2556,131.2,0.3014
2557,5.5,0.3267
2558,5.5,0.3212
2559,114.38,0.3207
2560,154.72,0.4276
2561,130.6,0.5351
2562,137.15,0.6376
2563,137.84,0.5162
2564,240.5,0.524
2565,5.3,0.5703
2566,140.16,0.6376
2567,194.2,0.615
2568,220.65,0.7148
2569,212.68,0.7242
2570,128.22,0.6477
2571,151.74,0.4737
2572,99.97,0.4129
2573,6.42,0.4042
2574,137.92,0.3917
2575,117.44,0.3147
2576,136.37,0.3179
2577,5.17,0.3859
2578,10.34,0.3942
2579,221.62,0.3784
2580,127.66,0.4898
2581,116.92,0.6003
2582,142.34,0.5064
2583,146.38,0.543
2584,106.08,0.607
2585,172.66,0.4955
2586,195.74,0.3809
2587,5.08,0.4018
2588,5.2,0.3712
2589,131.81,0.4055
2590,135.04,0.5382
2591,238.02,0.6553
2592,168.42,0.553
2593,149.3,0.5551
2594,5.91,0.4555
2595,137.6,0.421
2596,115.37,0.3042
2597,125.98,0.3922
2598,5.48,0.3885
2599,114.3,0.4417
2600,132.99,0.4342
2601,180.95,0.5232
2602,116.77,0.5818
2603,115.05,0.6499
2604,186.37,0.6165
2605,216.81,0.6496
2606,139.85,0.6963
2607,157.49,0.7323
2608,172.64,0.7463
2609,230.72,0.822
2610,234.03,0.8841
2611,233.07,0.7486
2612,233.87,0.5658
2613,5.86,0.4809
2614,5.62,0.3927
2615,129.48,0.3019
2616,124.45,0.3018
2617,122.16,0.4076
2618,5.68,0.4056
2619,135.86,0.4245
2620,127.12,0.4804
2621,147.67,0.6311
2622,191.01,0.522
2623,191.25,0.5149
2624,1.54,0.4934
2625,118.35,0.4365
2626,121.15,0.4218
2627,121.02,0.5327
2628,173.15,0.5495
2629,138.06,0.6264
2630,138.97,0.6346
2631,215.87,0.6023
2632,131.1,0.4948
2633,133.4,0.3865
2634,5.76,0.3187
2635,5.64,0.3411
2636,132.32,0.2456
2637,158.64,0.2456
2638,15.81,0.3838
2639,5.78,0.3821
2640,175.79,0.3406
2641,130.26,0.4425
2642,107.57,0.5476
2643,141.27,0.5759
2644,135.12,0.5823
2645,210.64,0.5895
2646,138.16,0.5863
2647,116.45,0.5683
2648,137.29,0.4937
2649,112.95,0.4787
2650,118.87,0.5434
2651,119.63,0.5442
2652,196.11,0.5495
2653,138.35,0.4688
2654,119.42,0.4644
2655,19.52,0.4038
2656,114.22,0.2955
2657,121.44,0.2032
2658,5.0,0.2828
2659,5.78,0.3025
2660,117.62,0.2987
2661,138.4,0.3935
2662,116.82,0.504
2663,121.72,0.5236
2664,141.76,0.5695
2665,141.84,0.621
2666,194.85,0.6686
2667,180.22,0.7
2668,180.32,0.6937
2669,180.4,0.6768
2670,134.15,0.6238
2671,174.09,0.6004
2672,114.94,0.56
2673,151.45,0.456
2674,130.74,0.4206
2675,6.0,0.4207
2676,130.6,0.4054
2677,115.04,0.3008
2678,132.53,0.2978
2679,2.04,0.3031
2680,2.24,0.3211
2681,137.1,0.309
2682,137.26,0.4015
2683,117.66,0.4037
2684,115.88,0.2964
2685,4.98,0.1891
2686,4.98,0.098
2687,5.11,0.0999
2688,5.5,0.2434
2689,118.24,0.4026
2690,181.7,0.5714
2691,200.96,0.7199
2692,212.95,0.7394
2693,188.35,0.5965
2694,142.24,0.4379
2695,5.71,0.3661
2696,5.73,0.3116
2697,124.6,0.2011
2698,121.22,0.3017
2699,6.12,0.4021
2700,129.58,0.4444
2701,129.4,0.4564
2702,176.7,0.5507
2703,135.95,0.595
2704,122.18,0.6003
2705,184.15,0.4612
2706,135.94,0.3549
2707,5.5,0.2597
2708,5.0,0.1141
2709,5.0,0.1114
2710,4.9,0.2464
2711,132.56,0.3815
2712,171.75,0.5398
2713,171.39,0.6138
2714,199.86,0.5106
2715,95.98,0.4129
2716,5.52,0.3702
2717,51.45,0.3228
2718,118.83,0.2504
2719,141.51,0.3429
2720,6.86,0.4143
2721,119.39,0.4411
2722,139.39,0.4271
2723,151.77,0.5141
2724,124.22,0.5233
2725,114.09,0.5006
2726,130.71,0.3821
2727,111.42,0.2861
2728,5.87,0.2994
2729,5.98,0.3385
2730,130.43,0.3492
2731,178.88,0.4717
2732,124.62,0.6234
2733,156.75,0.6739
2734,192.75,0.5331
2735,192.55,0.4362
2736,5.56,0.4081
2737,5.3,0.2792
2738,122.1,0.1277
2739,34.13,0.1432
2740,6.0,0.2504
2741,24.58,0.2747
2742,137.36,0.3516
2743,151.96,0.4927
2744,128.81,0.4773
2745,179.7,0.3702
2746,5.63,0.3668
2747,5.59,0.3785
2748,147.74,0.3451
2749,143.15,0.4493
2750,138.62,0.5538
2751,133.97,0.5391
2752,134.22,0.5808
2753,129.66,0.622
2754,194.42,0.6058
2755,189.42,0.5014
2756,113.98,0.5167
2757,5.65,0.4526
2758,148.52,0.3034
2759,115.48,0.2164
2760,5.78,0.2931
2761,6.8,0.2819
2762,100.1,0.2965
2763,134.74,0.4065
2764,133.44,0.5623
2765,141.2,0.6428
2766,198.72,0.6437
2767,199.16,0.7226
2768,135.84,0.7693
2769,230.62,0.7243
2770,198.68,0.7138
2771,143.38,0.7606
2772,186.16,0.7335
2773,193.44,0.7362
2774,197.32,0.7831
2775,202.03,0.6371
2776,201.12,0.5961
2777,6.41,0.5461
2778,142.9,0.4754
2779,135.71,0.3163
2780,114.97,0.4116
2781,5.28,0.3971
2782,123.71,0.4248
2783,125.12,0.4412
2784,169.82,0.5266
2785,135.12,0.4302
2786,110.44,0.4397
2787,5.04,0.3979
2788,136.74,0.3873
2789,118.43,0.408
2790,122.05,0.5157
2791,135.98,0.5159
2792,137.64,0.5882
2793,136.88,0.4938
2794,207.5,0.3884
2795,5.82,0.2817
2796,6.25,0.1755
2797,6.25,0.0984
2798,6.1,0.2023
2799,112.58,0.215
2800,133.68,0.225
2801,21.88,0.3685
2802,18.6,0.3793
2803,182.83,0.3719
2804,125.78,0.4629
2805,124.62,0.5556
2806,133.94,0.4116
2807,132.76,0.4407
2808,5.5,0.5316
2809,161.67,0.538
2810,236.53,0.5713
2811,141.74,0.6961
2812,173.75,0.718
2813,159.18,0.6397
2814,188.62,0.6195
2815,140.22,0.498
2816,116.79,0.3732
2817,24.23,0.2324
2818,5.5,0.2124
2819,15.28,0.2129
2820,115.6,0.1975
2821,117.33,0.2868
2822,5.26,0.4169
2823,115.49,0.463
2824,175.49,0.4726
2825,172.29,0.5799
2826,129.16,0.5974
2827,137.42,0.5765
2828,137.01,0.5458
2829,149.8,0.5473
2830,134.39,0.4402
2831,131.12,0.4536
2832,5.5,0.4217
2833,153.54,0.4254
2834,110.49,0.4278
2835,139.0,0.5838
2836,133.98,0.4628
2837,197.64,0.4769
2838,4.55,0.4884
2839,127.85,0.4612
2840,153.11,0.3056
2841,100.56,0.3069
2842,5.99,0.3187
2843,6.13,0.3294
2844,142.49,0.4138
2845,166.28,0.5051
2846,204.37,0.5047
2847,118.5,0.3938
2848,5.64,0.3529
2849,5.92,0.2871
2850,115.88,0.3441
2851,123.38,0.4439
2852,188.66,0.6403
2853,128.49,0.7508
2854,247.77,0.8061
2855,251.92,0.7636
2856,191.54,0.8317
2857,136.28,0.6349
2858,212.35,0.5376
2859,5.5,0.4944
2860,132.12,0.3927
2861,138.36,0.2247
2862,10.97,0.2247
2863,5.5,0.1222
2864,5.48,0.1126
2865,5.97,0.2108
2866,126.58,0.371
2867,131.88,0.3706
2868,202.67,0.3699
2869,5.08,0.3761
2870,5.06,0.2736
2871,134.26,0.1135
2872,5.65,0.3118
2873,5.48,0.5092
2874,249.24,0.5707
2875,248.11,0.5714
2876,210.07,0.572
2877,6.48,0.3744
2878,6.23,0.2736
2879,5.92,0.1954
2880,123.96,0.2851
2881,113.86,0.2848
2882,116.93,0.3793
2883,5.78,0.4062
2884,122.28,0.4545
2885,157.14,0.4653
2886,173.3,0.62
2887,130.18,0.5251
2888,196.27,0.4791
2889,5.42,0.4313
2890,100.54,0.4339
2891,114.45,0.3862
2892,133.4,0.4706
2893,137.52,0.4903
2894,109.32,0.5038
2895,124.82,0.5521
2896,131.06,0.5642
2897,192.9,0.4802
2898,152.36,0.3837
2899,5.94,0.3671
2900,5.94,0.3
2901,110.6,0.2327
2902,110.3,0.2317
2903,69.6,0.3222
2904,4.66,0.352
2905,117.32,0.3711
2906,147.35,0.4204
2907,133.74,0.5227
2908,130.32,0.4324
2909,130.66,0.4339
2910,6.16,0.4458
2911,149.22,0.4419
2912,148.38,0.4403
2913,125.51,0.5386
2914,128.7,0.5132
2915,127.1,0.525
2916,118.02,0.6048
2917,162.89,0.5048
2918,223.73,0.4062
2919,5.63,0.412
2920,5.63,0.3702
2921,125.27,0.1929
2922,111.36,0.1927
2923,5.46,0.3431
2924,5.4,0.3964
2925,190.76,0.4511
2926,190.97,0.5587
2927,178.7,0.5701
2928,137.88,0.4196
2929,19.39,0.4304
2930,5.5,0.4516
2931,204.28,0.5062
2932,204.8,0.6395
2933,205.15,0.7802
2934,183.5,0.7858
2935,178.74,0.7911
2936,211.19,0.7902
2937,211.25,0.8125
2938,204.06,0.6718
2939,210.96,0.5605
2940,5.52,0.5095
2941,74.14,0.433
2942,148.42,0.2662
2943,109.96,0.2671
2944,5.54,0.3001
2945,6.66,0.2728
2946,114.7,0.2845
2947,114.86,0.3817
2948,124.36,0.4733
2949,125.16,0.5265
2950,119.5,0.4377
2951,180.17,0.3413
2952,5.5,0.3838
2953,5.76,0.4022
2954,177.44,0.4494
2955,142.2,0.6086
2956,238.25,0.7053
2957,201.46,0.7034
2958,124.9,0.5924
2959,175.12,0.5117
2960,5.5,0.4404
2961,138.9,0.433
2962,113.64,0.2924
2963,115.77,0.3055
2964,2.08,0.3821
2965,21.59,0.3835
2966,233.17,0.4048
2967,115.45,0.5176
2968,141.93,0.612
2969,141.0,0.5277
2970,137.82,0.6323
2971,129.38,0.6505
2972,244.16,0.728
2973,164.34,0.8078
2974,236.42,0.7075
2975,236.16,0.5138
2976,5.84,0.5701
2977,5.62,0.5266
2978,233.7,0.4388
2979,182.82,0.4392
2980,128.14,0.5461
2981,6.32,0.4503
2982,137.22,0.4077
2983,115.74,0.3084
2984,130.44,0.3983
2985,5.79,0.4357
2986,116.99,0.4422
2987,183.33,0.4349
2988,123.72,0.5288
2989,121.45,0.5764
2990,121.42,0.5331
2991,175.57,0.5439
2992,130.1,0.594
2993,136.93,0.6503
2994,183.16,0.6626
2995,190.69,0.7182
2996,190.81,0.7272
2997,198.45,0.5941
2998,148.01,0.444
2999,19.31,0.2938
3000,5.96,0.1375
3001,5.87,0.1162
3002,5.94,0.1892
3003,121.79,0.188
3004,109.18,0.2945
3005,4.5,0.3915
3006,137.0,0.393
3007,125.4,0.4054
3008,123.65,0.5103
3009,124.44,0.4036
3010,133.59,0.4491
3011,5.74,0.4897
3012,181.32,0.5487
3013,173.71,0.5504
3014,197.03,0.7053
3015,135.69,0.6689
3016,196.5,0.6422
3017,136.46,0.6245
3018,140.86,0.6573
3019,175.19,0.5021
3020,176.12,0.3956
3021,5.4,0.3783
3022,5.4,0.3297
3023,119.5,0.2001
3024,115.4,0.2002
3025,16.56,0.3058
3026,5.5,0.3256
3027,135.4,0.333
3028,143.9,0.4205
3029,124.51,0.521
3030,124.28,0.4155
3031,129.23,0.4085
3032,5.53,0.4012
3033,135.29,0.4955
3034,115.48,0.5815
3035,240.36,0.7791
3036,235.16,0.871
3037,248.75,0.9462
3038,248.53,0.9004
3039,208.04,0.8739
3040,183.96,0.6764
3041,202.54,0.4914
3042,5.59,0.4323
3043,20.72,0.3922
3044,135.28,0.2323
3045,134.64,0.2324
3046,5.62,0.3169
3047,5.66,0.3015
3048,124.77,0.3001
3049,116.42,0.4716
3050,132.85,0.6196
3051,216.72,0.6734
3052,187.92,0.5834
3053,190.98,0.5697
3054,5.65,0.5629
3055,116.04,0.4995
3056,208.3,0.4574
3057,109.84,0.5555
3058,139.21,0.5981
3059,126.36,0.547
3060,168.51,0.4625
3061,145.37,0.4433
3062,5.82,0.4335
3063,115.55,0.3898
3064,114.25,0.2761
3065,114.7,0.2759
3066,5.5,0.2819
3067,5.5,0.3035
3068,122.9,0.3147
3069,140.95,0.404
3070,128.49,0.557
3071,115.46,0.6151
3072,193.78,0.6189
3073,194.53,0.5193
3074,145.58,0.5124
3075,5.83,0.4644
3076,106.93,0.4129
3077,134.68,0.401
3078,131.2,0.568
3079,130.96,0.5884
3080,211.36,0.5651
3081,132.04,0.4631
3082,106.06,0.4505
3083,5.64,0.3724
3084,115.35,0.3845
3085,115.21,0.3025
3086,146.98,0.4647
3087,5.1,0.4771
3088,205.33,0.4934
3089,130.67,0.4675
3090,135.27,0.5748
3091,115.03,0.5449
3092,137.29,0.4517
3093,168.42,0.3462
3094,15.96,0.4145
3095,5.38,0.465
3096,199.1,0.4422
3097,199.46,0.6188
3098,140.43,0.7495
3099,233.32,0.7381
3100,166.32,0.6647
3101,185.06,0.5554
3102,109.06,0.3945
3103,5.93,0.3538
3104,35.2,0.2958
3105,116.24,0.2122
3106,113.56,0.3794
3107,6.12,0.4572
3108,211.89,0.5099
3109,130.93,0.5326
3110,181.1,0.6743
3111,141.48,0.6568
3112,180.63,0.6917
3113,190.38,0.6352
3114,173.82,0.6349
3115,111.62,0.6333
3116,141.07,0.5785
3117,178.66,0.5542
3118,122.88,0.5659
3119,143.92,0.4562
3120,126.0,0.3154
3121,6.12,0.2201
3122,5.28,0.1077
3123,5.5,0.0993
3124,5.5,0.2043
3125,115.66,0.2346
3126,135.39,0.2351
3127,42.63,0.3518
3128,6.08,0.3948
3129,149.18,0.4193
3130,168.58,0.542
3131,165.66,0.6686
3132,193.65,0.5519
3133,161.9,0.5174
3134,5.5,0.5054
3135,126.21,0.4968
3136,150.84,0.563
3137,183.02,0.6635
3138,243.42,0.6708
3139,129.21,0.6627
3140,135.21,0.6295
3141,140.94,0.5368
3142,142.06,0.4363
3143,129.32,0.4455
3144,5.44,0.4248
3145,146.61,0.314
3146,115.37,0.2136
3147,5.66,0.37
3148,5.7,0.3616
3149,198.02,0.417
3150,136.34,0.5988
3151,183.51,0.7271
3152,229.52,0.5707
3153,163.64,0.4698
3154,5.46,0.4259
3155,12.18,0.3955
3156,129.48,0.4135
3157,191.99,0.5176
3158,185.9,0.6491
3159,133.54,0.6785
3160,174.1,0.5273
3161,165.64,0.3807
3162,5.84,0.2766
3163,5.4,0.2697
3164,5.44,0.2333
3165,165.54,0.3389
3166,120.83,0.3392
3167,135.84,0.3395
3168,5.79,0.3518
3169,5.79,0.3631
3170,180.73,0.4075
3171,134.77,0.5572
3172,190.47,0.557
3173,190.07,0.4149
3174,5.55,0.3891
3175,5.8,0.3228
3176,103.03,0.3271
3177,108.83,0.5136
3178,195.42,0.6898
3179,235.1,0.7871
3180,222.82,0.8079
3181,222.73,0.7624
3182,134.5,0.5761
3183,139.37,0.3998
3184,5.75,0.352
3185,5.71,0.3741
3186,163.9,0.2792
3187,161.69,0.37
3188,22.59,0.5361
3189,117.55,0.5884
3190,210.2,0.6177
3191,228.19,0.76
3192,197.77,0.7637
3193,197.81,0.5977
3194,122.16,0.5158
3195,5.78,0.5
3196,127.37,0.4818
3197,178.34,0.5522
3198,175.38,0.706
3199,208.86,0.6076
3200,195.12,0.6632
3201,6.2,0.6818
3202,246.87,0.6266
3203,198.18,0.4725
3204,140.92,0.4837
3205,5.44,0.3741
3206,19.92,0.3143
3207,111.95,0.2047
3208,124.54,0.3165
3209,6.04,0.4977
3210,143.04,0.5234
3211,243.1,0.539
3212,143.56,0.6505
3213,143.72,0.6831
3214,143.35,0.6464
3215,183.14,0.6406
3216,197.88,0.6338
3217,136.45,0.5221
3218,135.39,0.3781
3219,5.82,0.3376
3220,5.8,0.2793
3221,148.07,0.2726
3222,64.61,0.3528
3223,127.18,0.353
3224,104.59,0.3317
3225,6.0,0.3888
3226,121.85,0.3837
3227,134.91,0.3037
3228,120.92,0.3037
3229,6.06,0.3655
3230,6.06,0.3702
3231,197.89,0.3654
3232,140.7,0.4862
3233,115.03,0.4858
3234,154.84,0.3295
3235,5.54,0.3213
3236,5.44,0.3889
3237,130.58,0.3561
3238,198.3,0.5024
3239,114.38,0.6085
3240,185.76,0.6124
3241,136.07,0.5624
3242,135.37,0.5803
3243,136.65,0.5169
3244,136.48,0.4113
3245,107.7,0.3942
3246,6.06,0.3775
3247,114.24,0.2813
3248,116.16,0.1987
3249,18.0,0.3045
3250,6.06,0.3862
3251,136.28,0.3976
3252,214.85,0.4874
3253,130.18,0.6603
3254,128.63,0.7116
3255,218.86,0.6991
3256,199.44,0.7002
3257,199.48,0.7006
3258,131.56,0.6326
3259,129.04,0.6057
3260,135.16,0.5557
3261,166.4,0.5904
3262,137.93,0.6216
3263,174.27,0.6556
3264,167.42,0.6131
3265,176.96,0.623
3266,114.09,0.6009
3267,150.15,0.5578
3268,147.02,0.4183
3269,114.36,0.4231
3270,5.26,0.4662
3271,120.02,0.4468
3272,203.11,0.4541
3273,123.22,0.5506
3274,123.34,0.4574
3275,124.04,0.4832
3276,5.22,0.5432
3277,234.9,0.6444
3278,197.11,0.5484
3279,247.96,0.5489
3280,5.81,0.4603
3281,5.93,0.4198
3282,125.72,0.228
3283,147.26,0.2276
3284,11.78,0.2275
3285,5.38,0.1298
3286,5.84,0.1165
3287,5.38,0.2116
3288,130.88,0.277
3289,128.85,0.2767
3290,85.94,0.3642
3291,5.5,0.3676
3292,113.03,0.3568
3293,135.16,0.38
3294,115.52,0.4863
3295,114.51,0.3995
3296,136.38,0.4742
3297,6.1,0.5336
3298,227.21,0.6002
3299,188.64,0.5989
3300,196.43,0.7048
3301,134.8,0.679
3302,136.54,0.6346
3303,195.5,0.6163
3304,133.87,0.6576
3305,173.98,0.5515
3306,185.56,0.3972
3307,5.91,0.3889
3308,5.5,0.3478
3309,123.75,0.2019
3310,123.29,0.2986
3311,5.93,0.3835
3312,125.01,0.3767
3313,110.01,0.3952
3314,115.44,0.5273
3315,146.06,0.5608
3316,168.56,0.5808
3317,166.18,0.5965
3318,134.71,0.5735
3319,134.71,0.5781
3320,117.77,0.5441
3321,174.21,0.4394
3322,124.32,0.4327
3323,5.81,0.4392
3324,126.5,0.3995
3325,125.72,0.3029
3326,125.37,0.351
3327,5.32,0.3875
3328,65.11,0.3741
3329,171.39,0.2778
3330,109.23,0.2791
3331,6.84,0.3432
3332,6.85,0.392
3333,144.09,0.4267
3334,231.48,0.5119
3335,151.96,0.5109
3336,111.77,0.3987
3337,5.5,0.3197
3338,6.06,0.3053
3339,134.19,0.3181
3340,134.17,0.4194
3341,127.62,0.5164
3342,130.17,0.5123
3343,125.51,0.5192
3344,129.16,0.5305
3345,142.66,0.5328
3346,141.44,0.4357
3347,133.02,0.4424
3348,6.04,0.4255
3349,137.43,0.3195
3350,121.72,0.2157
3351,10.96,0.2265
3352,5.3,0.2086
3353,19.3,0.2037
3354,115.35,0.2842
3355,115.76,0.2844
3356,110.04,0.274
3357,5.54,0.2729
3358,6.46,0.2892
3359,113.99,0.3131
3360,135.87,0.4184
3361,139.5,0.5688
3362,135.2,0.5864
3363,191.61,0.6464
3364,135.71,0.6387
3365,209.66,0.6217
3366,130.05,0.4704
3367,114.25,0.4531
3368,5.39,0.3765
3369,114.34,0.3848
3370,115.33,0.2968
3371,140.34,0.379
3372,5.82,0.3947
3373,106.6,0.3986
3374,133.68,0.3832
3375,120.13,0.4755
3376,121.34,0.3928
3377,119.54,0.3917
3378,4.77,0.4056
3379,132.36,0.4191
3380,137.25,0.442
3381,137.85,0.574
3382,147.76,0.6375
3383,167.38,0.6406
3384,210.56,0.6856
3385,141.01,0.7137
3386,193.3,0.5822
3387,182.31,0.4157
3388,5.5,0.3938
3389,5.5,0.3305
3390,114.02,0.3107
3391,115.36,0.3111
3392,157.94,0.4663
3393,5.98,0.575
3394,196.61,0.5963
3395,247.84,0.6548
3396,141.6,0.7518
3397,230.06,0.7681
3398,125.33,0.5711
3399,216.7,0.4608
3400,5.34,0.4084
3401,5.73,0.4692
3402,165.54,0.2978
3403,200.23,0.3899
3404,5.62,0.5316
3405,118.76,0.5512
3406,180.18,0.394
3407,189.74,0.3943
3408,6.66,0.4114
3409,6.0,0.3617
3410,139.78,0.2237
3411,118.98,0.2224
3412,19.85,0.3118
3413,5.0,0.2895
3414,116.1,0.2858
3415,112.36,0.3633
3416,114.47,0.45
3417,115.16,0.4927
3418,111.75,0.6037
3419,168.77,0.7135
3420,248.95,0.8219
3421,249.72,0.833
3422,248.56,0.7976
3423,125.46,0.706
3424,125.22,0.6387
3425,136.17,0.5462
3426,166.77,0.579
3427,134.76,0.4813
3428,165.85,0.3858
3429,4.89,0.349
3430,18.57,0.3471
3431,121.51,0.2168
3432,132.35,0.2173
3433,5.5,0.2944
3434,5.5,0.2945
3435,113.47,0.285
3436,121.62,0.3794
3437,120.68,0.4903
3438,121.68,0.5701
3439,142.09,0.6267
3440,211.73,0.6849
3441,191.21,0.7398
3442,192.42,0.7328
3443,189.21,0.5655
3444,133.5,0.4148
3445,5.78,0.3566
3446,5.65,0.3118
3447,120.7,0.2081
3448,134.13,0.291
3449,5.82,0.3979
3450,107.84,0.4014
3451,137.3,0.297
3452,124.9,0.297
3453,5.68,0.3041
3454,5.76,0.3876
3455,116.62,0.3833
3456,240.05,0.4832
3457,119.67,0.647
3458,128.68,0.721
3459,207.36,0.7256
3460,207.8,0.8007
3461,245.75,0.8671
3462,212.14,0.8647
3463,210.43,0.8647
3464,204.31,0.8149
3465,207.82,0.7973
3466,184.5,0.7313
3467,190.5,0.6463
3468,129.08,0.4825
3469,99.66,0.426
3470,6.14,0.3675
3471,114.98,0.3554
3472,118.48,0.2792
3473,114.15,0.3991
3474,5.82,0.4203
3475,153.83,0.472
3476,141.03,0.5145
3477,182.09,0.6766
3478,166.59,0.7207
3479,205.36,0.7756
3480,208.17,0.8105
3481,208.59,0.8123
3482,225.02,0.6502
3483,168.88,0.4855
3484,5.76,0.4172
3485,5.3,0.3265
3486,124.6,0.3844
3487,113.34,0.3968
3488,240.08,0.3965
3489,21.0,0.3256
3490,5.0,0.334
3491,37.28,0.2299
3492,123.74,0.2178
3493,111.84,0.3119
3494,6.14,0.3873
3495,120.91,0.3962
3496,130.02,0.4217
3497,134.8,0.524
3498,143.15,0.4299
3499,132.15,0.4151
3500,5.0,0.4484
3501,111.84,0.4582
3502,175.79,0.4614
3503,155.18,0.5693
3504,136.12,0.5896
3505,137.77,0.5584
3506,136.85,0.437
3507,137.45,0.3309
3508,5.72,0.2233
3509,5.4,0.1171
3510,5.4,0.0959
3511,6.02,0.1982
3512,111.39,0.2316
3513,131.67,0.2317
3514,46.54,0.3198
3515,5.46,0.3226
3516,114.54,0.3259
3517,114.83,0.3978
3518,135.77,0.5759
3519,135.07,0.4876
3520,224.74,0.5568
3521,5.76,0.6083
3522,200.01,0.6611
3523,199.22,0.6312
3524,200.08,0.7328
3525,187.95,0.7218
3526,130.88,0.6856
3527,186.42,0.6294
3528,154.64,0.5877
3529,130.85,0.4858
3530,136.6,0.4351
3531,5.5,0.4196
3532,123.94,0.3181
3533,135.53,0.2118
3534,5.86,0.299
3535,5.72,0.3131
3536,112.91,0.3002
3537,141.32,0.4153
3538,119.68,0.4958
3539,147.49,0.499
3540,104.92,0.4701
3541,116.86,0.3776
3542,105.74,0.2626
3543,5.78,0.182
3544,5.84,0.2002
3545,5.76,0.2205
3546,139.18,0.3297
3547,130.77,0.4938
3548,140.25,0.6737
3549,207.87,0.5653
3550,227.2,0.5507
3551,5.79,0.5304
3552,112.77,0.4556
3553,115.28,0.276
3554,115.72,0.2761
3555,6.07,0.2977
3556,5.88,0.3442
3557,139.46,0.3492
3558,172.46,0.4514
3559,121.85,0.6072
3560,131.96,0.6535
3561,197.66,0.6752
3562,196.5,0.7789
3563,199.24,0.8265
3564,249.53,0.6708
3565,190.52,0.5157
3566,5.99,0.3583
3567,5.48,0.16
3568,5.5,0.0101
3569,5.36,0.0099
3570,5.98,0.0101
3571,5.7,0.1013
3572,5.7,0.2115
3573,117.82,0.3166
3574,141.04,0.3163
3575,135.38,0.4211
3576,5.31,0.4193
3577,134.74,0.4487
3578,115.64,0.4325
3579,177.18,0.528
3580,115.5,0.5797
3581,122.87,0.6311
3582,198.4,0.6389
3583,178.92,0.6809
3584,186.76,0.7407
3585,167.2,0.7392
3586,196.51,0.7038
3587,196.52,0.6881
3588,135.38,0.7081
3589,167.47,0.6224
3590,191.84,0.4676
3591,90.89,0.3696
3592,5.93,0.3438
3593,14.72,0.2898
3594,135.74,0.2208
3595,125.37,0.3087
3596,5.96,0.3911
3597,114.06,0.3911
3598,116.2,0.3897
3599,135.8,0.4855
3600,123.63,0.4057
3601,123.93,0.38
3602,15.75,0.3752
3603,84.55,0.381
3604,129.96,0.47
3605,130.78,0.5522
3606,233.5,0.5839
3607,116.88,0.5873
3608,123.6,0.6819
3609,134.15,0.643
3610,247.33,0.553
3611,185.52,0.4573
3612,6.04,0.4459
3613,5.82,0.3628
3614,120.13,0.3117
3615,145.0,0.3115
3616,122.61,0.426
3617,5.79,0.4224
3618,146.81,0.3941
3619,115.7,0.442
3620,110.19,0.5755
3621,181.51,0.5618
3622,170.2,0.4728
3623,130.0,0.3881
3624,6.0,0.335
3625,6.0,0.3025
3626,116.12,0.3717
3627,130.11,0.4811
3628,215.25,0.6222
3629,140.74,0.6691
3630,179.66,0.7515
3631,173.91,0.5812
3632,231.6,0.5618
3633,5.5,0.5098
3634,116.9,0.3824
3635,115.63,0.1986
3636,16.97,0.3047
3637,5.4,0.3198
3638,136.06,0.3367
3639,135.55,0.4175
3640,136.46,0.4972
3641,116.37,0.3885
3642,103.6,0.2825
3643,2.23,0.3409
3644,5.0,0.3958
3645,208.36,0.4974
3646,183.93,0.6084
3647,228.76,0.609
3648,138.81,0.4442
3649,5.8,0.4105
3650,5.5,0.335
3651,142.38,0.3539
3652,135.74,0.3631
3653,162.15,0.4598
3654,17.14,0.4801
3655,124.54,0.3715
3656,167.36,0.2444
3657,2.0,0.3129
3658,5.76,0.3655
3659,101.44,0.331
3660,189.28,0.4742
3661,124.87,0.474
3662,178.27,0.4887
3663,5.51,0.5042
3664,119.54,0.5205
3665,208.41,0.5038
3666,144.94,0.6972
3667,157.7,0.769
3668,243.6,0.7688
3669,208.04,0.6535
3670,208.12,0.5305
3671,3.02,0.3378
3672,6.2,0.1733
3673,6.3,0.1032
3674,5.5,0.2079
3675,121.82,0.2757
3676,131.94,0.2754
3677,89.74,0.3672
3678,5.95,0.366
3679,118.52,0.3957
3680,120.33,0.4598
3681,168.43,0.585
3682,168.73,0.4935
3683,160.11,0.4921
3684,5.84,0.4652
3685,118.55,0.4671
3686,135.36,0.4782
3687,171.09,0.6427
3688,173.74,0.739
3689,208.35,0.8073
3690,237.14,0.7793
3691,219.54,0.7357
3692,136.53,0.5708
3693,120.06,0.3826
3694,5.32,0.3034
3695,5.5,0.3062
3696,121.94,0.2135
3697,139.98,0.3008
3698,5.97,0.3957
3699,112.8,0.395
3700,122.36,0.4026
3701,121.1,0.4975
3702,149.27,0.5177
3703,122.87,0.5261
3704,137.68,0.602
3705,132.71,0.6166
3706,214.52,0.6501
3707,167.21,0.6503
3708,164.16,0.6525
3709,137.9,0.6006
3710,135.37,0.5708
3711,150.65,0.5354
3712,130.55,0.4278
3713,120.54,0.3661
3714,5.5,0.3764
3715,59.39,0.3824
3716,163.27,0.2896
3717,137.95,0.2899
3718,6.33,0.3378
3719,5.83,0.314
3720,118.36,0.3029
3721,133.97,0.4423
3722,124.32,0.6258
3723,177.87,0.7176
3724,231.76,0.7444
3725,231.45,0.7831
3726,166.92,0.7876
3727,171.96,0.7407
3728,183.48,0.6412
3729,173.98,0.6002
3730,108.94,0.5675
3731,116.44,0.5207
3732,131.74,0.4774
3733,125.82,0.3936
3734,120.74,0.3957
3735,5.71,0.384
3736,118.97,0.2966
3737,117.35,0.203
3738,18.21,0.2134
3739,5.54,0.2221
3740,18.48,0.2037
3741,129.68,0.3838
3742,94.69,0.4757
3743,240.01,0.4657
3744,118.7,0.3651
3745,6.12,0.414
3746,5.88,0.3447
3747,154.86,0.2628
3748,154.71,0.262
3749,17.77,0.2615
3750,5.19,0.2143
3751,5.32,0.2002
3752,96.73,0.2736
3753,137.29,0.2744
3754,108.17,0.3624
3755,6.18,0.3769
3756,113.67,0.3571
3757,114.56,0.2741
3758,112.91,0.3719
3759,6.02,0.3844
3760,126.52,0.4097
3761,129.08,0.407
3762,145.76,0.5064
3763,109.5,0.5091
3764,128.44,0.5158
3765,129.9,0.4023
3766,137.35,0.4523
3767,6.0,0.5445
3768,171.01,0.6435
3769,241.98,0.6433
3770,251.78,0.7748
3771,137.08,0.7738
3772,167.95,0.7136
3773,169.79,0.514
3774,167.88,0.4076
3775,6.02,0.3826
3776,6.09,0.3649
3777,137.18,0.3302
3778,147.94,0.3294
3779,125.13,0.4249
3780,5.08,0.4189
3781,123.61,0.4027
3782,129.87,0.3949
3783,127.97,0.4932
3784,115.49,0.3973
3785,126.12,0.3844
3786,5.49,0.4021
3787,114.09,0.3607
3788,149.66,0.4148
3789,64.59,0.5732
3790,192.71,0.4849
3791,200.48,0.3683
3792,5.38,0.3202
3793,6.14,0.1685
3794,5.33,0.0106
3795,6.0,0.102
3796,6.0,0.205
3797,117.96,0.2178
3798,132.89,0.2169
3799,21.2,0.3209
3800,4.8,0.3198
3801,134.05,0.3058
3802,116.64,0.3826
3803,115.6,0.491
3804,115.84,0.3869
3805,138.28,0.2969
3806,5.81,0.2077
3807,5.83,0.119
3808,5.79,0.1981
3809,6.69,0.2842
3810,235.64,0.2839
3811,111.83,0.3748
3812,5.44,0.4688
3813,117.74,0.387
3814,122.37,0.3013
3815,134.93,0.314
3816,6.28,0.3198
3817,21.12,0.358
3818,124.87,0.2535
3819,169.38,0.2532
3820,6.3,0.3534
3821,5.86,0.37
3822,144.48,0.3963
3823,145.41,0.4909
3824,201.7,0.4972
3825,122.73,0.3845
3826,13.67,0.3685
3827,5.7,0.3661
3828,125.67,0.4103
3829,198.82,0.5051
3830,177.14,0.5848
3831,130.38,0.4876
3832,103.82,0.4382
3833,6.04,0.41
3834,138.03,0.4446
3835,142.32,0.3652
3836,173.07,0.4467
3837,5.98,0.4336
3838,106.4,0.3229
3839,121.96,0.1868
3840,6.02,0.3313
3841,5.5,0.3926
3842,183.87,0.4311
3843,181.9,0.5323
3844,169.36,0.689
3845,130.6,0.6717
3846,198.36,0.7016
3847,162.6,0.6669
3848,218.78,0.6679
3849,126.55,0.6279
3850,131.91,0.6366
3851,149.03,0.5742
3852,173.4,0.5767
3853,141.92,0.4741
3854,129.64,0.3584
3855,5.63,0.2225
3856,6.56,0.1957
3857,6.02,0.1847
3858,108.92,0.2884
3859,116.08,0.2886
3860,133.38,0.3502
3861,6.74,0.3533
3862,81.89,0.3502
3863,112.74,0.332
3864,112.23,0.425
3865,111.04,0.5401
3866,121.16,0.6044
3867,223.6,0.7139
3868,191.99,0.77
3869,246.97,0.8075
3870,180.11,0.7719
3871,167.4,0.7084
3872,179.79,0.6073
3873,113.74,0.6269
3874,122.5,0.6169
3875,204.3,0.5176
3876,155.01,0.4302
3877,57.62,0.421
3878,6.06,0.3489
3879,111.15,0.3296
3880,115.58,0.4
3881,131.18,0.5198
3882,144.3,0.6198
3883,153.62,0.635
3884,234.23,0.6205
3885,134.4,0.5076
3886,113.29,0.5833
3887,5.32,0.5737
3888,246.71,0.6247
3889,222.5,0.7239
3890,197.22,0.9099
3891,235.35,0.8689
3892,234.32,0.8505
3893,196.26,0.8011
3894,199.87,0.7194
3895,136.41,0.5336
3896,134.72,0.3795
3897,5.54,0.3097
3898,6.54,0.2953
3899,113.93,0.2396
3900,118.68,0.2399
3901,66.14,0.3244
3902,5.94,0.3261
3903,110.57,0.3485
3904,115.98,0.3877
3905,146.29,0.4935
3906,114.35,0.488
3907,136.22,0.5065
3908,103.83,0.5189
3909,138.81,0.5624
3910,161.52,0.5771
3911,167.84,0.6401
3912,154.32,0.6941
3913,181.43,0.6805
3914,205.25,0.6675
3915,144.86,0.6602
3916,151.76,0.5172
3917,145.34,0.3555
3918,5.47,0.3391
3919,6.14,0.3079
3920,124.58,0.1946
3921,113.44,0.1949
3922,5.81,0.2905
3923,5.89,0.2817
3924,123.84,0.2826
3925,113.67,0.3893
3926,114.6,0.5467
3927,137.18,0.6495
3928,199.7,0.6665
3929,250.38,0.653
3930,134.61,0.6473
3931,98.0,0.5867
3932,130.14,0.5247
3933,125.01,0.5666
3934,174.04,0.6703
3935,186.23,0.6652
3936,225.74,0.5722
3937,123.88,0.5082
3938,10.48,0.4715
3939,95.27,0.382
3940,140.97,0.2862
3941,115.62,0.2824
3942,5.88,0.3178
3943,5.85,0.3141
3944,138.76,0.3615
3945,136.44,0.4636
3946,173.94,0.4634
3947,131.69,0.3553
3948,5.58,0.3519
3949,5.58,0.2989
3950,132.34,0.3012
3951,108.69,0.4054
3952,134.44,0.4844
3953,133.95,0.4873
3954,102.81,0.5056
3955,135.86,0.5666
3956,131.23,0.6225
3957,209.62,0.5435
3958,202.74,0.5286
3959,5.5,0.5157
3960,117.58,0.4445
3961,115.32,0.2842
3962,121.98,0.2954
3963,5.32,0.3025
3964,19.28,0.3487
3965,126.34,0.3438
3966,172.22,0.4337
3967,115.92,0.5751
3968,116.0,0.65
3969,193.39,0.6185
3970,218.56,0.6268
3971,133.44,0.6354
3972,126.12,0.6191
3973,126.69,0.5854
3974,173.28,0.6204
3975,177.11,0.522
3976,176.44,0.4231
3977,5.0,0.2865
3978,5.0,0.1492
3979,5.0,0.099
3980,8.13,0.1905
3981,114.54,0.1909
3982,117.68,0.2808
3983,5.5,0.3803
3984,115.68,0.4819
3985,130.62,0.5165
3986,239.7,0.6449
3987,160.2,0.7087
3988,163.66,0.6974
3989,194.22,0.6121
3990,116.64,0.6661
3991,134.79,0.7327
3992,226.6,0.7744
3993,245.67,0.8224
3994,245.62,0.7173
3995,175.75,0.7238
3996,5.3,0.6356
3997,234.71,0.441
3998,137.08,0.3031
3999,5.94,0.3855
4000,5.94,0.3011
4001,106.76,0.3075
4002,130.79,0.3069
4003,145.01,0.4033
4004,5.24,0.4094
4005,124.52,0.4339
4006,114.37,0.4456
4007,160.93,0.5706
4008,159.39,0.5799
4009,159.17,0.5961
4010,136.02,0.6267
4011,134.28,0.659
4012,198.64,0.6316
4013,199.14,0.631
4014,125.42,0.68
4015,135.26,0.6151
4016,194.66,0.5497
4017,118.64,0.5356
4018,118.66,0.4307
4019,108.11,0.3664
4020,6.05,0.3711
4021,115.47,0.2843
4022,124.47,0.2012
4023,11.8,0.2376
4024,5.72,0.2621
4025,50.97,0.2556
4026,145.57,0.3551
4027,116.52,0.4623
4028,134.26,0.5299
4029,137.71,0.5578
4030,134.21,0.4679
4031,179.94,0.4074
4032,5.74,0.4563
4033,59.84,0.4792
4034,197.92,0.4425
4035,162.44,0.5474
4036,134.7,0.6666
4037,134.93,0.6736
4038,206.57,0.65
4039,206.59,0.5592
4040,133.34,0.5408
4041,22.92,0.4849
4042,112.24,0.3215
4043,137.74,0.2176
4044,5.4,0.2951
4045,5.4,0.3164
4046,118.41,0.304
4047,138.46,0.4143
4048,122.41,0.518
4049,141.29,0.5717
4050,133.01,0.5615
4051,184.58,0.4635
4052,125.88,0.4405
4053,1.72,0.466
4054,113.03,0.3649
4055,164.33,0.2671
4056,60.17,0.2719
4057,5.5,0.2926
4058,7.57,0.1632
4059,138.5,0.1184
4060,5.0,0.2152
4061,5.0,0.3102
4062,124.66,0.296
4063,124.57,0.296
4064,121.1,0.3927
4065,4.9,0.4063
4066,124.12,0.4181
4067,141.37,0.4283
4068,139.16,0.5199
4069,133.62,0.5141
4070,117.66,0.467
4071,117.04,0.3595
4072,83.39,0.3637
4073,6.8,0.4029
4074,138.7,0.4418
4075,166.0,0.4885
4076,164.94,0.657
4077,140.88,0.6832
4078,214.22,0.6894
4079,171.03,0.5602
4080,173.56,0.4498
4081,5.86,0.3769
4082,5.0,0.3309
4083,124.48,0.1944
4084,114.29,0.3627
4085,5.5,0.5221
4086,213.1,0.5345
4087,201.22,0.5432
4088,139.78,0.6307
4089,125.03,0.5568
4090,113.18,0.5172
4091,122.18,0.5132
4092,152.4,0.5212
4093,134.87,0.4338
4094,134.94,0.339
4095,5.5,0.4162
4096,5.48,0.4686
4097,247.45,0.544
4098,199.46,0.6727
4099,227.66,0.6824
4100,164.0,0.4857
4101,17.44,0.3695
4102,5.3,0.2816
4103,56.31,0.1531
4104,119.47,0.1444
4105,5.86,0.2478
4106,6.62,0.3659
4107,132.65,0.4001
4108,201.69,0.5391
4109,161.64,0.5353
4110,176.95,0.432
4111,1.99,0.417
4112,5.5,0.4466
4113,183.17,0.4181
4114,198.09,0.5497
4115,141.91,0.7142
4116,163.96,0.6758
4117,208.06,0.6542
4118,135.93,0.6479
4119,171.46,0.7011
4120,134.18,0.5366
4121,229.43,0.5259
4122,5.48,0.4976
4123,122.77,0.4143
4124,136.64,0.2323
4125,31.63,0.2474
4126,5.4,0.2488
4127,24.04,0.2313
4128,124.48,0.2988
4129,115.05,0.3819
4130,114.79,0.4738
4131,107.65,0.4825
4132,137.21,0.3935
4133,135.21,0.3048
4134,5.5,0.3673
4135,5.5,0.3983
4136,184.58,0.4112
4137,175.42,0.5956
4138,151.09,0.7606
4139,232.54,0.7796
4140,208.64,0.7789
4141,207.96,0.6609
4142,174.66,0.5656
4143,5.73,0.4885
4144,115.28,0.3239
4145,113.6,0.2922
4146,5.4,0.4805
4147,135.57,0.4984
4148,237.58,0.5129
4149,137.35,0.6163
4150,131.4,0.5111
4151,132.72,0.4236
4152,6.1,0.5077
4153,129.78,0.6021
4154,240.9,0.4992
4155,247.71,0.4987
4156,6.0,0.4992
4157,5.41,0.4594
4158,130.4,0.4505
4159,191.89,0.5583
4160,236.84,0.5583
4161,138.65,0.4568
4162,5.5,0.4021
4163,5.4,0.3289
4164,124.47,0.3286
4165,146.73,0.3286
4166,138.27,0.4227
4167,5.52,0.4215
4168,121.34,0.4024
4169,122.89,0.4101
4170,123.28,0.5566
4171,147.76,0.5909
4172,185.92,0.6024
4173,163.49,0.677
4174,137.04,0.6669
4175,215.22,0.6202
4176,135.23,0.6446
4177,128.45,0.6946
4178,193.52,0.6451
4179,198.64,0.6701
4180,154.27,0.6714
4181,166.04,0.5188
4182,129.96,0.362
4183,5.62,0.349
4184,5.62,0.3124
4185,138.3,0.2227
4186,120.9,0.2671
4187,19.64,0.4325
4188,60.18,0.4812
4189,209.36,0.4767
4190,198.2,0.5603
4191,115.44,0.5155
4192,122.51,0.4309
4193,5.0,0.3791
4194,105.21,0.3763
4195,134.45,0.4292
4196,111.94,0.5309
4197,187.65,0.6065
4198,130.22,0.6466
4199,198.3,0.5605
4200,183.83,0.4129
4201,5.88,0.3127
4202,6.0,0.1708
4203,6.8,0.1223
4204,23.64,0.2172
4205,124.07,0.2164
4206,122.81,0.215
4207,5.0,0.3576
4208,5.0,0.4252
4209,199.21,0.4867
4210,207.35,0.6311
4211,198.51,0.7921
4212,182.77,0.7956
4213,203.24,0.6317
4214,203.52,0.4749
4215,5.5,0.3308
4216,5.5,0.1705
4217,5.4,0.1459
4218,5.82,0.2384
4219,173.24,0.3795
4220,119.37,0.5211
4221,179.25,0.7102
4222,179.74,0.5738
4223,238.7,0.5752
4224,5.22,0.5322
4225,121.14,0.4692
4226,126.32,0.2802
4227,102.12,0.2804
4228,6.04,0.2832
4229,5.5,0.3098
4230,124.5,0.3208
4231,159.15,0.4465
4232,115.69,0.5911
4233,160.75,0.6146
4234,183.49,0.4902
4235,153.46,0.5298
4236,5.97,0.5688
4237,164.5,0.5555
4238,208.71,0.5385
4239,167.17,0.6394
4240,132.5,0.6497
4241,130.24,0.6362
4242,177.12,0.5052
4243,192.17,0.5072
4244,5.81,0.5005
4245,134.94,0.4497
4246,122.08,0.2984
4247,114.54,0.3522
4248,5.9,0.3439
4249,72.0,0.3451
4250,124.68,0.3531
4251,123.61,0.45
4252,124.43,0.396
4253,125.2,0.2997
4254,5.5,0.3135
4255,6.06,0.2812
4256,140.58,0.2877
4257,84.72,0.3809
4258,133.25,0.4893
4259,120.14,0.4843
4260,139.59,0.5346
4261,134.47,0.537
4262,146.54,0.5018
4263,136.28,0.3934
4264,76.79,0.3986
4265,6.1,0.3736
4266,140.89,0.394
4267,115.73,0.3361
4268,161.37,0.4286
4269,5.57,0.4135
4270,120.04,0.4213
4271,122.25,0.3998
4272,125.36,0.5056
4273,134.86,0.4131
4274,135.85,0.3188
4275,6.12,0.2219
4276,6.1,0.3117
4277,6.05,0.402
4278,245.48,0.5097
4279,247.0,0.6972
4280,138.77,0.8788
4281,236.95,0.8295
4282,229.62,0.6305
4283,184.79,0.522
4284,2.02,0.4444
4285,5.1,0.3572
4286,141.4,0.2575
4287,122.36,0.2604
4288,62.04,0.3996
4289,5.5,0.4328
4290,176.54,0.4378
4291,182.23,0.493
4292,128.52,0.648
4293,130.06,0.6937
4294,196.3,0.6965
4295,232.85,0.597
4296,185.68,0.4967
4297,5.94,0.4816
4298,6.64,0.4772
4299,177.72,0.3309
4300,227.42,0.4331
4301,5.58,0.5377
4302,131.68,0.5032
4303,135.42,0.3229
4304,135.26,0.3229
4305,5.51,0.3232
4306,5.51,0.3065
4307,132.07,0.2011
4308,114.81,0.2011
4309,5.54,0.3867
4310,5.54,0.4477
4311,233.98,0.4504
4312,207.16,0.5498
4313,118.1,0.5564
4314,127.93,0.3707
4315,13.72,0.3892
4316,5.34,0.409
4317,229.94,0.4453
4318,142.46,0.549
4319,172.66,0.7182
4320,141.34,0.6564
4321,213.72,0.6388
4322,153.84,0.5967
4323,120.75,0.4956
4324,120.83,0.3909
4325,16.86,0.3775
4326,84.83,0.3906
4327,137.32,0.2969
4328,136.92,0.2877
4329,5.5,0.3373
4330,5.5,0.3514
4331,145.91,0.3777
4332,154.64,0.4898
4333,169.35,0.5796
4334,143.53,0.5716
4335,116.06,0.6231
4336,136.05,0.5971
4337,218.04,0.5821
4338,137.35,0.6829
4339,125.0,0.6723
4340,240.23,0.6081
4341,122.98,0.5976
4342,138.94,0.6808
4343,124.52,0.6838
4344,227.34,0.5885
4345,243.99,0.5747
4346,5.58,0.567
4347,121.96,0.4803
4348,115.12,0.2867
4349,120.56,0.2865
4350,5.55,0.3843
4351,5.43,0.4887
4352,242.27,0.5872
4353,243.72,0.7195
4354,241.84,0.9106
4355,168.46,0.8757
4356,240.7,0.8381
4357,199.35,0.8312
4358,197.34,0.8015
4359,233.39,0.7196
4360,131.81,0.7521
4361,139.91,0.7863
4362,239.4,0.768
4363,239.48,0.7947
4364,210.77,0.7821
4365,164.76,0.5924
4366,124.32,0.5201
4367,5.84,0.4926
4368,150.48,0.3637
4369,176.92,0.3495
4370,6.02,0.4347
4371,106.88,0.4186
4372,110.75,0.3725
4373,130.61,0.5624
4374,120.22,0.6708
4375,239.84,0.6876
4376,240.29,0.6913
4377,131.39,0.7423
4378,135.21,0.5529
4379,182.98,0.3629
4380,6.72,0.3535
4381,6.3,0.4459
4382,119.89,0.4044
4383,248.89,0.5297
4384,131.93,0.5286
4385,160.95,0.4366
4386,5.0,0.4038
4387,6.62,0.3857
4388,208.54,0.3559
4389,109.6,0.3565
4390,124.29,0.4362
4391,5.72,0.3758
4392,104.79,0.3958
4393,134.1,0.3949
4394,134.31,0.5016
4395,123.12,0.4965
4396,137.05,0.4834
4397,98.6,0.5674
4398,117.98,0.6696
4399,237.69,0.7545
4400,249.01,0.8205
4401,241.47,0.728
4402,179.86,0.5867
4403,4.15,0.572
4404,63.71,0.555
4405,230.94,0.4134
4406,220.56,0.4144
4407,5.4,0.4578
4408,5.4,0.3642
4409,117.19,0.1996
4410,115.73,0.1993
4411,17.81,0.3495
4412,5.06,0.3648
4413,190.38,0.4145
4414,136.02,0.5338
4415,176.84,0.7009
4416,164.76,0.7014
4417,210.83,0.7525
4418,190.96,0.722
4419,198.98,0.593
4420,139.26,0.5495
4421,5.96,0.5342
4422,157.18,0.5093
4423,172.2,0.5419
4424,168.3,0.7202
4425,179.41,0.7102
4426,225.5,0.5868
4427,144.86,0.5659
4428,20.25,0.5146
4429,142.6,0.3362
4430,116.22,0.2234
4431,5.87,0.3012
4432,5.92,0.2795
4433,116.1,0.2885
4434,115.84,0.385
4435,127.34,0.481
4436,124.64,0.4972
4437,124.18,0.495
4438,136.03,0.5402
4439,113.1,0.5727
4440,183.0,0.5649
4441,164.58,0.631
4442,114.68,0.7196
4443,217.38,0.7522
4444,222.21,0.729
4445,223.06,0.7919
4446,136.09,0.6202
4447,192.09,0.5302
4448,5.96,0.4689
4449,111.39,0.4643
4450,147.57,0.3102
4451,130.49,0.3097
4452,2.36,0.3129
4453,5.38,0.3094
4454,115.32,0.3021
4455,143.24,0.3912
4456,121.51,0.4754
4457,112.04,0.5826
4458,109.04,0.6353
4459,247.26,0.6927
4460,208.2,0.7083
4461,192.21,0.7276
4462,131.22,0.6359
4463,132.72,0.6303
4464,134.45,0.6616
4465,201.26,0.6684
4466,230.8,0.5655
4467,139.54,0.4612
4468,5.98,0.3958
4469,6.08,0.3023
4470,120.76,0.1937
4471,115.74,0.2944
4472,5.8,0.4119
4473,129.9,0.426
4474,150.84,0.4442
4475,138.08,0.5329
4476,138.1,0.5413
4477,115.06,0.623
4478,140.21,0.6216
4479,251.4,0.6208
4480,136.46,0.5312
4481,137.01,0.4214
4482,4.84,0.3169
4483,5.0,0.3152
4484,122.66,0.316
4485,134.42,0.4082
4486,137.98,0.4204
4487,118.31,0.3255
4488,20.03,0.2521
4489,5.85,0.2592
4490,44.02,0.2551
4491,146.81,0.2432
4492,113.19,0.326
4493,5.38,0.379
4494,107.76,0.3858
4495,109.35,0.3928
4496,155.12,0.494
4497,121.86,0.5152
4498,129.94,0.4309
4499,133.94,0.3098
4500,5.5,0.2935
4501,6.0,0.2988
4502,101.8,0.2845
4503,136.51,0.391
4504,116.26,0.3904
4505,136.69,0.312
4506,5.26,0.2053
4507,5.26,0.115
4508,5.12,0.0927
4509,5.12,0.1827
4510,109.18,0.2154
4511,116.05,0.2157
4512,45.58,0.2273
4513,5.5,0.2587
4514,19.33,0.2856
4515,147.88,0.36
4516,149.16,0.4969
4517,137.24,0.6556
4518,174.02,0.6695
4519,214.78,0.66
4520,164.98,0.6593
4521,137.36,0.622
4522,136.42,0.5649
4523,128.12,0.6317
4524,144.43,0.6771
4525,247.25,0.6774
4526,193.22,0.6841
4527,136.8,0.647
4528,136.42,0.4504
4529,98.76,0.388
4530,5.18,0.3695
4531,116.42,0.2636
4532,114.01,0.1878
4533,6.02,0.2833
4534,5.45,0.2834
4535,122.7,0.2848
4536,116.58,0.3889
4537,115.7,0.3879
4538,134.16,0.2932
4539,4.24,0.2124
4540,6.16,0.229
4541,17.12,0.2291
4542,136.11,0.3678
4543,134.26,0.3668
4544,174.98,0.357
4545,5.0,0.4289
4546,5.0,0.4703
4547,224.73,0.3326
4548,185.17,0.3329
4549,5.42,0.43
4550,5.42,0.3559
4551,124.46,0.2984
4552,133.53,0.2959
4553,114.36,0.3968
4554,2.4,0.389
4555,129.58,0.3755
4556,114.95,0.3827
4557,116.85,0.4883
4558,123.23,0.3875
4559,132.39,0.4053
4560,5.5,0.4415
4561,136.91,0.4468
4562,161.37,0.4852
4563,129.74,0.6477
4564,179.71,0.541
4565,205.62,0.4347
4566,5.48,0.4298
4567,30.52,0.3729
4568,123.63,0.2106
4569,109.67,0.2111
4570,5.84,0.2804
4571,6.04,0.2782
4572,115.88,0.2075
4573,120.96,0.2198
4574,22.62,0.3836
4575,20.93,0.3947
4576,207.76,0.4167
4577,129.57,0.551
4578,148.01,0.6346
4579,187.96,0.5675
4580,123.81,0.5075
4581,125.24,0.3918
4582,55.66,0.3903
4583,5.58,0.4011
4584,186.13,0.4063
4585,137.08,0.4428
4586,131.68,0.4431
4587,100.51,0.2969
4588,6.04,0.1901
4589,6.04,0.0991
4590,5.62,0.1178
4591,19.64,0.2645
4592,123.53,0.2644
4593,186.7,0.2645
4594,5.81,0.4494
4595,5.86,0.4924
4596,247.25,0.5285
4597,176.44,0.6305
4598,231.2,0.6405
4599,131.42,0.4437
4600,18.15,0.4612
4601,4.92,0.3712
4602,197.96,0.3579
4603,120.43,0.4507
4604,114.99,0.5721
4605,132.4,0.5205
4606,154.42,0.5707
4607,134.48,0.6288
4608,182.16,0.6721
4609,186.54,0.5517
4610,185.75,0.6228
4611,6.12,0.5822
4612,222.03,0.5413
4613,132.22,0.3953
4614,136.22,0.395
4615,5.92,0.3685
4616,5.74,0.3704
4617,189.4,0.3947
4618,134.6,0.498
4619,166.09,0.6541
4620,133.21,0.6461
4621,197.83,0.7307
4622,179.55,0.7328
4623,238.77,0.7676
4624,168.73,0.717
4625,176.04,0.6893
4626,135.57,0.6049
4627,145.45,0.5826
4628,134.81,0.5548
4629,141.26,0.5557
4630,141.87,0.5458
4631,136.68,0.5523
4632,133.22,0.5742
4633,142.82,0.4637
4634,168.17,0.4051
4635,5.88,0.416
4636,64.46,0.4171
4637,146.7,0.4476
4638,144.2,0.5933
4639,205.68,0.6527
4640,185.33,0.6774
4641,137.54,0.6824
4642,177.16,0.6117
4643,150.35,0.6001
4644,118.59,0.6316
4645,171.09,0.6816
4646,176.28,0.7204
4647,238.76,0.713
4648,198.05,0.7417
4649,109.54,0.6038
4650,206.43,0.4152
4651,6.45,0.3645
4652,6.54,0.3862
4653,135.71,0.3316
4654,136.2,0.3313
4655,139.16,0.4082
4656,6.16,0.4032
4657,101.23,0.4022
4658,129.48,0.3986
4659,135.04,0.491
4660,134.73,0.4132
4661,119.83,0.3918
4662,5.46,0.4362
4663,103.2,0.4843
4664,189.68,0.5446
4665,193.9,0.6976
4666,194.06,0.6185
4667,193.95,0.4692
4668,5.75,0.3165
4669,5.86,0.1635
4670,5.9,0.0107
4671,5.72,0.0107
4672,5.82,0.1059
4673,5.72,0.1961
4674,123.08,0.2535
4675,116.92,0.3618
4676,76.46,0.464
4677,139.15,0.4706
4678,131.56,0.4815
4679,131.17,0.5269
4680,130.33,0.5208
4681,132.34,0.5249
4682,131.69,0.5071
4683,136.6,0.4901
4684,109.28,0.4834
4685,109.28,0.4771
4686,124.11,0.4723
4687,124.0,0.528
4688,130.71,0.5726
4689,177.84,0.634
4690,164.11,0.5377
4691,199.74,0.4361
4692,5.4,0.3996
4693,5.7,0.3595
4694,132.84,0.2019
4695,114.78,0.2021
4696,5.68,0.2902
4697,5.69,0.2813
4698,114.16,0.287
4699,121.87,0.384
4700,121.82,0.3998
4701,125.12,0.3121
4702,25.11,0.4064
4703,6.12,0.499
4704,238.1,0.493
4705,235.8,0.5788
4706,117.65,0.6727
4707,130.76,0.5817
4708,121.79,0.5314
4709,126.01,0.5473
4710,173.87,0.5519
4711,137.23,0.4576
4712,136.4,0.4076
4713,5.74,0.3623
4714,64.39,0.3381
4715,118.16,0.2319
4716,107.44,0.2322
4717,5.62,0.2788
4718,6.1,0.2811
4719,121.74,0.2871
4720,121.01,0.2869
4721,114.86,0.2862
4722,5.36,0.1918
4723,5.27,0.0983
4724,5.5,0.1062
4725,5.9,0.1905
4726,124.56,0.2054
4727,109.14,0.2057
4728,23.6,0.2197
4729,5.94,0.2388
4730,23.08,0.2574
4731,148.04,0.2437
4732,132.04,0.3516
4733,6.8,0.4279
4734,138.72,0.4403
4735,117.12,0.4217
4736,163.26,0.5417
4737,109.08,0.5304
4738,154.59,0.5366
4739,124.81,0.5265
4740,124.82,0.5486
4741,150.73,0.5842
4742,136.35,0.6409
4743,198.36,0.6747
4744,194.68,0.6599
4745,166.43,0.6593
4746,132.52,0.6361
4747,135.56,0.5961
4748,169.84,0.5898
4749,145.46,0.5814
4750,158.56,0.4763
4751,122.28,0.3432
4752,6.08,0.23
4753,6.02,0.1956
4754,6.04,0.1898
4755,116.21,0.2864
4756,115.18,0.3867
4757,125.04,0.5415
4758,129.52,0.6069
4759,196.54,0.6661
4760,196.76,0.6973
4761,188.11,0.7019
4762,163.49,0.7171
4763,135.18,0.5621
4764,215.18,0.414
4765,5.92,0.4173
4766,5.78,0.4396
4767,167.62,0.4316
4768,162.56,0.4312
4769,205.32,0.4314
4770,5.5,0.3
4771,5.98,0.1724
4772,5.78,0.0104
4773,5.5,0.1094
4774,5.83,0.2251
4775,127.46,0.327
4776,148.43,0.4322
4777,131.22,0.5374
4778,135.05,0.6321
4779,135.27,0.6309
4780,244.07,0.6438
4781,146.99,0.7305
4782,147.07,0.8009
4783,241.83,0.7015
4784,221.96,0.7528
4785,121.72,0.8287
4786,210.15,0.7432
4787,240.51,0.6886
4788,136.59,0.6048
4789,154.75,0.4388
4790,18.43,0.2481
4791,5.85,0.1422
4792,5.74,0.0214
4793,6.1,0.0111
4794,6.04,0.1156
4795,5.84,0.2079
4796,134.5,0.2197
4797,119.34,0.2196
4798,20.56,0.4097
4799,6.0,0.4951
4800,239.9,0.4639
4801,239.65,0.5622
4802,80.9,0.6654
4803,141.54,0.6668
4804,133.1,0.585
4805,241.68,0.6322
4806,138.86,0.63
4807,139.02,0.723
4808,138.79,0.5315
4809,247.68,0.4233
4810,5.94,0.507
4811,5.64,0.5658
4812,242.06,0.4033
4813,211.19,0.4147
4814,47.53,0.52
4815,19.96,0.4176
4816,135.38,0.2505
4817,115.88,0.2168
4818,5.5,0.3119
4819,6.08,0.2976
4820,136.98,0.2984
4821,117.8,0.4022
4822,116.9,0.4071
4823,133.23,0.3007
4824,12.19,0.3127
4825,5.98,0.3241
4826,132.54,0.4105
4827,130.9,0.4946
4828,239.68,0.6329
4829,115.66,0.6948
4830,176.25,0.7328
4831,208.8,0.6634
4832,177.69,0.6717
4833,154.26,0.5332
4834,125.86,0.452
4835,5.77,0.3988
4836,108.82,0.3892
4837,112.18,0.2919
4838,142.45,0.2919
4839,5.98,0.3045
4840,5.8,0.3121
4841,124.3,0.3017
4842,121.57,0.3963
4843,129.62,0.572
4844,122.46,0.6559
4845,222.1,0.6669
4846,227.62,0.6683
4847,135.14,0.724
4848,131.34,0.6378
4849,191.02,0.5928
4850,115.97,0.6233
4851,172.18,0.6917
4852,172.72,0.6755
4853,215.6,0.5858
4854,171.11,0.4506
4855,5.5,0.4039
4856,5.73,0.324
4857,115.15,0.1879
4858,117.22,0.2771
4859,3.56,0.3886
4860,115.36,0.4114
4861,142.97,0.4094
4862,143.2,0.514
4863,114.86,0.5222
4864,132.28,0.526
4865,125.45,0.4146
4866,147.68,0.3263
4867,6.05,0.2229
4868,6.1,0.1251
4869,5.0,0.1073
4870,5.0,0.2087
4871,125.82,0.3402
4872,130.93,0.5372
4873,167.9,0.6655
4874,247.62,0.5678
4875,162.92,0.5033
4876,5.6,0.4581
4877,51.5,0.37
4878,112.18,0.2425
4879,139.14,0.3222
4880,6.0,0.3892
4881,103.72,0.3868
4882,134.03,0.3945
4883,109.13,0.5078
4884,148.64,0.4284
4885,145.51,0.3983
4886,6.0,0.4819
4887,96.94,0.5336
4888,212.1,0.5828
4889,212.26,0.7453
4890,206.08,0.7923
4891,206.08,0.7453
4892,154.77,0.5774
4893,154.26,0.4144
4894,5.5,0.2524
4895,5.5,0.2215
4896,6.58,0.2057
4897,116.74,0.2475
4898,134.74,0.2477
4899,56.96,0.2545
4900,5.72,0.2757
4901,15.02,0.2574
4902,142.8,0.3041
4903,112.25,0.4262
4904,114.5,0.5238
4905,156.04,0.5487
4906,135.16,0.4624
4907,173.46,0.3742
4908,6.0,0.3977
4909,5.86,0.4355
4910,185.05,0.4565
4911,181.68,0.6101
4912,199.27,0.7313
4913,195.16,0.7067
4914,155.02,0.6398
4915,154.75,0.4827
4916,99.36,0.4269
4917,5.84,0.3941
4918,126.5,0.2729
4919,114.66,0.1967
4920,5.5,0.3288
4921,5.5,0.3606
4922,168.54,0.3777
4923,165.67,0.5004
4924,135.66,0.6374
4925,156.6,0.6053
4926,174.1,0.5217
4927,129.01,0.5624
4928,62.81,0.6282
4929,185.79,0.576
4930,237.61,0.5668
4931,109.84,0.6718
4932,117.6,0.6678
4933,192.18,0.6329
4934,180.78,0.7128
4935,194.64,0.622
4936,208.2,0.5334
4937,5.82,0.4878
4938,83.1,0.4225
4939,124.66,0.2575
4940,114.27,0.3611
4941,5.0,0.4072
4942,133.43,0.3999
4943,139.82,0.4181
4944,115.65,0.5169
4945,136.69,0.5595
4946,126.61,0.6069
4947,185.99,0.5179
4948,198.11,0.5087
4949,6.06,0.5016
4950,125.4,0.4682
4951,117.88,0.4488
4952,144.79,0.6043
4953,174.22,0.6048
4954,197.62,0.6079
4955,125.93,0.4948
4956,121.7,0.3579
4957,5.6,0.2966
4958,5.6,0.3129
4959,122.16,0.2327
4960,146.08,0.2335
4961,22.87,0.3352
4962,6.64,0.3505
4963,130.8,0.3265
4964,140.97,0.4019
4965,116.6,0.5291
4966,115.66,0.5681
4967,163.24,0.4716
4968,178.78,0.3815
4969,22.2,0.2924
4970,5.69,0.1647
4971,5.92,0.1116
4972,6.04,0.2835
4973,113.36,0.4395
4974,233.88,0.5981
4975,197.75,0.7033
4976,201.19,0.6162
4977,135.56,0.4372
4978,6.08,0.382
4979,13.51,0.3243
4980,129.87,0.219
4981,130.11,0.3594
4982,5.92,0.4823
4983,178.93,0.5044
4984,164.82,0.5047
4985,157.1,0.639
4986,130.47,0.6042
4987,171.22,0.4751
4988,136.2,0.352
4989,5.78,0.428
4990,5.5,0.4487
4991,224.08,0.501
4992,196.68,0.6565
4993,200.68,0.7875
4994,197.18,0.7509
4995,166.75,0.7367
4996,179.03,0.5782
4997,179.22,0.5126
4998,5.5,0.4871
4999,116.42,0.4867
5000,135.39,0.3459
5001,178.58,0.3462
5002,5.82,0.353
5003,5.82,0.3429
5004,124.82,0.2883
5005,122.97,0.3946
5006,111.34,0.5418
5007,136.76,0.5522
5008,187.0,0.6284
5009,137.66,0.7367
5010,216.81,0.7356
5011,244.66,0.6818
5012,135.34,0.7342
5013,120.84,0.7222
5014,202.18,0.6974
5015,201.94,0.7076
5016,214.18,0.7122
5017,147.95,0.5526
5018,126.42,0.4862
5019,5.7,0.4124
5020,120.24,0.3069
5021,123.25,0.2091
5022,18.11,0.2537
5023,5.98,0.2896
5024,60.6,0.3088
5025,164.45,0.4013
5026,146.9,0.5044
5027,131.96,0.6205
5028,132.98,0.5869
5029,203.52,0.5686
5030,123.08,0.5609
5031,124.36,0.56
5032,122.47,0.4962
5033,131.91,0.5149
5034,125.0,0.5253
5035,146.06,0.5312
5036,137.12,0.4436
5037,129.75,0.3465
5038,24.06,0.3287
5039,5.5,0.3177
5040,124.14,0.3343
5041,123.49,0.3195
5042,150.2,0.4075
5043,5.9,0.4016
5044,113.85,0.4057
5045,116.84,0.3936
5046,128.59,0.4824
5047,135.28,0.3948
5048,115.27,0.4012
5049,5.94,0.4064
5050,124.76,0.3888
5051,134.98,0.4059
5052,113.61,0.5138
5053,136.25,0.5508
5054,138.85,0.5786
5055,170.29,0.6111
5056,169.22,0.6029
5057,153.63,0.4948
5058,126.18,0.3613
5059,5.69,0.3243
5060,6.0,0.2978
5061,123.6,0.2727
5062,121.06,0.2728
5063,95.21,0.3727
5064,5.86,0.3757
5065,128.95,0.3693
5066,127.32,0.393
5067,113.18,0.4948
5068,124.33,0.395
5069,131.3,0.4506
5070,6.08,0.4679
5071,195.68,0.4638
5072,134.49,0.4624
5073,119.36,0.4621
5074,129.51,0.3826
5075,5.72,0.3799
5076,97.79,0.4089
5077,131.2,0.3091
5078,155.03,0.3098
5079,6.62,0.3317
5080,6.62,0.3188
5081,124.75,0.1968
5082,115.27,0.1969
5083,4.9,0.3021
5084,6.66,0.3077
5085,136.17,0.3252
5086,131.68,0.4286
5087,136.87,0.4492
5088,132.22,0.3429
5089,32.02,0.3297
5090,5.24,0.3141
5091,115.47,0.3143
5092,117.61,0.3905
5093,132.51,0.4784
5094,125.82,0.5842
5095,113.42,0.62
5096,245.8,0.5171
5097,161.66,0.4195
5098,5.76,0.332
5099,5.66,0.1974
5100,5.76,0.1672
5101,79.97,0.3231
5102,124.48,0.323
5103,197.82,0.3229
5104,5.5,0.3516
5105,5.64,0.3439
5106,115.32,0.2777
5107,115.0,0.3877
5108,116.3,0.4671
5109,140.88,0.4825
5110,103.45,0.482
5111,134.3,0.481
5112,114.34,0.5522
5113,115.04,0.6386
5114,228.52,0.6752
5115,209.85,0.7692
5116,179.42,0.7781
5117,230.03,0.7014
5118,126.08,0.5357
5119,134.0,0.4853
5120,5.92,0.43
5121,117.34,0.4351
5122,161.9,0.4722
5123,132.36,0.6247
5124,179.75,0.6283
5125,193.63,0.5952
5126,121.82,0.5865
5127,121.08,0.5292
5128,121.68,0.3767
5129,109.14,0.2828
5130,5.94,0.3864
5131,6.14,0.4903
5132,248.66,0.5758
5133,249.68,0.7448
5134,214.41,0.8494
5135,213.94,0.7826
5136,134.98,0.7519
5137,166.44,0.7193
5138,211.82,0.6676
5139,174.26,0.5628
5140,150.35,0.5381
5141,5.93,0.4657
5142,135.94,0.4358
5143,122.77,0.4187
5144,137.39,0.5055
5145,129.33,0.5599
5146,112.75,0.6048
5147,202.96,0.6001
5148,178.06,0.6387
5149,131.64,0.7055
5150,176.86,0.698
5151,194.95,0.7055
5152,193.74,0.7128
5153,187.33,0.5732
5154,140.62,0.42
5155,4.92,0.4374
5156,6.4,0.4609
5157,215.06,0.5256
5158,216.25,0.5259
5159,220.35,0.5251
5160,5.26,0.4551
5161,5.48,0.3873
5162,128.85,0.3025
5163,132.7,0.387
5164,116.01,0.5042
5165,109.23,0.5816
5166,149.87,0.655
5167,224.12,0.7438
5168,223.1,0.8474
5169,225.32,0.8698
5170,236.82,0.8021
5171,177.46,0.6252
5172,140.75,0.4464
5173,5.2,0.3943
5174,5.2,0.3383
5175,172.66,0.2386
5176,108.5,0.2392
5177,18.0,0.24
5178,5.99,0.105
5179,6.14,0.0215
5180,6.54,0.0115
5181,5.68,0.1018
5182,5.65,0.2077
5183,117.21,0.22
5184,136.52,0.2201
5185,21.63,0.3595
5186,5.79,0.3855
5187,177.26,0.4243
5188,149.27,0.541
5189,184.26,0.6816
5190,165.38,0.7001
5191,178.92,0.6781
5192,199.99,0.6736
5193,122.12,0.6253
5194,178.72,0.6602
5195,105.94,0.6814
5196,221.9,0.6773
5197,226.07,0.6216
5198,117.15,0.54
5199,110.11,0.3641
5200,5.4,0.1858
5201,5.4,0.1099
5202,6.54,0.114
5203,23.66,0.114
5204,115.14,0.1141
5205,5.5,0.2242
5206,5.5,0.3215
5207,142.09,0.4139
5208,143.42,0.5196
5209,228.98,0.5176
5210,135.59,0.407
5211,3.09,0.371
5212,5.82,0.3751
5213,99.18,0.3755
5214,234.01,0.5232
5215,136.0,0.6684
5216,184.93,0.5928
5217,184.68,0.4066
5218,6.07,0.3961
5219,4.8,0.3421
5220,123.06,0.1969
5221,118.44,0.266
5222,5.86,0.3694
5223,91.22,0.3769
5224,132.03,0.2851
5225,132.29,0.2848
5226,5.5,0.4038
5227,5.5,0.4165
5228,237.73,0.4392
5229,147.58,0.5291
5230,160.33,0.6845
5231,116.14,0.6384
5232,196.84,0.6645
5233,180.99,0.5386
5234,179.66,0.6422
5235,5.3,0.5956
5236,243.77,0.5905
5237,139.46,0.5931
5238,174.7,0.7593
5239,182.84,0.7297
5240,209.95,0.7923
5241,207.25,0.6559
5242,216.61,0.6347
5243,6.78,0.5631
5244,156.64,0.488
5245,121.89,0.3831
5246,114.8,0.5371
5247,87.43,0.5853
5248,196.32,0.5794
5249,216.06,0.58
5250,114.6,0.5641
5251,115.54,0.5099
5252,67.86,0.3492
5253,129.51,0.2611
5254,18.24,0.1717
5255,6.13,0.1206
5256,5.5,0.0987
5257,4.9,0.1724
5258,102.56,0.256
5259,109.0,0.34
5260,109.04,0.3509
5261,108.96,0.2722
5262,18.32,0.1998
5263,5.62,0.2205
5264,19.9,0.24
5265,134.46,0.2299
5266,133.08,0.3206
5267,5.79,0.4109
5268,117.38,0.4005
5269,131.0,0.3864
5270,121.71,0.4802
5271,115.69,0.3897
5272,121.26,0.3711
5273,5.99,0.3609
5274,108.04,0.3562
5275,109.14,0.4065
5276,110.01,0.5504
5277,183.12,0.55
5278,183.14,0.6195
5279,107.6,0.5349
5280,194.73,0.391
5281,5.86,0.2469
5282,5.96,0.1636
5283,5.61,0.1163
5284,5.06,0.2111
5285,136.55,0.2591
5286,122.54,0.2593
5287,65.12,0.3558
5288,5.76,0.3376
5289,123.99,0.3332
5290,114.14,0.4144
5291,117.02,0.5338
5292,165.14,0.6177
5293,152.79,0.6429
5294,227.27,0.6593
5295,145.14,0.6367
5296,137.24,0.6864
5297,137.29,0.6705
5298,213.94,0.7465
5299,207.78,0.7448
5300,238.7,0.7435
5301,135.18,0.6759
5302,135.62,0.5121
5303,130.73,0.4199
5304,6.06,0.417
5305,125.2,0.3089
5306,131.59,0.2073
5307,2.56,0.3161
5308,5.63,0.3079
5309,139.99,0.3023
5310,115.1,0.4011
5311,124.75,0.5111
5312,124.14,0.5202
5313,141.11,0.5422
5314,151.22,0.5546
5315,142.17,0.5365
5316,140.07,0.5158
5317,101.81,0.5235
5318,115.6,0.5228
5319,160.76,0.5201
5320,141.24,0.6064
5321,136.78,0.6817
5322,208.01,0.5561
5323,208.34,0.5056
5324,6.15,0.5476
5325,79.08,0.5319
5326,188.45,0.3675
5327,188.73,0.3671
5328,5.91,0.3997
5329,5.61,0.3653
5330,119.25,0.3137
5331,146.15,0.4095
5332,125.12,0.5598
5333,123.91,0.58
5334,190.68,0.6098
5335,144.09,0.6577
5336,182.88,0.6702
5337,184.0,0.6268
5338,139.38,0.5142
5339,137.17,0.3972
5340,5.5,0.3409
5341,38.78,0.3252
5342,114.75,0.2181
5343,120.08,0.218
5344,5.29,0.2848
5345,5.37,0.2907
5346,121.05,0.196
5347,121.92,0.2788
5348,3.57,0.4453
5349,107.25,0.54
5350,210.26,0.5422
5351,237.65,0.6397
5352,124.64,0.6939
5353,123.62,0.6815
5354,174.04,0.6106
5355,194.98,0.514
5356,150.36,0.5192
5357,5.66,0.5468
5358,130.04,0.5584
5359,208.0,0.441
5360,209.26,0.4414
5361,5.85,0.3402
5362,6.12,0.1762
5363,5.5,0.0106
5364,5.98,0.0107
5365,5.45,0.0991
5366,5.94,0.1969
5367,114.98,0.1968
5368,125.91,0.286
5369,5.87,0.3904
5370,115.29,0.3915
5371,134.48,0.4012
5372,116.26,0.5152
5373,137.93,0.438
5374,146.24,0.419
5375,20.15,0.4859
5376,111.16,0.5182
5377,198.66,0.5635
5378,177.61,0.6622
5379,202.08,0.7115
5380,141.68,0.6879
5381,171.84,0.6485
5382,169.59,0.5875
5383,129.14,0.4774
5384,126.97,0.4305
5385,6.06,0.4048
5386,114.09,0.3935
5387,138.0,0.2949
5388,115.14,0.2948
5389,5.6,0.308
5390,6.0,0.333
5391,130.34,0.3584
5392,168.79,0.4598
5393,146.32,0.5684
5394,130.47,0.578
5395,139.76,0.5817
5396,142.15,0.5595
5397,173.39,0.6082
5398,118.96,0.5973
5399,190.35,0.5828
5400,126.42,0.5828
5401,124.25,0.6279
5402,173.48,0.5875
5403,174.4,0.4893
5404,140.59,0.4768
5405,5.5,0.4545
5406,108.92,0.3248
5407,145.96,0.2152
5408,14.69,0.3091
5409,5.74,0.38
5410,121.08,0.4538
5411,196.2,0.5473
5412,236.79,0.6624
5413,129.88,0.6952
5414,147.45,0.7049
5415,161.46,0.5169
5416,208.14,0.511
5417,5.29,0.5795
5418,122.62,0.6329
5419,231.75,0.6562
5420,227.28,0.8069
5421,236.84,0.7117
5422,190.78,0.5279
5423,5.43,0.3476
5424,5.4,0.2568
5425,5.4,0.2067
5426,124.98,0.3023
5427,129.18,0.302
5428,123.1,0.4406
5429,4.98,0.4485
5430,176.04,0.4427
5431,134.69,0.4586
5432,122.14,0.5493
5433,142.66,0.5384
5434,116.6,0.5394
5435,162.57,0.5999
5436,135.99,0.686
5437,196.63,0.7017
5438,248.62,0.6803
5439,136.02,0.5746
5440,136.12,0.4199
5441,5.9,0.2229
5442,6.14,0.1172
5443,6.14,0.0113
5444,5.81,0.0114
5445,5.81,0.1077
5446,5.98,0.235
5447,124.71,0.3296
5448,162.9,0.3294
5449,122.28,0.4185
5450,5.5,0.4103
5451,115.66,0.3709
5452,114.63,0.3864
5453,114.38,0.4887
5454,141.35,0.5416
5455,131.49,0.6121
5456,180.76,0.6076
5457,201.43,0.5073
5458,108.85,0.4054
5459,17.88,0.3671
5460,6.06,0.3106
5461,133.59,0.4063
5462,131.93,0.5381
5463,226.66,0.6869
5464,180.1,0.5834
5465,189.3,0.4807
5466,6.12,0.3961
5467,5.44,0.2549
5468,122.56,0.1053
5469,6.2,0.2018
5470,5.2,0.3022
5471,124.85,0.3043
5472,129.14,0.4059
5473,125.16,0.5357
5474,131.21,0.5871
5475,165.1,0.4872
5476,188.1,0.3902
5477,6.1,0.3552
5478,5.8,0.337
5479,88.02,0.3443
5480,142.73,0.3434
5481,197.04,0.4405
5482,5.0,0.4753
5483,125.44,0.4567
5484,130.77,0.3013
5485,119.85,0.3282
5486,5.68,0.3273
5487,38.21,0.3555
5488,124.3,0.2626
5489,165.44,0.2627
5490,5.5,0.3428
5491,5.88,0.359
5492,136.83,0.353
5493,144.24,0.4572
5494,157.99,0.457
5495,133.83,0.3507
5496,5.67,0.3443
5497,5.86,0.327
5498,136.33,0.3887
5499,136.71,0.5412
5500,209.8,0.6472
5501,193.46,0.5409
5502,136.34,0.4345
5503,5.48,0.2687
5504,5.74,0.116
5505,5.61,0.0098
5506,5.52,0.0999
5507,5.5,0.2071
5508,116.5,0.2079
5509,137.68,0.2188
5510,6.62,0.3125
5511,18.9,0.3279
5512,120.94,0.3247
5513,135.44,0.4316
5514,133.71,0.5761
5515,138.27,0.6376
5516,196.83,0.6463
5517,196.56,0.6384
5518,146.2,0.6863
5519,124.03,0.6402
5520,197.16,0.6793
5521,140.06,0.7597
5522,244.69,0.7458
5523,245.29,0.6871
5524,106.89,0.6827
5525,124.87,0.4887
5526,134.62,0.3804
5527,5.88,0.3928
5528,111.98,0.3962
5529,122.08,0.2917
5530,129.06,0.3858
5531,6.02,0.431
5532,121.7,0.4445
5533,167.57,0.4343
5534,138.73,0.5368
5535,116.58,0.4428
5536,132.13,0.3189
5537,6.04,0.2968
5538,14.96,0.3325
5539,111.58,0.3346
5540,160.45,0.4389
5541,134.76,0.536
5542,134.48,0.5308
5543,134.54,0.5195
5544,105.11,0.5255
5545,146.57,0.4209
5546,142.18,0.3162
5547,5.6,0.32
5548,5.69,0.2948
5549,109.73,0.2712
5550,115.58,0.2714
5551,113.17,0.3634
5552,5.81,0.3811
5553,118.94,0.3865
5554,131.54,0.3956
5555,122.25,0.5035
5556,124.35,0.5179
5557,138.72,0.4159
5558,136.6,0.3216
5559,5.94,0.3464
5560,6.13,0.3597
5561,154.98,0.4019
5562,155.05,0.5499
5563,188.51,0.6572
5564,188.25,0.6352
5565,138.25,0.5148
5566,127.88,0.3669
5567,6.8,0.3097
5568,6.4,0.3056
5569,117.83,0.22
5570,133.18,0.2189
5571,22.44,0.3573
5572,5.5,0.3723
5573,176.86,0.4256
5574,136.24,0.5144
5575,198.82,0.6339
5576,131.74,0.4943
5577,152.61,0.3881
5578,5.04,0.231
5579,5.4,0.1592
5580,5.4,0.1539
5581,43.4,0.2642
5582,146.09,0.2643
5583,140.86,0.3602
5584,5.5,0.47
5585,123.51,0.4953
5586,178.57,0.3859
5587,177.24,0.3985
5588,6.1,0.3962
5589,21.09,0.3875
5590,120.62,0.2476
5591,167.86,0.2467
5592,4.98,0.4187
5593,4.96,0.516
5594,232.9,0.4777
5595,240.45,0.5877
5596,120.66,0.7284
5597,140.5,0.6859
5598,178.16,0.6482
5599,180.58,0.6769
5600,194.02,0.712
5601,156.01,0.733
5602,183.64,0.7408
5603,204.05,0.7728
5604,190.15,0.8342
5605,233.52,0.8417
5606,231.6,0.6809
5607,192.86,0.633
5608,6.08,0.5392
5609,131.12,0.455
5610,118.01,0.3029
5611,128.03,0.3024
5612,5.56,0.305
5613,5.4,0.3141
5614,134.33,0.3828
5615,129.23,0.5516
5616,212.65,0.5516
5617,213.42,0.447
5618,5.4,0.4464
5619,5.52,0.3798
5620,128.48,0.3163
5621,130.63,0.4695
5622,135.28,0.5725
5623,193.98,0.5744
5624,132.38,0.5779
5625,130.8,0.4694
5626,134.88,0.3162
5627,1.76,0.2131
5628,5.36,0.2058
5629,5.36,0.2018
5630,121.82,0.3367
5631,130.01,0.3373
5632,167.82,0.4475
5633,6.18,0.5108
5634,140.94,0.5915
5635,199.84,0.629
5636,229.29,0.7806
5637,214.01,0.6709
5638,192.87,0.5133
5639,5.81,0.4358
5640,5.88,0.2667
5641,133.85,0.1144
5642,5.8,0.1145
5643,5.38,0.1147
5644,5.9,0.1142
5645,6.16,0.2968
5646,133.2,0.3701
5647,230.64,0.3702
5648,95.59,0.3706
5649,6.06,0.3551
5650,6.57,0.2601
5651,114.22,0.1863
5652,113.66,0.2851
5653,4.7,0.4458
5654,127.71,0.5501
5655,204.42,0.5503
5656,242.62,0.6387
5657,113.94,0.5395
5658,113.57,0.569
5659,5.5,0.5407
5660,240.76,0.6444
5661,207.83,0.748
5662,241.52,0.9128
5663,241.23,0.9133
5664,208.3,0.9406
5665,241.44,0.8383
5666,241.42,0.7537
5667,115.54,0.5895
5668,137.12,0.3984
5669,6.14,0.2914
5670,6.18,0.3041
5671,109.61,0.2475
5672,131.26,0.247
5673,67.37,0.3419
5674,5.49,0.3628
5675,123.03,0.3663
5676,135.43,0.4215
5677,135.46,0.518
5678,135.43,0.4227
5679,124.27,0.4169
5680,5.62,0.3957
5681,128.37,0.3744
5682,109.35,0.4389
5683,109.23,0.5761
5684,203.69,0.4766
5685,174.56,0.5377
5686,5.86,0.6053
5687,184.55,0.5834
5688,192.46,0.4462
5689,176.72,0.5417
5690,5.66,0.491
5691,123.36,0.3391
5692,122.12,0.201
5693,5.5,0.2986
5694,6.64,0.2946
5695,125.89,0.294
5696,118.44,0.4038
5697,121.4,0.4236
5698,140.62,0.3263
5699,31.06,0.2451
5700,6.04,0.2468
5701,18.45,0.2385
5702,123.52,0.3191
5703,130.41,0.4237
5704,130.25,0.4136
5705,134.87,0.3182
5706,6.06,0.3228
5707,6.06,0.359
5708,136.07,0.2594
5709,174.73,0.3164
5710,12.27,0.4006
5711,76.25,0.3817
5712,109.68,0.2438
5713,112.85,0.2379
5714,5.0,0.3218
5715,5.0,0.3841
5716,179.52,0.3955
5717,186.44,0.4851
5718,126.77,0.4859
5719,115.42,0.345
5720,5.98,0.2772
5721,5.98,0.2964
5722,103.03,0.3115
5723,150.42,0.4371
5724,133.95,0.5447
5725,160.57,0.5767
5726,138.48,0.5692
5727,142.49,0.4644
5728,141.12,0.339
5729,5.0,0.2315
5730,6.12,0.2135
5731,6.14,0.1927
5732,120.36,0.1942
5733,115.43,0.2518
5734,6.87,0.4063
5735,77.08,0.4197
5736,196.28,0.4652
5737,136.86,0.5988
5738,171.45,0.7143
5739,171.42,0.7312
5740,219.22,0.7266
5741,217.14,0.697
5742,131.22,0.6693
5743,135.0,0.6945
5744,137.34,0.6589
5745,250.18,0.6595
5746,173.31,0.7464
5747,131.96,0.7767
5748,242.03,0.6876
5749,174.67,0.5513
5750,140.48,0.4486
5751,5.5,0.3413
5752,5.5,0.2981
5753,109.85,0.1889
5754,121.59,0.2764
5755,5.94,0.3849
5756,113.28,0.395
5757,139.03,0.4117
5758,122.36,0.5223
5759,142.17,0.4771
5760,142.06,0.3833
5761,57.58,0.3797
5762,23.64,0.3605
5763,117.88,0.3976
5764,118.51,0.5025
5765,187.72,0.6696
5766,186.73,0.5783
5767,229.45,0.5864
5768,5.5,0.5431
5769,128.41,0.3961
5770,134.39,0.2152
5771,5.71,0.3208
5772,6.8,0.3251
5773,135.55,0.2178
5774,133.69,0.2173
5775,2.28,0.3655
5776,5.0,0.363
5777,189.38,0.3643
5778,132.43,0.4649
5779,135.3,0.4649
5780,126.11,0.3151
5781,5.0,0.3127
5782,5.0,0.3784
5783,129.47,0.4464
5784,216.1,0.6393
5785,209.91,0.6401
5786,242.45,0.5398
5787,5.98,0.4799
5788,6.02,0.4502
5789,142.32,0.4146
5790,173.38,0.4141
5791,198.63,0.515
5792,5.4,0.5148
5793,130.15,0.3917
5794,142.13,0.2352
5795,21.78,0.3306
5796,6.0,0.418
5797,122.83,0.4074
5798,237.71,0.5009
5799,129.12,0.6937
5800,136.92,0.7917
5801,243.34,0.7608
5802,243.52,0.6603
5803,199.68,0.5535
5804,5.38,0.3602
5805,5.38,0.3585
5806,5.34,0.3656
5807,241.48,0.5306
5808,208.39,0.7047
5809,208.54,0.8718
5810,219.72,0.7112
5811,211.06,0.5583
5812,43.76,0.4903
5813,20.1,0.4063
5814,124.8,0.2397
5815,116.3,0.2091
5816,6.06,0.302
5817,5.96,0.2923
5818,134.59,0.29
5819,112.78,0.3861
5820,113.5,0.386
5821,124.32,0.4475
5822,5.85,0.4804
5823,210.3,0.4777
5824,153.31,0.4823
5825,110.22,0.5767
5826,129.96,0.5184
5827,122.1,0.5063
5828,138.48,0.5308
5829,138.4,0.534
5830,140.46,0.4398
5831,133.85,0.3318
5832,6.12,0.3183
5833,5.47,0.3195
5834,121.86,0.3225
5835,141.97,0.3227
5836,137.5,0.4277
5837,6.36,0.5303
5838,134.71,0.5324
5839,248.19,0.5383
5840,144.62,0.6715
5841,144.69,0.6695
5842,170.39,0.5662
5843,132.2,0.5943
5844,121.05,0.6328
5845,179.18,0.499
5846,192.17,0.4599
5847,5.64,0.5535
5848,84.04,0.5144
5849,236.3,0.3629
5850,131.05,0.3629
5851,5.6,0.2992
5852,5.71,0.1118
5853,5.5,0.1043
5854,5.66,0.2092
5855,121.84,0.2094
5856,134.74,0.318
5857,5.91,0.4471
5858,139.21,0.4497
5859,164.56,0.5063
5860,125.14,0.6657
5861,204.34,0.6604
5862,202.2,0.7262
5863,132.67,0.8232
5864,245.6,0.8547
5865,244.58,0.8721
5866,243.16,0.9095
5867,223.54,0.898
5868,178.79,0.7948
5869,231.45,0.7092
5870,117.49,0.6215
5871,137.68,0.4809
5872,115.62,0.3181
5873,5.63,0.3229
5874,31.04,0.3312
5875,123.48,0.2422
5876,147.82,0.2425
5877,6.06,0.3758
5878,6.06,0.3929
5879,195.09,0.3725
5880,144.59,0.4813
5881,122.63,0.4813
5882,140.06,0.3278
5883,6.08,0.3088
5884,6.12,0.3073
5885,121.1,0.3427
5886,120.85,0.5028
5887,183.6,0.6072
5888,203.2,0.5136
5889,134.65,0.5636
5890,5.84,0.563
5891,182.44,0.5358
5892,182.92,0.4308
5893,169.63,0.5236
5894,5.4,0.4708
5895,120.09,0.3538
5896,117.4,0.2209
5897,38.96,0.2294
5898,5.96,0.2333
5899,15.91,0.2309
5900,124.9,0.322
5901,114.44,0.4454
5902,151.07,0.4371
5903,157.94,0.3403
5904,5.69,0.3584
5905,5.71,0.3446
5906,136.65,0.3803
5907,134.16,0.3804
5908,201.83,0.3805
5909,5.82,0.3863
5910,5.9,0.3785
5911,143.74,0.3577
5912,124.59,0.3578
5913,176.22,0.4547
5914,5.96,0.4363
5915,125.15,0.4326
5916,121.04,0.2933
5917,120.11,0.3809
5918,4.7,0.3881
5919,113.76,0.4155
5920,134.1,0.4445
5921,154.72,0.5344
5922,155.87,0.599
5923,115.41,0.5425
5924,193.26,0.5382
5925,64.5,0.549
5926,149.4,0.562
5927,169.15,0.5198
5928,131.47,0.5926
5929,141.27,0.6124
5930,154.22,0.6142
5931,173.69,0.6463
5932,171.38,0.5366
5933,171.06,0.4164
5934,6.16,0.3865
5935,6.18,0.3718
5936,136.93,0.3399
5937,153.3,0.3389
5938,131.72,0.445
5939,4.93,0.4357
5940,136.83,0.4042
5941,125.45,0.3914
5942,114.58,0.4852
5943,115.91,0.3781
5944,120.46,0.3872
5945,4.97,0.4045
5946,136.65,0.4213
5947,135.9,0.4352
5948,136.55,0.5987
5949,137.6,0.5466
5950,206.28,0.5747
5951,72.53,0.5682
5952,170.49,0.4609
5953,128.55,0.2971
5954,5.4,0.3342
5955,4.62,0.319
5956,118.28,0.2169
5957,151.68,0.2173
5958,2.88,0.4161
5959,5.94,0.5229
5960,249.36,0.6014
5961,249.75,0.7661
5962,248.4,0.9649
5963,205.62,0.9056
5964,250.67,0.7948
5965,176.45,0.6827
5966,113.3,0.6283
5967,110.36,0.6268
5968,138.6,0.5901
5969,248.86,0.6292
5970,131.26,0.6452
5971,161.39,0.5372
5972,130.1,0.3395
5973,5.58,0.2373
5974,5.48,0.1202
5975,5.46,0.1054
5976,17.2,0.2025
5977,111.84,0.2026
5978,125.12,0.2026
5979,5.7,0.3834
5980,5.38,0.446
5981,239.8,0.4516
5982,188.99,0.5897
5983,132.0,0.5964
5984,175.72,0.4063
5985,13.58,0.4199
5986,5.78,0.4461
5987,205.75,0.459
5988,164.26,0.5584
5989,191.54,0.6593
5990,135.98,0.5992
5991,130.06,0.6181
5992,131.78,0.4672
5993,187.44,0.3614
5994,5.79,0.3629
5995,5.73,0.3598
5996,131.91,0.3006
5997,128.0,0.3011
5998,114.46,0.301
5999,6.4,0.3063
6000,5.66,0.3016
6001,138.47,0.3911
6002,122.2,0.5681
6003,224.65,0.5679
6004,224.31,0.4608
6005,5.4,0.4603
6006,6.56,0.3843
6007,121.6,0.3917
6008,131.16,0.4956
6009,233.39,0.6663
6010,133.26,0.7403
6011,216.8,0.7598
6012,212.69,0.6717
6013,155.2,0.6851
6014,124.94,0.5134
6015,149.77,0.438
6016,5.3,0.4059
6017,119.93,0.419
6018,115.64,0.3023
6019,141.1,0.4142
6020,6.05,0.4515
6021,143.12,0.4613
6022,165.82,0.4402
6023,127.69,0.542
6024,115.08,0.5999
6025,131.45,0.6061
6026,214.44,0.6703
6027,173.41,0.5816
6028,206.71,0.4796
6029,5.94,0.3104
6030,5.84,0.284
6031,6.06,0.2727
6032,140.93,0.3799
6033,192.77,0.377
6034,137.96,0.3742
6035,2.35,0.264
6036,2.6,0.2085
6037,5.18,0.1976
6038,124.51,0.315
6039,124.5,0.4137
6040,146.85,0.5571
6041,124.13,0.6509
6042,181.73,0.6483
6043,240.07,0.635
6044,121.2,0.7043
6045,130.54,0.7503
6046,209.48,0.5602
6047,238.38,0.4673
6048,5.97,0.3666
6049,6.8,0.2011
6050,6.59,0.2092
6051,5.68,0.3739
6052,248.32,0.5525
6053,208.8,0.7446
6054,226.66,0.7446
6055,243.19,0.5474
6056,5.66,0.4884
6057,5.5,0.4123
6058,136.19,0.2716
6059,132.89,0.2716
6060,70.04,0.3869
6061,5.64,0.3718
6062,147.4,0.3568
6063,117.58,0.3939
6064,114.49,0.5169
6065,115.66,0.5051
6066,157.16,0.5575
6067,132.82,0.5828
6068,182.18,0.607
6069,145.58,0.5981
6070,145.42,0.5974
6071,146.27,0.6334
6072,131.98,0.7009
6073,226.46,0.7431
6074,228.69,0.7872
6075,197.4,0.6848
6076,200.46,0.5057
6077,5.94,0.4287
6078,6.0,0.3609
6079,133.87,0.2029
6080,113.91,0.2021
6081,5.94,0.3427
6082,5.0,0.3531
6083,179.09,0.3725
6084,146.62,0.3951
6085,137.84,0.3959
6086,33.79,0.2553
6087,5.96,0.2692
6088,6.0,0.2878
6089,163.65,0.2647
6090,160.77,0.2644
6091,5.37,0.264
6092,5.54,0.1356
6093,5.54,0.2076
6094,5.58,0.4044
6095,249.38,0.424
6096,247.66,0.4782
6097,29.68,0.5992
6098,72.26,0.4904
6099,154.56,0.2941
6100,115.47,0.2749
6101,6.0,0.311
6102,5.98,0.2932
6103,116.76,0.3098
6104,132.58,0.4961
6105,135.92,0.5892
6106,235.38,0.6125
6107,120.62,0.5989
6108,145.45,0.6535
6109,115.8,0.616
6110,203.24,0.6745
6111,189.14,0.7224
6112,192.68,0.7121
6113,204.42,0.6724
6114,103.18,0.6634
6115,154.34,0.6286
6116,178.06,0.4667
6117,149.73,0.4765
6118,5.08,0.4587
6119,115.25,0.4243
6120,132.43,0.3066
6121,135.71,0.3171
6122,4.82,0.3172
6123,18.03,0.303
6124,115.42,0.2909
6125,114.94,0.3885
6126,120.79,0.3783
6127,124.96,0.3775
6128,5.5,0.3933
6129,114.4,0.4639
6130,134.41,0.5316
6131,207.74,0.7129
6132,208.29,0.73
6133,228.69,0.7711
6134,135.44,0.7565
6135,185.08,0.72
6136,189.8,0.5387
6137,163.28,0.4333
6138,5.43,0.3994
6139,5.74,0.3443
6140,143.32,0.2167
6141,122.01,0.3008
6142,6.14,0.4125
6143,108.97,0.3817
6144,143.26,0.3812
6145,105.42,0.4754
6146,121.35,0.4049
6147,122.14,0.3034
6148,22.22,0.3111
6149,18.23,0.314
6150,114.96,0.3608
6151,124.86,0.4888
6152,179.82,0.625
6153,179.83,0.6831
6154,185.93,0.7051
6155,186.48,0.6684
6156,151.94,0.5272
6157,134.66,0.3812
6158,5.92,0.3173
6159,6.12,0.288
6160,107.9,0.2858
6161,115.8,0.2861
6162,132.03,0.373
6163,6.22,0.3948
6164,113.12,0.4974
6165,134.78,0.4905
6166,242.06,0.6021
6167,123.54,0.619
6168,143.6,0.5971
6169,133.98,0.4042
6170,107.77,0.3076
6171,4.6,0.3248
6172,4.6,0.3265
6173,164.82,0.3445
6174,136.04,0.4993
6175,129.9,0.6579
6176,195.21,0.7069
6177,199.94,0.601
6178,225.13,0.5919
6179,5.66,0.5696
6180,118.61,0.4225
6181,167.85,0.2443
6182,18.8,0.2787
6183,5.66,0.3006
6184,48.06,0.2634
6185,145.56,0.3705
6186,122.04,0.5045
6187,150.65,0.6253
6188,170.65,0.6131
6189,196.82,0.5185
6190,130.56,0.488
6191,5.59,0.4807
6192,113.08,0.4877
6193,161.59,0.5808
6194,205.51,0.7759
6195,245.19,0.7852
6196,245.79,0.755
6197,124.53,0.6
6198,124.35,0.4157
6199,14.7,0.3148
6200,18.29,0.3124
6201,121.58,0.2155
6202,121.58,0.208
6203,5.0,0.2885
6204,5.5,0.3014
6205,117.42,0.3583
6206,137.43,0.4469
6207,191.66,0.5503
6208,114.08,0.5668
6209,132.84,0.6396
6210,137.66,0.5949
6211,227.08,0.6064
6212,136.59,0.594
6213,128.31,0.5814
6214,117.49,0.4969
6215,122.18,0.4986
6216,123.04,0.5482
6217,138.72,0.458
6218,189.38,0.3636
6219,6.46,0.3548
6220,5.98,0.3649
6221,112.08,0.3056
6222,151.18,0.3053
6223,116.38,0.4165
6224,6.14,0.467
6225,142.88,0.4603
6226,174.22,0.5126
6227,142.93,0.6671
6228,180.82,0.5549
6229,196.28,0.4967
6230,4.8,0.4898
6231,102.58,0.5338
6232,134.36,0.4799
6233,234.98,0.5934
6234,130.0,0.6359
6235,144.58,0.6866
6236,154.81,0.6054
6237,196.78,0.6591
6238,135.06,0.5465
6239,196.16,0.4255
6240,5.84,0.3669
6241,5.84,0.3659
6242,124.68,0.2109
6243,133.8,0.3018
6244,5.33,0.485
6245,117.73,0.4947
6246,231.46,0.4969
6247,136.56,0.6333
6248,136.48,0.6855
6249,173.3,0.6468
6250,182.06,0.5866
6251,183.74,0.5829
6252,62.53,0.4467
6253,131.93,0.3033
6254,5.5,0.2486
6255,5.5,0.308
6256,116.47,0.3022
6257,135.61,0.3021
6258,124.78,0.3021
6259,5.48,0.2479
6260,5.48,0.2448
6261,49.72,0.2556
6262,131.79,0.2555
6263,138.05,0.2555
6264,5.4,0.3165
6265,5.4,0.3101
6266,124.88,0.3456
6267,123.9,0.4888
6268,181.72,0.6167
6269,181.81,0.6269
6270,162.78,0.6837
6271,137.45,0.6917
6272,193.88,0.7458
6273,191.49,0.8148
6274,248.53,0.8601
6275,247.71,0.7066
6276,193.2,0.6522
6277,4.9,0.5789
6278,124.44,0.4672
6279,158.39,0.3152
6280,110.12,0.406
6281,6.04,0.4214
6282,116.76,0.332
6283,143.38,0.2445
6284,48.34,0.244
6285,2.3,0.3169
6286,5.42,0.3282
6287,206.54,0.4421
6288,157.34,0.5908
6289,188.6,0.7201
6290,185.32,0.6979
6291,164.57,0.7511
6292,179.24,0.7479
6293,222.81,0.688
6294,184.72,0.5588
6295,111.57,0.418
6296,5.5,0.2417
6297,5.94,0.2608
6298,5.7,0.3689
6299,208.18,0.5001
6300,244.76,0.5
6301,167.01,0.6065
6302,5.74,0.5351
6303,136.87,0.3408
6304,120.31,0.3491
6305,5.5,0.4601
6306,177.22,0.4471
6307,142.42,0.4479
6308,120.87,0.5422
6309,121.26,0.5529
6310,121.62,0.5807
6311,190.44,0.6817
6312,176.56,0.7773
6313,245.3,0.8121
6314,238.97,0.7908
6315,164.49,0.7824
6316,164.15,0.713
6317,166.24,0.6557
6318,159.82,0.6576
6319,168.4,0.5283
6320,166.88,0.3974
6321,5.0,0.3662
6322,5.0,0.3413
6323,121.41,0.3125
6324,137.76,0.3132
6325,131.44,0.4178
6326,5.89,0.4195
6327,133.76,0.4078
6328,123.48,0.3944
6329,123.39,0.4946
6330,114.96,0.3904
6331,129.2,0.3917
6332,5.42,0.4005
6333,125.1,0.4281
6334,134.21,0.5075
6335,148.94,0.6542
6336,227.05,0.7511
6337,185.96,0.7473
6338,244.49,0.7324
6339,129.51,0.6587
6340,130.57,0.5095
6341,136.31,0.3149
6342,2.25,0.3109
6343,4.92,0.3057
6344,124.62,0.1991
6345,124.17,0.2914
6346,5.02,0.3812
6347,115.92,0.3741
6348,115.43,0.3672
6349,115.85,0.5117
6350,115.73,0.5578
6351,182.89,0.5138
6352,172.72,0.4239
6353,61.21,0.3461
6354,5.24,0.2916
6355,19.92,0.2608
6356,115.82,0.3191
6357,134.81,0.4828
6358,132.96,0.6023
6359,206.76,0.6666
6360,167.0,0.562
6361,195.07,0.4634
6362,5.98,0.3937
6363,11.54,0.3532
6364,120.92,0.199
6365,117.16,0.1985
6366,5.3,0.2924
6367,5.3,0.2973
6368,127.14,0.3032
6369,127.0,0.4126
6370,124.36,0.4233
6371,140.08,0.3251
6372,18.46,0.3329
6373,6.21,0.3435
6374,136.63,0.379
6375,137.34,0.4759
6376,183.88,0.5825
6377,137.66,0.4756
6378,137.48,0.4683
6379,5.07,0.4138
6380,128.28,0.3871
6381,116.82,0.2803
6382,104.76,0.3908
6383,6.0,0.3971
6384,141.08,0.3939
6385,136.11,0.3129
6386,112.91,0.313
6387,4.99,0.3608
6388,6.16,0.4191
6389,199.84,0.4265
6390,207.96,0.4272
6391,122.01,0.4271
6392,5.88,0.2693
6393,6.05,0.1049
6394,5.5,0.0108
6395,5.5,0.0112
6396,6.24,0.011
6397,6.3,0.0114
6398,5.86,0.119
6399,5.96,0.305
6400,137.93,0.4589
6401,235.32,0.4586
6402,195.78,0.5499
6403,5.48,0.5593
6404,118.31,0.4623
6405,149.57,0.3086
6406,115.88,0.344
6407,6.58,0.3816
6408,49.06,0.3539
6409,164.62,0.3612
6410,115.46,0.4707
6411,124.9,0.4354
6412,141.34,0.3061
6413,5.64,0.3256
6414,5.4,0.3357
6415,139.48,0.3321
6416,137.29,0.4471
6417,136.86,0.5518
6418,147.23,0.5271
6419,134.4,0.5
6420,109.06,0.3929
6421,103.95,0.2781
6422,5.0,0.1737
6423,5.86,0.2007
6424,5.83,0.2133
6425,142.31,0.3166
6426,119.43,0.3157
6427,132.15,0.407
6428,4.85,0.4041
6429,118.17,0.4135
6430,138.8,0.4308
6431,130.92,0.5393
6432,153.46,0.4481
6433,138.5,0.4379
6434,5.83,0.4798
6435,126.32,0.536
6436,182.47,0.6044
6437,222.65,0.7022
6438,222.68,0.71
6439,126.29,0.7074
6440,135.88,0.6298
6441,179.32,0.4534
6442,127.1,0.3551
6443,5.5,0.3398
6444,5.3,0.3606
6445,116.99,0.3262
6446,204.94,0.3259
6447,84.76,0.4997
6448,5.08,0.5607
6449,219.26,0.5065
6450,192.18,0.5365
6451,138.18,0.6429
6452,121.66,0.4701
6453,136.08,0.4644
6454,6.58,0.521
6455,185.14,0.5901
6456,207.84,0.5868
6457,206.68,0.7546
6458,132.12,0.7779
6459,213.15,0.7199
6460,213.79,0.5567
6461,136.51,0.4536
6462,5.62,0.2848
6463,5.29,0.1154
6464,5.29,0.1046
6465,5.2,0.1972
6466,123.22,0.1948
6467,119.57,0.1947
6468,2.35,0.2903
6469,5.21,0.2921
6470,122.96,0.2975
6471,125.42,0.3943
6472,126.14,0.4214
6473,121.59,0.3263
6474,38.53,0.3655
6475,5.94,0.4212
6476,173.63,0.5125
6477,194.79,0.6495
6478,233.99,0.7571
6479,207.14,0.7108
6480,138.39,0.6597
6481,116.72,0.576
6482,131.84,0.4833
6483,130.89,0.4209
6484,93.0,0.4611
6485,61.61,0.4687
6486,166.2,0.3668
6487,141.23,0.2957
6488,5.41,0.3409
6489,5.5,0.3005
6490,117.16,0.275
6491,116.55,0.3672
6492,109.8,0.4726
6493,118.91,0.5285
6494,135.24,0.5817
6495,186.08,0.6126
6496,181.97,0.6063
6497,147.87,0.6152
6498,111.13,0.563
6499,146.23,0.5685
6500,121.8,0.6192
6501,188.76,0.6292
6502,210.32,0.6236
6503,123.37,0.5295
6504,139.35,0.5176
6505,5.92,0.4401
6506,174.18,0.4302
6507,114.82,0.3215
6508,111.27,0.331
6509,5.48,0.3812
6510,17.66,0.3973
6511,235.96,0.4031
6512,134.68,0.4995
6513,118.4,0.6274
6514,124.16,0.5411
6515,175.07,0.5401
6516,129.76,0.6383
6517,133.45,0.6383
6518,239.28,0.5976
6519,124.12,0.6026
6520,125.03,0.6345
6521,135.82,0.5761
6522,172.74,0.5836
6523,167.39,0.4869
6524,133.38,0.3808
6525,5.96,0.3331
6526,5.2,0.3102
6527,114.07,0.2067
6528,139.15,0.2913
6529,5.95,0.4715
6530,110.18,0.5484
6531,226.97,0.5917
6532,208.74,0.7464
6533,192.54,0.6621
6534,196.4,0.5062
6535,6.34,0.4526
6536,35.12,0.4024
6537,142.72,0.3526
6538,130.7,0.5427
6539,135.05,0.62
6540,240.4,0.6172
6541,130.28,0.7128
6542,139.32,0.8059
6543,248.46,0.6156
6544,249.66,0.5142
6545,6.05,0.4857
6546,5.4,0.3978
6547,104.25,0.2917
6548,140.22,0.2915
6549,119.05,0.3868
6550,5.86,0.4203
6551,122.66,0.4246
6552,145.55,0.4754
6553,145.42,0.6672
6554,181.6,0.7424
6555,242.06,0.7645
6556,215.24,0.7826
6557,172.75,0.8234
6558,167.73,0.723
6559,231.84,0.6519
6560,118.44,0.6606
6561,127.67,0.6347
6562,183.54,0.5547
6563,135.78,0.6247
6564,133.31,0.5254
6565,204.73,0.3812
6566,5.38,0.3652
6567,6.0,0.4197
6568,116.1,0.3623
6569,200.35,0.5021
6570,134.13,0.6905
6571,177.47,0.6966
6572,237.92,0.6456
6573,123.58,0.6297
6574,137.64,0.4899
6575,114.49,0.3011
6576,5.34,0.2052
6577,5.5,0.0977
6578,5.48,0.009
6579,5.32,0.2065
6580,5.32,0.3534
6581,248.45,0.4951
6582,186.4,0.6486
6583,179.94,0.7611
6584,194.29,0.5782
6585,143.86,0.4426
6586,23.27,0.3908
6587,19.39,0.3343
6588,116.19,0.3869
6589,124.68,0.53
6590,208.74,0.6964
6591,199.34,0.7157
6592,224.3,0.7245
6593,139.93,0.6652
6594,135.52,0.6128
6595,135.71,0.54
6596,134.87,0.5111
6597,134.69,0.4053
6598,104.34,0.2995
6599,5.24,0.1943
6600,5.4,0.1707
6601,5.38,0.2113
6602,105.6,0.2962
6603,154.4,0.4096
6604,109.79,0.5493
6605,144.96,0.4683
6606,177.44,0.4335
6607,5.78,0.4978
6608,111.61,0.4756
6609,188.96,0.4775
6610,117.66,0.5723
6611,179.76,0.5974
6612,122.44,0.5958
6613,142.6,0.6221
6614,186.87,0.5634
6615,150.1,0.5789
6616,107.46,0.5787
6617,141.6,0.5243
6618,142.34,0.51
6619,119.9,0.5388
6620,132.5,0.5337
6621,142.91,0.4222
6622,135.31,0.4125
6623,5.02,0.4105
6624,107.94,0.4071
6625,130.08,0.3017
6626,138.78,0.3021
6627,5.5,0.3259
6628,5.5,0.3142
6629,137.27,0.2103
6630,115.68,0.2103
6631,10.8,0.2103
6632,5.5,0.1032
6633,5.5,0.1581
6634,5.4,0.2464
6635,183.34,0.3469
6636,119.5,0.3467
6637,129.27,0.4505
6638,5.2,0.4822
6639,133.16,0.4694
6640,222.43,0.4485
6641,103.7,0.6153
6642,103.49,0.6312
6643,210.66,0.5937
6644,152.75,0.5139
6645,176.22,0.4343
6646,5.48,0.2681
6647,5.48,0.1722
6648,6.02,0.1274
6649,34.6,0.227
6650,121.15,0.2273
6651,128.04,0.3802
6652,5.86,0.4643
6653,194.3,0.4831
6654,138.12,0.4999
6655,144.28,0.6286
6656,148.71,0.6051
6657,164.42,0.6026
6658,165.29,0.5907
6659,135.12,0.551
6660,129.6,0.4223
6661,99.85,0.3898
6662,5.94,0.4319
6663,125.2,0.4421
6664,187.04,0.51
6665,142.18,0.6842
6666,183.36,0.5871
6667,220.5,0.5298
6668,5.67,0.5072
6669,116.4,0.4114
6670,114.32,0.2369
6671,65.48,0.2361
6672,5.63,0.2403
6673,4.73,0.2467
6674,121.51,0.3266
6675,122.24,0.4943
6676,163.79,0.6524
6677,212.18,0.7158
6678,199.39,0.7604
6679,199.54,0.7235
6680,177.14,0.6448
6681,118.4,0.5942
6682,115.2,0.538
6683,137.1,0.5038
6684,130.38,0.5139
6685,134.99,0.5893
6686,130.88,0.6643
6687,208.05,0.5629
6688,229.45,0.5555
6689,5.5,0.5429
6690,125.92,0.3753
6691,115.32,0.1934
6692,1.75,0.2785
6693,5.5,0.27
6694,110.25,0.292
6695,115.44,0.4056
6696,142.35,0.543
6697,141.62,0.6211
6698,174.78,0.6951
6699,206.39,0.6949
6700,206.52,0.6891
6701,142.16,0.6565
6702,134.43,0.6807
6703,134.63,0.6509
6704,236.16,0.6123
6705,169.82,0.5976
6706,94.62,0.4996
6707,116.42,0.3125
6708,13.98,0.2758
6709,5.77,0.3089
6710,124.66,0.3481
6711,135.3,0.3386
6712,164.72,0.4985
6713,2.22,0.5564
6714,202.65,0.5633
6715,196.04,0.54
6716,143.76,0.6673
6717,136.08,0.6588
6718,158.93,0.5904
6719,192.21,0.4784
6720,111.81,0.5371
6721,5.82,0.5462
6722,208.34,0.5283
6723,170.12,0.5494
6724,170.17,0.649
6725,137.83,0.6573
6726,128.5,0.6927
6727,218.48,0.559
6728,213.72,0.4517
6729,5.56,0.4384
6730,5.75,0.3533
6731,112.12,0.1876
6732,113.64,0.2001
6733,9.81,0.3389
6734,20.85,0.4073
6735,176.72,0.4247
6736,196.33,0.5264
6737,135.08,0.6087
6738,135.0,0.467
6739,122.13,0.312
6740,2.31,0.2068
6741,5.49,0.1015
6742,5.46,0.0787
6743,5.47,0.1874
6744,93.94,0.285
6745,136.18,0.3822
6746,125.68,0.4839
6747,125.09,0.413
6748,130.74,0.3054
6749,6.58,0.3145
6750,3.8,0.314
6751,136.88,0.2128
6752,124.44,0.2121
6753,6.08,0.3852
6754,5.82,0.4497
6755,216.84,0.4574
6756,216.3,0.6055
6757,133.96,0.6135
6758,188.37,0.4419
6759,15.73,0.407
6760,5.59,0.3944
6761,173.25,0.3637
6762,118.51,0.4731
6763,150.55,0.5899
6764,150.37,0.6023
6765,149.45,0.5972
6766,188.55,0.6515
6767,112.14,0.6376
6768,217.48,0.5208
6769,133.24,0.4665
6770,5.6,0.5227
6771,121.75,0.4463
6772,181.26,0.3428
6773,123.52,0.343
6774,5.82,0.4371
6775,5.82,0.4857
6776,237.6,0.4868
6777,241.12,0.6349
6778,124.87,0.7903
6779,188.19,0.7568
6780,197.05,0.6663
6781,196.41,0.6536
6782,129.65,0.5915
6783,109.29,0.627
6784,111.65,0.6128
6785,240.8,0.7007
6786,178.9,0.8054
6787,237.97,0.9141
6788,238.11,0.7234
6789,245.49,0.6859
6790,6.06,0.5892
6791,132.7,0.5159
6792,118.86,0.3213
6793,147.96,0.3474
6794,5.87,0.3408
6795,38.16,0.353
6796,124.58,0.3826
6797,133.94,0.5616
6798,184.42,0.5352
6799,226.24,0.4386
6800,5.59,0.4304
6801,5.64,0.3822
6802,123.88,0.283
6803,125.09,0.3675
6804,104.1,0.4475
6805,109.62,0.4728
6806,104.08,0.4657
6807,155.1,0.4809
6808,116.3,0.3987
6809,122.8,0.3185
6810,8.4,0.2852
6811,5.38,0.2844
6812,114.1,0.2788
6813,115.35,0.2763
6814,115.84,0.367
6815,5.3,0.4118
6816,117.15,0.4165
6817,169.2,0.4239
6818,121.2,0.5201
6819,124.9,0.5912
6820,123.71,0.5514
6821,204.74,0.4576
6822,120.22,0.3607
6823,5.66,0.2648
6824,5.66,0.1031
6825,5.62,0.1951
6826,5.62,0.3785
6827,233.5,0.388
6828,231.47,0.3881
6829,17.28,0.3881
6830,5.74,0.2029
6831,5.66,0.1087
6832,5.5,0.1897
6833,115.45,0.1898
6834,117.03,0.383
6835,5.87,0.5363
6836,243.52,0.5755
6837,194.25,0.5938
6838,163.73,0.7032
6839,139.5,0.5095
6840,140.62,0.4525
6841,5.0,0.4293
6842,124.07,0.4096
6843,135.21,0.4416
6844,115.28,0.5283
6845,179.93,0.4321
6846,111.86,0.4303
6847,5.6,0.4447
6848,132.97,0.4049
6849,133.06,0.3187
6850,130.81,0.3188
6851,5.76,0.3114
6852,5.7,0.2976
6853,123.96,0.1962
6854,115.97,0.1964
6855,6.02,0.306
6856,5.98,0.3508
6857,140.67,0.4019
6858,179.05,0.5415
6859,178.89,0.6546
6860,177.92,0.5447
6861,145.21,0.5085
6862,5.37,0.4574
6863,134.58,0.4818
6864,115.98,0.5475
6865,207.9,0.68
6866,226.1,0.7079
6867,168.54,0.7455
6868,168.91,0.7693
6869,162.23,0.7404
6870,237.29,0.6084
6871,190.5,0.5074
6872,5.93,0.4707
6873,44.59,0.2824
6874,117.02,0.1322
6875,5.5,0.2199
6876,5.5,0.3758
6877,113.91,0.3828
6878,236.57,0.4716
6879,125.66,0.4711
6880,114.82,0.383
6881,4.86,0.2636
6882,5.54,0.3399
6883,89.49,0.3426
6884,219.6,0.4594
6885,118.19,0.542
6886,148.58,0.6163
6887,107.26,0.5185
6888,180.94,0.5911
6889,99.26,0.6104
6890,207.59,0.5273
6891,172.27,0.4758
6892,5.0,0.4941
6893,117.52,0.4419
6894,121.75,0.3064
6895,143.34,0.3191
6896,5.42,0.3143
6897,20.72,0.3105
6898,111.6,0.3682
6899,117.09,0.4499
6900,214.37,0.5809
6901,106.0,0.6354
6902,181.95,0.6611
6903,178.68,0.5963
6904,148.81,0.6231
6905,134.56,0.5612
6906,138.97,0.5097
6907,105.78,0.4828
6908,115.28,0.4747
6909,115.71,0.4551
6910,124.56,0.4589
6911,114.84,0.3703
6912,110.51,0.379
6913,6.14,0.3789
6914,126.37,0.3982
6915,124.49,0.3137
6916,138.54,0.4182
6917,6.52,0.4804
6918,134.82,0.4896
6919,202.98,0.4825
6920,135.73,0.643
6921,129.82,0.7353
6922,204.1,0.6763
6923,248.55,0.6718
6924,130.26,0.5719
6925,130.29,0.411
6926,6.74,0.3618
6927,6.06,0.43
6928,187.96,0.4823
6929,214.23,0.6522
6930,194.6,0.6523
6931,216.02,0.5046
6932,6.16,0.4747
6933,6.1,0.4147
6934,177.43,0.3971
6935,120.7,0.3964
6936,194.39,0.5032
6937,5.26,0.5165
6938,137.57,0.5619
6939,193.86,0.5154
6940,176.64,0.6221
6941,137.11,0.6241
6942,136.64,0.5605
6943,140.02,0.5475
6944,115.54,0.5721
6945,160.56,0.6298
6946,167.41,0.6604
6947,207.66,0.6676
6948,177.76,0.6062
6949,124.45,0.5788
6950,84.86,0.5213
6951,133.74,0.3818
6952,136.86,0.2856
6953,6.04,0.316
6954,6.02,0.3059
6955,122.24,0.213
6956,121.26,0.2126
6957,22.5,0.3177
6958,5.6,0.3241
6959,135.37,0.3343
6960,130.2,0.4198
6961,133.78,0.5111
6962,127.77,0.5077
6963,117.97,0.5068
6964,131.2,0.4801
6965,129.04,0.5699
6966,100.93,0.5854
6967,238.31,0.63
6968,137.06,0.6767
6969,186.14,0.5988
6970,186.54,0.4101
6971,5.0,0.3041
6972,6.04,0.1663
6973,6.58,0.1079
6974,16.44,0.1978
6975,114.61,0.1974
6976,115.76,0.1971
6977,5.5,0.3047
6978,6.14,0.3017
6979,148.99,0.3033
6980,110.86,0.3958
6981,117.72,0.4056
6982,119.49,0.29
6983,18.14,0.36
6984,6.66,0.4684
6985,197.02,0.5711
6986,251.23,0.5609
6987,245.98,0.5599
6988,5.5,0.4044
6989,5.5,0.2048
6990,5.5,0.0974
6991,5.5,0.1852
6992,113.69,0.1856
6993,113.67,0.3013
6994,5.98,0.4185
6995,147.91,0.4156
6996,149.79,0.3277
6997,110.13,0.3281
6998,5.46,0.2986
6999,6.46,0.2868
7000,111.68,0.2872
7001,135.22,0.3836
7002,110.59,0.524
7003,124.18,0.55
7004,179.28,0.5401
7005,143.74,0.5915
7006,123.04,0.6561
7007,173.92,0.7043
7008,203.66,0.7814
7009,238.65,0.8345
7010,238.59,0.6979
7011,188.48,0.5375
7012,5.77,0.348
7013,6.11,0.1589
7014,5.38,0.1154
7015,5.68,0.2117
7016,135.01,0.2196
7017,124.36,0.3646
7018,15.75,0.5239
7019,183.89,0.5374
7020,201.8,0.5592
7021,151.69,0.749
7022,151.25,0.7763
7023,249.35,0.6173
7024,217.6,0.6101
7025,6.0,0.6562
7026,142.76,0.6428
7027,208.1,0.6315
7028,232.84,0.8122
7029,203.66,0.8926
7030,228.42,0.8318
7031,241.84,0.7267
7032,133.26,0.5804
7033,103.44,0.3999
7034,23.47,0.2153
7035,6.14,0.2013
7036,14.57,0.2453
7037,116.08,0.2311
7038,157.65,0.4266
7039,5.97,0.6175
7040,246.83,0.6672
7041,249.6,0.6738
7042,177.29,0.8445
7043,165.79,0.6493
7044,216.05,0.5359
7045,6.56,0.4872
7046,109.94,0.5204
7047,117.32,0.4511
7048,206.66,0.5885
7049,130.77,0.6157
7050,175.76,0.678
7051,143.4,0.6721
7052,194.07,0.7112
7053,199.37,0.5731
7054,178.91,0.5652
7055,5.66,0.5028
7056,133.67,0.4085
7057,117.34,0.2679
7058,83.18,0.268
7059,5.82,0.2971
7060,5.82,0.3729
7061,169.49,0.4565
7062,210.6,0.6243
7063,186.1,0.6243
7064,212.5,0.4915
7065,5.8,0.421
7066,5.97,0.3633
7067,123.8,0.327
7068,115.09,0.5245
7069,167.82,0.7022
7070,248.89,0.7415
7071,224.75,0.7968
7072,172.26,0.8284
7073,183.18,0.734
7074,206.66,0.5563
7075,132.7,0.5181
7076,6.02,0.4626
7077,125.14,0.2996
7078,114.86,0.1958
7079,5.94,0.2726
7080,5.0,0.3413
7081,100.56,0.389
7082,209.68,0.4994
7083,173.6,0.6216
7084,141.81,0.5417
7085,155.52,0.3888
7086,2.12,0.4409
7087,21.42,0.4334
7088,237.77,0.3116
7089,132.62,0.3141
7090,5.5,0.3009
7091,5.29,0.1118
7092,5.1,0.1996
7093,5.03,0.379
7094,240.67,0.3903
7095,226.42,0.477
7096,19.21,0.5735
7097,111.77,0.4686
7098,123.88,0.2888
7099,111.56,0.4313
7100,4.99,0.528
7101,194.66,0.5391
7102,230.83,0.5774
7103,137.61,0.7555
7104,158.68,0.7555
7105,224.29,0.6745
7106,194.58,0.7098
7107,131.12,0.6939
7108,181.03,0.6573
7109,139.21,0.6457
7110,179.19,0.5437
7111,180.32,0.4011
7112,5.5,0.2924
7113,5.48,0.1514
7114,5.35,0.0096
7115,5.64,0.0098
7116,5.64,0.1366
7117,5.76,0.2498
7118,161.64,0.2557
7119,144.68,0.2664
7120,12.95,0.3531
7121,18.77,0.3412
7122,112.6,0.3177
7123,146.9,0.4139
7124,115.78,0.4999
7125,131.41,0.4132
7126,124.57,0.2988
7127,5.86,0.2097
7128,6.1,0.2734
7129,6.06,0.3511
7130,209.84,0.5356
7131,220.25,0.5352
7132,233.01,0.7143
7133,5.65,0.7167
7134,226.53,0.6908
7135,212.78,0.5063
7136,188.33,0.5058
7137,5.94,0.418
7138,5.0,0.2493
7139,118.46,0.101
7140,5.0,0.2399
7141,5.76,0.3389
7142,176.98,0.3427
7143,126.9,0.4318
7144,123.14,0.5423
7145,114.68,0.5399
7146,141.84,0.4419
7147,174.03,0.3471
7148,6.26,0.3458
7149,6.34,0.3649
7150,113.06,0.3224
7151,165.41,0.4173
7152,121.66,0.5244
7153,123.1,0.5415
7154,138.26,0.5153
7155,134.13,0.4212
7156,133.15,0.4222
7157,5.77,0.4185
7158,124.3,0.4283
7159,133.75,0.3243
7160,146.22,0.3239
7161,5.12,0.319
7162,5.2,0.3193
7163,118.26,0.3011
7164,134.2,0.4148
7165,123.78,0.4149
7166,145.08,0.3236
7167,5.4,0.2192
7168,5.74,0.1231
7169,5.74,0.1198
7170,5.38,0.2214
7171,141.05,0.3782
7172,130.54,0.5244
7173,198.77,0.6181
7174,185.78,0.6456
7175,120.69,0.6321
7176,174.9,0.4751
7177,113.9,0.4206
7178,5.5,0.442
7179,118.66,0.3159
7180,147.12,0.2279
7181,19.61,0.2772
7182,5.5,0.2853
7183,66.19,0.2744
7184,128.67,0.3701
7185,133.7,0.3703
7186,137.39,0.3215
7187,5.8,0.3046
7188,6.12,0.3256
7189,107.82,0.3021
7190,159.54,0.4713
7191,108.45,0.4711
7192,214.2,0.3885
7193,5.87,0.2629
7194,6.16,0.179
7195,4.8,0.01
7196,5.16,0.0097
7197,6.1,0.0942
7198,5.5,0.1831
7199,110.2,0.2744
7200,114.3,0.2742
7201,117.62,0.3643
7202,5.86,0.4077
7203,116.37,0.409
7204,163.67,0.4122
7205,115.82,0.5063
7206,121.58,0.4163
7207,121.76,0.3477
7208,5.51,0.3522
7209,79.27,0.3696
7210,121.42,0.3861
7211,143.0,0.4924
7212,141.98,0.5912
7213,136.43,0.6548
7214,200.94,0.6169
7215,199.69,0.69
7216,96.31,0.5846
7217,231.98,0.4257
7218,6.64,0.3638
7219,5.3,0.4058
7220,123.5,0.3094
7221,148.07,0.3089
7222,113.31,0.4266
7223,6.0,0.4705
7224,150.2,0.4535
7225,177.53,0.4841
7226,127.2,0.598
7227,150.97,0.5836
7228,146.21,0.5918
7229,132.48,0.6263
7230,187.62,0.6423
7231,169.69,0.674
7232,170.65,0.7145
7233,185.26,0.7163
7234,182.34,0.7687
7235,189.78,0.774
7236,234.19,0.628
7237,177.29,0.4844
7238,5.5,0.4595
7239,5.42,0.3833
7240,159.13,0.2412
7241,140.44,0.2416
7242,2.33,0.3821
7243,5.96,0.3987
7244,178.39,0.3784
7245,179.56,0.4848
7246,115.53,0.675
7247,133.29,0.6446
7248,240.16,0.6055
7249,140.91,0.6066
7250,131.43,0.5846
7251,116.9,0.3944
7252,106.25,0.4804
7253,5.98,0.4782
7254,246.7,0.5697
7255,128.76,0.6618
7256,229.54,0.8409
7257,219.64,0.6446
7258,226.48,0.5709
7259,5.1,0.4792
7260,37.93,0.4092
7261,116.64,0.2297
7262,133.55,0.23
7263,5.46,0.3394
7264,5.46,0.412
7265,172.62,0.4031
7266,205.98,0.5132
7267,122.68,0.5133
7268,141.0,0.3779
7269,5.5,0.3123
7270,6.0,0.3323
7271,125.12,0.3111
7272,147.31,0.4156
7273,114.91,0.5582
7274,134.22,0.5512
7275,181.58,0.5469
7276,116.46,0.62
7277,141.97,0.5155
7278,204.98,0.4591
7279,5.48,0.4603
7280,112.25,0.4595
7281,117.84,0.2978
7282,141.06,0.298
7283,5.83,0.3137
7284,5.7,0.3562
7285,131.58,0.3589
7286,170.18,0.5148
7287,144.39,0.5151
7288,197.83,0.4132
7289,6.08,0.4176
7290,6.04,0.4693
7291,175.6,0.4785
7292,208.14,0.6308
7293,209.09,0.7771
7294,193.68,0.7848
7295,186.06,0.7345
7296,185.1,0.7358
7297,146.19,0.7318
7298,210.69,0.5856
7299,188.81,0.5371
7300,6.1,0.5177
7301,125.4,0.4514
7302,122.22,0.3022
7303,129.14,0.3893
7304,5.0,0.3996
7305,113.43,0.4829
7306,138.08,0.4807
7307,224.71,0.6297
7308,126.5,0.6534
7309,188.38,0.6571
7310,142.59,0.6679
7311,142.72,0.7661
7312,238.0,0.7254
7313,247.36,0.7221
7314,138.34,0.7552
7315,138.53,0.6517
7316,183.42,0.6268
7317,110.52,0.5171
7318,216.8,0.4091
7319,3.28,0.3387
7320,5.5,0.3852
7321,96.8,0.3262
7322,167.76,0.3275
7323,144.17,0.4163
7324,4.8,0.44
7325,114.82,0.4547
7326,126.06,0.4679
7327,185.81,0.5749
7328,160.42,0.5705
7329,136.52,0.5793
7330,109.46,0.5444
7331,136.85,0.589
7332,142.9,0.5886
7333,215.33,0.6106
7334,135.94,0.6104
7335,136.57,0.587
7336,136.57,0.5217
7337,114.1,0.5413
7338,134.98,0.435
7339,160.07,0.3283
7340,5.72,0.3292
7341,5.18,0.321
7342,115.24,0.2097
7343,124.89,0.2098
7344,22.94,0.3254
7345,5.86,0.326
7346,147.52,0.3434
7347,115.98,0.4168
7348,146.28,0.5238
7349,113.39,0.5858
7350,137.56,0.61
7351,223.86,0.496
7352,145.83,0.4219
7353,5.88,0.4496
7354,22.21,0.3904
7355,171.6,0.2765
7356,151.0,0.3687
7357,5.58,0.535
7358,119.43,0.581
7359,226.9,0.4713
7360,228.3,0.5636
7361,15.91,0.5729
7362,119.27,0.3926
7363,130.79,0.2113
7364,5.0,0.3472
7365,5.0,0.4277
7366,183.3,0.4235
7367,218.32,0.5188
7368,125.68,0.6684
7369,122.29,0.6037
7370,189.13,0.5231
7371,103.66,0.5798
7372,119.15,0.6423
7373,195.48,0.6404
7374,199.28,0.6588
7375,186.76,0.6506
7376,126.28,0.5803
7377,109.02,0.5742
7378,109.02,0.5829
7379,191.68,0.4852
7380,197.46,0.4958
7381,6.06,0.5225
7382,122.0,0.4831
7383,141.93,0.3281
7384,143.18,0.3286
7385,6.66,0.3307
7386,6.64,0.327
7387,124.54,0.3263
7388,137.4,0.4149
7389,142.35,0.5632
7390,115.79,0.574
7391,189.24,0.5969
7392,137.8,0.5702
7393,165.61,0.5876
7394,109.47,0.5452
7395,137.24,0.4388
7396,137.03,0.3088
7397,6.8,0.2947
7398,5.48,0.3469
7399,92.07,0.3405
7400,201.6,0.3398
7401,129.11,0.4436
7402,5.94,0.4618
7403,133.24,0.3915
7404,114.52,0.4004
7405,115.06,0.5066
7406,140.06,0.5106
7407,136.74,0.5581
7408,138.14,0.5707
7409,172.95,0.561
7410,130.61,0.602
7411,128.17,0.6338
7412,187.2,0.6416
7413,177.28,0.683
7414,182.56,0.7279
7415,181.52,0.7463
7416,183.53,0.7182
7417,209.77,0.7333
7418,142.75,0.6964
7419,201.08,0.6377
7420,136.16,0.4719
7421,111.2,0.3708
7422,5.68,0.3174
7423,18.26,0.3121
7424,135.35,0.2259
7425,129.67,0.3471
7426,5.0,0.5251
7427,154.95,0.617
7428,237.4,0.6091
7429,248.45,0.7038
7430,119.98,0.582
7431,121.54,0.5121
7432,5.0,0.5068
7433,151.42,0.6008
7434,241.86,0.5064
7435,235.75,0.5067
7436,5.34,0.3886
7437,5.34,0.197
7438,5.94,0.0093
7439,6.06,0.0095
7440,4.65,0.0096
7441,5.5,0.0092
7442,5.5,0.1165
7443,5.5,0.2054
7444,138.12,0.2767
7445,114.09,0.2772
7446,93.32,0.3813
7447,6.1,0.3682
7448,133.65,0.3745
7449,122.04,0.4148
7450,121.87,0.4145
7451,142.83,0.3109
7452,5.82,0.3805
7453,6.1,0.395
7454,207.75,0.3589
7455,139.62,0.4429
7456,98.44,0.4432
7457,109.23,0.2794
7458,6.48,0.2767
7459,6.02,0.3989
7460,136.38,0.4414
7461,248.91,0.4406
7462,161.52,0.536
7463,5.44,0.5264
7464,123.48,0.329
7465,124.63,0.2023
7466,5.83,0.305
7467,5.48,0.2984
7468,131.98,0.2936
7469,115.3,0.3823
7470,118.78,0.5328
7471,115.02,0.5769
7472,190.7,0.6351
7473,186.37,0.6934
7474,186.98,0.7518
7475,190.56,0.7584
7476,186.92,0.7688
7477,198.84,0.7786
7478,199.16,0.7661
7479,198.95,0.7518
7480,175.17,0.7275
7481,169.3,0.5824
7482,168.9,0.4668
7483,20.55,0.4831
7484,56.62,0.4396
7485,195.29,0.3069
7486,115.69,0.2946
7487,5.5,0.3649
7488,5.5,0.3126
7489,143.17,0.318
7490,130.85,0.4119
7491,122.3,0.5317
7492,121.2,0.5067
7493,152.97,0.4049
7494,112.42,0.3101
7495,5.5,0.2158
7496,5.5,0.0962
7497,5.2,0.1145
7498,5.72,0.2263
7499,134.89,0.3866
7500,143.21,0.5423
7501,202.82,0.5425
7502,196.92,0.4367
7503,5.94,0.4429
7504,4.6,0.3791
7505,150.8,0.2331
7506,124.28,0.2435
7507,17.22,0.3822
7508,18.68,0.3769
7509,175.46,0.3776
7510,144.24,0.456
7511,125.08,0.5414
7512,113.8,0.5019
7513,123.82,0.4854
7514,126.79,0.4879
7515,123.96,0.5297
7516,128.23,0.568
7517,165.2,0.5716
7518,171.01,0.6581
7519,131.15,0.6642
7520,230.53,0.5346
7521,135.67,0.4001
7522,5.65,0.2985
7523,5.5,0.1162
7524,6.01,0.1073
7525,6.08,0.2082
7526,124.76,0.2078
7527,129.8,0.3593
7528,4.98,0.5174
7529,192.6,0.527
7530,200.74,0.5406
7531,136.56,0.6697
7532,146.6,0.5314
7533,163.92,0.3878
7534,22.26,0.4354
7535,23.96,0.4727
7536,195.23,0.4958
7537,192.49,0.5966
7538,192.3,0.582
7539,146.42,0.4283
7540,5.94,0.2768
7541,5.98,0.1253
7542,5.94,0.0104
7543,5.78,0.1038
7544,5.04,0.2116
7545,120.92,0.3368
7546,138.64,0.3374
7547,160.08,0.3386
7548,6.54,0.4094
7549,6.6,0.4658
7550,208.06,0.4486
7551,208.06,0.5865
7552,138.89,0.5858
7553,176.32,0.4212
7554,5.71,0.4476
7555,5.5,0.4443
7556,240.51,0.4005
7557,134.84,0.398
7558,122.34,0.5044
7559,2.64,0.4201
7560,136.48,0.4615
7561,136.73,0.5623
7562,185.84,0.6666
7563,246.51,0.5603
7564,131.02,0.5458
7565,5.54,0.4871
7566,118.93,0.3042
7567,113.53,0.2027
7568,21.32,0.2471
7569,6.11,0.289
7570,60.18,0.2871
7571,170.49,0.3798
7572,111.19,0.4756
7573,135.49,0.5588
7574,124.08,0.5264
7575,162.58,0.5467
7576,130.55,0.541
7577,136.21,0.4451
7578,128.47,0.3179
7579,6.06,0.2167
7580,5.94,0.2096
7581,5.9,0.2081
7582,127.57,0.261
7583,126.54,0.2611
7584,71.27,0.3575
7585,6.04,0.3469
7586,124.6,0.3413
7587,114.56,0.2879
7588,119.63,0.3794
7589,5.5,0.4719
7590,118.64,0.4693
7591,238.58,0.4813
7592,111.26,0.576
7593,134.46,0.4835
7594,122.09,0.3992
7595,4.8,0.4766
7596,134.72,0.53
7597,206.56,0.5769
7598,200.25,0.683
7599,179.74,0.5784
7600,135.54,0.4154
7601,5.88,0.4195
7602,5.88,0.3933
7603,205.3,0.2877
7604,147.46,0.2874
7605,5.5,0.3815
7606,5.5,0.3208
7607,121.83,0.3486
7608,130.58,0.3486
7609,181.62,0.4537
7610,5.5,0.4644
7611,134.92,0.4946
7612,134.99,0.5224
7613,167.78,0.6261
7614,215.86,0.6261
7615,133.11,0.6206
7616,134.96,0.5964
7617,128.24,0.5628
7618,137.97,0.6567
7619,174.52,0.6413
7620,248.74,0.7149
7621,116.01,0.7138
7622,218.81,0.7414
7623,136.64,0.5435
7624,208.47,0.4534
7625,5.1,0.3864
7626,5.1,0.3677
7627,136.21,0.2038
7628,113.67,0.2043
7629,6.67,0.3488
7630,5.75,0.3856
7631,182.93,0.3884
7632,181.6,0.4924
7633,117.1,0.5489
7634,134.67,0.4048
7635,75.35,0.4259
7636,5.5,0.4776
7637,207.58,0.4799
7638,180.73,0.5304
7639,137.56,0.6876
7640,137.49,0.6805
7641,199.11,0.706
7642,198.83,0.5983
7643,212.1,0.4907
7644,5.0,0.3329
7645,4.9,0.1792
7646,4.9,0.1079
7647,9.51,0.1998
7648,124.32,0.2005
7649,118.22,0.2012
7650,5.8,0.2836
7651,5.74,0.3016
7652,110.94,0.3072
7653,146.49,0.4117
7654,125.12,0.5877
7655,134.5,0.6781
7656,222.33,0.7138
7657,222.3,0.767
7658,190.47,0.8067
7659,190.64,0.7755
7660,183.32,0.7452
7661,183.88,0.7056
7662,185.01,0.6598
7663,141.79,0.6024
7664,134.2,0.5627
7665,112.6,0.4169
7666,135.03,0.4108
7667,5.48,0.4056
7668,134.26,0.3191
7669,127.83,0.2187
7670,6.06,0.4055
7671,11.48,0.4889
7672,235.42,0.4982
7673,236.98,0.5862
7674,139.32,0.5818
7675,114.37,0.3954
7676,6.04,0.3539
7677,5.93,0.3984
7678,185.9,0.4133
7679,194.08,0.4134
7680,132.8,0.4135
7681,6.12,0.2674
7682,6.02,0.1891
7683,6.05,0.2043
7684,97.6,0.281
7685,151.54,0.281
7686,100.6,0.3773
7687,6.07,0.4147
7688,124.55,0.3974
7689,143.68,0.3212
7690,130.19,0.4214
7691,6.8,0.4284
7692,129.4,0.4107
7693,133.2,0.4421
7694,121.86,0.5305
7695,168.95,0.5975
7696,115.56,0.6607
7697,211.98,0.7571
7698,210.94,0.7287
7699,240.51,0.748
7700,134.1,0.6851
7701,139.22,0.619
7702,134.58,0.5293
7703,129.51,0.6136
7704,130.1,0.6952
7705,237.88,0.5883
7706,239.74,0.4875
7707,2.88,0.4931
7708,5.5,0.3992
7709,136.9,0.3644
7710,122.37,0.4757
7711,196.8,0.6342
7712,139.93,0.6199
7713,200.65,0.6178
7714,119.36,0.6561
7715,119.74,0.7363
7716,244.03,0.6685
7717,238.65,0.7174
7718,117.13,0.7257
7719,179.56,0.6731
7720,130.01,0.6248
7721,179.18,0.6772
7722,179.24,0.6432
7723,181.6,0.6685
7724,137.77,0.6532
7725,161.12,0.5125
7726,160.4,0.3699
7727,5.98,0.3521
7728,6.03,0.3206
7729,115.81,0.1932
7730,122.38,0.1928
7731,3.54,0.281
7732,5.4,0.2807
7733,114.62,0.3133
7734,115.46,0.4118
7735,162.49,0.5088
7736,124.86,0.4197
7737,124.8,0.4383
7738,5.0,0.4001
7739,138.28,0.4585
7740,115.49,0.4625
7741,196.82,0.5639
7742,129.71,0.5481
7743,129.82,0.5504
7744,118.85,0.5849
7745,118.34,0.5944
7746,239.3,0.4934
7747,141.35,0.4036
7748,5.5,0.4165
7749,8.26,0.3273
7750,134.18,0.2168
7751,129.51,0.2165
7752,5.34,0.3148
7753,5.1,0.3151
7754,129.24,0.3048
7755,134.54,0.409
7756,116.88,0.4891
7757,133.69,0.4826
7758,103.66,0.4881
7759,121.3,0.5459
7760,141.32,0.6068
7761,188.01,0.6797
7762,208.63,0.7553
7763,193.41,0.8143
7764,214.37,0.6658
7765,214.02,0.5006
7766,5.2,0.3478
7767,5.2,0.2928
7768,5.2,0.2125
7769,146.76,0.368
7770,115.14,0.3681
7771,196.61,0.3683
7772,5.32,0.3926
7773,5.5,0.4448
7774,176.65,0.4629
7775,179.35,0.5518
7776,218.91,0.657
7777,114.84,0.6699
7778,134.99,0.6832
7779,192.53,0.6747
7780,195.76,0.7416
7781,208.38,0.7866
7782,197.18,0.7989
7783,190.49,0.7975
7784,207.67,0.822
7785,193.95,0.6664
7786,238.66,0.5161
7787,5.5,0.3521
7788,5.5,0.3023
7789,5.78,0.2092
7790,132.65,0.3052
7791,124.02,0.3057
7792,123.63,0.3817
7793,6.15,0.3838
7794,99.3,0.4518
7795,135.24,0.4689
7796,207.82,0.5814
7797,144.67,0.5054
7798,144.59,0.4001
7799,5.74,0.368
7800,5.58,0.3573
7801,168.38,0.422
7802,131.45,0.5115
7803,224.22,0.6245
7804,116.04,0.6003
7805,144.66,0.6044
7806,138.61,0.524
7807,136.44,0.4341
7808,125.19,0.3319
7809,5.36,0.3173
7810,18.87,0.305
7811,120.7,0.2082
7812,121.2,0.3109
7813,6.0,0.4701
7814,131.85,0.5468
7815,214.87,0.584
7816,215.14,0.7227
7817,167.02,0.6201
7818,176.8,0.5487
7819,5.53,0.5723
7820,126.9,0.6067
7821,244.25,0.5703
7822,209.32,0.6696
7823,131.97,0.6175
7824,127.79,0.4257
7825,62.76,0.4449
7826,8.15,0.5224
7827,232.9,0.4236
7828,227.4,0.3774
7829,6.13,0.4632
7830,5.91,0.3853
7831,113.76,0.2905
7832,137.08,0.2904
7833,110.58,0.4235
7834,6.08,0.5023
7835,169.75,0.5006
7836,210.74,0.5239
7837,135.01,0.6436
7838,139.33,0.5102
7839,153.48,0.3437
7840,5.5,0.2388
7841,5.64,0.1302
7842,5.85,0.1045
7843,5.65,0.2489
7844,121.82,0.4145
7845,183.34,0.5793
7846,209.49,0.6863
7847,208.78,0.738
7848,137.4,0.5936
7849,185.41,0.5221
7850,5.62,0.4643
7851,121.47,0.3579
7852,137.57,0.2121
7853,6.46,0.2902
7854,5.88,0.2895
7855,101.71,0.2865
7856,120.61,0.3906
7857,133.91,0.429
7858,134.66,0.3506
7859,53.17,0.257
7860,5.1,0.2622
7861,5.37,0.3051
7862,140.38,0.4098
7863,187.45,0.5204
7864,182.05,0.6564
7865,141.3,0.6485
7866,172.87,0.6207
7867,130.55,0.567
7868,153.28,0.4666
7869,115.91,0.3665
7870,17.69,0.3706
7871,49.6,0.3404
7872,135.62,0.251
7873,116.18,0.2413
7874,5.75,0.2952
7875,5.8,0.2955
7876,116.0,0.3119
7877,135.94,0.4079
7878,136.4,0.4078
7879,123.94,0.3182
7880,5.66,0.3052
7881,5.62,0.3115
7882,119.99,0.3026
7883,144.17,0.3991
7884,113.01,0.5012
7885,124.36,0.5208
7886,131.42,0.4975
7887,144.04,0.4975
7888,115.5,0.4013
7889,113.05,0.2994
7890,5.9,0.3159
7891,6.01,0.3158
7892,164.33,0.2443
7893,115.42,0.2531
7894,24.92,0.4149
7895,16.8,0.3756
7896,205.2,0.3805
7897,115.97,0.4589
7898,121.46,0.5522
7899,121.46,0.3902
7900,131.69,0.4009
7901,5.64,0.4118
7902,129.21,0.4188
7903,134.8,0.4176
7904,130.17,0.5218
7905,130.22,0.5445
7906,133.92,0.5737
7907,157.14,0.5777
7908,170.71,0.5882
7909,135.07,0.4836
7910,143.25,0.3608
7911,5.08,0.3157
7912,5.94,0.3032
7913,115.18,0.1915
7914,119.67,0.3419
7915,5.79,0.4416
7916,190.24,0.4471
7917,128.71,0.4903
7918,121.93,0.5881
7919,172.83,0.4522
7920,126.18,0.4416
7921,22.92,0.5257
7922,115.64,0.5375
7923,225.58,0.5369
7924,187.29,0.6321
7925,125.43,0.6477
7926,140.16,0.6481
7927,134.82,0.6066
7928,226.07,0.6552
7929,136.22,0.5466
7930,185.25,0.4419
7931,6.5,0.3403
7932,5.92,0.3698
7933,100.89,0.2236
7934,172.54,0.2226
7935,5.3,0.3179
7936,5.3,0.3311
7937,123.22,0.2838
7938,117.12,0.3807
7939,114.37,0.3813
7940,124.5,0.286
7941,6.06,0.3932
7942,5.9,0.5024
7943,249.18,0.5872
7944,248.71,0.7739
7945,229.0,0.9151
7946,235.88,0.8589
7947,179.81,0.7508
7948,179.88,0.6579
7949,115.7,0.5755
7950,114.55,0.4336
7951,134.46,0.3844
7952,5.14,0.3973
7953,119.24,0.3213
7954,131.57,0.2165
7955,20.94,0.2386
7956,5.5,0.2963
7957,32.29,0.2759
7958,190.36,0.3523
7959,106.45,0.4886
7960,115.02,0.5861
7961,173.26,0.5377
7962,152.3,0.5947
7963,130.82,0.6424
7964,176.64,0.5946
7965,173.7,0.566
7966,114.46,0.5696
7967,117.06,0.5359
7968,135.29,0.3993
7969,135.17,0.3108
7970,5.46,0.2205
7971,5.46,0.1299
7972,5.98,0.1215
7973,23.68,0.2285
7974,124.78,0.2287
7975,137.23,0.3065
7976,5.7,0.3923
7977,101.8,0.3993
7978,129.37,0.416
7979,133.33,0.5104
7980,157.77,0.432
7981,122.02,0.4383
7982,5.22,0.4391
7983,137.08,0.4225
7984,134.34,0.4848
7985,137.37,0.5867
7986,198.74,0.6351
7987,130.65,0.6858
7988,196.72,0.6785
7989,196.72,0.6268
7990,128.45,0.5253
7991,135.07,0.37
7992,5.59,0.3094
7993,5.53,0.3192
7994,122.13,0.2989
7995,140.54,0.2989
7996,110.05,0.3886
7997,5.58,0.4799
7998,116.01,0.5513
7999,234.52,0.6548
8000,228.4,0.7942
8001,237.57,0.8502
8002,177.13,0.8048
8003,184.98,0.7258
8004,178.61,0.6181
8005,131.22,0.6497
8006,104.96,0.5863
8007,216.04,0.5526
8008,106.87,0.6325
8009,137.17,0.552
8010,229.52,0.3813
8011,5.9,0.2993
8012,5.89,0.1933
8013,5.89,0.1085
8014,6.68,0.2036
8015,125.02,0.2105
8016,123.1,0.3024
8017,14.36,0.4568
8018,118.97,0.5523
8019,196.82,0.6201
8020,242.55,0.7224
8021,206.63,0.63
8022,140.32,0.602
8023,5.17,0.4984
8024,162.41,0.4295
8025,114.97,0.4476
8026,121.81,0.5754
8027,162.63,0.5875
8028,162.49,0.5902
8029,177.28,0.4958
8030,118.32,0.3681
8031,5.56,0.2405
8032,5.42,0.1023
8033,5.42,0.1062
8034,7.1,0.2143
8035,123.15,0.2146
8036,138.6,0.2151
8037,5.78,0.3445
8038,6.02,0.3529
8039,166.45,0.414
8040,133.52,0.5148
8041,213.76,0.5143
8042,129.92,0.3837
8043,5.42,0.3897
8044,5.67,0.319
8045,140.9,0.3179
8046,126.73,0.5152
8047,128.51,0.6176
8048,248.39,0.6337
8049,131.71,0.6989
8050,160.69,0.7631
8051,207.01,0.7174
8052,207.57,0.6155
8053,192.1,0.5934
8054,6.25,0.5368
8055,133.5,0.4163
8056,137.38,0.265
8057,59.1,0.2642
8058,5.82,0.3047
8059,5.28,0.299
8060,183.41,0.4221
8061,130.33,0.5544
8062,210.69,0.5545
8063,168.65,0.4096
8064,5.4,0.3079
8065,5.1,0.141
8066,5.14,0.0082
8067,5.14,0.1125
8068,5.2,0.2171
8069,133.77,0.2944
8070,133.92,0.2952
8071,100.3,0.2955
8072,6.16,0.1914
8073,5.56,0.1836
8074,5.6,0.2006
8075,124.28,0.2928
8076,121.27,0.2931
8077,119.65,0.3907
8078,5.85,0.4175
8079,125.79,0.4128
8080,157.36,0.4167
8081,115.47,0.5132
8082,124.42,0.5853
8083,124.67,0.601
8084,214.58,0.5117
8085,176.67,0.4992
8086,5.48,0.5438
8087,109.1,0.5153
8088,179.6,0.5165
8089,179.38,0.6562
8090,178.16,0.6728
8091,177.55,0.628
8092,129.53,0.4939
8093,124.44,0.3536
8094,14.26,0.3209
8095,5.4,0.3221
8096,137.28,0.3451
8097,130.99,0.338
8098,152.81,0.4294
8099,5.54,0.413
8100,117.84,0.401
8101,117.17,0.4297
8102,116.14,0.5312
8103,188.17,0.5435
8104,130.5,0.5573
8105,133.01,0.6488
8106,134.23,0.5008
8107,228.73,0.3996
8108,5.92,0.2964
8109,5.99,0.1969
8110,5.86,0.1128
8111,11.73,0.2007
8112,125.2,0.2005
8113,114.13,0.2004
8114,5.76,0.2854
8115,5.74,0.2999
8116,116.43,0.2154
8117,142.98,0.2153
8118,10.07,0.3033
8119,5.76,0.3023
8120,114.02,0.2801
8121,115.24,0.3659
8122,115.68,0.4848
8123,115.71,0.3972
8124,152.06,0.3932
8125,6.16,0.458
8126,110.4,0.5591
8127,195.36,0.63
8128,240.18,0.7296
8129,239.44,0.7369
8130,128.79,0.6809
8131,119.32,0.5799
8132,126.46,0.4993
8133,115.81,0.3992
8134,140.22,0.3068
8135,5.5,0.3209
8136,5.61,0.332
8137,143.84,0.2226
8138,129.39,0.2231
8139,5.54,0.3104
8140,6.14,0.2841
8141,113.13,0.2728
8142,111.46,0.37
8143,115.46,0.5252
8144,125.14,0.6082
8145,197.25,0.6321
8146,215.34,0.6441
8147,140.91,0.6562
8148,130.18,0.6791
8149,140.04,0.64
8150,225.46,0.6154
8151,167.24,0.5144
8152,110.56,0.4052
8153,5.81,0.2269
8154,5.7,0.1936
8155,5.88,0.2465
8156,126.24,0.3519
8157,175.72,0.3521
8158,135.5,0.3518
8159,6.02,0.3481
8160,5.51,0.3261
8161,121.73,0.311
8162,148.56,0.4006
8163,116.87,0.4002
8164,116.39,0.3058
8165,5.0,0.3753
8166,5.48,0.4499
8167,234.14,0.5362
8168,208.78,0.6487
8169,222.67,0.6563
8170,143.49,0.4709
8171,14.8,0.4115
8172,5.82,0.3714
8173,135.72,0.4462
8174,173.25,0.4383
8175,235.64,0.5468
8176,5.0,0.5479
8177,139.48,0.5119
8178,137.05,0.325
8179,128.97,0.4166
8180,5.5,0.4528
8181,117.8,0.5238
8182,184.02,0.5256
8183,224.42,0.6256
8184,131.24,0.534
8185,128.62,0.389
8186,5.0,0.2112
8187,5.5,0.2571
8188,5.5,0.2622
8189,187.78,0.4236
8190,134.93,0.424
8191,203.62,0.4242
8192,6.04,0.2761
8193,5.78,0.171
8194,5.45,0.01
8195,5.46,0.0096
8196,5.46,0.1061
8197,5.46,0.2004
8198,124.7,0.2
8199,121.44,0.292
8200,5.0,0.4465
8201,118.73,0.5047
8202,195.76,0.4999
8203,196.36,0.6184
8204,115.44,0.5271
8205,150.88,0.461
8206,6.41,0.4471
8207,114.34,0.495
8208,179.25,0.5462
8209,174.46,0.7096
8210,213.9,0.7753
8211,207.56,0.8073
8212,195.24,0.6808
8213,218.58,0.512
8214,18.76,0.348
8215,6.09,0.1944
8216,5.68,0.0995
8217,6.02,0.2039
8218,101.74,0.2766
8219,147.35,0.2768
8220,95.57,0.3858
8221,5.94,0.3982
8222,140.24,0.3881
8223,116.98,0.4035
8224,134.93,0.5059
8225,114.54,0.498
8226,131.99,0.5423
8227,130.53,0.6251
8228,171.56,0.6997
8229,236.88,0.7598
8230,206.42,0.8211
8231,205.97,0.8142
8232,205.96,0.8029
8233,163.1,0.7986
8234,222.9,0.8001
8235,201.13,0.6373
8236,207.88,0.5094
8237,5.54,0.4395
8238,5.57,0.2802
8239,136.84,0.1158
8240,5.0,0.188
8241,5.48,0.3087
8242,94.38,0.2959
8243,154.23,0.3917
8244,121.07,0.5472
8245,122.94,0.6746
8246,196.9,0.7007
8247,251.33,0.7505
8248,186.35,0.7876
8249,182.34,0.768
8250,168.61,0.7644
8251,172.75,0.7818
8252,246.96,0.7663
8253,207.76,0.7343
8254,163.25,0.7
8255,129.17,0.5155
8256,130.5,0.3846
8257,19.82,0.3856
8258,46.68,0.3773
8259,164.47,0.2765
8260,118.9,0.2648
8261,6.42,0.3266
8262,5.4,0.301
8263,122.75,0.3254
8264,132.96,0.4334
8265,148.94,0.5357
8266,139.42,0.5961
8267,131.26,0.6211
8268,197.14,0.5046
8269,163.81,0.5024
8270,5.5,0.5427
8271,136.73,0.4267
8272,180.8,0.2986
8273,54.35,0.3107
8274,6.14,0.3089
8275,20.35,0.2638
8276,134.49,0.2246
8277,125.34,0.3159
8278,6.08,0.4178
8279,118.58,0.4082
8280,145.74,0.3105
8281,122.72,0.3233
8282,5.0,0.3197
8283,21.89,0.2957
8284,114.12,0.2901
8285,116.14,0.4141
8286,115.84,0.4014
8287,157.76,0.3136
8288,6.16,0.224
8289,6.04,0.2418
8290,5.82,0.2076
8291,137.82,0.372
8292,115.56,0.5087
8293,208.64,0.6781
8294,174.34,0.6769
8295,214.34,0.6854
8296,136.41,0.5206
8297,126.02,0.3843
8298,5.74,0.3028
8299,6.44,0.2836
8300,113.99,0.1865
8301,112.77,0.2889
8302,6.54,0.3931
8303,131.8,0.4092
8304,134.76,0.4113
8305,133.78,0.5073
8306,115.29,0.4191
8307,124.78,0.3192
8308,23.27,0.3558
8309,11.72,0.4518
8310,178.91,0.4601
8311,233.39,0.5508
8312,134.99,0.6509
8313,134.96,0.6007
8314,134.96,0.5079
8315,117.18,0.5076
8316,119.12,0.4025
8317,134.63,0.2971
8318,5.5,0.3181
8319,5.2,0.3337
8320,142.98,0.3415
8321,138.45,0.3419
8322,144.18,0.4447
8323,6.02,0.4286
8324,131.7,0.4075
8325,123.22,0.3909
8326,112.49,0.5348
8327,123.76,0.5623
8328,183.08,0.5626
8329,165.55,0.5694
8330,123.7,0.576
8331,120.78,0.5381
8332,131.85,0.5431
8333,136.46,0.5641
8334,171.75,0.6094
8335,149.56,0.6101
8336,176.53,0.6436
8337,132.68,0.5089
8338,177.77,0.5026
8339,5.93,0.4689
8340,141.7,0.3778
8341,135.07,0.2383
8342,20.57,0.3505
8343,5.98,0.4059
8344,144.01,0.5005
8345,209.98,0.5955
8346,251.48,0.691
8347,137.57,0.5791
8348,123.6,0.4133
8349,6.25,0.2138
8350,5.75,0.1846
8351,5.85,0.2436
8352,101.63,0.4371
8353,196.27,0.4369
8354,244.5,0.4366
8355,5.5,0.4893
8356,5.5,0.4333
8357,166.54,0.3454
8358,127.24,0.3535
8359,136.27,0.4644
8360,15.58,0.4227
8361,141.97,0.324
8362,115.26,0.2178
8363,5.63,0.3197
8364,5.5,0.3084
8365,141.04,0.3153
8366,128.05,0.4143
8367,123.8,0.4266
8368,127.48,0.317
8369,20.7,0.3039
8370,6.1,0.3848
8371,111.92,0.4852
8372,223.37,0.6725
8373,251.18,0.7791
8374,251.22,0.8007
8375,137.36,0.7276
8376,138.58,0.6151
8377,133.36,0.4153
8378,112.65,0.308
8379,5.2,0.2968
8380,5.2,0.282
8381,124.8,0.3084
8382,115.21,0.3084
8383,145.16,0.4129
8384,5.2,0.4209
8385,133.8,0.4962
8386,134.65,0.5443
8387,208.0,0.6327
8388,204.36,0.5285
8389,114.03,0.533
8390,5.46,0.4939
8391,140.25,0.4321
8392,159.89,0.4985
8393,128.16,0.6541
8394,195.89,0.7375
8395,196.93,0.6986
8396,242.94,0.5988
8397,112.02,0.4447
8398,5.32,0.2892
8399,6.14,0.0964
8400,5.5,0.1067
8401,5.5,0.2031
8402,124.7,0.211
8403,124.06,0.2571
8404,15.81,0.3763
8405,62.24,0.3883
8406,152.28,0.3991
8407,139.49,0.5388
8408,137.45,0.5826
8409,187.82,0.4638
8410,116.1,0.5295
8411,6.02,0.5231
8412,220.37,0.4726
8413,129.62,0.4805
8414,125.59,0.6583
8415,125.82,0.6349
8416,224.94,0.5346
8417,191.55,0.4373
8418,6.12,0.3396
8419,5.82,0.1662
8420,5.48,0.1104
8421,11.51,0.2313
8422,122.85,0.231
8423,154.94,0.231
8424,5.5,0.4231
8425,5.5,0.5243
8426,247.93,0.4917
8427,247.48,0.595
8428,114.84,0.5948
8429,132.61,0.3981
8430,5.26,0.3998
8431,5.77,0.4553
8432,249.6,0.5452
8433,183.14,0.727
8434,243.28,0.8351
8435,229.11,0.7778
8436,138.96,0.7434
8437,178.97,0.6604
8438,140.86,0.6675
8439,141.07,0.5588
8440,237.82,0.5038
8441,5.1,0.4944
8442,111.34,0.4351
8443,129.28,0.246
8444,68.06,0.246
8445,5.0,0.2565
8446,5.0,0.252
8447,124.36,0.2972
8448,123.68,0.4447
8449,123.74,0.6125
8450,186.56,0.6685
8451,211.64,0.5724
8452,193.33,0.4762
8453,5.3,0.4663
8454,5.3,0.4622
8455,174.4,0.3952
8456,206.56,0.4936
8457,110.85,0.4938
8458,126.45,0.357
8459,5.5,0.1942
8460,6.05,0.2167
8461,6.07,0.2033
8462,138.6,0.293
8463,109.92,0.2896
8464,115.93,0.3884
8465,1.9,0.4151
8466,127.64,0.4246
8467,171.58,0.4384
8468,121.55,0.5711
8469,132.88,0.4715
8470,165.34,0.3485
8471,5.01,0.3866
8472,20.08,0.3887
8473,168.49,0.3682
8474,135.5,0.4778
8475,140.14,0.5752
8476,139.94,0.552
8477,139.96,0.5421
8478,139.93,0.5655
8479,123.24,0.4664
8480,168.98,0.3573
8481,18.0,0.3442
8482,5.59,0.3446
8483,123.81,0.3046
8484,123.73,0.2943
8485,119.74,0.3859
8486,5.26,0.3902
8487,118.41,0.3898
8488,129.15,0.3878
8489,123.25,0.4896
8490,117.27,0.3979
8491,130.6,0.3848
8492,5.5,0.3903
8493,112.95,0.3953
8494,130.07,0.3885
8495,123.4,0.4737
8496,122.26,0.4832
8497,110.36,0.4911
8498,124.64,0.5722
8499,139.87,0.6669
8500,223.17,0.5813
8501,238.9,0.4842
8502,5.0,0.4708
8503,5.0,0.3021
8504,123.38,0.1129
8505,15.51,0.2095
8506,5.92,0.2987
8507,123.98,0.293
8508,114.87,0.376
8509,116.32,0.4688
8510,117.69,0.3726
8511,120.21,0.2838
8512,5.5,0.1937
8513,5.54,0.1151
8514,5.4,0.1762
8515,20.88,0.2843
8516,195.49,0.2841
8517,138.6,0.3835
8518,5.25,0.5116
8519,127.75,0.519
8520,178.58,0.4085
8521,204.64,0.4091
8522,2.52,0.4506
8523,5.98,0.4144
8524,178.9,0.2531
8525,134.06,0.2559
8526,5.98,0.3961
8527,5.98,0.3962
8528,178.57,0.3802
8529,179.03,0.477
8530,114.44,0.6629
8531,125.07,0.7072
8532,234.92,0.5664
8533,233.07,0.4781
8534,5.75,0.381
8535,5.73,0.1946
8536,5.48,0.2061
8537,5.46,0.4024
8538,247.19,0.53
8539,247.42,0.6352
8540,162.79,0.7386
8541,135.02,0.5423
8542,132.77,0.4485
8543,5.56,0.424
8544,131.87,0.4163
8545,132.68,0.3129
8546,125.54,0.3129
8547,5.46,0.3
8548,5.5,0.2936
8549,116.04,0.307
8550,124.78,0.4488
8551,142.09,0.59
8552,179.97,0.6484
8553,179.4,0.6587
8554,187.96,0.7284
8555,137.44,0.6889
8556,227.87,0.6435
8557,131.32,0.5957
8558,123.5,0.5669
8559,129.16,0.5505
8560,101.98,0.5629
8561,207.63,0.4672
8562,146.63,0.4573
8563,5.7,0.4698
8564,116.97,0.3938
8565,117.36,0.2796
8566,114.04,0.2923
8567,6.02,0.3278
8568,21.28,0.3278
8569,160.7,0.3296
8570,117.42,0.4332
8571,116.27,0.4204
8572,133.59,0.2943
8573,5.5,0.4013
8574,5.4,0.4583
8575,249.16,0.4514
8576,186.46,0.5484
8577,125.06,0.5487
8578,125.01,0.3513
8579,5.76,0.312
8580,6.05,0.3397
8581,138.11,0.2793
8582,159.19,0.2795
8583,50.56,0.3682
8584,6.08,0.3571
8585,115.25,0.3665
8586,124.37,0.3298
8587,170.83,0.3293
8588,5.42,0.2405
8589,5.44,0.25
8590,5.84,0.2123
8591,136.1,0.3167
8592,124.36,0.3779
8593,134.04,0.4721
8594,80.81,0.5142
8595,121.75,0.5661
8596,187.97,0.61
8597,188.22,0.6224
8598,188.18,0.5275
8599,95.98,0.3793
8600,5.0,0.2317
8601,5.44,0.0837
8602,6.56,0.0102
8603,5.94,0.0937
8604,5.5,0.1889
8605,107.7,0.268
8606,122.69,0.2647
8607,103.97,0.2646
8608,1.81,0.1815
8609,5.4,0.1789
8610,5.4,0.2973
8611,119.57,0.44
8612,249.65,0.4405
8613,177.57,0.5447
8614,6.01,0.593
8615,133.68,0.5076
8616,179.03,0.3675
8617,144.5,0.3663
8618,5.14,0.4043
8619,4.54,0.3775
8620,180.36,0.2646
8621,146.02,0.2649
8622,5.5,0.2656
8623,5.5,0.1236
8624,5.5,0.1275
8625,5.5,0.2247
8626,150.84,0.2233
8627,125.15,0.223
8628,3.75,0.3116
8629,5.2,0.2833
8630,114.6,0.2797
8631,115.95,0.3859
8632,120.71,0.4299
8633,134.46,0.3413
8634,59.47,0.4084
8635,5.48,0.4256
8636,198.52,0.4721
8637,141.96,0.567
8638,191.64,0.6725
8639,176.32,0.6052
8640,135.44,0.4942
8641,115.59,0.3424
8642,5.29,0.2043
8643,4.8,0.1234
8644,6.28,0.1229
8645,35.81,0.2159
8646,114.96,0.214
8647,119.85,0.213
8648,2.37,0.2776
8649,5.15,0.2859
8650,115.26,0.2817
8651,125.16,0.3741
8652,114.76,0.3741
8653,116.06,0.2858
8654,5.16,0.2911
8655,6.58,0.3053
8656,131.68,0.3278
8657,132.26,0.4566
8658,143.76,0.6432
8659,163.7,0.6577
8660,236.31,0.6616
8661,149.64,0.6549
8662,136.98,0.6099
8663,135.51,0.4228
8664,108.37,0.3971
8665,5.84,0.3912
8666,118.01,0.374
8667,129.8,0.2904
8668,114.29,0.299
8669,5.5,0.3925
8670,16.34,0.4477
8671,233.17,0.4892
8672,197.76,0.5838
8673,165.33,0.7645
8674,122.0,0.7495
8675,238.85,0.6826
8676,214.76,0.6581
8677,115.34,0.5741
8678,135.14,0.3844
8679,18.58,0.3723
8680,5.33,0.4754
8681,199.87,0.4547
8682,242.26,0.5214
8683,109.67,0.5212
8684,100.66,0.3636
8685,5.07,0.2596
8686,5.83,0.3383
8687,114.22,0.2612
8688,206.54,0.3485
8689,5.78,0.4765
8690,112.49,0.4936
8691,163.53,0.4358
8692,135.16,0.5414
8693,135.38,0.5877
8694,135.89,0.5659
8695,169.49,0.5631
8696,136.7,0.5628
8697,131.7,0.5462
8698,134.96,0.5068
8699,115.44,0.4842
8700,121.0,0.4659
8701,108.94,0.4844
8702,109.14,0.5046
8703,157.78,0.4108
8704,140.23,0.327
8705,5.57,0.3078
8706,5.74,0.3136
8707,85.46,0.2949
8708,164.92,0.2959
8709,117.2,0.3997
8710,6.76,0.447
8711,133.61,0.4258
8712,143.72,0.4195
8713,138.84,0.5213
8714,109.35,0.5082
8715,132.19,0.5232
8716,117.48,0.5184
8717,162.2,0.5283
8718,132.93,0.6141
8719,121.5,0.6082
8720,237.86,0.6072
8721,110.14,0.6108
8722,161.02,0.5168
8723,137.29,0.4103
8724,5.86,0.4553
8725,106.73,0.3282
8726,165.57,0.2216
8727,4.43,0.2316
8728,6.04,0.2378
8729,18.16,0.1969
8730,114.4,0.287
8731,115.28,0.4102
8732,115.27,0.3995
8733,157.72,0.311
8734,5.0,0.3268
8735,5.5,0.385
8736,134.75,0.3774
8737,186.86,0.4759
8738,148.44,0.4759
8739,126.2,0.3709
8740,5.5,0.2232
8741,5.5,0.1067
8742,5.0,0.0083
8743,5.0,0.0152
8744,5.0,0.1221
8745,14.08,0.2196
8746,137.04,0.2201
8747,125.1,0.2207
8748,5.66,0.3205
8749,5.66,0.3155
8750,137.04,0.32
8751,130.81,0.4143
8752,130.62,0.4252
8753,121.74,0.3188
8754,19.12,0.3324
8755,6.1,0.4144
8756,147.5,0.5106
8757,231.61,0.6811
8758,240.19,0.7865
8759,229.08,0.8007
8760,135.88,0.7606
8761,164.9,0.7369
8762,182.26,0.7001
8763,210.99,0.5942
8764,183.8,0.5593
8765,5.5,0.5095
8766,121.94,0.4372
8767,120.97,0.292
8768,121.89,0.3882
8769,5.1,0.4121
8770,123.9,0.4368
8771,151.33,0.4605
8772,151.36,0.5992
8773,151.15,0.6633
8774,175.78,0.6413
8775,202.85,0.5228
8776,124.22,0.6022
8777,5.5,0.6205
8778,248.91,0.6175
8779,198.32,0.6147
8780,199.14,0.712
8781,120.84,0.7112
8782,125.28,0.6415
8783,247.94,0.4846
8784,112.43,0.3913
8785,6.02,0.388
8786,5.94,0.3098
8787,121.17,0.2315
8788,151.65,0.2706
8789,16.08,0.3642
8790,54.13,0.3597
8791,121.18,0.3303
8792,115.66,0.4106
8793,115.48,0.4648
8794,114.97,0.3708
8795,120.84,0.3812
8796,5.4,0.3813
8797,128.43,0.3939
8798,115.6,0.3843
8799,130.58,0.4741
8800,109.04,0.4637
8801,115.88,0.465
8802,115.69,0.4642
8803,117.14,0.3926
8804,129.66,0.3033
8805,20.84,0.2127
8806,5.97,0.2185
8807,4.13,0.212
8808,124.22,0.2001
8809,121.74,0.294
8810,6.2,0.3896
8811,121.55,0.3815
8812,121.78,0.3751
8813,114.33,0.3746
8814,113.84,0.2804
8815,5.54,0.2757
8816,5.59,0.2839
8817,116.02,0.2902
8818,124.36,0.3947
8819,121.64,0.5475
8820,134.17,0.5999
8821,193.75,0.6142
8822,180.54,0.6291
8823,141.98,0.6186
8824,139.9,0.4657
8825,121.28,0.4331
8826,5.5,0.4118
8827,140.44,0.3754
8828,115.78,0.2785
8829,95.05,0.2756
8830,1.91,0.2623
8831,1.94,0.2692
8832,124.06,0.2925
8833,124.36,0.4014
8834,123.66,0.404
8835,136.03,0.3082
8836,5.08,0.3131
8837,6.16,0.3202
8838,130.39,0.3576
8839,132.41,0.503
8840,182.06,0.6499
8841,184.13,0.7012
8842,187.02,0.695
8843,193.6,0.666
8844,124.68,0.6172
8845,146.34,0.47
8846,124.09,0.4056
8847,5.8,0.397
8848,114.24,0.2827
8849,114.19,0.1864
8850,5.62,0.285
8851,5.48,0.3471
8852,127.15,0.369
8853,190.71,0.4496
8854,141.23,0.4499
8855,104.84,0.3649
8856,5.84,0.3351
8857,22.46,0.3044
8858,154.1,0.3249
8859,103.38,0.458
8860,130.1,0.5461
8861,169.7,0.5455
8862,130.96,0.6417
8863,153.29,0.6456
8864,221.92,0.5712
8865,134.79,0.4701
8866,78.15,0.4469
8867,6.52,0.355
8868,124.7,0.3579
8869,108.72,0.2993
8870,138.35,0.3881
8871,6.09,0.3793
8872,115.82,0.3957
8873,113.88,0.3768
8874,128.86,0.5619
8875,115.07,0.6143
8876,234.0,0.7086
8877,180.32,0.608
8878,230.03,0.6073
8879,5.0,0.5269
8880,114.18,0.4904
8881,135.1,0.4634
8882,135.29,0.6229
8883,196.82,0.6528
8884,201.34,0.6434
8885,150.99,0.5375
8886,123.57,0.3816
8887,4.9,0.3122
8888,4.9,0.2779
8889,115.84,0.2027
8890,108.82,0.2842
8891,30.88,0.431
8892,105.26,0.4951
8893,185.63,0.5078
8894,194.81,0.576
8895,124.47,0.6105
8896,114.87,0.4647
8897,147.7,0.3113
8898,6.08,0.2149
8899,5.98,0.1268
8900,5.8,0.0119
8901,6.34,0.0121
8902,6.32,0.2079
8903,6.3,0.3283
8904,247.09,0.4483
8905,154.02,0.4481
8906,154.01,0.4472
8907,6.1,0.3552
8908,5.18,0.3376
8909,133.84,0.2171
8910,132.3,0.2167
8911,5.7,0.3065
8912,5.66,0.3178
8913,115.75,0.3097
8914,147.73,0.3986
8915,122.31,0.5313
8916,115.14,0.5429
8917,169.0,0.4274
8918,130.11,0.3327
8919,5.55,0.33
8920,5.7,0.3352
8921,111.82,0.3419
8922,175.37,0.4451
8923,138.35,0.5501
8924,132.56,0.6027
8925,135.03,0.5757
8926,176.55,0.4678
8927,142.18,0.4453
8928,5.42,0.4456
8929,104.88,0.3949
8930,135.48,0.2835
8931,114.05,0.2837
8932,5.1,0.2997
8933,5.67,0.2897
8934,124.56,0.3197
8935,123.14,0.4116
8936,151.0,0.4123
8937,118.26,0.3162
8938,6.5,0.3217
8939,6.28,0.3045
8940,129.85,0.3066
8941,129.85,0.4039
8942,120.78,0.5186
8943,126.36,0.5202
8944,147.52,0.5765
8945,131.82,0.656
8946,199.16,0.5584
8947,218.68,0.5332
8948,6.1,0.5177
8949,116.5,0.4792
8950,112.8,0.3062
8951,151.81,0.316
8952,5.57,0.3201
8953,18.22,0.3221
8954,121.5,0.2946
8955,115.36,0.3904
8956,117.93,0.522
8957,123.43,0.5745
8958,180.27,0.6186
8959,186.24,0.6979
8960,169.55,0.7443
8961,215.63,0.7044
8962,180.51,0.6996
8963,131.14,0.7083
8964,180.36,0.6335
8965,180.32,0.4911
8966,123.45,0.3888
8967,5.2,0.2473
8968,5.2,0.1939
8969,6.1,0.1876
8970,114.61,0.293
8971,115.71,0.2934
8972,134.97,0.3962
8973,5.62,0.4372
8974,132.78,0.4492
8975,165.02,0.439
8976,130.47,0.5807
8977,122.44,0.6244
8978,180.13,0.6407
8979,186.59,0.5393
8980,185.06,0.5509
8981,5.56,0.5846
8982,136.77,0.6124
8983,221.68,0.637
8984,220.8,0.7926
8985,215.27,0.8435
8986,197.21,0.6678
8987,199.47,0.4928
8988,5.3,0.4262
8989,5.36,0.3727
8990,133.22,0.2926
8991,131.41,0.2896
8992,100.74,0.3871
8993,1.64,0.3812
8994,125.46,0.4059
8995,125.92,0.4254
8996,161.76,0.5362
8997,124.84,0.439
8998,138.08,0.5374
8999,5.7,0.5971
9000,247.12,0.6873
9001,235.2,0.696
9002,236.0,0.7884
9003,148.76,0.6839
9004,119.48,0.5942
9005,118.49,0.5171
9006,124.72,0.5028
9007,140.99,0.4105
9008,131.17,0.3191
9009,5.86,0.3273
9010,6.0,0.3637
9011,134.8,0.2648
9012,185.75,0.2651
9013,9.41,0.369
9014,6.24,0.3641
9015,133.99,0.3046
9016,128.74,0.3989
9017,112.43,0.5023
9018,125.53,0.3984
9019,133.61,0.3788
9020,5.98,0.3816
9021,104.61,0.3829
9022,115.89,0.3797
9023,127.16,0.4619
9024,129.68,0.4692
9025,107.25,0.4766
9026,113.57,0.4715
9027,125.02,0.5176
9028,120.88,0.435
9029,186.42,0.3683
9030,5.5,0.3678
9031,31.52,0.2741
9032,124.39,0.1277
9033,5.5,0.2178
9034,6.14,0.3073
9035,116.46,0.3139
9036,141.73,0.419
9037,132.44,0.4187
9038,134.95,0.329
9039,5.76,0.3135
9040,5.98,0.3051
9041,122.67,0.3589
9042,122.06,0.4908
9043,201.25,0.6473
9044,168.17,0.7097
9045,198.61,0.7306
9046,199.54,0.7039
9047,147.74,0.6695
9048,168.36,0.5126
9049,125.83,0.4444
9050,5.54,0.4201
9051,115.52,0.3899
9052,117.88,0.2926
9053,131.08,0.2956
9054,6.03,0.3328
9055,9.25,0.3835
9056,161.4,0.3833
9057,180.25,0.4853
9058,130.89,0.482
9059,131.6,0.355
9060,5.1,0.3011
9061,5.1,0.3419
9062,113.91,0.4187
9063,181.06,0.6012
9064,226.24,0.7075
9065,229.69,0.7736
9066,135.98,0.7863
9067,195.34,0.7489
9068,196.74,0.7526
9069,180.12,0.6469
9070,234.23,0.6012
9071,5.91,0.5614
9072,139.06,0.5208
9073,147.72,0.4416
9074,130.13,0.5556
9075,136.76,0.5428
9076,146.28,0.5152
9077,123.3,0.5136
9078,113.66,0.5696
9079,128.24,0.591
9080,205.66,0.6556
9081,172.59,0.6696
9082,202.88,0.6846
9083,130.93,0.6168
9084,146.63,0.593
9085,122.22,0.5418
9086,143.34,0.5285
9087,139.81,0.5115
9088,114.54,0.421
9089,125.64,0.309
9090,10.81,0.2591
9091,5.5,0.285
9092,78.32,0.3076
9093,146.48,0.3033
9094,153.49,0.4098
9095,5.46,0.4576
9096,136.66,0.4493
9097,137.12,0.447
9098,136.31,0.5569
9099,150.6,0.45
9100,140.79,0.4183
9101,5.11,0.4125
9102,98.1,0.3906
9103,129.12,0.3789
9104,123.62,0.4794
9105,126.36,0.4024
9106,128.85,0.4015
9107,3.33,0.4107
9108,128.04,0.4975
9109,134.92,0.3978
9110,233.29,0.3995
9111,5.98,0.393
9112,5.5,0.3765
9113,120.04,0.1903
9114,114.53,0.1897
9115,4.1,0.2998
9116,5.2,0.3646
9117,141.07,0.4089
9118,199.82,0.5571
9119,169.13,0.557
9120,186.53,0.4466
9121,5.1,0.4244
9122,5.1,0.41
9123,172.46,0.4022
9124,151.51,0.512
9125,176.9,0.6512
9126,140.27,0.647
9127,176.44,0.6932
9128,167.35,0.6556
9129,208.3,0.638
9130,130.63,0.4996
9131,118.67,0.4728
9132,5.94,0.3976
9133,134.46,0.2959
9134,115.62,0.2041
9135,5.46,0.3099
9136,5.64,0.3976
9137,136.19,0.4879
9138,242.48,0.6795
9139,226.8,0.8416
9140,241.42,0.8748
9141,205.19,0.8148
9142,177.02,0.7863
9143,168.68,0.7557
9144,191.64,0.7531
9145,203.75,0.8095
9146,201.98,0.777
9147,246.48,0.7288
9148,128.63,0.5678
9149,132.38,0.4083
9150,5.51,0.2125
9151,5.5,0.199
9152,5.5,0.2243
9153,112.0,0.3191
9154,163.51,0.3193
9155,122.22,0.3196
9156,5.74,0.3386
9157,5.86,0.3539
9158,135.36,0.4039
9159,182.36,0.5409
9160,183.79,0.5409
9161,174.48,0.4359
9162,5.84,0.3947
9163,6.0,0.3367
9164,131.68,0.3301
9165,112.33,0.4349
9166,166.37,0.6175
9167,134.92,0.7014
9168,230.76,0.7455
9169,235.08,0.7322
9170,166.56,0.627
9171,150.06,0.444
9172,5.36,0.3631
9173,5.42,0.3225
9174,135.46,0.2122
9175,116.55,0.25
9176,14.32,0.3556
9177,51.85,0.3545
9178,135.5,0.4356
9179,134.04,0.623
9180,216.49,0.7391
9181,244.96,0.7386
9182,194.87,0.7219
9183,134.85,0.6405
9184,113.49,0.5565
9185,116.22,0.5569
9186,141.58,0.6061
9187,195.4,0.6723
9188,195.43,0.7753
9189,194.92,0.8043
9190,243.09,0.6816
9191,177.28,0.5273
9192,44.36,0.3851
9193,5.46,0.2972
9194,19.77,0.2551
9195,134.93,0.2239
9196,125.45,0.3039
9197,5.91,0.3722
9198,103.94,0.3686
9199,103.9,0.3878
9200,130.4,0.4763
9201,149.1,0.3945
9202,114.96,0.3848
9203,3.12,0.4282
9204,92.06,0.4564
9205,183.74,0.517
9206,183.93,0.6871
9207,189.48,0.7814
9208,212.54,0.7861
9209,208.27,0.7902
9210,189.42,0.7256
9211,189.09,0.5578
9212,109.94,0.4841
9213,5.93,0.4254
9214,117.48,0.3687
9215,117.13,0.2842
9216,119.36,0.2839
9217,5.89,0.2866
9218,5.47,0.2908
9219,120.87,0.3127
9220,122.22,0.4611
9221,146.4,0.6164
9222,188.54,0.7125
9223,196.78,0.7187
9224,239.13,0.711
9225,129.91,0.6683
9226,136.84,0.6175
9227,135.97,0.5122
9228,134.32,0.5684
9229,109.44,0.5688
9230,199.13,0.652
9231,137.24,0.6655
9232,238.44,0.5809
9233,150.92,0.5358
9234,5.35,0.548
9235,143.56,0.3591
9236,152.32,0.2413
9237,5.83,0.3228
9238,5.83,0.3303
9239,105.67,0.3204
9240,152.86,0.4254
9241,140.12,0.4625
9242,135.17,0.3813
9243,51.42,0.2618
9244,5.75,0.3092
9245,5.68,0.337
9246,198.52,0.4361
9247,169.36,0.5413
9248,173.46,0.5408
9249,135.28,0.3836
9250,5.03,0.377
9251,4.97,0.3248
9252,161.22,0.2194
9253,109.18,0.3142
9254,5.59,0.4081
9255,121.72,0.388
9256,120.64,0.3042
9257,136.45,0.441
9258,5.98,0.4564
9259,174.0,0.5534
9260,140.68,0.5404
9261,240.13,0.6333
9262,120.43,0.497
9263,120.34,0.3868
9264,6.14,0.1959
9265,5.05,0.2991
9266,5.09,0.3629
9267,247.44,0.5128
9268,198.86,0.5137
9269,190.81,0.5984
9270,6.1,0.601
9271,109.39,0.6433
9272,250.68,0.4928
9273,250.9,0.4923
9274,5.5,0.5024
9275,5.5,0.3924
9276,121.86,0.2169
9277,115.22,0.2273
9278,34.81,0.3245
9279,18.29,0.3284
9280,125.2,0.3361
9281,126.67,0.4081
9282,124.64,0.507
9283,123.52,0.41
9284,140.04,0.4186
9285,5.82,0.4718
9286,137.15,0.5637
9287,190.22,0.6423
9288,236.69,0.7333
9289,236.72,0.7266
9290,117.95,0.6667
9291,128.85,0.4791
9292,116.52,0.2915
9293,5.67,0.1997
9294,5.76,0.0999
9295,4.88,0.102
9296,5.98,0.1017
9297,119.08,0.1015
9298,5.4,0.1967
9299,5.44,0.2857
9300,122.08,0.3093
9301,115.63,0.3983
9302,148.15,0.5311
9303,114.94,0.5776
9304,168.92,0.5992
9305,179.4,0.5919
9306,142.15,0.6198
9307,139.21,0.5929
9308,149.2,0.6484
9309,135.88,0.7003
9310,247.67,0.7473
9311,206.07,0.7657
9312,197.17,0.7999
9313,171.74,0.6029
9314,178.09,0.57
9315,5.1,0.5228
9316,165.55,0.4969
9317,139.06,0.3568
9318,139.8,0.3572
9319,5.63,0.3245
9320,5.63,0.334
9321,125.29,0.3175
9322,150.68,0.4237
9323,119.57,0.5794
9324,136.31,0.6292
9325,197.4,0.5115
9326,186.56,0.419
9327,5.71,0.4177
9328,5.72,0.399
9329,134.69,0.3569
9330,174.47,0.4615
9331,134.63,0.6556
9332,134.48,0.7455
9333,244.8,0.7137
9334,245.31,0.6092
9335,135.35,0.5937
9336,5.94,0.5041
9337,115.46,0.3093
9338,134.42,0.225
9339,5.5,0.3315
9340,31.5,0.3475
9341,137.16,0.3868
9342,135.1,0.4734
9343,182.77,0.6175
9344,112.22,0.6564
9345,208.85,0.6534
9346,185.06,0.6133
9347,131.46,0.5261
9348,133.32,0.3607
9349,4.94,0.3782
9350,5.18,0.439
9351,206.54,0.4896
9352,206.42,0.685
9353,195.6,0.7388
9354,245.52,0.5759
9355,71.35,0.5011
9356,6.0,0.4363
9357,114.36,0.3324
9358,115.84,0.2788
9359,117.52,0.3639
9360,5.4,0.386
9361,110.71,0.3977
9362,141.57,0.3938
9363,130.23,0.5057
9364,112.76,0.527
9365,143.14,0.6079
9366,137.01,0.6407
9367,241.2,0.6419
9368,170.6,0.6446
9369,114.19,0.6406
9370,146.44,0.5767
9371,132.08,0.5702
9372,162.63,0.4958
9373,162.52,0.3815
9374,22.57,0.2788
9375,5.77,0.1514
9376,5.55,0.112
9377,5.82,0.1875
9378,113.99,0.2964
9379,115.6,0.296
9380,139.82,0.3923
9381,5.0,0.3934
9382,124.47,0.3937
9383,115.26,0.3699
9384,115.97,0.3704
9385,110.55,0.3659
9386,5.67,0.3718
9387,118.89,0.3723
9388,122.51,0.4847
9389,116.57,0.6442
9390,248.92,0.7481
9391,202.04,0.78
9392,246.85,0.6898
9393,161.83,0.4921
9394,5.5,0.3325
9395,5.5,0.1364
9396,5.5,0.1143
9397,5.5,0.2144
9398,134.6,0.2211
9399,128.75,0.2211
9400,13.69,0.317
9401,5.5,0.3083
9402,123.59,0.3048
9403,123.9,0.3927
9404,124.39,0.458
9405,122.0,0.3621
9406,85.9,0.3678
9407,5.5,0.3679
9408,130.85,0.3889
9409,124.59,0.5166
9410,147.78,0.6593
9411,243.16,0.5574
9412,181.19,0.5521
9413,5.4,0.548
9414,118.08,0.4436
9415,142.76,0.3013
9416,114.61,0.3008
9417,5.95,0.2993
9418,4.83,0.3309
9419,116.16,0.2428
9420,181.71,0.243
9421,6.16,0.3689
9422,6.2,0.4595
9423,159.86,0.4126
9424,227.6,0.5063
9425,124.02,0.6462
9426,121.5,0.6768
9427,178.41,0.6103
9428,197.58,0.6276
9429,145.75,0.6303
9430,145.35,0.5783
9431,124.76,0.5852
9432,114.48,0.6535
9433,206.04,0.6958
9434,229.86,0.755
9435,197.43,0.667
9436,197.65,0.5915
9437,6.14,0.5215
9438,112.98,0.4764
9439,143.76,0.3204
9440,141.91,0.3203
9441,5.5,0.329
9442,5.98,0.3058
9443,123.8,0.2841
9444,115.18,0.373
9445,115.2,0.4918
9446,114.94,0.5521
9447,152.28,0.6006
9448,197.95,0.512
9449,174.89,0.5674
9450,6.18,0.5368
9451,183.18,0.4947
9452,114.57,0.4652
9453,146.08,0.5805
9454,138.62,0.5282
9455,148.1,0.5628
9456,118.74,0.4485
9457,157.18,0.4269
9458,5.42,0.4071
9459,111.98,0.4175
9460,123.78,0.2943
9461,131.46,0.4299
9462,5.5,0.4507
9463,172.48,0.5163
9464,137.5,0.5252
9465,204.54,0.6547
9466,142.52,0.5193
9467,164.84,0.4123
9468,5.81,0.2508
9469,5.72,0.3078
9470,5.72,0.3471
9471,212.7,0.4961
9472,213.26,0.4963
9473,189.28,0.605
9474,5.97,0.5824
9475,139.46,0.4182
9476,184.96,0.2688
9477,11.01,0.3214
9478,5.38,0.3074
9479,70.76,0.2746
9480,122.2,0.2703
9481,144.59,0.3624
9482,5.69,0.4261
9483,118.78,0.4478
9484,149.22,0.4316
9485,148.88,0.5429
9486,124.68,0.4514
9487,142.71,0.5212
9488,6.1,0.5324
9489,235.24,0.5702
9490,162.6,0.5769
9491,171.28,0.6779
9492,150.96,0.61
9493,130.46,0.637
9494,151.57,0.628
9495,195.84,0.5994
9496,160.18,0.4979
9497,115.74,0.3796
9498,5.5,0.3277
9499,5.94,0.2968
9500,131.91,0.2083
9501,122.18,0.2088
9502,6.75,0.2977
9503,6.1,0.2849
9504,115.41,0.2839
9505,116.13,0.3727
9506,121.04,0.522
9507,116.04,0.5875
9508,189.9,0.5997
9509,196.02,0.6064
9510,131.18,0.6216
9511,129.28,0.6638
9512,134.72,0.6101
9513,241.88,0.6385
9514,129.88,0.6432
9515,166.22,0.6404
9516,135.01,0.5897
9517,131.36,0.4882
9518,179.36,0.464
9519,4.92,0.4447
9520,136.51,0.3424
9521,111.24,0.2007
9522,5.4,0.2918
9523,4.92,0.3125
9524,117.06,0.3216
9525,161.99,0.4298
9526,122.48,0.551
9527,138.54,0.5972
9528,154.16,0.6091
9529,173.91,0.5146
9530,176.72,0.4924
9531,6.04,0.461
9532,111.25,0.4324
9533,115.45,0.2938
9534,138.72,0.2937
9535,6.06,0.2083
9536,5.96,0.1194
9537,6.08,0.0111
9538,6.0,0.1074
9539,5.46,0.2209
9540,124.57,0.3232
9541,145.7,0.3225
9542,132.08,0.3222
9543,5.1,0.423
9544,5.1,0.5076
9545,248.72,0.5503
9546,249.74,0.6457
9547,184.76,0.7872
9548,122.52,0.7166
9549,179.33,0.6718
9550,161.82,0.703
9551,194.54,0.7702
9552,223.2,0.8219
9553,205.3,0.6948
9554,242.86,0.5411
9555,5.4,0.3641
9556,5.3,0.2017
9557,5.3,0.0094
9558,5.3,0.009
9559,6.14,0.1024
9560,4.85,0.1974
9561,120.36,0.2085
9562,122.26,0.268
9563,18.9,0.4019
9564,79.43,0.4986
9565,169.68,0.5942
9566,239.48,0.7161
9567,239.92,0.7984
9568,168.94,0.6653
9569,180.84,0.6023
9570,5.81,0.5201
9571,161.94,0.4887
9572,138.62,0.4476
9573,130.29,0.6115
9574,130.3,0.6453
9575,207.59,0.7171
9576,203.54,0.6997
9577,227.07,0.6135
9578,108.82,0.4491
9579,24.11,0.2998
9580,5.25,0.2129
9581,19.68,0.2195
9582,120.14,0.2043
9583,116.94,0.3094
9584,5.34,0.3875
9585,134.66,0.4057
9586,115.88,0.4121
9587,142.5,0.518
9588,124.81,0.4152
9589,135.72,0.4212
9590,8.17,0.4513
9591,123.25,0.4562
9592,179.48,0.4725
9593,130.84,0.5926
9594,155.79,0.5903
9595,156.07,0.5584
9596,120.42,0.6201
9597,140.19,0.6083
9598,206.82,0.4864
9599,141.34,0.393
9600,5.9,0.3701
9601,5.5,0.3036
9602,111.92,0.1938
9603,124.94,0.1939
9604,6.16,0.2942
9605,6.02,0.3091
9606,129.0,0.3188
9607,130.25,0.4091
9608,136.93,0.4086
9609,117.38,0.3082
9610,5.34,0.3539
9611,5.34,0.394
9612,186.58,0.4751
9613,186.32,0.6192
9614,217.24,0.7661
9615,182.74,0.756
9616,186.25,0.7455
9617,174.13,0.71
9618,173.4,0.6815
9619,173.48,0.5347
9620,147.63,0.4847
9621,5.5,0.4382
9622,112.6,0.3814
9623,116.12,0.3458
9624,103.63,0.426
9625,103.68,0.4623
9626,104.28,0.4838
9627,157.33,0.4929
9628,142.63,0.5719
9629,114.78,0.6609
9630,200.94,0.646
9631,213.84,0.5346
9632,139.02,0.4459
9633,5.5,0.2871
9634,5.5,0.2
9635,5.5,0.2043
9636,106.6,0.2906
9637,144.24,0.478
9638,111.81,0.6653
9639,236.2,0.6703
9640,236.1,0.5931
9641,112.82,0.6011
9642,49.18,0.4901
9643,121.61,0.4558
9644,99.5,0.4605
9645,193.88,0.5318
9646,118.6,0.5533
9647,136.96,0.6581
9648,148.18,0.506
9649,228.43,0.5193
9650,6.72,0.5541
9651,134.91,0.59
9652,179.84,0.4085
9653,192.41,0.407
9654,4.89,0.465
9655,4.88,0.4885
9656,206.29,0.5015
9657,208.87,0.6665
9658,208.32,0.6669
9659,208.09,0.5038
9660,5.4,0.4356
9661,5.4,0.3677
9662,124.94,0.3056
9663,124.76,0.4065
9664,131.64,0.5134
9665,129.64,0.5229
9666,136.94,0.5346
9667,136.65,0.5423
9668,139.24,0.6012
9669,141.07,0.5965
9670,202.12,0.664
9671,131.16,0.7179
9672,219.78,0.7455
9673,205.56,0.6769
9674,175.11,0.6955
9675,117.63,0.5217
9676,154.08,0.5098
9677,5.77,0.529
9678,190.88,0.5742
9679,198.74,0.4535
9680,173.29,0.4533
9681,5.5,0.3997
9682,5.5,0.3437
9683,124.88,0.2073
9684,129.85,0.353
9685,5.3,0.4893
9686,184.88,0.5298
9687,173.32,0.577
9688,174.82,0.7327
9689,187.94,0.7257
9690,197.03,0.7009
9691,176.21,0.6592
9692,142.83,0.6737
9693,123.48,0.6963
9694,205.76,0.7309
9695,224.84,0.777
9696,218.87,0.7296
9697,199.54,0.567
9698,65.16,0.3888
9699,5.54,0.2155
9700,5.48,0.1679
9701,5.48,0.2289
9702,140.95,0.3414
9703,140.21,0.3416
9704,144.04,0.3417
9705,5.72,0.3883
9706,5.62,0.4168
9707,198.33,0.4099
9708,175.34,0.5164
9709,135.48,0.5165
9710,136.9,0.3596
9711,5.76,0.377
9712,5.16,0.3782
9713,196.68,0.3671
9714,136.92,0.5474
9715,123.26,0.6932
9716,227.79,0.6893
9717,184.62,0.6893
9718,191.88,0.75
9719,136.96,0.6776
9720,198.02,0.5317
9721,138.65,0.4711
9722,5.0,0.4649
9723,117.26,0.321
9724,129.36,0.2132
9725,20.81,0.3045
9726,5.92,0.352
9727,117.36,0.3324
9728,175.8,0.4318
9729,105.24,0.5606
9730,143.2,0.4708
9731,164.51,0.3324
9732,6.74,0.4489
9733,5.42,0.3377
9734,248.66,0.209
9735,6.3,0.2079
9736,5.98,0.209
9737,5.5,0.207
9738,6.74,0.3839
9739,246.18,0.5193
9740,224.12,0.5193
9741,172.7,0.6147
9742,5.48,0.508
9743,124.12,0.443
9744,114.91,0.3076
9745,144.1,0.3909
9746,5.96,0.397
9747,108.04,0.4212
9748,131.68,0.4206
9749,144.67,0.5149
9750,143.36,0.4316
9751,122.03,0.33
9752,5.46,0.2173
9753,6.66,0.207
9754,5.83,0.2182
9755,130.69,0.3508
9756,135.9,0.4974
9757,168.72,0.6437
9758,187.12,0.6943
9759,185.92,0.694
9760,193.03,0.5612
9761,135.48,0.4134
9762,5.2,0.3633
9763,5.2,0.3072
9764,124.2,0.3701
9765,123.96,0.3707
9766,212.93,0.4681
9767,6.0,0.4602
9768,125.13,0.4529
9769,114.37,0.3734
9770,115.04,0.4854
9771,115.03,0.3882
9772,143.88,0.3765
9773,5.44,0.4014
9774,99.97,0.4529
9775,145.73,0.4545
9776,178.4,0.5553
9777,145.86,0.5476
9778,129.52,0.5651
9779,90.48,0.5141
9780,167.34,0.4003
9781,115.56,0.2996
9782,5.82,0.3212
9783,5.52,0.3041
9784,117.12,0.2259
9785,146.2,0.2259
9786,19.28,0.3826
9787,5.79,0.4379
9788,198.46,0.4391
9789,185.23,0.53
9790,147.73,0.6833
9791,131.15,0.6841
9792,194.63,0.6775
9793,199.42,0.7031
9794,177.02,0.7553
9795,179.26,0.8001
9796,195.48,0.7816
9797,249.78,0.8029
9798,176.62,0.8435
9799,203.24,0.8714
9800,229.26,0.7784
9801,229.8,0.6395
9802,135.26,0.4913
9803,5.62,0.4041
9804,20.84,0.3122
9805,121.84,0.2073
9806,116.6,0.2077
9807,6.12,0.2918
9808,6.22,0.2907
9809,124.33,0.2886
9810,120.5,0.3769
9811,113.96,0.5022
9812,114.93,0.5066
9813,160.48,0.4142
9814,129.74,0.3263
9815,6.66,0.3801
9816,5.8,0.396
9817,181.12,0.3793
9818,180.11,0.3786
9819,109.12,0.3781
9820,5.84,0.235
9821,5.14,0.0928
9822,5.0,0.0925
9823,5.0,0.1797
9824,108.76,0.2691
9825,113.15,0.2694
9826,115.22,0.2695
9827,5.36,0.293
9828,5.2,0.2933
9829,137.69,0.2936
9830,113.45,0.3828
9831,115.67,0.3833
9832,115.08,0.2761
9833,5.92,0.2807
9834,5.68,0.3025
9835,119.1,0.3374
9836,142.51,0.5353
9837,158.04,0.7333
9838,249.59,0.8377
9839,249.51,0.874
9840,247.59,0.9027
9841,187.2,0.8021
9842,193.38,0.6039
9843,125.76,0.5027
9844,5.4,0.4477
9845,123.03,0.3998
9846,119.52,0.3025
9847,134.35,0.3916
9848,6.0,0.4148
9849,115.02,0.4402
9850,151.67,0.4466
9851,150.84,0.5435
9852,142.16,0.4548
9853,125.3,0.3333
9854,5.78,0.314
9855,2.06,0.3923
9856,127.17,0.4461
9857,238.58,0.5969
9858,191.48,0.7512
9859,191.4,0.7554
9860,192.12,0.7249
9861,132.33,0.7468
9862,201.0,0.6061
9863,218.49,0.4545
9864,18.15,0.4466
9865,5.5,0.3918
9866,122.53,0.2187
9867,133.5,0.3633
9868,5.4,0.5233
9869,196.16,0.598
9870,202.48,0.6436
9871,214.58,0.8175
9872,189.57,0.8577
9873,219.54,0.8885
9874,245.63,0.7191
9875,240.44,0.5699
9876,5.99,0.5362
9877,5.94,0.433
9878,178.06,0.3952
9879,118.59,0.5625
9880,193.79,0.7347
9881,212.04,0.767
9882,217.93,0.6753
9883,217.79,0.5228
9884,5.78,0.4578
9885,6.03,0.3801
9886,131.95,0.2153
9887,122.31,0.2152
9888,14.82,0.3199
9889,5.67,0.3242
9890,134.93,0.3087
9891,137.28,0.3909
9892,103.25,0.472
9893,116.02,0.3672
9894,105.5,0.3692
9895,5.94,0.3962
9896,139.68,0.4362
9897,136.5,0.4916
9898,165.23,0.5761
9899,173.79,0.4672
9900,109.9,0.4351
9901,5.64,0.4062
9902,96.95,0.3761
9903,129.73,0.2914
9904,136.66,0.2918
9905,5.6,0.3235
9906,6.1,0.3099
9907,136.1,0.2037
9908,112.94,0.2047
9909,5.88,0.3774
9910,6.82,0.4055
9911,218.79,0.5154
9912,170.68,0.6546
9913,248.21,0.7958
9914,177.32,0.7749
9915,180.58,0.7974
9916,193.14,0.7082
9917,198.33,0.7555
9918,138.37,0.7039
9919,235.62,0.7188
9920,117.04,0.6439
9921,211.41,0.5365
9922,106.13,0.3497
9923,6.12,0.2595
9924,5.68,0.1885
9925,5.95,0.2183
9926,124.07,0.3234
9927,142.74,0.3237
9928,135.6,0.3238
9929,6.04,0.3327
9930,6.05,0.3338
9931,135.03,0.3386
9932,144.04,0.4247
9933,141.6,0.4248
9934,112.04,0.3198
9935,6.09,0.2958
9936,5.81,0.3554
9937,114.54,0.3726
9938,214.92,0.484
9939,133.23,0.6312
9940,143.22,0.6966
9941,187.12,0.6916
9942,195.06,0.5847
9943,208.69,0.4734
9944,1.67,0.3264
9945,6.12,0.2653
9946,6.18,0.1958
9947,119.78,0.2888
9948,123.13,0.288
9949,116.19,0.3102
9950,5.14,0.324
9951,33.51,0.3179
9952,136.74,0.3127
9953,115.7,0.4147
9954,109.79,0.3925
9955,130.74,0.3752
9956,6.1,0.4239
9957,115.48,0.4448
9958,175.59,0.464
9959,135.51,0.5884
9960,154.43,0.6325
9961,159.25,0.6571
9962,169.84,0.6781
9963,205.78,0.6587
9964,161.38,0.5339
9965,130.61,0.4135
9966,5.59,0.3465
9967,21.54,0.3251
9968,123.38,0.224
9969,134.98,0.3138
9970,6.14,0.3994
9971,116.15,0.4145
9972,126.98,0.3974
9973,141.96,0.4877
9974,113.94,0.5766
9975,117.32,0.6182
9976,225.58,0.5073
9977,178.11,0.4193
9978,5.5,0.4291
9979,5.52,0.3521
9980,129.48,0.3122
9981,130.74,0.3128
9982,129.04,0.4164
9983,6.14,0.4063
9984,133.16,0.3042
9985,117.04,0.2048
9986,5.0,0.2715
9987,6.64,0.2525
9988,88.23,0.2464
9989,109.76,0.247
9990,109.56,0.3363
9991,5.78,0.4171
9992,116.53,0.4942
9993,187.77,0.4974
9994,204.61,0.5911
9995,113.62,0.6872
9996,121.03,0.5387
9997,234.87,0.3766
9998,5.0,0.4862
9999,5.0,0.5907
10000,248.6,0.5639
10001,249.62,0.7074
10002,201.88,0.8685
10003,181.72,0.8399
10004,203.29,0.7797
10005,213.48,0.6206
10006,175.51,0.5716
10007,5.94,0.5509
10008,121.32,0.3813
10009,177.8,0.2433
10010,4.74,0.3071
10011,5.6,0.3414
10012,84.5,0.2905
10013,163.57,0.3992
10014,115.14,0.5066
10015,138.58,0.542
10016,137.78,0.5358
10017,128.13,0.4469
10018,155.88,0.4197
10019,5.65,0.4394
10020,105.11,0.5112
10021,162.05,0.4732
10022,216.55,0.5791
10023,109.07,0.624
10024,136.09,0.6398
10025,160.38,0.4786
10026,181.43,0.4072
10027,18.09,0.3912
10028,21.24,0.3924
10029,116.38,0.25
10030,161.79,0.24
10031,6.12,0.3241
10032,5.8,0.3497
10033,124.76,0.3159
10034,147.96,0.4223
10035,120.12,0.4223
10036,137.1,0.3256
10037,5.84,0.3238
10038,5.74,0.3761
10039,145.64,0.3889
10040,184.52,0.3883
10041,152.93,0.3881
10042,5.1,0.3284
10043,5.5,0.3474
10044,72.1,0.4166
10045,207.88,0.4169
10046,238.2,0.4173
10047,5.5,0.4592
10048,5.96,0.3911
10049,123.7,0.2351
10050,124.04,0.2408
10051,46.07,0.3292
10052,12.56,0.3233
10053,114.83,0.3235
10054,116.44,0.3868
10055,124.25,0.542
10056,124.02,0.6175
10057,203.6,0.6243
10058,207.76,0.6372
10059,124.8,0.6307
10060,140.18,0.5589
10061,116.02,0.4954
10062,115.2,0.5828
10063,129.58,0.6671
10064,232.4,0.7211
10065,243.94,0.7302
10066,182.58,0.6297
10067,126.34,0.4457
10068,5.84,0.348
10069,5.84,0.2926
10070,123.75,0.1949
10071,114.31,0.2866
10072,6.06,0.4124
10073,118.73,0.4806
10074,160.71,0.4868
10075,207.81,0.6162
10076,121.95,0.5259
10077,165.38,0.4113
10078,7.51,0.4374
10079,19.58,0.5356
10080,239.99,0.4062
10081,242.86,0.4039
10082,6.01,0.3934
10083,4.64,0.2033
10084,6.74,0.1112
10085,5.9,0.2969
10086,129.42,0.2975
10087,234.72,0.3685
10088,5.38,0.4575
10089,94.09,0.4617
10090,115.48,0.2726
10091,134.65,0.2727
10092,1.82,0.2942
10093,5.5,0.2941
10094,120.64,0.2851
10095,115.38,0.3724
10096,123.49,0.372
10097,109.38,0.2781
10098,5.0,0.3454
10099,5.0,0.406
10100,198.24,0.4242
10101,198.1,0.5226
10102,131.8,0.6196
10103,126.18,0.5596
10104,124.43,0.5315
10105,124.33,0.5952
10106,163.46,0.6052
10107,210.22,0.5091
10108,138.56,0.504
10109,6.06,0.4963
10110,118.1,0.3298
10111,153.96,0.2221
10112,5.16,0.2205
10113,6.02,0.2231
10114,4.01,0.1995
10115,121.4,0.3037
10116,124.87,0.3868
10117,133.46,0.3879
10118,108.28,0.2941
10119,5.4,0.3418
10120,5.93,0.3589
10121,183.56,0.457
10122,154.51,0.6387
10123,229.08,0.753
10124,229.08,0.7224
10125,146.68,0.7661
10126,145.86,0.7492
10127,208.39,0.6668
10128,208.2,0.6412
10129,127.71,0.6229
10130,115.1,0.569
10131,123.4,0.4046
10132,142.03,0.4151
10133,5.73,0.436
10134,140.62,0.4365
10135,140.9,0.4287
10136,124.03,0.5187
10137,132.35,0.526
10138,116.56,0.5171
10139,149.61,0.4213
10140,129.96,0.4074
10141,6.12,0.4197
10142,115.16,0.4064
10143,131.77,0.4664
10144,133.17,0.6264
10145,203.89,0.6462
10146,203.06,0.5435
10147,139.52,0.44
10148,5.4,0.2788
10149,5.74,0.2157
10150,5.4,0.2029
10151,125.3,0.2992
10152,123.83,0.2994
10153,124.0,0.4797
10154,5.92,0.4875
10155,227.46,0.4839
10156,134.81,0.4876
10157,119.45,0.5937
10158,128.58,0.4136
10159,136.52,0.4563
10160,5.73,0.4644
10161,187.36,0.5088
10162,129.36,0.5923
10163,183.27,0.782
10164,239.36,0.7808
10165,239.3,0.782
10166,185.82,0.8208
10167,130.85,0.7274
10168,231.14,0.5378
10169,124.28,0.391
10170,5.89,0.4078
10171,5.1,0.3386
10172,151.45,0.2541
10173,145.95,0.3506
10174,20.36,0.4466
10175,124.68,0.4175
10176,123.22,0.4007
10177,115.72,0.5117
10178,125.24,0.52
10179,157.02,0.5816
10180,134.87,0.5964
10181,199.08,0.6068
10182,133.96,0.6767
10183,137.99,0.6713
10184,243.12,0.6235
10185,128.18,0.6341
10186,140.26,0.6313
10187,146.94,0.5431
10188,134.55,0.4439
10189,134.57,0.3461
10190,6.1,0.3244
10191,19.78,0.3275
10192,120.22,0.2228
10193,138.38,0.222
10194,5.64,0.3512
10195,5.1,0.4056
10196,178.95,0.4017
10197,187.12,0.489
10198,133.56,0.4898
10199,113.11,0.349
10200,6.2,0.308
10201,5.5,0.3551
10202,136.64,0.3833
10203,191.6,0.4834
10204,147.84,0.5629
10205,129.4,0.5614
10206,103.35,0.5155
10207,134.83,0.5608
10208,135.14,0.6336
10209,203.62,0.5546
10210,219.06,0.5485
10211,5.98,0.5492
10212,127.41,0.4528
10213,135.97,0.2793
10214,84.91,0.2789
10215,5.5,0.3366
10216,5.45,0.3849
10217,198.41,0.4101
10218,195.44,0.5917
10219,115.92,0.773
10220,229.13,0.7394
10221,228.71,0.7469
10222,156.98,0.8135
10223,204.64,0.8092
10224,197.96,0.7303
10225,223.9,0.749
10226,131.5,0.7498
10227,180.01,0.593
10228,205.59,0.4152
10229,5.0,0.3125
10230,5.0,0.2745
10231,5.0,0.2569
10232,133.28,0.3742
10233,183.9,0.3751
10234,149.34,0.5231
10235,6.14,0.5105
10236,187.21,0.4577
10237,117.76,0.4358
10238,118.91,0.5294
10239,122.36,0.3786
10240,121.4,0.2883
10241,1.6,0.3251
10242,6.57,0.4237
10243,164.22,0.4977
10244,243.76,0.607
10245,212.52,0.7164
10246,136.14,0.6978
10247,141.28,0.6615
10248,141.26,0.6344
10249,199.06,0.5387
10250,179.16,0.4286
10251,18.33,0.4196
10252,5.75,0.3523
10253,130.18,0.3167
10254,116.18,0.3061
10255,135.36,0.3928
10256,5.2,0.4283
10257,112.56,0.4249
10258,173.82,0.4258
10259,112.04,0.5292
10260,136.41,0.5383
10261,132.51,0.5038
10262,123.79,0.5618
10263,131.43,0.5453
10264,183.44,0.5566
10265,116.06,0.5801
10266,146.35,0.5579
10267,152.76,0.5924
10268,104.18,0.6965
10269,225.88,0.5827
10270,244.25,0.4634
10271,6.13,0.4858
10272,5.88,0.3987
10273,131.78,0.2253
10274,118.71,0.2244
10275,30.68,0.416
10276,5.1,0.505
10277,241.75,0.6043
10278,241.34,0.7739
10279,240.96,0.9163
10280,239.55,0.8604
10281,180.4,0.7977
10282,172.88,0.7199
10283,164.22,0.6662
10284,145.08,0.5236
10285,173.54,0.4747
10286,4.8,0.4766
10287,112.66,0.5617
10288,166.6,0.6228
10289,249.76,0.8205
10290,248.81,0.7329
10291,248.24,0.6021
10292,4.79,0.5138
10293,5.52,0.4042
10294,141.12,0.2073
10295,113.8,0.2082
10296,5.84,0.3038
10297,5.86,0.2835
10298,123.25,0.285
10299,116.1,0.3741
10300,115.68,0.473
10301,115.59,0.4784
10302,127.54,0.4949
10303,129.88,0.5168
10304,136.46,0.5981
10305,142.61,0.6774
10306,215.68,0.7158
10307,225.28,0.7573
10308,177.1,0.7717
10309,187.55,0.7636
10310,160.3,0.5853
10311,205.74,0.5244
10312,5.77,0.4868
10313,102.15,0.453
10314,141.18,0.2906
10315,118.69,0.2906
10316,5.84,0.304
10317,5.82,0.342
10318,118.59,0.3565
10319,187.98,0.4453
10320,136.48,0.4453
10321,115.2,0.3537
10322,5.84,0.3731
10323,5.84,0.4195
10324,211.86,0.5202
10325,193.58,0.6892
10326,239.2,0.7929
10327,213.9,0.7658
10328,133.51,0.7384
10329,178.49,0.6413
10330,159.93,0.5788
10331,119.61,0.4749
10332,136.98,0.4257
10333,5.48,0.4176
10334,117.98,0.4316
10335,150.0,0.3244
10336,136.76,0.3309
10337,5.03,0.3341
10338,13.45,0.3122
10339,121.99,0.2943
10340,122.93,0.3841
10341,114.81,0.4834
10342,115.59,0.5337
10343,135.73,0.5447
10344,183.82,0.5611
10345,136.5,0.6633
10346,135.0,0.7494
10347,241.44,0.7165
10348,241.8,0.7274
10349,143.27,0.7703
10350,149.87,0.6878
10351,187.84,0.4931
10352,139.87,0.3925
10353,2.15,0.3652
10354,19.4,0.3252
10355,116.19,0.2162
10356,138.58,0.3095
10357,5.68,0.3985
10358,117.1,0.4792
10359,128.98,0.5007
10360,215.54,0.6006
10361,165.06,0.5171
10362,128.58,0.5076
10363,14.29,0.5016
10364,117.38,0.5365
10365,208.16,0.597
10366,207.98,0.6956
10367,203.11,0.7
10368,135.66,0.5362
10369,122.76,0.4594
10370,6.54,0.4042
10371,113.37,0.2986
10372,135.19,0.2035
10373,5.65,0.303
10374,5.68,0.3033
10375,129.01,0.3345
10376,113.71,0.3341
10377,173.68,0.4219
10378,5.12,0.4126
10379,113.82,0.413
10380,117.56,0.3648
10381,114.13,0.4688
10382,114.38,0.5228
10383,133.15,0.5812
10384,180.27,0.4934
10385,189.46,0.405
10386,6.1,0.4978
10387,5.5,0.4661
10388,247.45,0.438
10389,141.22,0.5226
10390,154.85,0.7018
10391,110.27,0.6841
10392,226.11,0.5739
10393,225.69,0.4527
10394,5.56,0.4899
10395,5.56,0.3148
10396,156.16,0.136
10397,10.43,0.1942
10398,5.6,0.2839
10399,77.22,0.2897
10400,115.95,0.4151
10401,163.34,0.4803
10402,164.86,0.5491
10403,85.81,0.5861
10404,161.92,0.5866
10405,161.54,0.5572
10406,163.91,0.6386
10407,128.68,0.6692
10408,186.05,0.6186
10409,199.59,0.6389
10410,99.28,0.7332
10411,188.9,0.7846
10412,244.8,0.6391
10413,249.3,0.5876
10414,20.48,0.5455
10415,35.76,0.4402
10416,137.12,0.2418
10417,115.2,0.2292
10418,4.99,0.3016
10419,4.99,0.3457
10420,124.85,0.3893
10421,191.45,0.4868
10422,168.87,0.4878
10423,125.0,0.391
10424,6.26,0.3216
10425,5.64,0.3565
10426,106.04,0.3516
10427,211.83,0.4455
10428,118.91,0.4729
10429,121.9,0.3915
10430,39.47,0.2238
10431,5.79,0.2418
10432,5.28,0.3413
10433,141.11,0.3139
10434,244.46,0.4034
10435,5.68,0.5098
10436,115.96,0.5033
10437,136.34,0.3093
10438,133.07,0.4174
10439,5.66,0.4689
10440,138.69,0.5024
10441,179.46,0.5404
10442,177.47,0.6753
10443,179.9,0.5672
10444,171.74,0.5365
10445,5.58,0.5856
10446,141.72,0.6388
10447,237.89,0.6687
10448,245.43,0.7941
10449,208.55,0.8598
10450,159.95,0.7628
10451,222.67,0.5689
10452,118.38,0.4035
10453,6.68,0.2782
10454,5.0,0.1019
10455,5.63,0.1059
10456,5.56,0.2007
10457,123.34,0.2016
10458,123.43,0.2845
10459,6.12,0.3944
10460,107.63,0.3934
10461,140.86,0.3874
10462,122.14,0.4925
10463,116.01,0.494
10464,135.51,0.5095
10465,109.57,0.5754
10466,159.95,0.6301
10467,203.18,0.6522
10468,183.4,0.6947
10469,162.72,0.6729
10470,161.86,0.6489
10471,133.16,0.6421
10472,173.58,0.652
10473,175.08,0.5252
10474,174.86,0.4216
10475,5.83,0.3475
10476,5.6,0.3356
10477,82.33,0.316
10478,160.46,0.3159
10479,150.66,0.4252
10480,5.74,0.4731
10481,140.21,0.4446
10482,141.21,0.4271
10483,125.44,0.5666
10484,129.14,0.6158
10485,177.43,0.6069
10486,200.78,0.6063
10487,130.22,0.6718
10488,124.75,0.732
10489,209.77,0.6967
10490,251.5,0.7573
10491,157.41,0.7697
10492,204.84,0.7457
10493,140.0,0.7025
10494,180.16,0.5792
10495,198.41,0.555
10496,5.5,0.5434
10497,175.14,0.4058
10498,125.62,0.2493
10499,10.78,0.2507
10500,5.68,0.2515
10501,7.26,0.2721
10502,176.12,0.3969
10503,150.96,0.5224
10504,164.51,0.5206
10505,160.18,0.3825
10506,5.1,0.3931
10507,6.06,0.4221
10508,163.98,0.4071
10509,200.21,0.5032
10510,141.77,0.5031
10511,123.4,0.3745
10512,5.91,0.3294
10513,5.6,0.3257
10514,144.72,0.3283
10515,137.25,0.3272
10516,126.58,0.4135
10517,4.54,0.3946
10518,111.88,0.287
10519,121.44,0.189
10520,4.8,0.1906
10521,5.85,0.1051
10522,6.56,0.109
10523,6.58,0.2081
10524,126.28,0.2208
10525,126.77,0.2201
10526,21.45,0.3114
10527,5.78,0.4014
10528,118.96,0.3035
10529,237.03,0.2906
10530,6.32,0.4539
10531,5.6,0.4724
10532,206.77,0.3714
10533,141.78,0.3711
10534,112.63,0.3713
10535,5.96,0.2082
10536,5.87,0.1882
10537,5.88,0.2195
10538,117.2,0.2989
10539,151.23,0.2986
10540,103.7,0.3952
10541,5.5,0.4012
10542,124.82,0.3861
10543,124.53,0.4023
10544,132.62,0.5858
10545,123.73,0.6352
10546,231.34,0.6437
10547,185.68,0.6828
10548,135.01,0.7565
10549,180.77,0.7184
10550,214.4,0.6617
10551,184.48,0.702
10552,115.88,0.6596
10553,184.67,0.5719
10554,128.56,0.5232
10555,106.34,0.4334
10556,124.54,0.2885
10557,5.4,0.2838
10558,6.16,0.2901
10559,122.78,0.201
10560,114.08,0.2249
10561,14.87,0.3193
10562,34.84,0.3139
10563,122.44,0.3166
10564,116.07,0.4479
10565,117.46,0.5178
10566,176.43,0.4231
10567,120.96,0.4391
10568,5.86,0.4555
10569,135.74,0.4724
10570,137.68,0.4954
10571,197.23,0.6544
10572,149.23,0.6395
10573,201.69,0.6215
10574,117.32,0.6297
10575,115.61,0.5136
10576,207.34,0.3655
10577,6.2,0.3801
10578,19.37,0.3952
10579,135.34,0.2317
10580,134.2,0.2315
10581,6.04,0.3107
10582,5.96,0.3336
10583,116.85,0.3339
10584,163.51,0.424
10585,134.58,0.5856
10586,116.99,0.6371
10587,204.96,0.6201
10588,180.19,0.6568
10589,142.65,0.6743
10590,179.77,0.6137
10591,138.46,0.6586
10592,130.4,0.6442
10593,235.46,0.6055
10594,124.95,0.6367
10595,132.13,0.6345
10596,176.79,0.4482
10597,127.76,0.4411
10598,6.01,0.4448
10599,116.27,0.3781
10600,136.64,0.2788
10601,94.64,0.2787
10602,5.52,0.2953
10603,5.84,0.2926
10604,136.82,0.3166
10605,133.24,0.4071
10606,124.17,0.4068
10607,117.05,0.3003
10608,5.4,0.1967
10609,5.73,0.1005
10610,5.62,0.0101
10611,5.73,0.0104
10612,5.78,0.01
10613,5.78,0.0095
10614,5.28,0.0929
10615,4.99,0.1914
10616,108.42,0.1915
10617,127.0,0.2938
10618,5.86,0.3884
10619,131.24,0.3995
10620,121.53,0.3008
10621,122.11,0.3859
10622,5.4,0.3928
10623,110.73,0.4095
10624,139.68,0.4043
10625,142.06,0.5012
10626,115.73,0.554
10627,124.77,0.6245
10628,175.75,0.6802
10629,226.48,0.7636
10630,210.65,0.7615
10631,218.34,0.7272
10632,122.21,0.6757
10633,133.45,0.6078
10634,163.06,0.5942
10635,127.16,0.6027
10636,201.59,0.5997
10637,132.62,0.4723
10638,129.82,0.487
10639,6.14,0.4242
10640,145.25,0.4277
10641,124.29,0.3274
10642,136.88,0.4864
10643,6.34,0.5606
10644,201.94,0.5664
10645,236.62,0.554
10646,131.48,0.6624
10647,121.59,0.5028
10648,139.78,0.5027
10649,5.42,0.5657
10650,236.55,0.6395
10651,209.02,0.6898
10652,212.42,0.8478
10653,201.7,0.8187
10654,199.94,0.7921
10655,200.8,0.6245
10656,176.25,0.4656
10657,6.08,0.3081
10658,6.03,0.1499
10659,6.04,0.1052
10660,5.97,0.1376
10661,121.27,0.1376
10662,45.89,0.2259
10663,6.1,0.3402
10664,114.77,0.3433
10665,146.68,0.4075
10666,125.07,0.5429
10667,124.98,0.5547
10668,172.72,0.4888
10669,129.28,0.3919
10670,65.6,0.2949
10671,5.73,0.2489
10672,5.57,0.2455
10673,116.14,0.3002
10674,125.06,0.4082
10675,132.99,0.5611
10676,138.68,0.6313
10677,193.82,0.5351
10678,202.56,0.432
10679,6.62,0.4294
10680,6.1,0.3937
10681,135.43,0.2332
10682,149.83,0.2328
10683,5.0,0.3424
10684,6.05,0.3856
10685,141.06,0.3675
10686,188.59,0.5023
10687,127.61,0.516
10688,170.92,0.4055
10689,23.01,0.363
10690,5.0,0.345
10691,136.26,0.3115
10692,105.43,0.4694
10693,129.67,0.6282
10694,217.45,0.5223
10695,200.52,0.5491
10696,5.86,0.5551
10697,138.38,0.5127
10698,137.1,0.3546
10699,165.24,0.4455
10700,5.88,0.4291
10701,117.73,0.3218
10702,118.14,0.1918
10703,5.1,0.295
10704,5.1,0.2997
10705,132.97,0.3108
10706,123.47,0.4133
10707,131.81,0.5774
10708,131.38,0.6378
10709,207.14,0.7218
10710,207.27,0.6192
10711,226.9,0.5982
10712,5.58,0.5409
10713,105.42,0.5724
10714,136.67,0.5098
10715,245.98,0.6187
10716,149.92,0.6413
10717,139.66,0.6362
10718,133.2,0.4408
10719,130.38,0.4654
10720,5.42,0.4517
10721,180.16,0.4662
10722,122.88,0.365
10723,150.98,0.3649
10724,5.83,0.3199
10725,5.2,0.3213
10726,124.87,0.3
10727,124.5,0.3934
10728,124.75,0.5537
10729,120.88,0.5673
10730,202.53,0.6646
10731,141.62,0.7661
10732,244.28,0.8703
10733,249.76,0.8751
10734,249.2,0.8522
10735,208.46,0.7481
10736,113.36,0.6536
10737,116.18,0.6204
10738,133.42,0.5545
10739,208.3,0.4649
10740,127.23,0.4646
10741,3.07,0.4507
10742,115.85,0.3735
10743,116.34,0.2749
10744,113.18,0.3653
10745,5.84,0.4579
10746,114.44,0.4647
10747,229.8,0.4713
10748,124.7,0.4812
10749,121.34,0.4939
10750,18.01,0.4495
10751,130.06,0.4896
10752,175.1,0.4979
10753,174.15,0.5907
10754,131.51,0.6446
10755,132.31,0.6568
10756,196.45,0.6206
10757,190.04,0.6095
10758,129.68,0.5071
10759,117.78,0.3519
10760,6.2,0.2994
10761,5.44,0.305
10762,125.38,0.3126
10763,136.54,0.3125
10764,127.11,0.5104
10765,6.1,0.6114
10766,249.1,0.7026
10767,249.81,0.7814
10768,248.82,0.9563
10769,224.09,0.9168
10770,221.48,0.8621
10771,200.43,0.8186
10772,182.42,0.749
10773,195.26,0.5737
10774,138.42,0.4752
10775,5.65,0.4656
10776,79.11,0.4443
10777,170.64,0.4938
10778,169.1,0.6352
10779,199.26,0.5755
10780,179.82,0.4408
10781,5.57,0.4081
10782,4.82,0.3583
10783,128.79,0.2248
10784,137.93,0.2246
10785,15.52,0.3264
10786,5.25,0.3264
10787,130.18,0.3135
10788,128.85,0.4549
10789,122.04,0.5718
10790,189.58,0.4703
10791,149.17,0.5008
10792,5.23,0.5143
10793,166.4,0.3652
10794,138.72,0.249
10795,5.98,0.2491
10796,6.12,0.1182
10797,5.32,0.1451
10798,5.24,0.2331
10799,171.77,0.2389
10800,114.39,0.249
10801,13.3,0.3455
10802,17.75,0.3069
10803,124.05,0.2191
10804,124.19,0.2132
10805,6.24,0.3068
10806,6.09,0.3163
10807,133.0,0.3151
10808,135.7,0.4243
10809,122.78,0.5883
10810,140.68,0.6031
10811,208.04,0.6666
10812,151.15,0.6722
10813,213.97,0.6528
10814,129.64,0.6332
10815,116.73,0.5759
10816,183.9,0.4068
10817,80.68,0.3065
10818,5.79,0.2166
10819,6.04,0.0718
10820,6.14,0.0107
10821,5.56,0.121
10822,5.46,0.2102
10823,141.65,0.3004
10824,115.9,0.2977
10825,117.15,0.2982
10826,2.17,0.2772
10827,6.06,0.2773
10828,115.81,0.2915
10829,116.08,0.3853
10830,134.61,0.3851
10831,117.7,0.2959
10832,5.73,0.31
10833,5.98,0.2843
10834,133.5,0.2729
10835,102.98,0.3739
10836,103.64,0.373
10837,130.15,0.363
10838,4.86,0.4452
10839,121.08,0.5013
10840,204.24,0.4002
10841,172.69,0.401
10842,5.69,0.4028
10843,5.88,0.337
10844,123.33,0.2017
10845,123.19,0.2898
10846,6.08,0.4269
10847,114.16,0.4682
10848,174.74,0.4784
10849,174.06,0.5594
10850,135.79,0.485
10851,105.78,0.4358
10852,22.64,0.4458
10853,114.17,0.5128
10854,186.35,0.5625
10855,218.27,0.6544
10856,166.99,0.6817
10857,135.79,0.5349
10858,147.7,0.5585
10859,5.63,0.6146
10860,247.42,0.5091
10861,235.98,0.3938
10862,5.87,0.4475
10863,5.76,0.3664
10864,71.76,0.285
10865,147.55,0.2848
10866,135.77,0.4
10867,5.7,0.4581
10868,147.56,0.4548
10869,143.27,0.4367
10870,143.54,0.5274
10871,113.5,0.4985
10872,117.28,0.4931
10873,112.06,0.5725
10874,136.57,0.6404
10875,241.3,0.6559
10876,197.1,0.6758
10877,136.33,0.6601
10878,136.59,0.6583
10879,117.22,0.6961
10880,239.14,0.7021
10881,243.62,0.5965
10882,143.72,0.6086
10883,6.5,0.5139
10884,132.14,0.3299
10885,122.52,0.2178
10886,17.11,0.2293
10887,5.69,0.2927
10888,20.65,0.3273
10889,210.19,0.4248
10890,165.17,0.5757
10891,137.11,0.7081
10892,191.47,0.6795
10893,183.75,0.6526
10894,175.0,0.699
10895,131.96,0.6456
10896,194.29,0.6083
10897,125.72,0.5756
10898,137.78,0.5778
10899,134.77,0.5295
10900,134.72,0.537
10901,134.76,0.4852
10902,135.0,0.3798
10903,73.9,0.3825
10904,5.1,0.3722
10905,137.97,0.2674
10906,122.1,0.2121
10907,5.95,0.2982
10908,5.84,0.2838
10909,111.15,0.2931
10910,120.26,0.3966
10911,133.5,0.5616
10912,133.33,0.6412
10913,209.08,0.6594
10914,209.08,0.6616
10915,142.72,0.6638
10916,136.14,0.4986
10917,136.1,0.4391
10918,5.65,0.4877
10919,135.83,0.5726
10920,202.59,0.6522
10921,240.67,0.797
10922,234.06,0.6915
10923,183.96,0.6255
10924,5.91,0.5292
10925,121.4,0.4646
10926,122.08,0.3199
10927,154.49,0.4146
10928,5.82,0.4223
10929,122.51,0.4246
10930,130.9,0.4001
10931,124.9,0.4957
10932,124.28,0.401
10933,123.59,0.3902
10934,5.92,0.4708
10935,117.58,0.4812
10936,224.09,0.5388
10937,137.08,0.6333
10938,194.57,0.7017
10939,122.18,0.6603
10940,201.85,0.6559
10941,173.14,0.6389
10942,131.65,0.5437
10943,173.64,0.3844
10944,5.0,0.3427
10945,5.74,0.3296
10946,121.76,0.2046
10947,115.52,0.2493
10948,19.67,0.4284
10949,60.04,0.4651
10950,226.29,0.4656
10951,166.9,0.5569
10952,116.17,0.6241
10953,132.07,0.445
10954,142.82,0.4567
10955,5.78,0.517
10956,181.27,0.5975
10957,190.46,0.6779
10958,231.19,0.8298
10959,241.76,0.6871
10960,192.81,0.7329
10961,5.58,0.7066
10962,246.84,0.6205
10963,198.88,0.4684
10964,135.65,0.4775
10965,5.58,0.3717
10966,16.84,0.2149
10967,116.48,0.1096
10968,5.85,0.2039
10969,5.99,0.2893
10970,121.74,0.3287
10971,121.95,0.4246
10972,165.05,0.5136
10973,123.9,0.5134
10974,115.58,0.4188
10975,121.46,0.2895
10976,5.46,0.1936
10977,5.9,0.1041
10978,5.82,0.1117
10979,5.4,0.227
10980,130.75,0.3438
10981,147.44,0.4548
10982,149.67,0.5635
10983,142.5,0.4619
10984,139.28,0.433
10985,5.67,0.4044
10986,111.77,0.3902
10987,114.53,0.2815
10988,125.02,0.2818
10989,5.44,0.3856
10990,6.04,0.487
10991,239.58,0.5027
10992,239.32,0.6488
10993,144.37,0.6484
10994,185.36,0.4583
10995,5.5,0.4092
10996,5.5,0.4427
10997,178.91,0.4916
10998,185.58,0.6494
10999,245.57,0.7975
11000,199.83,0.7863
11001,187.9,0.7836
11002,165.04,0.7108
11003,182.34,0.6621
11004,155.93,0.5137
11005,139.82,0.4705
11006,5.2,0.4209
11007,111.88,0.296
11008,121.26,0.1869
11009,2.14,0.3485
11010,5.5,0.3876
11011,204.09,0.4045
11012,160.12,0.5045
11013,142.0,0.6692
11014,125.3,0.6727
11015,208.3,0.6598
11016,208.36,0.697
11017,144.27,0.7306
11018,187.77,0.6543
11019,166.68,0.6547
11020,114.3,0.7051
11021,208.91,0.7205
11022,206.34,0.691
11023,206.74,0.7395
11024,130.28,0.5746
11025,174.09,0.5012
11026,5.85,0.452
11027,115.96,0.4407
11028,146.2,0.3036
11029,116.3,0.3938
11030,5.32,0.4163
11031,116.96,0.4054
11032,143.67,0.4225
11033,132.67,0.5258
11034,137.38,0.4363
11035,132.57,0.3987
11036,6.74,0.4637
11037,97.38,0.4656
11038,212.7,0.5279
11039,139.72,0.7255
11040,209.27,0.651
11041,250.04,0.4992
11042,5.62,0.4866
11043,25.84,0.4101
11044,124.14,0.2114
11045,115.16,0.2122
11046,5.32,0.3049
11047,6.64,0.296
11048,139.94,0.2447
11049,113.25,0.2525
11050,52.01,0.3548
11051,14.82,0.3364
11052,132.6,0.338
11053,117.37,0.3893
11054,115.16,0.4779
11055,115.16,0.5039
11056,123.92,0.5166
11057,164.62,0.5308
11058,133.04,0.5987
11059,132.65,0.6976
11060,198.78,0.7011
11061,245.64,0.7059
11062,168.9,0.7039
11063,139.01,0.6524
11064,130.13,0.4573
11065,135.35,0.3242
11066,5.44,0.3248
11067,5.08,0.3332
11068,139.78,0.2274
11069,140.48,0.2272
11070,5.01,0.3655
11071,5.19,0.3657
11072,175.44,0.3668
11073,139.94,0.4778
11074,141.86,0.5715
11075,141.66,0.5252
11076,120.54,0.5791
11077,118.48,0.6198
11078,206.33,0.669
11079,191.94,0.7194
11080,202.24,0.7735
11081,182.56,0.7008
11082,185.17,0.5967
11083,116.71,0.5382
11084,63.76,0.4953
11085,130.26,0.3494
11086,129.79,0.3292
11087,5.5,0.4129
11088,91.8,0.4212
11089,166.82,0.3205
11090,140.52,0.3207
11091,5.83,0.4481
11092,5.67,0.514
11093,248.72,0.5382
11094,247.89,0.6457
11095,170.38,0.6461
11096,138.22,0.449
11097,6.1,0.4009
11098,6.0,0.4159
11099,188.78,0.4569
11100,188.84,0.5548
11101,188.7,0.7161
11102,126.6,0.6945
11103,204.65,0.6511
11104,162.1,0.5782
11105,135.37,0.4799
11106,99.06,0.4063
11107,5.5,0.3763
11108,114.02,0.3676
11109,125.17,0.292
11110,124.73,0.3055
11111,5.88,0.312
11112,22.17,0.3091
11113,121.98,0.3069
11114,121.7,0.425
11115,122.01,0.5479
11116,151.2,0.5892
11117,173.48,0.6321
11118,172.92,0.6422
11119,174.5,0.6211
11120,134.4,0.5724
11121,125.2,0.6042
11122,113.56,0.6181
11123,212.04,0.6839
11124,191.62,0.7494
11125,215.52,0.7626
11126,205.78,0.5952
11127,129.78,0.5492
11128,6.01,0.4733
11129,134.88,0.4468
11130,122.09,0.3458
11131,173.13,0.4294
11132,5.5,0.426
11133,108.97,0.4461
11134,130.6,0.414
11135,146.86,0.526
11136,133.69,0.631
11137,143.29,0.627
11138,238.3,0.6395
11139,125.68,0.7165
11140,162.26,0.7054
11141,228.5,0.6172
11142,129.61,0.6204
11143,129.71,0.6893
11144,129.56,0.6243
11145,247.07,0.5238
11146,148.57,0.4232
11147,5.82,0.4182
11148,5.88,0.3367
11149,123.4,0.3072
11150,146.71,0.3072
11151,112.22,0.4026
11152,5.81,0.3966
11153,123.42,0.3715
11154,116.0,0.3747
11155,115.77,0.5382
11156,116.18,0.5411
11157,207.12,0.6062
11158,126.92,0.6819
11159,196.14,0.776
11160,208.99,0.7063
11161,232.05,0.6966
11162,121.4,0.7067
11163,114.87,0.7389
11164,208.58,0.7259
11165,248.63,0.8117
11166,216.14,0.7229
11167,227.05,0.558
11168,5.53,0.4437
11169,5.53,0.3675
11170,107.88,0.1975
11171,122.38,0.198
11172,17.69,0.3583
11173,6.13,0.4003
11174,202.92,0.4804
11175,159.63,0.579
11176,220.89,0.6741
11177,139.17,0.5133
11178,123.25,0.4767
11179,4.83,0.397
11180,114.67,0.3765
11181,122.68,0.3748
11182,113.9,0.4857
11183,121.24,0.4947
11184,141.31,0.496
11185,125.82,0.409
11186,124.3,0.3162
11187,6.76,0.2051
11188,7.0,0.2039
11189,4.5,0.1966
11190,124.3,0.1959
11191,115.34,0.1952
11192,5.92,0.293
11193,6.07,0.3847
11194,124.98,0.4834
11195,237.2,0.6711
11196,236.88,0.671
11197,236.97,0.5736
11198,6.0,0.4618
11199,5.0,0.4593
11200,99.52,0.3653
11201,233.83,0.5122
11202,121.28,0.6188
11203,186.82,0.6224
11204,136.32,0.517
11205,103.95,0.5248
11206,103.98,0.5197
11207,130.9,0.4129
11208,180.61,0.419
11209,4.72,0.4359
11210,111.48,0.4232
11211,124.78,0.2815
11212,115.32,0.2814
11213,6.16,0.3325
11214,4.6,0.3586
11215,174.36,0.4524
11216,156.89,0.6352
11217,230.82,0.7678
11218,231.2,0.8233
11219,167.84,0.8384
11220,242.72,0.7564
11221,175.52,0.5828
11222,129.86,0.4511
11223,17.49,0.4027
11224,5.59,0.4092
11225,183.24,0.471
11226,183.41,0.5678
11227,206.04,0.6753
11228,136.65,0.5315
11229,137.94,0.4816
11230,6.14,0.407
11231,122.04,0.298
11232,114.23,0.3107
11233,2.34,0.4213
11234,153.66,0.4373
11235,142.34,0.4591
11236,141.69,0.5561
11237,141.05,0.5846
11238,121.79,0.6268
11239,188.76,0.5166
11240,194.3,0.4069
11241,6.0,0.5106
11242,5.94,0.501
11243,249.46,0.4519
11244,177.01,0.5551
11245,133.76,0.6831
11246,133.12,0.6809
11247,163.59,0.5395
11248,246.72,0.4353
11249,2.94,0.3712
11250,5.46,0.3715
11251,54.11,0.2974
11252,163.98,0.2994
11253,155.57,0.3897
11254,5.3,0.4498
11255,116.7,0.4211
11256,128.08,0.4784
11257,128.71,0.6461
11258,226.09,0.7064
11259,211.72,0.8023
11260,190.95,0.8076
11261,246.18,0.7306
11262,135.23,0.7143
11263,131.32,0.7029
11264,191.61,0.6106
11265,176.86,0.6633
11266,132.54,0.645
11267,200.23,0.5952
11268,108.7,0.4565
11269,130.3,0.3537
11270,6.08,0.2877
11271,6.06,0.2945
11272,118.88,0.2051
11273,117.08,0.2053
11274,20.28,0.2991
11275,6.34,0.296
11276,121.54,0.2955
11277,115.0,0.438
11278,116.54,0.4376
11279,195.74,0.344
11280,5.84,0.3762
11281,6.24,0.375
11282,154.63,0.4004
11283,115.08,0.4958
11284,226.99,0.6003
11285,123.36,0.5859
11286,134.9,0.6815
11287,136.83,0.5946
11288,232.88,0.5896
11289,119.97,0.4843
11290,117.18,0.4837
11291,5.25,0.389
11292,136.06,0.296
11293,116.25,0.2055
11294,5.5,0.2925
11295,5.76,0.3758
11296,112.36,0.4504
11297,238.69,0.5866
11298,208.12,0.7792
11299,173.19,0.8343
11300,242.84,0.7858
11301,180.16,0.6212
11302,178.98,0.5984
11303,5.48,0.5491
11304,145.09,0.6035
11305,182.2,0.6098
11306,247.1,0.7747
11307,186.8,0.7672
11308,208.53,0.7256
11309,135.8,0.5297
11310,130.96,0.4848
11311,5.87,0.422
11312,131.6,0.4114
11313,131.24,0.3107
11314,122.76,0.3106
11315,6.86,0.3006
11316,5.8,0.2948
11317,119.25,0.3165
11318,124.11,0.4427
11319,149.54,0.6035
11320,162.23,0.6952
11321,203.75,0.7754
11322,232.2,0.7656
11323,222.81,0.814
11324,137.53,0.8284
11325,221.82,0.7407
11326,221.48,0.6516
11327,124.11,0.7074
11328,113.18,0.6506
11329,206.2,0.4752
11330,151.92,0.3789
11331,5.5,0.3804
11332,5.5,0.3128
11333,115.12,0.205
11334,122.9,0.2481
11335,19.21,0.3489
11336,58.6,0.3602
11337,129.53,0.3544
11338,129.06,0.4401
11339,115.83,0.4953
11340,124.7,0.3949
11341,126.58,0.3901
11342,5.92,0.4116
11343,123.14,0.4617
11344,142.2,0.5094
11345,186.42,0.6732
11346,185.3,0.7413
11347,207.62,0.7636
11348,207.0,0.7869
11349,169.64,0.742
11350,215.09,0.5783
11351,130.05,0.4274
11352,6.1,0.3836
11353,21.22,0.3108
11354,115.64,0.2096
11355,125.43,0.2992
11356,5.5,0.3858
11357,116.4,0.3879
11358,127.82,0.382
11359,118.23,0.4789
11360,118.26,0.4935
11361,124.73,0.5148
11362,134.38,0.5302
11363,154.09,0.6348
11364,137.21,0.6934
11365,247.01,0.7476
11366,196.84,0.7596
11367,201.14,0.7532
11368,168.88,0.6583
11369,129.32,0.5815
11370,130.18,0.4226
11371,102.32,0.373
11372,5.4,0.3777
11373,107.82,0.3569
11374,135.18,0.2783
11375,104.59,0.2781
11376,5.5,0.2849
11377,5.2,0.2771
11378,116.08,0.2847
11379,125.6,0.3715
11380,113.94,0.4518
11381,112.46,0.4632
11382,103.97,0.5543
11383,130.11,0.5683
11384,237.77,0.624
11385,131.16,0.6571
11386,181.04,0.7145
11387,144.76,0.6846
11388,200.82,0.7685
11389,200.94,0.7649
11390,234.45,0.7674
11391,176.62,0.6095
11392,147.82,0.5373
11393,6.46,0.4415
11394,112.01,0.3035
11395,116.52,0.188
11396,6.68,0.277
11397,5.63,0.2899
11398,116.0,0.2887
11399,127.96,0.3772
11400,115.06,0.5674
11401,115.66,0.6311
11402,239.8,0.6317
11403,194.32,0.5426
11404,128.72,0.4536
11405,5.44,0.2637
11406,5.98,0.2686
11407,6.02,0.3268
11408,200.4,0.4839
11409,200.4,0.5952
11410,198.89,0.6025
11411,142.92,0.4444
11412,15.06,0.3729
11413,5.74,0.3203
11414,112.33,0.3013
11415,134.09,0.3732
11416,119.54,0.4648
11417,103.6,0.4672
11418,118.48,0.4574
11419,115.36,0.4537
11420,121.98,0.4774
11421,114.97,0.3861
11422,132.79,0.489
11423,6.14,0.5232
11424,241.96,0.5821
11425,164.17,0.6381
11426,187.5,0.8111
11427,201.69,0.7427
11428,219.13,0.7351
11429,157.81,0.6976
11430,154.76,0.6349
11431,141.34,0.4615
11432,124.52,0.3381
11433,5.61,0.3118
11434,5.84,0.2907
11435,122.43,0.3007
11436,115.34,0.4014
11437,136.9,0.5082
11438,129.51,0.5192
11439,137.38,0.5675
11440,136.01,0.6573
11441,174.72,0.7046
11442,247.52,0.6967
11443,187.68,0.7179
11444,127.75,0.5804
11445,162.04,0.517
11446,5.5,0.5401
11447,169.36,0.6124
11448,216.19,0.665
11449,216.75,0.8003
11450,226.84,0.6672
11451,172.08,0.496
11452,5.5,0.325
11453,5.3,0.2421
11454,6.3,0.207
11455,124.78,0.3123
11456,128.79,0.4172
11457,135.18,0.5341
11458,134.38,0.5422
11459,150.22,0.6323
11460,134.78,0.7169
11461,239.7,0.7663
11462,239.39,0.8407
11463,195.25,0.736
11464,241.77,0.546
11465,5.89,0.4551
11466,5.74,0.4069
11467,127.54,0.3159
11468,135.83,0.3158
11469,129.82,0.4251
11470,5.72,0.4963
11471,140.35,0.5279
11472,215.22,0.4271
11473,174.65,0.4893
11474,5.8,0.4691
11475,82.22,0.405
11476,115.44,0.2681
11477,136.32,0.2683
11478,6.14,0.3484
11479,6.1,0.3612
11480,180.74,0.3608
11481,131.22,0.5282
11482,135.82,0.6723
11483,212.3,0.6811
11484,183.56,0.7298
11485,191.49,0.7938
11486,191.19,0.8165
11487,214.66,0.6714
11488,240.2,0.6218
11489,5.0,0.5771
11490,130.34,0.4072
11491,136.14,0.2166
11492,5.5,0.217
11493,5.5,0.2248
11494,5.5,0.2301
11495,139.98,0.3216
11496,142.7,0.3215
11497,118.13,0.3329
11498,5.32,0.3171
11499,19.56,0.2937
11500,120.54,0.2989
11501,113.9,0.3955
11502,124.51,0.5398
11503,124.24,0.5534
11504,197.3,0.5732
11505,137.2,0.6159
11506,138.32,0.6237
11507,177.04,0.5877
11508,133.91,0.4812
11509,153.0,0.3736
11510,6.02,0.3245
11511,5.84,0.3317
11512,116.65,0.2584
11513,142.76,0.2585
11514,62.77,0.347
11515,6.1,0.346
11516,114.83,0.3373
11517,115.33,0.2911
11518,132.08,0.3931
11519,5.94,0.4161
11520,131.7,0.4237
11521,143.12,0.4164
11522,124.7,0.5204
11523,123.11,0.5606
11524,133.96,0.5629
11525,181.14,0.4661
11526,145.99,0.4616
11527,5.5,0.4929
11528,117.61,0.5406
11529,172.47,0.5756
11530,239.81,0.7247
11531,189.15,0.6465
11532,189.07,0.5113
11533,21.35,0.3209
11534,5.92,0.1721
11535,5.5,0.1376
11536,5.94,0.2185
11537,146.51,0.307
11538,120.96,0.4106
11539,114.96,0.5205
11540,132.99,0.5038
11541,141.32,0.5069
11542,125.86,0.5216
11543,124.83,0.5692
11544,133.1,0.6108
11545,191.52,0.5133
11546,192.56,0.4162
11547,5.77,0.4137
11548,5.3,0.3676
11549,130.09,0.221
11550,134.66,0.2809
11551,12.07,0.3882
11552,79.56,0.467
11553,137.4,0.3623
11554,227.14,0.357
11555,5.76,0.4035
11556,5.5,0.4474
11557,136.77,0.28
11558,191.48,0.2798
11559,21.08,0.367
11560,5.48,0.3569
11561,112.9,0.2918
11562,124.36,0.3741
11563,111.3,0.4713
11564,122.39,0.486
11565,125.18,0.3881
11566,130.99,0.3028
11567,3.79,0.2082
11568,6.24,0.1111
11569,5.94,0.1237
11570,5.64,0.267
11571,146.5,0.4565
11572,180.24,0.6109
11573,239.52,0.7684
11574,196.14,0.6539
11575,199.49,0.5233
11576,5.56,0.4231
11577,19.46,0.3709
11578,116.06,0.2133
11579,131.9,0.2133
11580,5.5,0.3635
11581,5.5,0.3878
11582,204.41,0.387
11583,146.03,0.555
11584,130.87,0.6943
11585,212.39,0.6966
11586,176.95,0.5824
11587,207.21,0.4806
11588,5.5,0.3126
11589,5.5,0.1735
11590,5.5,0.0101
11591,5.78,0.0107
11592,6.02,0.1179
11593,6.2,0.2929
11594,137.53,0.2924
11595,220.91,0.3626
11596,5.24,0.4783
11597,92.37,0.4864
11598,148.66,0.3112
11599,147.5,0.3117
11600,5.24,0.3418
11601,5.88,0.3228
11602,129.44,0.3136
11603,125.22,0.4102
11604,136.18,0.5161
11605,124.1,0.5188
11606,136.32,0.5287
11607,132.81,0.5989
11608,137.43,0.6187
11609,222.51,0.5125
11610,148.56,0.4095
11611,5.48,0.3028
11612,6.04,0.2408
11613,6.1,0.2354
11614,146.19,0.3682
11615,141.9,0.3678
11616,168.99,0.4635
11617,5.56,0.4393
11618,123.84,0.4173
11619,116.38,0.2843
11620,114.86,0.4163
11621,5.24,0.4261
11622,168.11,0.4418
11623,135.9,0.4556
11624,135.74,0.5584
11625,131.82,0.5363
11626,131.81,0.4373
11627,140.92,0.3318
11628,13.94,0.3229
11629,5.9,0.3099
11630,120.8,0.3195
11631,115.86,0.3127
11632,152.66,0.4028
11633,5.58,0.4204
11634,116.9,0.347
11635,142.49,0.2284
11636,25.45,0.2586
11637,6.66,0.2581
11638,42.72,0.2536
11639,116.28,0.2385
11640,137.02,0.3206
11641,6.78,0.3853
11642,107.73,0.3933
11643,122.45,0.3931
11644,126.05,0.489
11645,136.77,0.5632
11646,124.9,0.5941
11647,199.15,0.4962
11648,160.4,0.3892
11649,5.5,0.2919
11650,5.1,0.1348
11651,5.06,0.1039
11652,5.75,0.1913
11653,122.36,0.3653
11654,113.13,0.5404
11655,219.33,0.5405
11656,220.59,0.4453
11657,5.86,0.4494
11658,5.19,0.3704
11659,118.21,0.2114
11660,122.05,0.2108
11661,24.85,0.399
11662,5.1,0.4956
11663,236.85,0.5317
11664,237.2,0.6731
11665,166.5,0.8678
11666,198.89,0.822
11667,244.8,0.7174
11668,180.46,0.5866
11669,108.48,0.4316
11670,5.5,0.3471
11671,8.02,0.3701
11672,140.76,0.4341
11673,208.76,0.5319
11674,187.28,0.6351
11675,125.89,0.6058
11676,135.15,0.4405
11677,104.68,0.3992
11678,5.22,0.3887
11679,136.45,0.2836
11680,112.9,0.2034
11681,5.82,0.2934
11682,5.93,0.2909
11683,116.02,0.3069
11684,133.26,0.4143
11685,132.62,0.5691
11686,138.04,0.6429
11687,196.62,0.6971
11688,206.86,0.6901
11689,200.04,0.6886
11690,123.97,0.6388
11691,136.16,0.5676
11692,135.34,0.5521
11693,119.12,0.5983
11694,180.97,0.6905
11695,180.83,0.7336
11696,249.73,0.6418
11697,188.4,0.6114
11698,6.11,0.5577
11699,143.48,0.4502
11700,114.77,0.302
11701,117.32,0.302
11702,5.98,0.2967
11703,6.06,0.3104
11704,136.98,0.3081
11705,131.71,0.3981
11706,114.46,0.3976
11707,116.77,0.2915
11708,5.5,0.1894
11709,6.32,0.1014
11710,5.94,0.1538
11711,6.2,0.282
11712,181.2,0.3721
11713,163.31,0.3718
11714,117.32,0.4654
11715,5.6,0.4282
11716,121.43,0.3
11717,135.38,0.2098
11718,5.5,0.3032
11719,6.24,0.3039
11720,120.58,0.2118
11721,122.28,0.2325
11722,22.06,0.349
11723,30.96,0.3499
11724,149.68,0.3447
11725,121.64,0.4211
11726,115.89,0.4929
11727,116.12,0.3758
11728,119.32,0.2818
11729,5.58,0.1926
11730,5.94,0.2595
11731,6.0,0.3236
11732,198.46,0.5099
11733,198.31,0.6985
11734,234.96,0.8868
11735,238.14,0.8337
11736,237.81,0.7066
11737,133.04,0.5173
11738,41.82,0.3392
11739,1.89,0.2467
11740,18.89,0.2355
11741,123.92,0.2066
11742,119.31,0.2992
11743,6.14,0.382
11744,115.92,0.376
11745,120.9,0.3742
11746,116.48,0.4687
11747,117.12,0.4854
11748,122.48,0.4669
11749,136.48,0.5263
11750,98.08,0.5836
11751,189.66,0.6607
11752,187.67,0.7436
11753,217.36,0.8535
11754,238.58,0.8895
11755,233.38,0.9196
11756,233.98,0.8418
11757,224.74,0.653
11758,121.56,0.4683
11759,6.21,0.387
11760,5.92,0.3071
11761,133.95,0.2129
11762,126.25,0.2128
11763,5.64,0.3191
11764,6.02,0.3096
11765,136.82,0.308
11766,122.29,0.4123
11767,124.32,0.4118
11768,134.06,0.3057
11769,5.4,0.3172
11770,6.12,0.3725
11771,136.54,0.456
11772,192.34,0.5499
11773,236.88,0.6551
11774,120.96,0.6894
11775,135.63,0.6387
11776,178.8,0.5574
11777,129.99,0.5447
11778,136.71,0.439
11779,105.39,0.3917
11780,5.5,0.3869
11781,120.54,0.2871
11782,124.1,0.2059
11783,13.82,0.3049
11784,5.43,0.3158
11785,127.32,0.3231
11786,134.02,0.406
11787,133.06,0.5224
11788,115.92,0.4987
11789,148.75,0.5332
11790,98.12,0.4299
11791,176.46,0.3402
11792,5.9,0.2239
11793,5.5,0.2387
11794,5.5,0.2028
11795,116.4,0.2963
11796,132.26,0.393
11797,121.0,0.5427
11798,124.56,0.6207
11799,189.81,0.5214
11800,212.4,0.5161
11801,10.07,0.5162
11802,114.41,0.3661
11803,124.7,0.394
11804,5.04,0.5227
11805,246.66,0.6043
11806,168.62,0.601
11807,214.82,0.6948
11808,120.68,0.4986
11809,120.54,0.5316
11810,5.0,0.5012
11811,209.28,0.5149
11812,177.4,0.573
11813,137.61,0.7172
11814,192.02,0.73
11815,182.56,0.734
11816,225.0,0.6266
11817,182.33,0.4757
11818,5.4,0.3323
11819,6.18,0.1541
11820,6.12,0.0968
11821,5.5,0.2049
11822,111.81,0.2473
11823,138.54,0.246
11824,58.33,0.407
11825,4.56,0.5062
11826,203.72,0.5826
11827,233.98,0.6724
11828,232.61,0.7841
11829,168.85,0.7284
11830,142.1,0.662
11831,135.15,0.6663
11832,152.22,0.6381
11833,237.88,0.6298
11834,134.14,0.6252
11835,131.88,0.6715
11836,129.46,0.5862
11837,209.18,0.6733
11838,132.96,0.7292
11839,241.28,0.6288
11840,200.8,0.4637
11841,5.79,0.4551
11842,5.88,0.3517
11843,122.46,0.1934
11844,113.91,0.2935
11845,5.94,0.3853
11846,129.06,0.3807
11847,118.9,0.432
11848,116.75,0.4716
11849,177.14,0.3715
11850,54.62,0.4478
11851,5.84,0.5225
11852,212.84,0.4777
11853,208.69,0.6024
11854,122.03,0.7773
11855,208.17,0.6093
11856,221.06,0.572
11857,6.01,0.5857
11858,162.86,0.5498
11859,138.91,0.3756
11860,163.96,0.4351
11861,6.54,0.4253
11862,79.25,0.4419
11863,150.76,0.3136
11864,159.34,0.3131
11865,6.0,0.3953
11866,6.0,0.4382
11867,180.44,0.418
11868,203.58,0.5404
11869,134.42,0.5402
11870,156.8,0.3977
11871,5.66,0.3507
11872,5.04,0.3344
11873,145.68,0.3433
11874,114.36,0.4957
11875,167.82,0.601
11876,193.3,0.5923
11877,134.65,0.6965
11878,134.94,0.7563
11879,242.63,0.6878
11880,241.52,0.5834
11881,108.92,0.5879
11882,6.12,0.498
11883,140.53,0.3073
11884,131.9,0.2232
11885,6.74,0.2337
11886,5.3,0.2139
11887,19.11,0.201
11888,116.14,0.2944
11889,115.98,0.4161
11890,121.73,0.507
11891,155.14,0.5189
11892,131.03,0.5353
11893,130.81,0.5464
11894,136.21,0.5301
11895,135.36,0.5391
11896,135.1,0.5883
11897,142.06,0.6798
11898,191.48,0.7207
11899,248.88,0.7507
11900,185.63,0.6397
11901,172.02,0.5775
11902,5.4,0.4687
11903,114.9,0.478
11904,114.92,0.3424
11905,197.14,0.4469
11906,5.0,0.4901
11907,134.07,0.4919
11908,168.07,0.4531
11909,117.15,0.5703
11910,149.39,0.4654
11911,149.29,0.4181
11912,5.0,0.491
11913,109.74,0.4756
11914,206.91,0.4742
11915,130.5,0.5696
11916,147.52,0.4852
11917,122.52,0.3216
11918,5.82,0.3107
11919,5.4,0.294
11920,117.16,0.1988
11921,126.86,0.1986
11922,5.4,0.2953
11923,5.5,0.3007
11924,124.5,0.3051
11925,123.83,0.3056
11926,132.22,0.306
11927,6.1,0.2097
11928,5.92,0.2146
11929,5.9,0.211
11930,129.93,0.3057
11931,127.74,0.3058
11932,122.68,0.393
11933,6.04,0.3917
11934,113.36,0.3919
11935,128.33,0.3946
11936,127.9,0.5886
11937,126.0,0.6607
11938,244.98,0.5617
11939,202.12,0.4627
11940,6.47,0.3653
11941,5.96,0.1712
11942,6.12,0.1044
11943,5.92,0.2108
11944,119.92,0.2201
11945,137.51,0.2193
11946,17.36,0.4155
11947,5.15,0.4643
11948,247.48,0.446
11949,179.97,0.4362
11950,115.02,0.5695
11951,5.25,0.4819
11952,169.27,0.4414
11953,139.65,0.484
11954,130.16,0.5842
11955,167.42,0.4512
11956,128.63,0.4131
11957,5.5,0.4181
11958,92.71,0.3938
11959,136.39,0.4181
11960,137.46,0.5295
11961,158.54,0.4592
11962,142.7,0.3666
11963,6.13,0.3766
11964,22.4,0.3769
11965,149.78,0.2659
11966,158.86,0.2659
11967,6.02,0.3552
11968,6.14,0.3704
11969,132.34,0.3872
11970,168.48,0.4761
11971,179.56,0.4761
11972,115.5,0.3728
11973,6.09,0.3871
11974,5.14,0.3924
11975,186.1,0.443
11976,186.17,0.5187
11977,177.82,0.5835
11978,99.3,0.4368
11979,84.88,0.3934
11980,5.5,0.3575
11981,132.73,0.2818
11982,133.59,0.3232
11983,6.1,0.4258
11984,135.84,0.4427
11985,131.87,0.3389
11986,153.52,0.3386
11987,5.72,0.3419
11988,5.78,0.3336
11989,139.94,0.3042
11990,121.59,0.3927
11991,117.36,0.5273
11992,114.72,0.6126
11993,171.48,0.644
11994,244.91,0.7212
11995,160.3,0.7288
11996,212.38,0.699
11997,124.1,0.6694
11998,134.81,0.7088
11999,208.42,0.6936
12000,208.8,0.7085
12001,193.62,0.7569
12002,142.44,0.5925
12003,194.52,0.5338
12004,5.98,0.4764
12005,136.46,0.4616
12006,123.0,0.3082
12007,124.22,0.3843
12008,5.64,0.3796
12009,99.67,0.396
12010,130.69,0.3915
12011,143.21,0.4779
12012,118.64,0.5788
12013,112.01,0.6433
12014,223.87,0.5417
12015,210.13,0.5123
12016,18.11,0.5203
12017,82.44,0.4396
12018,121.84,0.4438
12019,124.56,0.6002
12020,215.25,0.6658
12021,210.73,0.7615
12022,163.24,0.6761
12023,239.66,0.5053
12024,19.34,0.4254
12025,5.0,0.3871
12026,112.32,0.1972
12027,116.12,0.2907
12028,5.9,0.3948
12029,134.37,0.4223
12030,133.25,0.4485
12031,146.16,0.5581
12032,148.38,0.5498
12033,140.81,0.6447
12034,124.17,0.689
12035,250.05,0.7144
12036,200.74,0.7463
12037,179.7,0.7915
12038,180.0,0.7013
12039,179.87,0.6473
12040,139.01,0.7023
12041,134.19,0.7571
12042,247.48,0.6159
12043,247.42,0.5081
12044,6.1,0.4951
12045,6.2,0.3938
12046,118.22,0.22
12047,122.71,0.2191
12048,33.43,0.4104
12049,5.0,0.5106
12050,241.8,0.5737
12051,241.58,0.6476
12052,200.36,0.7318
12053,124.41,0.5407
12054,108.64,0.4414
12055,6.54,0.3699
12056,119.34,0.3642
12057,112.29,0.3857
12058,117.42,0.4901
12059,135.14,0.5032
12060,135.06,0.6027
12061,135.5,0.6685
12062,234.78,0.7049
12063,198.48,0.6007
12064,179.9,0.4952
12065,6.8,0.426
12066,5.56,0.2692
12067,149.57,0.1275
12068,5.4,0.2292
12069,5.5,0.4016
12070,132.03,0.3881
12071,217.78,0.4832
12072,132.91,0.4975
12073,122.58,0.3956
12074,23.12,0.3454
12075,6.48,0.4073
12076,155.99,0.452
12077,209.12,0.4381
12078,177.59,0.4378
12079,6.04,0.3161
12080,6.1,0.1509
12081,6.15,0.2031
12082,5.8,0.2921
12083,241.85,0.2918
12084,115.56,0.3719
12085,5.79,0.481
12086,104.68,0.3784
12087,140.12,0.2893
12088,115.56,0.2895
12089,5.81,0.3011
12090,6.12,0.2869
12091,118.94,0.3672
12092,122.68,0.5014
12093,214.33,0.501
12094,171.09,0.409
12095,5.61,0.4202
12096,5.65,0.3416
12097,136.56,0.2914
12098,117.51,0.4137
12099,109.23,0.5943
12100,156.25,0.6424
12101,228.0,0.6414
12102,195.78,0.7013
12103,116.22,0.6832
12104,183.0,0.4999
12105,133.97,0.437
12106,2.35,0.4371
12107,118.3,0.3917
12108,116.32,0.4454
12109,127.19,0.5806
12110,200.0,0.6311
12111,168.86,0.6488
12112,180.48,0.6493
12113,138.07,0.5799
12114,127.81,0.4473
12115,114.65,0.3054
12116,5.5,0.1976
12117,5.76,0.0988
12118,5.46,0.0105
12119,6.16,0.2046
12120,5.89,0.3601
12121,244.5,0.5271
12122,197.12,0.5238
12123,211.13,0.523
12124,2.08,0.3294
12125,4.94,0.1835
12126,6.1,0.1099
12127,17.56,0.2593
12128,120.45,0.4112
12129,186.09,0.5162
12130,191.95,0.645
12131,135.32,0.6507
12132,176.1,0.6051
12133,127.58,0.5956
12134,129.93,0.5012
12135,180.26,0.3625
12136,19.1,0.2635
12137,5.28,0.1626
12138,5.69,0.0208
12139,5.74,0.01
12140,5.59,0.0904
12141,5.81,0.1704
12142,104.3,0.3437
12143,104.14,0.5156
12144,219.13,0.5154
12145,217.26,0.4353
12146,5.6,0.444
12147,5.61,0.357
12148,114.95,0.3821
12149,111.98,0.5804
12150,248.08,0.7332
12151,249.78,0.7408
12152,193.81,0.7543
12153,124.28,0.6962
12154,128.54,0.6092
12155,176.54,0.598
12156,142.76,0.6369
12157,180.0,0.674
12158,172.18,0.6285
12159,174.23,0.6073
12160,120.53,0.4652
12161,116.68,0.33
12162,4.99,0.2992
12163,5.75,0.3129
12164,136.24,0.3577
12165,137.41,0.3584
12166,171.8,0.4503
12167,5.91,0.4388
12168,118.88,0.3397
12169,122.04,0.2046
12170,15.5,0.2457
12171,5.42,0.2769
12172,56.51,0.2756
12173,157.33,0.3699
12174,120.46,0.4715
12175,131.54,0.4305
12176,130.48,0.308
12177,6.1,0.407
12178,6.44,0.4296
12179,242.34,0.3287
12180,159.4,0.4312
12181,6.3,0.5933
12182,132.28,0.5594
12183,206.02,0.5263
12184,200.58,0.6149
12185,118.66,0.5267
12186,115.34,0.3772
12187,23.71,0.3088
12188,21.98,0.3077
12189,116.4,0.2189
12190,117.26,0.2041
12191,6.05,0.2766
12192,5.4,0.2829
12193,111.29,0.3536
12194,124.14,0.5255
12195,204.29,0.6156
12196,217.66,0.6176
12197,116.4,0.6188
12198,113.76,0.6556
12199,125.63,0.629
12200,249.54,0.6763
12201,184.89,0.6912
12202,174.63,0.7321
12203,132.18,0.6617
12204,175.96,0.6202
12205,162.88,0.4824
12206,133.79,0.3792
12207,5.0,0.3371
12208,5.05,0.2995
12209,124.16,0.2447
12210,116.57,0.2456
12211,66.38,0.3358
12212,6.1,0.3473
12213,116.12,0.3433
12214,138.26,0.3789
12215,111.64,0.4758
12216,110.24,0.4751
12217,125.44,0.4708
12218,115.23,0.5519
12219,133.0,0.6654
12220,211.39,0.7261
12221,250.01,0.7843
12222,200.16,0.8666
12223,186.96,0.8265
12224,234.3,0.7122
12225,162.06,0.6296
12226,109.3,0.4824
12227,98.41,0.2973
12228,5.72,0.2667
12229,6.38,0.27
12230,124.36,0.1939
12231,113.44,0.2867
12232,4.66,0.4212
12233,119.98,0.4311
12234,171.96,0.4516
12235,136.6,0.5377
12236,138.66,0.6184
12237,110.69,0.6305
12238,219.28,0.6581
12239,186.88,0.684
12240,170.61,0.7638
12241,170.56,0.7548
12242,208.86,0.7696
12243,208.24,0.7426
12244,205.08,0.7181
12245,137.4,0.6612
12246,140.43,0.4968
12247,138.81,0.392
12248,5.75,0.3727
12249,76.14,0.3872
12250,113.53,0.2793
12251,158.35,0.2794
12252,5.92,0.3186
12253,5.92,0.3392
12254,124.39,0.3386
12255,138.84,0.4404
12256,157.64,0.5726
12257,131.28,0.609
12258,168.65,0.6908
12259,169.23,0.7581
12260,239.55,0.8042
12261,240.5,0.7811
12262,188.0,0.7544
12263,140.32,0.7193
12264,136.36,0.6609
12265,196.24,0.6624
12266,168.62,0.7439
12267,189.91,0.6377
12268,240.67,0.6302
12269,5.5,0.5868
12270,187.1,0.4465
12271,115.16,0.2555
12272,17.2,0.2662
12273,5.5,0.2158
12274,18.59,0.2237
12275,125.08,0.3187
12276,124.88,0.4295
12277,134.17,0.5799
12278,141.96,0.5835
12279,203.68,0.4864
12280,129.56,0.3895
12281,5.34,0.476
12282,14.84,0.4329
12283,248.5,0.333
12284,150.58,0.3333
12285,6.57,0.4326
12286,5.78,0.4143
12287,137.01,0.4767
12288,226.02,0.5787
12289,227.37,0.762
12290,132.21,0.7793
12291,231.39,0.6
12292,158.4,0.5277
12293,5.24,0.5534
12294,138.26,0.4609
12295,163.96,0.4266
12296,117.44,0.5218
12297,116.11,0.5035
12298,122.55,0.4577
12299,115.71,0.4768
12300,107.51,0.533
12301,141.01,0.5841
12302,185.25,0.6015
12303,185.45,0.614
12304,137.24,0.5984
12305,122.82,0.5574
12306,121.84,0.5153
12307,134.78,0.4085
12308,133.59,0.314
12309,5.8,0.3147
12310,6.39,0.3165
12311,122.8,0.3378
12312,136.93,0.338
12313,159.88,0.4556
12314,5.96,0.5266
12315,151.16,0.556
12316,210.29,0.5608
12317,173.05,0.6975
12318,165.8,0.5795
12319,174.32,0.5106
12320,5.82,0.5668
12321,125.5,0.5783
12322,242.27,0.5467
12323,179.96,0.6516
12324,135.38,0.6657
12325,135.03,0.581
12326,142.85,0.5551
12327,137.93,0.5458
12328,148.06,0.44
12329,124.01,0.3292
12330,4.79,0.3355
12331,6.34,0.2316
12332,145.67,0.1349
12333,20.14,0.3255
12334,4.98,0.5149
12335,239.5,0.5854
12336,239.55,0.7678
12337,232.42,0.8518
12338,244.68,0.6618
12339,108.46,0.5675
12340,5.5,0.49
12341,123.48,0.4021
12342,137.0,0.4867
12343,136.43,0.6522
12344,212.62,0.6997
12345,209.32,0.7502
12346,181.91,0.8043
12347,199.26,0.7966
12348,203.0,0.6309
12349,203.1,0.4982
12350,5.32,0.4315
12351,18.5,0.36
12352,117.18,0.1999
12353,115.04,0.2002
12354,5.99,0.2846
12355,5.66,0.2831
12356,122.43,0.3851
12357,115.26,0.545
12358,240.63,0.5515
12359,202.85,0.4568
12360,13.66,0.3678
12361,5.8,0.1773
12362,5.79,0.1048
12363,6.0,0.2002
12364,113.55,0.2561
12365,131.16,0.4227
12366,74.58,0.4326
12367,210.94,0.3448
12368,18.26,0.2427
12369,5.38,0.1867
12370,5.49,0.1244
12371,5.69,0.2151
12372,134.21,0.3086
12373,129.93,0.3086
12374,120.5,0.308
12375,5.5,0.3377
12376,4.95,0.377
12377,170.79,0.3779
12378,178.28,0.3778
12379,121.6,0.378
12380,5.4,0.3494
12381,5.22,0.3186
12382,135.48,0.3496
12383,140.45,0.4522
12384,159.78,0.5286
12385,131.72,0.5567
12386,99.25,0.5588
12387,170.02,0.5413
12388,143.1,0.5879
12389,138.18,0.5127
12390,189.11,0.4842
12391,6.62,0.467
12392,134.97,0.4492
12393,121.88,0.2997
12394,116.36,0.408
12395,5.05,0.4908
12396,139.92,0.4994
12397,236.97,0.5613
12398,132.36,0.7566
12399,192.6,0.6475
12400,245.56,0.4597
12401,5.5,0.4905
12402,5.84,0.4234
12403,170.27,0.2279
12404,109.97,0.228
12405,4.9,0.333
12406,5.59,0.3045
12407,135.16,0.3277
12408,135.07,0.4968
12409,138.53,0.606
12410,213.21,0.5013
12411,140.0,0.5577
12412,6.27,0.58
12413,204.51,0.584
12414,165.96,0.4743
12415,218.11,0.571
12416,4.97,0.5709
12417,125.33,0.5865
12418,204.38,0.5685
12419,185.2,0.7587
12420,195.93,0.7498
12421,239.15,0.588
12422,114.31,0.4416
12423,5.18,0.3936
12424,5.0,0.336
12425,136.83,0.3568
12426,168.18,0.4209
12427,139.98,0.5863
12428,84.02,0.6444
12429,208.74,0.5123
12430,208.35,0.4031
12431,5.5,0.3391
12432,5.5,0.1738
12433,5.3,0.0088
12434,5.2,0.0086
12435,5.2,0.0083
12436,5.2,0.0083
12437,5.2,0.0082
12438,5.2,0.0085
12439,5.18,0.0087
12440,5.51,0.0091
12441,5.48,0.0097
12442,5.66,0.01
12443,5.9,0.0105
12444,5.6,0.0103
12445,6.08,0.0101
12446,5.3,0.0102
12447,5.38,0.0105
12448,6.02,0.0098
12449,6.04,0.0096
12450,5.1,0.0101
12451,5.1,0.0101
12452,6.06,0.01
12453,5.96,0.0107
12454,5.92,0.0107
12455,5.98,0.0112
12456,5.1,0.0118
12457,6.66,0.0117
12458,6.66,0.011
12459,5.82,0.0116
12460,5.12,0.0104
12461,5.9,0.0096
12462,5.12,0.0097
12463,5.7,0.0103
12464,5.92,0.0101
12465,5.85,0.0106
12466,5.72,0.0106
12467,5.72,0.0103
12468,5.63,0.0109
12469,5.6,0.0112
12470,6.56,0.0109
12471,6.13,0.011
12472,5.38,0.011
12473,5.68,0.0098
12474,5.66,0.0088
12475,5.0,0.0099
12476,5.0,0.0102
12477,6.64,0.0106
12478,6.12,0.0114
12479,6.08,0.0123
12480,6.08,0.0118
12481,6.05,0.0118
12482,6.05,0.0117
12483,6.05,0.0115
12484,5.95,0.011
12485,5.88,0.0111
12486,5.4,0.0108
12487,6.16,0.0107
12488,5.74,0.0105
12489,5.79,0.0102
12490,5.67,0.0097
12491,5.08,0.0095
12492,5.5,0.0093
12493,5.5,0.009
12494,5.5,0.0092
12495,5.3,0.0092
12496,5.3,0.0092
12497,5.5,0.0092
12498,5.5,0.0091
12499,5.5,0.0101
12500,5.2,0.0105
12501,6.56,0.0103
12502,6.02,0.0107
12503,5.2,0.0113
12504,6.06,0.0102
12505,5.96,0.0094
12506,5.1,0.0099
12507,5.08,0.0096
12508,5.84,0.0091
12509,5.7,0.0097
12510,5.36,0.0102
12511,5.79,0.01
12512,5.67,0.0099
12513,5.64,0.0102
12514,5.58,0.01
12515,5.66,0.0103
12516,5.62,0.0103
12517,6.02,0.0103
12518,5.66,0.0109
12519,5.5,0.0112
12520,6.5,0.0111
12521,5.94,0.0111
12522,5.87,0.0114
12523,5.74,0.0109
12524,5.84,0.0107
12525,5.88,0.0106
12526,5.7,0.0106
12527,5.72,0.0104
12528,5.72,0.0103
12529,5.69,0.0102
12530,5.65,0.0102
12531,5.68,0.0101
12532,5.61,0.01
12533,5.61,0.0099
12534,5.64,0.0097
12535,5.5,0.0095
12536,5.46,0.0093
12537,5.32,0.009
12538,5.32,0.009
12539,5.36,0.0091
12540,5.5,0.0088
12541,5.5,0.0093
12542,5.01,0.0091
12543,5.95,0.0086
12544,5.06,0.0084
12545,4.9,0.0091
12546,5.2,0.0091
12547,5.93,0.0098
12548,5.93,0.0103
12549,5.93,0.0104
12550,5.5,0.01
12551,5.4,0.0096
12552,5.4,0.0093
12553,5.43,0.0094
12554,5.59,0.0093
12555,5.59,0.0104
12556,5.28,0.0103
12557,6.69,0.0102
12558,5.36,0.0102
12559,5.5,0.0103
12560,5.5,0.0094
12561,5.5,0.0095
12562,5.5,0.0095
12563,5.5,0.0093
12564,5.5,0.0097
12565,5.3,0.0101
12566,6.02,0.0103
12567,5.92,0.0105
12568,5.78,0.0118
12569,5.7,0.0123
12570,6.88,0.0125
12571,6.64,0.0125
12572,6.17,0.0128
12573,5.86,0.0116
12574,6.06,0.0106
12575,5.4,0.01
12576,5.4,0.0098
12577,5.38,0.0096
12578,5.72,0.0102
12579,5.8,0.0106
12580,6.06,0.0108
12581,5.98,0.0107
12582,5.54,0.0105
12583,5.69,0.01
12584,5.5,0.0095
12585,5.4,0.0094
12586,5.38,0.009
12587,5.38,0.0089
12588,5.3,0.0089
12589,5.28,0.0088
12590,5.5,0.0088
12591,5.2,0.009
12592,5.45,0.0091
12593,5.45,0.0096
12594,5.46,0.0103
12595,6.1,0.0109
12596,6.1,0.0114
12597,6.1,0.0119
12598,6.1,0.0117
12599,6.04,0.0112
12600,5.85,0.0102
12601,5.58,0.0098
12602,4.8,0.0097
12603,5.68,0.0097
12604,5.89,0.0092
12605,5.79,0.0103
12606,5.0,0.0106
12607,6.12,0.0107
12608,6.04,0.0111
12609,6.08,0.0114
12610,6.2,0.0108
12611,5.4,0.0103
12612,5.4,0.0096
12613,5.4,0.0089
12614,5.3,0.0093
12615,5.3,0.0094
12616,5.84,0.0096
12617,5.56,0.01
12618,5.64,0.0102
12619,5.8,0.0096
12620,5.5,0.0093
12621,5.2,0.009
12622,5.2,0.0085
12623,5.2,0.0083
12624,5.2,0.0083
12625,5.2,0.0083
12626,5.2,0.0083
12627,5.2,0.0084
12628,5.2,0.0086
12629,5.4,0.0094
12630,5.4,0.0101
12631,6.16,0.0098
12632,6.15,0.0095
12633,4.76,0.0097
12634,5.1,0.0088
12635,5.6,0.0078
12636,5.0,0.008
12637,5.0,0.0088
12638,5.0,0.0088
12639,6.02,0.0092
12640,5.63,0.0098
12641,5.54,0.0103
12642,5.67,0.0104
12643,5.7,0.0108
12644,6.08,0.0111
12645,6.08,0.0109
12646,5.94,0.0108
12647,5.5,0.0106
12648,5.5,0.0102
12649,5.92,0.0097
12650,5.5,0.0097
12651,5.4,0.0098
12652,5.4,0.0098
12653,5.64,0.0098
12654,6.02,0.0099
12655,5.5,0.0103
12656,5.5,0.0103
12657,5.82,0.0097
12658,5.72,0.0096
12659,5.28,0.0099
12660,5.3,0.0097
12661,5.94,0.0095
12662,5.5,0.0097
12663,5.5,0.0098
12664,5.5,0.0097
12665,5.5,0.0099
12666,5.72,0.0102
12667,5.84,0.01
12668,5.84,0.0098
12669,5.22,0.0092
12670,5.23,0.0086
12671,5.03,0.0087
12672,5.08,0.0094
12673,6.02,0.0097
12674,6.0,0.0101
12675,5.62,0.0104
12676,5.5,0.0099
12677,5.5,0.0093
12678,5.36,0.0092
12679,5.36,0.0097
12680,5.5,0.0103
12681,6.08,0.0109
12682,6.2,0.0114
12683,6.08,0.0115
12684,5.96,0.0113
12685,5.7,0.0111
12686,5.76,0.0107
12687,6.03,0.0114
12688,5.6,0.0112
12689,6.72,0.0111
12690,5.47,0.0109
12691,5.7,0.0109
12692,5.7,0.0101
12693,5.7,0.0112
12694,5.7,0.0111
12695,6.82,0.0113
12696,5.59,0.0112
12697,5.99,0.0113
12698,5.58,0.0105
12699,5.77,0.0106
12700,5.89,0.0103
12701,5.61,0.0103
12702,5.63,0.0101
12703,5.61,0.01
12704,5.57,0.01
12705,5.72,0.0101
12706,5.66,0.0103
12707,5.68,0.0105
12708,5.84,0.0103
12709,5.85,0.0101
12710,5.5,0.0098
12711,5.4,0.0094
12712,5.3,0.0089
12713,5.3,0.0087
12714,5.3,0.0087
12715,5.3,0.0098
12716,5.3,0.0108
12717,6.64,0.0113
12718,6.56,0.0119
12719,5.98,0.0115
12720,6.04,0.0099
12721,4.75,0.009
12722,4.7,0.0095
12723,5.5,0.0093
12724,6.48,0.0101
12725,5.8,0.011
12726,5.82,0.0109
12727,5.73,0.0104
12728,5.37,0.0103
12729,5.92,0.0104
12730,5.68,0.0104
12731,5.88,0.0102
12732,5.73,0.0105
12733,5.12,0.0113
12734,6.28,0.0115
12735,6.68,0.0116
12736,6.14,0.0123
12737,5.9,0.0121
12738,6.0,0.0115
12739,5.96,0.0107
12740,5.94,0.0106
12741,5.2,0.0105
12742,5.84,0.01
12743,5.84,0.0095
12744,5.3,0.0095
12745,5.3,0.0094
12746,5.3,0.009
12747,5.6,0.0094
12748,5.4,0.0098
12749,5.79,0.0103
12750,5.86,0.0104
12751,5.88,0.0108
12752,5.74,0.0108
12753,5.84,0.0107
12754,5.78,0.0104
12755,5.78,0.0097
12756,5.51,0.0089
12757,4.84,0.009
12758,4.84,0.009
12759,5.97,0.0098
12760,5.78,0.0108
12761,6.46,0.0117
12762,6.1,0.0112
12763,5.96,0.0109
12764,5.38,0.01
12765,5.38,0.0105
12766,5.38,0.0106
12767,6.64,0.0112
12768,6.06,0.0114
12769,6.12,0.0116
12770,5.68,0.0107
12771,5.68,0.0108
12772,5.5,0.0107
12773,6.1,0.0103
12774,6.1,0.0099
12775,5.2,0.0096
12776,5.1,0.01
12777,5.1,0.0099
12778,6.62,0.0104
12779,5.96,0.0106
12780,5.87,0.0119
12781,5.35,0.0111
12782,6.64,0.0106
12783,5.66,0.0103
12784,5.35,0.0108
12785,5.5,0.01
12786,5.93,0.0103
12787,5.66,0.0104
12788,6.13,0.0103
12789,5.4,0.0099
12790,5.44,0.0097
12791,5.44,0.0092
12792,5.42,0.0092
12793,5.42,0.0092
12794,5.42,0.0096
12795,5.42,0.01
12796,5.93,0.0105
12797,5.94,0.0111
12798,6.0,0.0115
12799,6.2,0.0113
12800,5.89,0.0114
12801,5.74,0.0116
12802,6.06,0.0116
12803,6.22,0.0119
12804,6.26,0.0113
12805,6.26,0.0105
12806,5.0,0.0095
12807,5.0,0.0092
12808,5.0,0.008
12809,5.87,0.0079
12810,4.85,0.0079
12811,4.82,0.0082
12812,5.05,0.0078
12813,5.32,0.0086
12814,5.44,0.0091
12815,5.84,0.0094
12816,5.4,0.0095
12817,5.4,0.0094
12818,5.4,0.0091
12819,5.4,0.0094
12820,5.4,0.0098
12821,5.81,0.0103
12822,5.94,0.0099
12823,5.99,0.0095
12824,4.86,0.0087
12825,4.88,0.008
12826,4.91,0.0071
12827,5.06,0.0074
12828,4.88,0.0076
12829,5.19,0.0076
12830,5.16,0.0075
12831,4.93,0.0074
12832,4.85,0.0077
12833,4.87,0.0076
12834,5.55,0.0076
12835,4.94,0.0078
12836,5.03,0.0079
12837,5.03,0.0083
12838,5.07,0.0086
12839,5.98,0.0088
12840,5.28,0.0089
12841,5.34,0.009
12842,5.16,0.0083
12843,5.16,0.0085
12844,5.16,0.0086
12845,5.5,0.0088
12846,5.5,0.009
12847,5.4,0.0092
12848,5.4,0.0088
12849,5.4,0.0084
12850,5.0,0.0092
12851,5.0,0.0094
12852,6.35,0.0092
12853,5.67,0.0092
12854,5.08,0.0097
12855,5.08,0.0085
12856,5.61,0.0084
12857,4.86,0.0089
12858,5.6,0.0093
12859,5.64,0.0093
12860,5.57,0.0104
12861,5.63,0.0104
12862,6.2,0.0105
12863,5.65,0.0106
12864,5.72,0.0106
12865,5.7,0.0101
12866,5.62,0.0098
12867,5.6,0.0106
12868,5.31,0.0109
12869,6.64,0.0112
12870,6.1,0.0111
12871,5.96,0.0113
12872,5.5,0.0103
12873,5.5,0.0107
12874,5.42,0.0108
12875,6.64,0.0105
12876,6.04,0.0101
12877,5.1,0.0099
12878,5.1,0.0086
12879,5.1,0.0079
12880,5.1,0.0087
12881,5.1,0.0089
12882,6.1,0.0092
12883,5.4,0.0099
12884,5.5,0.0111
12885,5.92,0.01
12886,6.58,0.0099
12887,4.79,0.0097
12888,5.25,0.0099
12889,5.25,0.0094
12890,6.14,0.0104
12891,5.98,0.0111
12892,6.05,0.0113
12893,6.05,0.0108
12894,5.5,0.0108
12895,5.5,0.0108
12896,6.0,0.0108
12897,6.02,0.0107
12898,6.12,0.0106
12899,5.4,0.0102
12900,5.35,0.0097
12901,5.45,0.0092
12902,5.45,0.0092
12903,5.45,0.0093
12904,5.45,0.0095
12905,5.5,0.0097
12906,5.72,0.0106
12907,5.64,0.011
12908,6.58,0.0113
12909,5.94,0.0115
12910,5.91,0.0117
12911,5.96,0.0111
12912,5.84,0.0106
12913,5.84,0.01
12914,5.3,0.0095
12915,5.2,0.0091
12916,5.3,0.0093
12917,5.4,0.0098
12918,6.1,0.0104
12919,5.9,0.0109
12920,5.9,0.0107
12921,5.97,0.0102
12922,5.11,0.0099
12923,5.5,0.0095
12924,5.5,0.0092
12925,5.5,0.0095
12926,5.5,0.0095
12927,5.5,0.0099
12928,5.5,0.0109
12929,6.0,0.0113
12930,6.74,0.0109
12931,6.04,0.0105
12932,5.0,0.0103
12933,5.0,0.0089
12934,5.69,0.0081
12935,5.08,0.0088
12936,5.06,0.0095
12937,5.85,0.0097
12938,5.84,0.0097
12939,5.9,0.0097
12940,5.14,0.0089
12941,5.1,0.0087
12942,4.84,0.0083
12943,5.5,0.0086
12944,5.5,0.0089
12945,5.5,0.0095
12946,5.5,0.0095
12947,5.5,0.0095
12948,5.5,0.0097
12949,5.5,0.0097
12950,5.82,0.0097
12951,5.4,0.0096
12952,5.5,0.0101
12953,5.49,0.01
12954,6.02,0.01
12955,5.68,0.01
12956,5.44,0.0096
12957,5.52,0.0101
12958,5.0,0.0109
12959,6.64,0.011
12960,6.63,0.0106
12961,5.62,0.0114
12962,5.0,0.0108
12963,5.95,0.0102
12964,5.88,0.0101
12965,5.98,0.0111
12966,5.5,0.0106
12967,6.16,0.0102
12968,5.4,0.0109
12969,5.4,0.0114
12970,6.84,0.0107
12971,6.04,0.0117
12972,5.38,0.0117
12973,6.52,0.0105
12974,5.5,0.01
12975,5.38,0.01
12976,5.38,0.0092
12977,5.38,0.0097
12978,5.5,0.0101
12979,6.14,0.0107
12980,5.91,0.0113
12981,6.05,0.0109
12982,6.14,0.0109
12983,5.06,0.011
12984,6.1,0.0108
12985,5.98,0.0104
12986,5.87,0.011
12987,5.67,0.0108
12988,5.78,0.0107
12989,5.87,0.0109
12990,5.87,0.0108
12991,6.05,0.0106
12992,5.56,0.0103
12993,5.5,0.01
12994,5.5,0.0095
12995,5.5,0.0099
12996,5.5,0.0103
12997,6.06,0.0098
12998,5.91,0.0096
12999,4.96,0.0094
13000,5.26,0.0087
13001,5.24,0.0086
13002,5.14,0.0092
13003,5.86,0.0095
13004,5.66,0.0098
13005,5.58,0.0101
13006,5.64,0.0099
13007,5.55,0.0098
13008,5.58,0.0099
13009,5.56,0.0099
13010,5.68,0.0099
13011,5.68,0.0099
13012,5.56,0.01
13013,5.54,0.01
13014,5.7,0.0101
13015,5.73,0.0104
13016,5.76,0.0105
13017,5.87,0.0113
13018,5.76,0.0116
13019,6.64,0.0113
13020,6.09,0.0109
13021,5.42,0.011
13022,5.33,0.0104
13023,5.94,0.0103
13024,5.88,0.0097
13025,5.92,0.0098
13026,4.76,0.0094
13027,5.38,0.0091
13028,5.5,0.0084
13029,5.51,0.0094
13030,5.0,0.0099
13031,6.06,0.0104
13032,5.97,0.0104
13033,6.1,0.011
13034,5.52,0.0105
13035,5.67,0.0101
13036,5.56,0.009
13037,5.37,0.0093
13038,4.78,0.0096
13039,5.88,0.0101
13040,6.08,0.0106
13041,6.14,0.0108
13042,6.02,0.0105
13043,5.0,0.0114
13044,5.54,0.0117
13045,7.22,0.0118
13046,6.5,0.0127
13047,6.08,0.0123
13048,6.16,0.0105
13049,5.0,0.0108
13050,5.0,0.0102
13051,6.92,0.0097
13052,5.32,0.0101
13053,5.5,0.0105
13054,5.5,0.0098
13055,5.5,0.0098
13056,6.04,0.0098
